ticker,published_at,title,publisher,link,guid
RELIANCE.NS,"Fri, 17 Jul 2026 07:00:00 GMT","Ambani's Reliance beats profit view on oil-to-chemicals, telecom strength - Reuters",Reuters,https://news.google.com/rss/articles/CBMiuwFBVV95cUxQMk5jbm1Bc1hhdDF3bjhpcU91bVF1eENaWThXOVc4YU1hVy1Dd0NTNjQ4cVVLMWtBczBweUE1dUNPVEFmNUtUU2ZuRUdXbGkyUTE2ZnNhWVoxelV1Z1p3TjVCVnBGaGJsLV96ZXRLUFNmX3NETEtWM2dRQXNpaV96LWJSeVhqSmpRZThxY1I5Q0Vob1ZCMy1XSmJNVU1Bcklkd2xCNmtaTE1DUFpXOXBNR3lrU0EtZU8wMXpz?oc=5,CBMiuwFBVV95cUxQMk5jbm1Bc1hhdDF3bjhpcU91bVF1eENaWThXOVc4YU1hVy1Dd0NTNjQ4cVVLMWtBczBweUE1dUNPVEFmNUtUU2ZuRUdXbGkyUTE2ZnNhWVoxelV1Z1p3TjVCVnBGaGJsLV96ZXRLUFNmX3NETEtWM2dRQXNpaV96LWJSeVhqSmpRZThxY1I5Q0Vob1ZCMy1XSmJNVU1Bcklkd2xCNmtaTE1DUFpXOXBNR3lrU0EtZU8wMXpz
RELIANCE.NS,"Fri, 17 Jul 2026 07:00:00 GMT",RIL Q2 FY27 results: Reliance Industries beats estimates with record quarterly EBITDA; revenue rises 25% - The Times of India,The Times of India,https://news.google.com/rss/articles/CBMi0AJBVV95cUxPRnRMeDRjclpLUmxlc2EtNHhKVUZmbHZmTGhWdlg2TUpXTm1GdFdxeVFFb0pCN0FRUi1MV0RXN3lBeU1INk9DUkJCWHZ6Q2FnS05mYUIwc1UtR3lQUWl0UkJvNmpMYm90QncyMG5qU2RlLXdUZTdJM3haeUpxWl9wcW5GQldJUTBXNlR6Tjk5UFdlVFhfRzhhYm02bDBNOF9KX2Rtb2lNOFRNVVZ4TFlaMUxuLWRJaDJoSHNVMzJtMHp6ckExWEpzVjhyQWE0TmZ0Q25PSVR1ZUExbXp3OE1yQkVMUUdaLVkxSU1NYlFCSmRrRk9fZXp6dmpnUXhrV3ZuOGV5SVc0T3hNWVFGeXcwY25UU3pxYlJtMS1OVGh3VmIyWG45SEJ4MkY0WnhxaGc0eXhiSHN6YkRJU3lyMVB4TEhNdzZnRS1HQ3lWRWliSkzSAdYCQVVfeXFMTmpWc2w0UDZqSnE2cDR1MFA4T2JvN29qNmJvRjhRc3hEdDltTFNYa0N6aURKUVR6N05KZUJuZmVob3BKRXdwNmxKU3M1Q0lNTFlXbmJxbGYtNEpBR05ZYUhKLVVweXFxQ21xRW85VjJuX1IyWlcxUHV6cjB5aFJSMnNQMXlFLUF4ZWlsNGlDcDJRNjM5R1NQUXRpQ0hkdkg5XzRqdUNXZl9TaFhwd0I1cFVXSE5hQjgxNDEwdTdIRXVLRWxtSTk4dzVZR3pleF9BbkRGVzJQcmFFS1pmWUllangtaXRMR0dEOVZ1QTZ3UmtGOVd2LWNMdHJXZ1pMc2x0Q3BzNmNSTWNYMkNkcUV3djNmUmstcllyb3RDdVhNekFBbkpHN1JwVVI1U2xtMlUzMEh2dFFmX08xWmpiaF9EV2tMYk90V3J0UldPdVoyWWxYRmtEY3pn?oc=5,CBMi0AJBVV95cUxPRnRMeDRjclpLUmxlc2EtNHhKVUZmbHZmTGhWdlg2TUpXTm1GdFdxeVFFb0pCN0FRUi1MV0RXN3lBeU1INk9DUkJCWHZ6Q2FnS05mYUIwc1UtR3lQUWl0UkJvNmpMYm90QncyMG5qU2RlLXdUZTdJM3haeUpxWl9wcW5GQldJUTBXNlR6Tjk5UFdlVFhfRzhhYm02bDBNOF9KX2Rtb2lNOFRNVVZ4TFlaMUxuLWRJaDJoSHNVMzJtMHp6ckExWEpzVjhyQWE0TmZ0Q25PSVR1ZUExbXp3OE1yQkVMUUdaLVkxSU1NYlFCSmRrRk9fZXp6dmpnUXhrV3ZuOGV5SVc0T3hNWVFGeXcwY25UU3pxYlJtMS1OVGh3VmIyWG45SEJ4MkY0WnhxaGc0eXhiSHN6YkRJU3lyMVB4TEhNdzZnRS1HQ3lWRWliSkzSAdYCQVVfeXFMTmpWc2w0UDZqSnE2cDR1MFA4T2JvN29qNmJvRjhRc3hEdDltTFNYa0N6aURKUVR6N05KZUJuZmVob3BKRXdwNmxKU3M1Q0lNTFlXbmJxbGYtNEpBR05ZYUhKLVVweXFxQ21xRW85VjJuX1IyWlcxUHV6cjB5aFJSMnNQMXlFLUF4ZWlsNGlDcDJRNjM5R1NQUXRpQ0hkdkg5XzRqdUNXZl9TaFhwd0I1cFVXSE5hQjgxNDEwdTdIRXVLRWxtSTk4dzVZR3pleF9BbkRGVzJQcmFFS1pmWUllangtaXRMR0dEOVZ1QTZ3UmtGOVd2LWNMdHJXZ1pMc2x0Q3BzNmNSTWNYMkNkcUV3djNmUmstcllyb3RDdVhNekFBbkpHN1JwVVI1U2xtMlUzMEh2dFFmX08xWmpiaF9EV2tMYk90V3J0UldPdVoyWWxYRmtEY3pn
RELIANCE.NS,"Mon, 20 Jul 2026 07:00:00 GMT",Reliance Share Price Holds Firm Despite Q1 Profit Fall as Jio Growth and IPO Plans Drive Optimism - India Infoline,India Infoline,https://news.google.com/rss/articles/CBMi2AFBVV95cUxOVHJYMVZiMzJmamVaTnlrQ1Z5SmxQcGVJRnFSX0FvVGptYTlmSmdPYUxyY09TME5tUmtic2FDMW5hbVgyazN3T2pEQnJMemxDOUMzTnM2R2hJR2t3NkxmMWtTd014RGRRdkVqZDlpLUdxakdhSmpYbnBYcDNiZFNJNm85RWM5T3lQQXg0ZXE1RXdGZWJOaF8waUZMblZvcU1GYmtjN0tPV3p4QWs1TTAwTFc2N2VaV0tuYnp5VmZxbU5STnRhZ0lrZmlsdnQydmdqZHBkalJhYmQ?oc=5,CBMi2AFBVV95cUxOVHJYMVZiMzJmamVaTnlrQ1Z5SmxQcGVJRnFSX0FvVGptYTlmSmdPYUxyY09TME5tUmtic2FDMW5hbVgyazN3T2pEQnJMemxDOUMzTnM2R2hJR2t3NkxmMWtTd014RGRRdkVqZDlpLUdxakdhSmpYbnBYcDNiZFNJNm85RWM5T3lQQXg0ZXE1RXdGZWJOaF8waUZMblZvcU1GYmtjN0tPV3p4QWs1TTAwTFc2N2VaV0tuYnp5VmZxbU5STnRhZ0lrZmlsdnQydmdqZHBkalJhYmQ
RELIANCE.NS,"Fri, 17 Jul 2026 07:00:00 GMT","Reliance Q1 EBITDA up 10%, net profit down due to high base - The Indian Express",The Indian Express,https://news.google.com/rss/articles/CBMiugFBVV95cUxPQlAzSm9KV19FRU9LQTg2WTZ0RzVrUXd6c0k4aHBWV3p4VVlUdW9QN2FRdFhCVEpwdDk4Qi1UQm1KV2ctUFNicVJaNTJxR3k1UjVObEdZZHpfVHRTQjVnaENSazVyVFJ2b2pLYk16UUVoMGJjNjFPSlBwUldCYjRMWWlnUUpLYlFVTC1aQkwxc1FBTmxQNXIwSDNRWnlQTFQxZ2RDRGRFcVd2djQ0OVgzOEhBRXFYcThjeHfSAcABQVVfeXFMTU5EV09CQ1VjQ1Q0bl8zRjhjLXZtR2lKT18xb0FldlZGNXU2VlpraUVCaUZhbGVralVFZWJrQi1ROGJrNjd1NXNWaF9yN01CVTdTdUd1VzAxTk1KTmlFUmJMdlphTzlnYnhoZ2FJMnVMd0RsejE0cVZfakJ0dTJnMFg0al9MclBHbDRzbkV2WFZjRjM4Nzg1ZUZBWnJQeWwyaGE1dUJ6cFM0bnNpRHJEb0RJUUNxVlJWdWRJYTFWdzE3?oc=5,CBMiugFBVV95cUxPQlAzSm9KV19FRU9LQTg2WTZ0RzVrUXd6c0k4aHBWV3p4VVlUdW9QN2FRdFhCVEpwdDk4Qi1UQm1KV2ctUFNicVJaNTJxR3k1UjVObEdZZHpfVHRTQjVnaENSazVyVFJ2b2pLYk16UUVoMGJjNjFPSlBwUldCYjRMWWlnUUpLYlFVTC1aQkwxc1FBTmxQNXIwSDNRWnlQTFQxZ2RDRGRFcVd2djQ0OVgzOEhBRXFYcThjeHfSAcABQVVfeXFMTU5EV09CQ1VjQ1Q0bl8zRjhjLXZtR2lKT18xb0FldlZGNXU2VlpraUVCaUZhbGVralVFZWJrQi1ROGJrNjd1NXNWaF9yN01CVTdTdUd1VzAxTk1KTmlFUmJMdlphTzlnYnhoZ2FJMnVMd0RsejE0cVZfakJ0dTJnMFg0al9MclBHbDRzbkV2WFZjRjM4Nzg1ZUZBWnJQeWwyaGE1dUJ6cFM0bnNpRHJEb0RJUUNxVlJWdWRJYTFWdzE3
RELIANCE.NS,"Fri, 17 Jul 2026 07:00:00 GMT","RIL Q1FY27 results: Net profit falls 22% to ₹20,946 cr; revenue rises 25% - Business Standard",Business Standard,https://news.google.com/rss/articles/CBMi6gFBVV95cUxQSER5LXhxV0Vybll4d0VqZVdLSEstN1hoXzdfZWpiSW5yR3lCVndZN25lR2dhUUhadWZNQ3dmV1JUVFN4M3JYVWcteEdVZHgxZnZzZXpIRk1xcGloWTY3eEw5dGdMdlBtVldXODh5TjAxdEhra3MzOGVIYmlNMWprWXAwZFNSNjE2U0IyaHRvT1M4V2VoQVg1SlVxSEVjalh5cUFhU3Y0bllxeWk3YjctdHM1bkVoUklmVjVMOEZVbFUzaXJUbmRZSXNLdWh4aW9FVUFLZmFsak5JYTczQ0NkTHJ3WXQzUFVfOFHSAe8BQVVfeXFMT0pUaVhhNWFoRlFSaUd3ZGQ5RHJEV1lRZ0ZHaGIxOUh3alh5RWlEVFA1SW95cVRpcFVtbkNtR28xcUNja1J2MWk0bWdPc18tdjlwcVk5SjhxOWhHV3lhOTVJU3RrWGpfZ0lBMXRSRnZiVkxXZG5xQTRFRHhSQWZrMzdnNVkzTVctVW9obEpvaEFEdXFfYTlmVld4dm8xc0kzdFRrOEY5WmJzZWdqa0lRMGJxMkFfcTlVTHdBc1VzVmY2dzIyOU01dXQzNEpsZlNFdkJ5NV8tMWVDVXpGMXhTNkwwSEd4cEQzRFJnc3puMzg?oc=5,CBMi6gFBVV95cUxQSER5LXhxV0Vybll4d0VqZVdLSEstN1hoXzdfZWpiSW5yR3lCVndZN25lR2dhUUhadWZNQ3dmV1JUVFN4M3JYVWcteEdVZHgxZnZzZXpIRk1xcGloWTY3eEw5dGdMdlBtVldXODh5TjAxdEhra3MzOGVIYmlNMWprWXAwZFNSNjE2U0IyaHRvT1M4V2VoQVg1SlVxSEVjalh5cUFhU3Y0bllxeWk3YjctdHM1bkVoUklmVjVMOEZVbFUzaXJUbmRZSXNLdWh4aW9FVUFLZmFsak5JYTczQ0NkTHJ3WXQzUFVfOFHSAe8BQVVfeXFMT0pUaVhhNWFoRlFSaUd3ZGQ5RHJEV1lRZ0ZHaGIxOUh3alh5RWlEVFA1SW95cVRpcFVtbkNtR28xcUNja1J2MWk0bWdPc18tdjlwcVk5SjhxOWhHV3lhOTVJU3RrWGpfZ0lBMXRSRnZiVkxXZG5xQTRFRHhSQWZrMzdnNVkzTVctVW9obEpvaEFEdXFfYTlmVld4dm8xc0kzdFRrOEY5WmJzZWdqa0lRMGJxMkFfcTlVTHdBc1VzVmY2dzIyOU01dXQzNEpsZlNFdkJ5NV8tMWVDVXpGMXhTNkwwSEd4cEQzRFJnc3puMzg
RELIANCE.NS,"Thu, 28 May 2026 07:00:00 GMT",Reliance Industries FY26 Revenue Rises 9.8% to Rs 11.75 Lakh Crore - Open Magazine,Open Magazine,https://news.google.com/rss/articles/CBMiogFBVV95cUxOZVRjRGRaNFRNaFd0a1d1dkFoOE15MWZ5aW5XRWFIT0kxalhoejN0Tl9vZl9xMDB1NGVzUFN1QXp1dWRjckdGYjRDcVpNalVvaGVhOWVkNTh4N3NURWQzdU5oVjhYRFBfcXBWT2xNYWtZVW1VMGhoTjlBVUxaeWRYS0xYMl9abmNHSkU0eVlMZnBqZHdGT2tqajBKdVdpTTlfeFE?oc=5,CBMiogFBVV95cUxOZVRjRGRaNFRNaFd0a1d1dkFoOE15MWZ5aW5XRWFIT0kxalhoejN0Tl9vZl9xMDB1NGVzUFN1QXp1dWRjckdGYjRDcVpNalVvaGVhOWVkNTh4N3NURWQzdU5oVjhYRFBfcXBWT2xNYWtZVW1VMGhoTjlBVUxaeWRYS0xYMl9abmNHSkU0eVlMZnBqZHdGT2tqajBKdVdpTTlfeFE
RELIANCE.NS,"Sat, 25 Apr 2026 07:00:00 GMT",Reliance Industries Q4 results: Net profit falls 12.5%; Jio PAT rises 13% - The Times of India,The Times of India,https://news.google.com/rss/articles/CBMi6wFBVV95cUxPMnFRZ2dzS0kzMldpOVZic2lCOGRlYlVBQURiV1hKNTdIY0lTN01fMFI3MlhJcHBNekVQdnFGV0pPcXpDZ0NkSWJ3dXBiTUE0UXQ1MDhwYk9hVmI4RHg0WGRyNU1jMi1lR25sSmtnaktYR19NenFhUVhyZjJINlZ0ZlVNM2JVZ3FraGhKdk5xZGE0WU9STUFEQXR0STBOTE4yU0U0WFpGVVhYU20zV3daeTRUTDV5aXdtSHFER20wSUF1Y3VodHQ2MExvSHh2bjRLdktTOHJQbHpmYXNOdllORW4zMzJzLUdKeFI40gHwAUFVX3lxTE1lRFY3ZWdVTElUUTVodFROZ25vT3BUVk5GTFlNVlM4eFNZbDBaNUVNX2VldWlEQXVLaEM2SDBJZ0lCQU92OG9lcVBKTzRnY2ZLdEh2Z3VVb014LWpZQWdpYWFNOVFrZV9mYmNmSm1EYjZXSkstVFp4ZG52Z2RRaVJGTEVoRGYwbzJWTXdKSFFYcTBERUdFTFhuOVRwREhQTFNRcU10UGZPOGE3NmdxeEJuVGJzcXF4bC0wNURjMUpTb1dZREs2YjZadEdkN1pFMnBqRzhQNGVOS09YLVVUWWloeDB2NXZ1NzJyLXhxZ2VaTw?oc=5,CBMi6wFBVV95cUxPMnFRZ2dzS0kzMldpOVZic2lCOGRlYlVBQURiV1hKNTdIY0lTN01fMFI3MlhJcHBNekVQdnFGV0pPcXpDZ0NkSWJ3dXBiTUE0UXQ1MDhwYk9hVmI4RHg0WGRyNU1jMi1lR25sSmtnaktYR19NenFhUVhyZjJINlZ0ZlVNM2JVZ3FraGhKdk5xZGE0WU9STUFEQXR0STBOTE4yU0U0WFpGVVhYU20zV3daeTRUTDV5aXdtSHFER20wSUF1Y3VodHQ2MExvSHh2bjRLdktTOHJQbHpmYXNOdllORW4zMzJzLUdKeFI40gHwAUFVX3lxTE1lRFY3ZWdVTElUUTVodFROZ25vT3BUVk5GTFlNVlM4eFNZbDBaNUVNX2VldWlEQXVLaEM2SDBJZ0lCQU92OG9lcVBKTzRnY2ZLdEh2Z3VVb014LWpZQWdpYWFNOVFrZV9mYmNmSm1EYjZXSkstVFp4ZG52Z2RRaVJGTEVoRGYwbzJWTXdKSFFYcTBERUdFTFhuOVRwREhQTFNRcU10UGZPOGE3NmdxeEJuVGJzcXF4bC0wNURjMUpTb1dZREs2YjZadEdkN1pFMnBqRzhQNGVOS09YLVVUWWloeDB2NXZ1NzJyLXhxZ2VaTw
RELIANCE.NS,"Fri, 17 Jul 2026 07:00:00 GMT",Reliance beats Street expectations as all key businesses post double-digit growth - Moneycontrol.com,Moneycontrol.com,https://news.google.com/rss/articles/CBMi4AFBVV95cUxNTHFFMkw1aDMyaGwwZ0JlY0U3dkJ6ZTFiOVRNb1hHRzRZa0U4R29pZnFjSFhlVFNDYVdEOTVBQnlNTVhDYXRLRGJOTkUxUnNfOWVLb3kzR09qMVh5MmMzZGFNWEU5UWdyQWdDVHppV005LTVZSENsNFJWVWMxRE5yTTNOZ1F0WjNoNVU0dXUzRlpmNUpwTlpMWWhUT2lSejRRNWhlWGNQVVdhRExYU2hCTXE5RGdtcG5aRkVyOVhhSWJKM2dlMjczcWNSRjFCbGNPUFVfa0lIc1dpeWVUbjdSUtIB5gFBVV95cUxOX3hxcVVaT3VkdF95eTNhcWhNcmJFZTNwVDBoTzl6bS1UaVFLUVJ5cGRvcUIyQ19qUUx0SHJGY0dfUmhmbWhxaEdDYlBUcEp4eF9EOW1hNkdiaWkyZm9LajlfY0FFT2lMRFRkODVJWUFnOW9WYXVjRGwxOUI3Sk9jallZZUpHMGFIVDlEWHVBaXJzYjV6aWJJQnAwcWpXQUtEYkVuc2FzNUNmUGZ1WVI1VFBrNVdTTXRuWmpZeHdaQjkzRW9NZENxSnFUZ0pmTFg3QzZTYUVPMUtRV1VXOUdRYk0zbzljQQ?oc=5,CBMi4AFBVV95cUxNTHFFMkw1aDMyaGwwZ0JlY0U3dkJ6ZTFiOVRNb1hHRzRZa0U4R29pZnFjSFhlVFNDYVdEOTVBQnlNTVhDYXRLRGJOTkUxUnNfOWVLb3kzR09qMVh5MmMzZGFNWEU5UWdyQWdDVHppV005LTVZSENsNFJWVWMxRE5yTTNOZ1F0WjNoNVU0dXUzRlpmNUpwTlpMWWhUT2lSejRRNWhlWGNQVVdhRExYU2hCTXE5RGdtcG5aRkVyOVhhSWJKM2dlMjczcWNSRjFCbGNPUFVfa0lIc1dpeWVUbjdSUtIB5gFBVV95cUxOX3hxcVVaT3VkdF95eTNhcWhNcmJFZTNwVDBoTzl6bS1UaVFLUVJ5cGRvcUIyQ19qUUx0SHJGY0dfUmhmbWhxaEdDYlBUcEp4eF9EOW1hNkdiaWkyZm9LajlfY0FFT2lMRFRkODVJWUFnOW9WYXVjRGwxOUI3Sk9jallZZUpHMGFIVDlEWHVBaXJzYjV6aWJJQnAwcWpXQUtEYkVuc2FzNUNmUGZ1WVI1VFBrNVdTTXRuWmpZeHdaQjkzRW9NZENxSnFUZ0pmTFg3QzZTYUVPMUtRV1VXOUdRYk0zbzljQQ
RELIANCE.NS,"Fri, 17 Jul 2026 07:00:00 GMT",RIL Q1 results: Revenue jumps 27% to breach ₹3 trillion for the first time - Business Standard,Business Standard,https://news.google.com/rss/articles/CBMi6AFBVV95cUxQUExROG5UbmRjMVAtbXFyd0E2aUIwb1RGY091ZlpVYUtrMW1mN29nU3pwQXAxa3pKMzJWVE9EZjd4ZDRBMTZFTXMzc3NGN0tPSHFsSVBvRXc5UkJQbHZSNTMxbWNZZDFVOGhDMGFuOVBBY0ZBTW1naTg3dkZsOEM3UTNTQU5VVUI1N1lneUhpTjNMSFhCd2dkdGpib21EQ05xa3dCWE5YTC1OT2hVR3BzWWFqS0FkUHdkV0hoaU5pMG9hSHhUZEV1cGxBUmJMeTVCV1hYNGt2ZHR6dHp3ZWY4LWhvZmZXLTlF0gHuAUFVX3lxTE1NSnF3d0x1Y1lHdGpNcmgzMmVpY2xicWkyZWdjTHpNQUJYWXBUQkxvMk9KemJlb1NlQTdOUk4xMUFIQlYwOVlkaUFfekRYbmVmWGVvRE04SV9ncE1zNC1iWDRDNU5FazhfSXplRUNfSVRQZDFJaDdCakdpNkwzUlNCMkJnUUZiRHZxTEJIeUtDdm5DVUZVZ09hY0NBWXZQeGRzZnlrMDNMUlI3NTZNdmRtNzl3YVZ3ano2aUU4Tl9vcW9LWUlUY0FRLTF4TUF6XzNybjRjb09GYmVHSzFaT3hMOUtXTDgzUlhWNHhFTUE?oc=5,CBMi6AFBVV95cUxQUExROG5UbmRjMVAtbXFyd0E2aUIwb1RGY091ZlpVYUtrMW1mN29nU3pwQXAxa3pKMzJWVE9EZjd4ZDRBMTZFTXMzc3NGN0tPSHFsSVBvRXc5UkJQbHZSNTMxbWNZZDFVOGhDMGFuOVBBY0ZBTW1naTg3dkZsOEM3UTNTQU5VVUI1N1lneUhpTjNMSFhCd2dkdGpib21EQ05xa3dCWE5YTC1OT2hVR3BzWWFqS0FkUHdkV0hoaU5pMG9hSHhUZEV1cGxBUmJMeTVCV1hYNGt2ZHR6dHp3ZWY4LWhvZmZXLTlF0gHuAUFVX3lxTE1NSnF3d0x1Y1lHdGpNcmgzMmVpY2xicWkyZWdjTHpNQUJYWXBUQkxvMk9KemJlb1NlQTdOUk4xMUFIQlYwOVlkaUFfekRYbmVmWGVvRE04SV9ncE1zNC1iWDRDNU5FazhfSXplRUNfSVRQZDFJaDdCakdpNkwzUlNCMkJnUUZiRHZxTEJIeUtDdm5DVUZVZ09hY0NBWXZQeGRzZnlrMDNMUlI3NTZNdmRtNzl3YVZ3ano2aUU4Tl9vcW9LWUlUY0FRLTF4TUF6XzNybjRjb09GYmVHSzFaT3hMOUtXTDgzUlhWNHhFTUE
RELIANCE.NS,"Fri, 24 Apr 2026 07:00:00 GMT",Reliance Industries posts record annual profit and revenue; quarterly earnings pressured by energy market... - Moneycontrol.com,Moneycontrol.com,https://news.google.com/rss/articles/CBMijgJBVV95cUxQR2EtaUhXQkZfNkFheDdJQjdSbVhfaDRmVzV0bm1hdkZoR2tkQk5RY1ZTc1ptemQxSzg1QzNNaE91NWkwZ2lacWZzb29jVndTS1pYTmFyRnFXSHllZDRzQUV3N2dvX0FXb19HRmlIS2Zocl9KdFJtNjI0VEhRaXgzVUZ3aDFpOG82YkdTVmVGNGFubGVJTDRKb0N4S1pGbTlWdjJLMVhFSXo4cmxBYTFLdDhXSzJjTWE3RnducDcyQVpLNWx4U1dsZVRCalhLakxfNUtzR3NtV2hCQXc2UmFBM2U5aWk0Nlh5Y3FobHJwWG1FOXgxVmZnZm1mdmVyWC1rTDZhWnRaaXI0a1JhM2fSAZMCQVVfeXFMUG9LOUpUY2pkVXpFS3NFVEY2d1I5czRNcmptcmdHb1NfU2hOVzJfWE9tM2ZQMGp2S3Bna1ZKeklKdmJMOHQ3RUtFVDY0NllhOWNtbHM5d21yY1BrRFJtVktLbGkxNy1JV3JNTnFNVkY1R2YwUlFjbjJlLXB0bFFnMEc0T3B1aXNOU3FTVk9XOHJFTnVobkxJWDRlWlp2dzkzRkFSSlhQVTNoQUx6UGRWaUtILWxwTHYyZXNNYVhuVWZOWnlrYnZCdXoydEx2T1d3TnFkYTA2OVNxYkZNMDRKek9HZjZJYkdOZkpaTkRlMk9kRS15akhTcWJPOEhDTGdEbE5ocW1KQzQzU2RkTHZkak9oTjQ?oc=5,CBMijgJBVV95cUxQR2EtaUhXQkZfNkFheDdJQjdSbVhfaDRmVzV0bm1hdkZoR2tkQk5RY1ZTc1ptemQxSzg1QzNNaE91NWkwZ2lacWZzb29jVndTS1pYTmFyRnFXSHllZDRzQUV3N2dvX0FXb19HRmlIS2Zocl9KdFJtNjI0VEhRaXgzVUZ3aDFpOG82YkdTVmVGNGFubGVJTDRKb0N4S1pGbTlWdjJLMVhFSXo4cmxBYTFLdDhXSzJjTWE3RnducDcyQVpLNWx4U1dsZVRCalhLakxfNUtzR3NtV2hCQXc2UmFBM2U5aWk0Nlh5Y3FobHJwWG1FOXgxVmZnZm1mdmVyWC1rTDZhWnRaaXI0a1JhM2fSAZMCQVVfeXFMUG9LOUpUY2pkVXpFS3NFVEY2d1I5czRNcmptcmdHb1NfU2hOVzJfWE9tM2ZQMGp2S3Bna1ZKeklKdmJMOHQ3RUtFVDY0NllhOWNtbHM5d21yY1BrRFJtVktLbGkxNy1JV3JNTnFNVkY1R2YwUlFjbjJlLXB0bFFnMEc0T3B1aXNOU3FTVk9XOHJFTnVobkxJWDRlWlp2dzkzRkFSSlhQVTNoQUx6UGRWaUtILWxwTHYyZXNNYVhuVWZOWnlrYnZCdXoydEx2T1d3TnFkYTA2OVNxYkZNMDRKek9HZjZJYkdOZkpaTkRlMk9kRS15akhTcWJPOEhDTGdEbE5ocW1KQzQzU2RkTHZkak9oTjQ
RELIANCE.NS,"Fri, 17 Jul 2026 07:00:00 GMT","Reliance Retail Q1FY27 results: Net profit falls 14.1% to ₹2,805 crore - Business Standard",Business Standard,https://news.google.com/rss/articles/CBMi0gFBVV95cUxNU3VqUlNiMHBSZklrQXg2YTFmcUpJTnFQMElkZmdkUmJfSUVhVDJPdFNHT2FfWG91MUkwLWtSOXZ0UmppSWhtbWxqdm9GYjY1dmlHUUUtam1uRGVRUHZreF9pYW1iejBzazBDSFZ1SGx6eWpaaWNrcTZacG9hbmt6OXR3M1o2aFhoU1VGRVJQN1hpbjgySW5jMzBkaF9oVjVlU3BQRTI1VTVEUVdFaW9GQlp1eWtIa0l2dnJjY2pnak1LdFNYUnpFTEVpRUhVUzFDZEHSAdcBQVVfeXFMTW4yTnhDWENaZHJMalVHaVBKczF2a3NEVGNpcnBCbmVXZTM2bU43UW5Mbmx5YjVVMGdDMUNsOXVsYWxmVDF1WmpId3FKRlVzWjdJM0lMc3RLaDJfZDNpaEk3VlhaaUktUFMtZnB4a0pfSFk4VFNWMjlnUGliXzZNVmJmSk9sUlEwblZWQjdoZkJxeEwyTnQ0MVVwUEpQWk9OQWluUVpMZUhrMlVzSG9oakV1Zk9sZkdNTVIwRFdqNk9iVnIzdWJWRWp2YmhualZlbTRaREJPSUE?oc=5,CBMi0gFBVV95cUxNU3VqUlNiMHBSZklrQXg2YTFmcUpJTnFQMElkZmdkUmJfSUVhVDJPdFNHT2FfWG91MUkwLWtSOXZ0UmppSWhtbWxqdm9GYjY1dmlHUUUtam1uRGVRUHZreF9pYW1iejBzazBDSFZ1SGx6eWpaaWNrcTZacG9hbmt6OXR3M1o2aFhoU1VGRVJQN1hpbjgySW5jMzBkaF9oVjVlU3BQRTI1VTVEUVdFaW9GQlp1eWtIa0l2dnJjY2pnak1LdFNYUnpFTEVpRUhVUzFDZEHSAdcBQVVfeXFMTW4yTnhDWENaZHJMalVHaVBKczF2a3NEVGNpcnBCbmVXZTM2bU43UW5Mbmx5YjVVMGdDMUNsOXVsYWxmVDF1WmpId3FKRlVzWjdJM0lMc3RLaDJfZDNpaEk3VlhaaUktUFMtZnB4a0pfSFk4VFNWMjlnUGliXzZNVmJmSk9sUlEwblZWQjdoZkJxeEwyTnQ0MVVwUEpQWk9OQWluUVpMZUhrMlVzSG9oakV1Zk9sZkdNTVIwRFdqNk9iVnIzdWJWRWp2YmhualZlbTRaREJPSUE
RELIANCE.NS,"Mon, 27 Apr 2026 07:00:00 GMT",COMMENTARY: India File: Reliance's results offer a real-world read on the Iran war - Reuters,Reuters,https://news.google.com/rss/articles/CBMiqwFBVV95cUxPel9Pck9kTFhkZVR0Y29oaWtaOW0xa2VPWVJyMzAxOHBadENMb3hUYlpZWGw5YlZyQlp5YUdKaXFMMHlIQks1dXhIVVFvckNmODJfalFnNXJJZUhkRG5uMHNNQzF0dWFVV2hZTHdkYmVQNzF4R3RGYnRQaFlmamhsdnVuSjdxVlAtUy1xSFlUaWo3UE9sNHp0eFlfck9XcDNlSXY2MkYzYkxacFE?oc=5,CBMiqwFBVV95cUxPel9Pck9kTFhkZVR0Y29oaWtaOW0xa2VPWVJyMzAxOHBadENMb3hUYlpZWGw5YlZyQlp5YUdKaXFMMHlIQks1dXhIVVFvckNmODJfalFnNXJJZUhkRG5uMHNNQzF0dWFVV2hZTHdkYmVQNzF4R3RGYnRQaFlmamhsdnVuSjdxVlAtUy1xSFlUaWo3UE9sNHp0eFlfck9XcDNlSXY2MkYzYkxacFE
TCS.NS,"Thu, 09 Jul 2026 11:33:53 GMT",TCS begins FY27 with continued growth; wins multiple AI transformation deals - Tata Consultancy Services,Tata Consultancy Services,https://news.google.com/rss/articles/CBMijwFBVV95cUxPQ1pzMm5DVEZnd1J6WjRVSmZjTVlFZkhIV0ZDYlUyY0hLMU1tbnJJT0pUb1NhNk9pRjM2bW5XNlJqYkNWMWZuQmdlcXYwbWwtMkZoSGZieFYtWnFvSWdiLUJaLVJxTFMwbXhPMk0xR0k1a2t2eWt6RUtSYUYta0l2THlfVWNBUVpJeGU0VWp4aw?oc=5,CBMijwFBVV95cUxPQ1pzMm5DVEZnd1J6WjRVSmZjTVlFZkhIV0ZDYlUyY0hLMU1tbnJJT0pUb1NhNk9pRjM2bW5XNlJqYkNWMWZuQmdlcXYwbWwtMkZoSGZieFYtWnFvSWdiLUJaLVJxTFMwbXhPMk0xR0k1a2t2eWt6RUtSYUYta0l2THlfVWNBUVpJeGU0VWp4aw
TCS.NS,"Thu, 09 Jul 2026 07:00:00 GMT","India's TCS tops revenue estimates on weak rupee, banking boost - Reuters",Reuters,https://news.google.com/rss/articles/CBMilgFBVV95cUxPc1ZiYmJFaFJTVUx3dU1lUmpiRGdzSFMyV2o1NHZ3WEpUQ2dnR295MkIxeld2anF2dVVqMGRnY2JtVUNNbzJOWmpuMUpqdk15bHVxVjAzX2JkTVFTY2dQaE9yRHU3U2pNRlhqMFBVM0VVODlBV1I0UERWX2xqLWIyLXdSWmdJWDdBVUc5ZDNBRXQ5SFhoTmc?oc=5,CBMilgFBVV95cUxPc1ZiYmJFaFJTVUx3dU1lUmpiRGdzSFMyV2o1NHZ3WEpUQ2dnR295MkIxeld2anF2dVVqMGRnY2JtVUNNbzJOWmpuMUpqdk15bHVxVjAzX2JkTVFTY2dQaE9yRHU3U2pNRlhqMFBVM0VVODlBV1I0UERWX2xqLWIyLXdSWmdJWDdBVUc5ZDNBRXQ5SFhoTmc
TCS.NS,"Thu, 09 Jul 2026 07:00:00 GMT","TCS Q1 FY27 results: Tata Consultancy Services reports 5% y-o-y increase in net profit to Rs 13,349 crore - The Times of India",The Times of India,https://news.google.com/rss/articles/CBMimgJBVV95cUxNSU9rU1R0VTdfTFhleGIzNFNSQnRjb3RQYnVkZWVMUE1jRzZEdFdOTUhHN0ZKUFo4UGgxeHl0VFZkOUt2QTN1QWRwVGg4a0Q1b3R0RGRnVEVybjRtQVN5cmpZUFdqTGswbXZ0VGwta1kxa3pVU05ScGFYMlg1bS1PUFVoTkhydG9jWVV4ZEdTeHBsNWtnOWdudjZzdTBQY3Y0M1hYanA2YTlaQlJfek8wN3o1bS1FNDlLU1BvR084VkJRVEpxLWItS3VsVGIwLUtGcmtxZWI4Mkpyb2k0bVQ3YmpkSUpQeGVFX0xkN0d4QkxscGZaYmxjYjhDamc0bkJfc01YOVdnM2FkQm5MWVV5UnNZMG5pR2lKaFHSAZ8CQVVfeXFMUEp3SktQZXZDMkVUeDJ6WjBYNVZpNEhqRG9pZklSR1JGOUtHZHFWdXEzSFY2VC1BTkotSHNRWGVUWE96Q01FZHhoUmkwSklETHVOb05iekxVY3piRVJVM0tUNVM5bjR4aEd6T2liUzZWZ2tqNFhnLTByeU5UQjNnRjlMMm9vRlFBZDkzcl9mRkYxNTdLMXhJS3NFOFlQV3JyN09WdUFZbjNOWUJGdGl5dmlOVHE4YkNWdmE0UXEwZUhHQ29TLXRyMFNWTWNOMHBXSnB1a0EzZmExNHlpVnNzakhJeG1QNHhCcnlDTXZNSVd0V1FMQm5iTUF1dTByVDB3MHhQbHhvOWZIbzdOd2o0SXBGN2owalZHSVNaV21KYzQ?oc=5,CBMimgJBVV95cUxNSU9rU1R0VTdfTFhleGIzNFNSQnRjb3RQYnVkZWVMUE1jRzZEdFdOTUhHN0ZKUFo4UGgxeHl0VFZkOUt2QTN1QWRwVGg4a0Q1b3R0RGRnVEVybjRtQVN5cmpZUFdqTGswbXZ0VGwta1kxa3pVU05ScGFYMlg1bS1PUFVoTkhydG9jWVV4ZEdTeHBsNWtnOWdudjZzdTBQY3Y0M1hYanA2YTlaQlJfek8wN3o1bS1FNDlLU1BvR084VkJRVEpxLWItS3VsVGIwLUtGcmtxZWI4Mkpyb2k0bVQ3YmpkSUpQeGVFX0xkN0d4QkxscGZaYmxjYjhDamc0bkJfc01YOVdnM2FkQm5MWVV5UnNZMG5pR2lKaFHSAZ8CQVVfeXFMUEp3SktQZXZDMkVUeDJ6WjBYNVZpNEhqRG9pZklSR1JGOUtHZHFWdXEzSFY2VC1BTkotSHNRWGVUWE96Q01FZHhoUmkwSklETHVOb05iekxVY3piRVJVM0tUNVM5bjR4aEd6T2liUzZWZ2tqNFhnLTByeU5UQjNnRjlMMm9vRlFBZDkzcl9mRkYxNTdLMXhJS3NFOFlQV3JyN09WdUFZbjNOWUJGdGl5dmlOVHE4YkNWdmE0UXEwZUhHQ29TLXRyMFNWTWNOMHBXSnB1a0EzZmExNHlpVnNzakhJeG1QNHhCcnlDTXZNSVd0V1FMQm5iTUF1dTByVDB3MHhQbHhvOWZIbzdOd2o0SXBGN2owalZHSVNaV21KYzQ
TCS.NS,"Thu, 09 Jul 2026 07:00:00 GMT","TCS Q1FY27 results: Net profit rises 4.6% to ₹13,349 cr, revenue up 13.9% - Business Standard",Business Standard,https://news.google.com/rss/articles/CBMi2gFBVV95cUxPZUVLNjh0d1JuZUZ1UExRd1RlcmNPazF2eVBwbFBYVG04b2NHRTNpMjVNVGoyaHRlcWdPVjV0RlNsek9OR291SjY5LXJBRy0xbHVTVEJKMVdUOEFlY1U5UnE3dlhJVDkyU1kzdzlPa2xRZkpLUHQtSHZRSHpjOTQwZjY0NjBmM0taeHR4ZU9hVEFrNmppaElXa3ZXdmZpUV80TjRDVnVHRktpeDdudXJKV0dWOWFOQURiMDZ4MVg5OVA3Rmg1T2ZzVzdiUXZjVHQ2ZG9MR0RXbTYyQdIB3wFBVV95cUxOb3RVV19fUDJIWFA1a1ZXMnRRdzRYdDlmRHJZLU41SmI1anUxOWEyZllCNl96VFVnTzFWUTlweV9ZV2lHb1JxRm9DM0NhTlpIMk9tVDE4M3RSbGtIQ3NyVUZwSVdOLVI0bk1LRkMtOVg5bU5YYkphNlQzQ0xfTWxDSXB5bGd3dXdUNGs4WWl1RE11ckRsNHJCLWUwdC1lSzhLcnR1VWx3ZHlWVE1vd2hrOGlRY3VUTVZsa2pmSTA5NWNSZ0ppLWxIdUxmazdCQlZMcHh4OV9XODlrSFAySmJz?oc=5,CBMi2gFBVV95cUxPZUVLNjh0d1JuZUZ1UExRd1RlcmNPazF2eVBwbFBYVG04b2NHRTNpMjVNVGoyaHRlcWdPVjV0RlNsek9OR291SjY5LXJBRy0xbHVTVEJKMVdUOEFlY1U5UnE3dlhJVDkyU1kzdzlPa2xRZkpLUHQtSHZRSHpjOTQwZjY0NjBmM0taeHR4ZU9hVEFrNmppaElXa3ZXdmZpUV80TjRDVnVHRktpeDdudXJKV0dWOWFOQURiMDZ4MVg5OVA3Rmg1T2ZzVzdiUXZjVHQ2ZG9MR0RXbTYyQdIB3wFBVV95cUxOb3RVV19fUDJIWFA1a1ZXMnRRdzRYdDlmRHJZLU41SmI1anUxOWEyZllCNl96VFVnTzFWUTlweV9ZV2lHb1JxRm9DM0NhTlpIMk9tVDE4M3RSbGtIQ3NyVUZwSVdOLVI0bk1LRkMtOVg5bU5YYkphNlQzQ0xfTWxDSXB5bGd3dXdUNGs4WWl1RE11ckRsNHJCLWUwdC1lSzhLcnR1VWx3ZHlWVE1vd2hrOGlRY3VUTVZsa2pmSTA5NWNSZ0ppLWxIdUxmazdCQlZMcHh4OV9XODlrSFAySmJz
TCS.NS,"Thu, 09 Jul 2026 07:00:00 GMT","TCS Results: Net Profit at ₹13,349 Crore, Revenue Grows to ₹72,275 Crore; Declares ₹12 Interim Dividend - India Infoline",India Infoline,https://news.google.com/rss/articles/CBMi1wFBVV95cUxPQy05ei1vd093TXh4eWhtZFhGSmtqZGMtUnRMcGZxa2pEMk1rVXhYVTA0N05MRFhJMllFUEQxVE9QUHFlQU1LNFlya2hrdVZVUnE4RklyOUE2MmtvMF9mTEpCMTlmX1R5NkNzeTZ4N0hoZnlLdXp5d0RvNUJBdlVGMTM5ZXlFem1XSVRfRHJqcy1LYVhBX1dlbU5KSFVZcVFXczY2NzlHTm4wZWo4WmY2a3JkeXhWbGJqd0ZSTU5vaW5ZaXJaWDVEMDlNYmQ4VFNBeWxBdEllSQ?oc=5,CBMi1wFBVV95cUxPQy05ei1vd093TXh4eWhtZFhGSmtqZGMtUnRMcGZxa2pEMk1rVXhYVTA0N05MRFhJMllFUEQxVE9QUHFlQU1LNFlya2hrdVZVUnE4RklyOUE2MmtvMF9mTEpCMTlmX1R5NkNzeTZ4N0hoZnlLdXp5d0RvNUJBdlVGMTM5ZXlFem1XSVRfRHJqcy1LYVhBX1dlbU5KSFVZcVFXczY2NzlHTm4wZWo4WmY2a3JkeXhWbGJqd0ZSTU5vaW5ZaXJaWDVEMDlNYmQ4VFNBeWxBdEllSQ
TCS.NS,"Fri, 17 Jul 2026 07:00:00 GMT",Tata Consultancy Services shares rise 2.35% in today's session - Moneycontrol.com,Moneycontrol.com,https://news.google.com/rss/articles/CBMi1gFBVV95cUxNb3ZPS0RZNDFwRGhCLUpRZS1ZMi14T0pta3h5dkYwYUphWjlwM0NoS1hvSDQxdld1MWVMNXFnSlZTQU1VZUwwQjBTR3JIMHM3Vnl6TGJ5ZXZsTDk3enAtVk90UFdUTHhKRFVXVDZ0aTVXYXZLZEw5ZzkydXlIY0YwZXl4al9PWVVzRXo0eTUwMzRJMnp2VmpmdkRNZk5WZ3lEWWJfLXl4NTlvVThxdmFRenpYNnE4OFdtbWx0UXJQX1B5SmFtX3NCdFJZUFUxaE9aMWJOM0Jn0gHbAUFVX3lxTE9Na2xqVzJ5REtHTVFpeENEZW05bHN6bGROd3VBRmI4WWxhU2JJRElUVW92c19iQmlQd2JlMFRibk83WERMNnFsZ193MnRaYWQ1WGNyVUFsUkhaSlBMYm41OEhFMzB2SEF5ZGVQOFV6eU9mLTdvdTdHLVI3a3ppaUYyWTNpRUZHMTJZUmxyWGpMTHVuOGQyeGVCY2FEZHJMaDNWV2lvRGd0MzVUMUFDZnI0T2xxSW1YZ3Z1VVpCZ0Y0amcyQUF1NHItb09ybC15ekpsMFJSenlZZzItSQ?oc=5,CBMi1gFBVV95cUxNb3ZPS0RZNDFwRGhCLUpRZS1ZMi14T0pta3h5dkYwYUphWjlwM0NoS1hvSDQxdld1MWVMNXFnSlZTQU1VZUwwQjBTR3JIMHM3Vnl6TGJ5ZXZsTDk3enAtVk90UFdUTHhKRFVXVDZ0aTVXYXZLZEw5ZzkydXlIY0YwZXl4al9PWVVzRXo0eTUwMzRJMnp2VmpmdkRNZk5WZ3lEWWJfLXl4NTlvVThxdmFRenpYNnE4OFdtbWx0UXJQX1B5SmFtX3NCdFJZUFUxaE9aMWJOM0Jn0gHbAUFVX3lxTE9Na2xqVzJ5REtHTVFpeENEZW05bHN6bGROd3VBRmI4WWxhU2JJRElUVW92c19iQmlQd2JlMFRibk83WERMNnFsZ193MnRaYWQ1WGNyVUFsUkhaSlBMYm41OEhFMzB2SEF5ZGVQOFV6eU9mLTdvdTdHLVI3a3ppaUYyWTNpRUZHMTJZUmxyWGpMTHVuOGQyeGVCY2FEZHJMaDNWV2lvRGd0MzVUMUFDZnI0T2xxSW1YZ3Z1VVpCZ0Y0amcyQUF1NHItb09ybC15ekpsMFJSenlZZzItSQ
TCS.NS,"Thu, 09 Jul 2026 07:00:00 GMT",TCS Q1 results: Revenue jumps 14%; IT major declares Rs 12 interim dividend - indiatoday.in,indiatoday.in,https://news.google.com/rss/articles/CBMizAFBVV95cUxQZUZUZlZmeWdqUTk1U0pGcVlrZElJRl9VckhZTWpXeXEwbkg2aks3VkJFM3NHVkktSkU4MzVNZWVISTYwU25OTWVsdm5wTEVUdmh1X1ZxLXo5UUdmeEdEVmtDLWJneV9uSWNVeTZfXy1TRWdacVRnc3RiOFRnSktONkVZLWR3LTdQRFh2MmVUZ2kydnRZajY4QktQamM3LTl1NnJQZ05Fbm5zc0wtdjY1RWdNcVU4Rmo5VXl6d1ZvUlgzcEpmM3MxSXdIR0LSAdIBQVVfeXFMT3Mxd1hMSWI2WmYzck5RVTJ4aWw4QXotei1oOXpjdWtWTjRHMDE3bm5sWFRXTU1fLWc1NVo0eVZxSWlaRnpxRlhyNDhLUFJiMGgzUmJ4Z0hBN1FXUkV4VGszY1NSVDBhazZZQ283bm5MWUx3MXhBSEpWQ0VtQ2t6MWVYOGZxc01aOXYxMTQtcEdVNFJmV1VUU0hPdENYTkVBSXJMV0NSZmY5d2FxUkJYb3JUTXh3S3pzYTdUN3QwRUZENmFqM1p3NUw4eV82VVU0bHpn?oc=5,CBMizAFBVV95cUxQZUZUZlZmeWdqUTk1U0pGcVlrZElJRl9VckhZTWpXeXEwbkg2aks3VkJFM3NHVkktSkU4MzVNZWVISTYwU25OTWVsdm5wTEVUdmh1X1ZxLXo5UUdmeEdEVmtDLWJneV9uSWNVeTZfXy1TRWdacVRnc3RiOFRnSktONkVZLWR3LTdQRFh2MmVUZ2kydnRZajY4QktQamM3LTl1NnJQZ05Fbm5zc0wtdjY1RWdNcVU4Rmo5VXl6d1ZvUlgzcEpmM3MxSXdIR0LSAdIBQVVfeXFMT3Mxd1hMSWI2WmYzck5RVTJ4aWw4QXotei1oOXpjdWtWTjRHMDE3bm5sWFRXTU1fLWc1NVo0eVZxSWlaRnpxRlhyNDhLUFJiMGgzUmJ4Z0hBN1FXUkV4VGszY1NSVDBhazZZQ283bm5MWUx3MXhBSEpWQ0VtQ2t6MWVYOGZxc01aOXYxMTQtcEdVNFJmV1VUU0hPdENYTkVBSXJMV0NSZmY5d2FxUkJYb3JUTXh3S3pzYTdUN3QwRUZENmFqM1p3NUw4eV82VVU0bHpn
TCS.NS,"Thu, 09 Apr 2026 12:33:29 GMT",TCS closes FY26 with Improving Sequential Growth Momentum and Strong Deal Wins - Tata Consultancy Services,Tata Consultancy Services,https://news.google.com/rss/articles/CBMijwFBVV95cUxPemt6Rlp3Z1VGQ191MzRHMUwwYWVmOVZMSjdfQWp6M3otVGp1SWtsY1NmYjljVVZUaVB1TjRlenJrN3JvVVZ6S3VyNy1ueDdwQkJOcDhCek1GTkcwNENEX01GaTRtMVFFc2NkOVJsZ3dXVGtzMElkTzY3OGdrNWE4aTlhc2N0VjZKLUpLQXhzcw?oc=5,CBMijwFBVV95cUxPemt6Rlp3Z1VGQ191MzRHMUwwYWVmOVZMSjdfQWp6M3otVGp1SWtsY1NmYjljVVZUaVB1TjRlenJrN3JvVVZ6S3VyNy1ueDdwQkJOcDhCek1GTkcwNENEX01GaTRtMVFFc2NkOVJsZ3dXVGtzMElkTzY3OGdrNWE4aTlhc2N0VjZKLUpLQXhzcw
TCS.NS,"Mon, 06 Jul 2026 07:00:00 GMT","Indian IT firms face muted Q1 as AI shift, weak demand weigh - Reuters",Reuters,https://news.google.com/rss/articles/CBMipwFBVV95cUxQSEJIQ0tDd21GZmRzbXhsUXNOOHRERGdqQUR5S3RGaHVCU053eTFKbnRrTkZTc0xjNkhZaG1SWEZxSjkzWG51NEJ4V0EtSUZhWkI1cndtT3NWSy0zZk9jVjVKNUFNWXVuYkFUbHlERGV0R29kMHZQZFZuUTB1RThfSlgyOEt6ZTIzbjhzRzJzYkNxUjM0eXV4UmhmNThCcHpUN3dFa0VsSQ?oc=5,CBMipwFBVV95cUxQSEJIQ0tDd21GZmRzbXhsUXNOOHRERGdqQUR5S3RGaHVCU053eTFKbnRrTkZTc0xjNkhZaG1SWEZxSjkzWG51NEJ4V0EtSUZhWkI1cndtT3NWSy0zZk9jVjVKNUFNWXVuYkFUbHlERGV0R29kMHZQZFZuUTB1RThfSlgyOEt6ZTIzbjhzRzJzYkNxUjM0eXV4UmhmNThCcHpUN3dFa0VsSQ
TCS.NS,"Thu, 09 Apr 2026 07:00:00 GMT","TCS Q4 FY26 results: Tata Consultancy Services reports 12% rise in net profit at Rs 13,718 crore; dividen - The Times of India",The Times of India,https://news.google.com/rss/articles/CBMiowJBVV95cUxPekZFYko1d19xSVdORE5uYUZRSUt1bFZhNnlfNjJkMzFvNzF1d1pXbUtXNEZBY0o3ODFiRlNTM0ZBeUtGYjRSQ2R5eGRMWmw2dFNXamNKM0sxb21jVHFfWDltQnRKY3d5Um54S0VUZVhMSG1pcHh1V0tQelBNSVJ1TVV1OElMZThFSmdRZkRoc3paY01rM19HWXE5ZzBKYmVZSUFNVGlkWElrNDZ6c2RkRlN6U0Z4QzR2ZWRzVTBMUFV2Q0ZRblo2ZFpXREVKYU83a0ZqV21kaGppZ3V2aVRsS2lraTFyRl9JNVR0emVIY1VENGdoZkVOZzFBN2tLMU1IdUZkN2lRU1RrRVNVRmxPZXNVdmt5ZHVoS2wtUnZkQ2NVOEXSAagCQVVfeXFMUHRwN0VQVlFVaVJQamlJMUxhZlNlV1BOX3JhR0NIUzhxLVBjWU1VLTVmX3Z5LV9uX0N2bTRFbmpVeWdwVUNIWkpGTWp4TkE2dW1JN0NXclN2Ym1zQWFxUXVfUjNJRWYwX3Q3M0EyMzhVVUhzRnVJUDBoZHJYNUtIdkt0eVktajBFaEdTYWxkVjd1M25tQmVDRWRXM2h1OWw2QUoxcWp2Ti1QVFUwM3BfbUlIQWdYM19INEc4RDV0OGQtTVN5azNEZTlHVGNLRjl6YmlyQktDNzAtOTZrVFFjY3hLQmtoMElZWDJkSVZ4UkFMZnNmZm15dFViYV9DSkRVQVpFSnJac2xVYmJVcGxGTkxuOUtHcHJlcGNrbEo2Y0ZGc3JaNnVjWk4?oc=5,CBMiowJBVV95cUxPekZFYko1d19xSVdORE5uYUZRSUt1bFZhNnlfNjJkMzFvNzF1d1pXbUtXNEZBY0o3ODFiRlNTM0ZBeUtGYjRSQ2R5eGRMWmw2dFNXamNKM0sxb21jVHFfWDltQnRKY3d5Um54S0VUZVhMSG1pcHh1V0tQelBNSVJ1TVV1OElMZThFSmdRZkRoc3paY01rM19HWXE5ZzBKYmVZSUFNVGlkWElrNDZ6c2RkRlN6U0Z4QzR2ZWRzVTBMUFV2Q0ZRblo2ZFpXREVKYU83a0ZqV21kaGppZ3V2aVRsS2lraTFyRl9JNVR0emVIY1VENGdoZkVOZzFBN2tLMU1IdUZkN2lRU1RrRVNVRmxPZXNVdmt5ZHVoS2wtUnZkQ2NVOEXSAagCQVVfeXFMUHRwN0VQVlFVaVJQamlJMUxhZlNlV1BOX3JhR0NIUzhxLVBjWU1VLTVmX3Z5LV9uX0N2bTRFbmpVeWdwVUNIWkpGTWp4TkE2dW1JN0NXclN2Ym1zQWFxUXVfUjNJRWYwX3Q3M0EyMzhVVUhzRnVJUDBoZHJYNUtIdkt0eVktajBFaEdTYWxkVjd1M25tQmVDRWRXM2h1OWw2QUoxcWp2Ti1QVFUwM3BfbUlIQWdYM19INEc4RDV0OGQtTVN5azNEZTlHVGNLRjl6YmlyQktDNzAtOTZrVFFjY3hLQmtoMElZWDJkSVZ4UkFMZnNmZm15dFViYV9DSkRVQVpFSnJac2xVYmJVcGxGTkxuOUtHcHJlcGNrbEo2Y0ZGc3JaNnVjWk4
TCS.NS,"Thu, 09 Jul 2026 07:00:00 GMT","TCS Q1 Results: Profit rises 5% YoY to Rs 13,349 crore; co declares Rs 12/share dividend - The Economic Times",The Economic Times,https://news.google.com/rss/articles/CBMi9AFBVV95cUxOZy1Hc2NiY3BnVW9IMVRkYXBtS0poTVR4RHI0cGx5TG9BY1VVd3Bqckk0elNGd2p1M0I4aXVsWmNfSk4tT1VGV2c1Y2QyaXpuSzNwdkJDeVZ2RmZUWE1xdXB1dGc2dFdSNEFmTFdKR053bmZOYU41U2F1Yjdic050MGhQam5kWktITGlZSUxubDdPMTV1VlhPbnU3bFVYeVlqQUw5U2hfVGZIU3pDdGhjTGtha0xNT0hxbEhyQzRMc01nQWxRTHVvdE5Jd212cW84U3ZnMXFuaWlRWEtUWDNZN3U4aXhKN0lDOVUxUHY3M1pWLU120gH6AUFVX3lxTFBvT3ZRbDZUeE90NTNwbk9PX2ZQWk1ialNFYVpRSG80RHpoTTJQNV9RLWd1TXVTbll4VEJiY25tZ3FhUmVON3c0NzFHSXp0ZGhiajVwNFcwZlVubjB1VXFCTWdrZHdXeldlQXBwS2hJX3dTVDVaeTBzWldBbndmdnNERDdPRFczQk11YnllWEo0MXR6VzEwemc2V2c4NWlFNnRRZFdZSXRYTTM4bzlKdS16MzhfcWVpLTVTMFdBc0kwOFgxakRIdkpESkN5VEFvc2NscU9YakdIZVQ3YXRUdlZiaU52amZUbmlJWkR2eDlLVGE0THJ4cnFqR2c?oc=5,CBMi9AFBVV95cUxOZy1Hc2NiY3BnVW9IMVRkYXBtS0poTVR4RHI0cGx5TG9BY1VVd3Bqckk0elNGd2p1M0I4aXVsWmNfSk4tT1VGV2c1Y2QyaXpuSzNwdkJDeVZ2RmZUWE1xdXB1dGc2dFdSNEFmTFdKR053bmZOYU41U2F1Yjdic050MGhQam5kWktITGlZSUxubDdPMTV1VlhPbnU3bFVYeVlqQUw5U2hfVGZIU3pDdGhjTGtha0xNT0hxbEhyQzRMc01nQWxRTHVvdE5Jd212cW84U3ZnMXFuaWlRWEtUWDNZN3U4aXhKN0lDOVUxUHY3M1pWLU120gH6AUFVX3lxTFBvT3ZRbDZUeE90NTNwbk9PX2ZQWk1ialNFYVpRSG80RHpoTTJQNV9RLWd1TXVTbll4VEJiY25tZ3FhUmVON3c0NzFHSXp0ZGhiajVwNFcwZlVubjB1VXFCTWdrZHdXeldlQXBwS2hJX3dTVDVaeTBzWldBbndmdnNERDdPRFczQk11YnllWEo0MXR6VzEwemc2V2c4NWlFNnRRZFdZSXRYTTM4bzlKdS16MzhfcWVpLTVTMFdBc0kwOFgxakRIdkpESkN5VEFvc2NscU9YakdIZVQ3YXRUdlZiaU52amZUbmlJWkR2eDlLVGE0THJ4cnFqR2c
TCS.NS,"Mon, 12 Jan 2026 12:08:00 GMT",AI-led Growth and Strong Order Book highlight TCS’ Q3 - Tata Consultancy Services,Tata Consultancy Services,https://news.google.com/rss/articles/CBMijwFBVV95cUxNNm55T2dlX2NrRldhSDlYWFZwM0RFOUl1bmRtaG8yc2VkWDNmZGQ1Qjg2TmlJN25sM0xCVERlSkxNc19UUTRpNmduU3hwODlOYkhTQmJWTHdpQ3NWd043ZE5jTFFPY3k5ZVJMWm9oeHpxekpNWlBfYTcyd2NRd3FHN0FlV2NEUU9LQkFua2txNA?oc=5,CBMijwFBVV95cUxNNm55T2dlX2NrRldhSDlYWFZwM0RFOUl1bmRtaG8yc2VkWDNmZGQ1Qjg2TmlJN25sM0xCVERlSkxNc19UUTRpNmduU3hwODlOYkhTQmJWTHdpQ3NWd043ZE5jTFFPY3k5ZVJMWm9oeHpxekpNWlBfYTcyd2NRd3FHN0FlV2NEUU9LQkFua2txNA
HDFCBANK.NS,"Mon, 06 Jul 2026 07:00:00 GMT",HDFC Bank Shares Gain Over 2% as Q1 FY27 Business Update Beats Street Estimates - India Infoline,India Infoline,https://news.google.com/rss/articles/CBMiwAFBVV95cUxOcnk4VUNaRnYzMFJMcTd2emQ3ZldHMmZrN1o0VGx0OFZDWmpoYUxhMzF2RmpBVFZYcmx0cEtIUmpDMjFDbkI4UzZsdFcyQzlscktrdFdwZGt2YktaRkJySmxLTGs3a3U2My1DYmxvWHJ4TXYtVE1Sdm5tbG9tb2ZWZk5aSS1DMGVEVFZrZVVoZ2phTGFmVlFIQWxfS3k0eHBEWlM0YWtVbXBNVFdqTUhiSlpDZEN0cDNxdzVfeWhRU1k?oc=5,CBMiwAFBVV95cUxOcnk4VUNaRnYzMFJMcTd2emQ3ZldHMmZrN1o0VGx0OFZDWmpoYUxhMzF2RmpBVFZYcmx0cEtIUmpDMjFDbkI4UzZsdFcyQzlscktrdFdwZGt2YktaRkJySmxLTGs3a3U2My1DYmxvWHJ4TXYtVE1Sdm5tbG9tb2ZWZk5aSS1DMGVEVFZrZVVoZ2phTGFmVlFIQWxfS3k0eHBEWlM0YWtVbXBNVFdqTUhiSlpDZEN0cDNxdzVfeWhRU1k
HDFCBANK.NS,"Sat, 18 Jul 2026 07:00:00 GMT","Q1 results: HDFC Bank, Axis Bank, Kotak Mahindra among 21 firms on July 18 - Business Standard",Business Standard,https://news.google.com/rss/articles/CBMi6AFBVV95cUxPNTFKUVRaREZfQzdwMjhVSEMtdmFCekpmR1FnRDBGbV81YWZTNWtwaHJJV3k5XzdTaF8xR1oyRzVrZndYV3NhRmtVbk14NExBc0xpM1NySXlvRmVwb0NyZGlicXlzanV6Y2U1cjR3MzdGeVItRzVQakJ2ZFdiR0dUMDVKdkZDVTh5V25QVTFoakRjMzhlczdpNkZwV2FXZC1UcTlxblVEYWQ1OFNJMlZGeTJWd0ZIV1J6WGMyX3Z2czBIYXhNRWZUT1FSbVRzZG1Od1d2dmVTNkF0WnVud191MHg3Wk94QmxJ0gHuAUFVX3lxTFBfbDZQMkNfYzJUSXRHUDREQkRoRnhLSGxXaDc1VzJySDBmMmlxWlN4eUdHLXRGSXgyck9obWJBZ1dnMHBkM3dnT1ZwM1B6Z1RnVW1GRDB6QWRjYVNzUnRPSHJicmswMmU4WVhyUVlMV21DZEhCRk9VTmU5Y2xlRjB5OXBjcEFySV82SWZ2eVMzTmJKS0VXcUhKNkhIb2s4SjBuUFFEcWhaNm4zcGFfTFlzdmJrOHlhZ2MtZ05WbEZXa28tanVWLTdGbGZJMGhna0pBZkdCS0ozbE41ajN4ODJYSGdXdW9nTUg2X3ZIUGc?oc=5,CBMi6AFBVV95cUxPNTFKUVRaREZfQzdwMjhVSEMtdmFCekpmR1FnRDBGbV81YWZTNWtwaHJJV3k5XzdTaF8xR1oyRzVrZndYV3NhRmtVbk14NExBc0xpM1NySXlvRmVwb0NyZGlicXlzanV6Y2U1cjR3MzdGeVItRzVQakJ2ZFdiR0dUMDVKdkZDVTh5V25QVTFoakRjMzhlczdpNkZwV2FXZC1UcTlxblVEYWQ1OFNJMlZGeTJWd0ZIV1J6WGMyX3Z2czBIYXhNRWZUT1FSbVRzZG1Od1d2dmVTNkF0WnVud191MHg3Wk94QmxJ0gHuAUFVX3lxTFBfbDZQMkNfYzJUSXRHUDREQkRoRnhLSGxXaDc1VzJySDBmMmlxWlN4eUdHLXRGSXgyck9obWJBZ1dnMHBkM3dnT1ZwM1B6Z1RnVW1GRDB6QWRjYVNzUnRPSHJicmswMmU4WVhyUVlMV21DZEhCRk9VTmU5Y2xlRjB5OXBjcEFySV82SWZ2eVMzTmJKS0VXcUhKNkhIb2s4SjBuUFFEcWhaNm4zcGFfTFlzdmJrOHlhZ2MtZ05WbEZXa28tanVWLTdGbGZJMGhna0pBZkdCS0ozbE41ajN4ODJYSGdXdW9nTUg2X3ZIUGc
HDFCBANK.NS,"Wed, 15 Jul 2026 07:00:00 GMT","HDB Financial Services Q1 results: Net profit rises 38% to Rs 785 crore, NII up 20% - Moneycontrol.com",Moneycontrol.com,https://news.google.com/rss/articles/CBMi3gFBVV95cUxPbWotblE5dDdRTXd1Wm1zc2pPNk1SMUpDWC1zcGVSMWxud1pJWWNPOE1zcjQ2bjdDTG5Pc1ItU2RDTWVJd3ZUS29MYlNaTngzQ3J5NnM1b1dVM080aXotZUh0bHB4Q2FDLS1CNHhDVVJpbXh4ZGF1eDNva3YtQ0NVN282VkJPWHBRaTRpQVlwLVVEeEFTbjdLYi10TXRyalJ5YWxDZV9RLWdkYUpNQVJVN3ZXcGI0MkEydnhIbUFlYjRsSUJJTU90QlJySnN4bkJqRk1venJEdGFfUkhtZmfSAeMBQVVfeXFMTWItMWYwd0xLOUh3WmN3WG9rMnZTUDVNZHI2dnJZcW5FajFBdk5vLWc3Qk8wS2RaandlT1FQZjRLVDBXVjVtbEk2eWJsX2dfZVNYNGFhWXJsTzRVelhLWlFEYmtOVDlhVzd2bEJoM1FnRm1ScEpTTVpzMndhM2ZOOVdUaU12V0FFWTN5My1vT04wMm1mQlN2OG1iWUtKbHpYaGdMQWlFWGRpci1qcEhtNFdaa21idW15YTl2TWpBNHd2THRfUmRTc3RwbEIyVEZwaFU3RGQ4ODdnMlp1U2xVd2YzZzg?oc=5,CBMi3gFBVV95cUxPbWotblE5dDdRTXd1Wm1zc2pPNk1SMUpDWC1zcGVSMWxud1pJWWNPOE1zcjQ2bjdDTG5Pc1ItU2RDTWVJd3ZUS29MYlNaTngzQ3J5NnM1b1dVM080aXotZUh0bHB4Q2FDLS1CNHhDVVJpbXh4ZGF1eDNva3YtQ0NVN282VkJPWHBRaTRpQVlwLVVEeEFTbjdLYi10TXRyalJ5YWxDZV9RLWdkYUpNQVJVN3ZXcGI0MkEydnhIbUFlYjRsSUJJTU90QlJySnN4bkJqRk1venJEdGFfUkhtZmfSAeMBQVVfeXFMTWItMWYwd0xLOUh3WmN3WG9rMnZTUDVNZHI2dnJZcW5FajFBdk5vLWc3Qk8wS2RaandlT1FQZjRLVDBXVjVtbEk2eWJsX2dfZVNYNGFhWXJsTzRVelhLWlFEYmtOVDlhVzd2bEJoM1FnRm1ScEpTTVpzMndhM2ZOOVdUaU12V0FFWTN5My1vT04wMm1mQlN2OG1iWUtKbHpYaGdMQWlFWGRpci1qcEhtNFdaa21idW15YTl2TWpBNHd2THRfUmRTc3RwbEIyVEZwaFU3RGQ4ODdnMlp1U2xVd2YzZzg
HDFCBANK.NS,"Mon, 20 Apr 2026 07:00:00 GMT",ICICI Bank vs HDFC Bank after Q4: Which stock looks like a better buy now? - indiatoday.in,indiatoday.in,https://news.google.com/rss/articles/CBMivwFBVV95cUxPRVpTMlplM3hnNzNwd0h3NFBfdUIzZW9GVWtMVE9zM0E5QTVjTDNEa0lkUXBGMHdYRzZQY3RJdG5udjZkNVJoVXVqWmtkbk1qWVFvMWRuWC1aTXR6N2UwUmZFWHVXdUF5Vmw1WU1hT0Vyd3J0REhwYWRhdk4xMkd5XzUzcDFtMnZJSEowVm1JNFlPRW9BMlY5ZFBTQXRpazh2SFFia1ltVUROQ0lCSG9zMmQwME52dEJ1dDBqMTN2MNIBxAFBVV95cUxQTndLWkQ2RzFOc29Eb3lZVFNzckVRZWY4SlpUM1FlNHVfNE5pUXNQZDA1dUJlMmliMkM3clplZnRORWRHRVNNaHM4ay1ER0pPdHZXYTJPUjN2VkZuc3cxcElUSzRrWXJqN1l5SGY1NnR4OTVmc1RrNlNWTTNyTUs5QVl6OE0yMm1KT3JCNjFuS3MwM0dtbU9zMzBITHR4R21KdmRxYl8wRXpHNlJ2ZmpFN3ZjY3lyaEd2emxEQWd0TUFKLW9a?oc=5,CBMivwFBVV95cUxPRVpTMlplM3hnNzNwd0h3NFBfdUIzZW9GVWtMVE9zM0E5QTVjTDNEa0lkUXBGMHdYRzZQY3RJdG5udjZkNVJoVXVqWmtkbk1qWVFvMWRuWC1aTXR6N2UwUmZFWHVXdUF5Vmw1WU1hT0Vyd3J0REhwYWRhdk4xMkd5XzUzcDFtMnZJSEowVm1JNFlPRW9BMlY5ZFBTQXRpazh2SFFia1ltVUROQ0lCSG9zMmQwME52dEJ1dDBqMTN2MNIBxAFBVV95cUxQTndLWkQ2RzFOc29Eb3lZVFNzckVRZWY4SlpUM1FlNHVfNE5pUXNQZDA1dUJlMmliMkM3clplZnRORWRHRVNNaHM4ay1ER0pPdHZXYTJPUjN2VkZuc3cxcElUSzRrWXJqN1l5SGY1NnR4OTVmc1RrNlNWTTNyTUs5QVl6OE0yMm1KT3JCNjFuS3MwM0dtbU9zMzBITHR4R21KdmRxYl8wRXpHNlJ2ZmpFN3ZjY3lyaEd2emxEQWd0TUFKLW9a
HDFCBANK.NS,"Tue, 28 Jul 2026 07:00:00 GMT",HDFC Bank vs Bandhan Bank: Full Stock Comparison - Univest,Univest,https://news.google.com/rss/articles/CBMibkFVX3lxTE5JXzBHMDBGdXBRY1kzczR2ejJ3X2FRMDBxWFRtX0RrRUpORlVVc1Vfcm9mR01zeEMzWTc4dHNZMjlybmpIaF9tNDZpeGY3VU9sLUloblNESlZoV2VDZWNqSHYtM1NRVWI1Yjh6eEJR?oc=5,CBMibkFVX3lxTE5JXzBHMDBGdXBRY1kzczR2ejJ3X2FRMDBxWFRtX0RrRUpORlVVc1Vfcm9mR01zeEMzWTc4dHNZMjlybmpIaF9tNDZpeGY3VU9sLUloblNESlZoV2VDZWNqSHYtM1NRVWI1Yjh6eEJR
HDFCBANK.NS,"Sat, 04 Jul 2026 07:00:00 GMT",HDFC Bank Q1 business update: Gross advances rise 15% to Rs 30.61 lakh crore - The Economic Times,The Economic Times,https://news.google.com/rss/articles/CBMi4gFBVV95cUxNNWNOMVhQaTFMeFBNaHlqMjYtYkZheGJUR2xaZmNMY1pzNV9kd1l6ZHZNc2E2dXVIUi1SdHNRTVBMbUxrWE4zaVBvSlpLci03Y19HQ2hfb2cxS0JHR2dMckNuUDlyaDU2OEdsTXVVMGUwVGZYSld4OE1Qa2E2d0tFMF9ZNUtMVWhKbkprMFh2VWt0RXM2NXdhX3RCU0JnZ3JFQXFIWHdVVGxjbVNxTGlTcG5JOXBtZ1c4bVlxRG5aYlRoMXhCZ0JVZXB4Y1NPU1lmNk50Q3cyNFJhczNCTzI0LXBB0gHnAUFVX3lxTE8zWkNvU0RpZFdGbUhad3ZJYi1IcEEtendxMTVyQi0xSTRHQXlWWmVwSGlNZ0NUaVh6SjVoSUlWMlZZdFdHcVYydXoyRlczcXRzbm9nbzI1RXJjek9NTFZNSEJXQl9wM3lxekN2dkZ5cmZ4OWF5SllDMVV0OFNkZnQ0QndOdDBaNjR5dnZ5a0Y0ZWdqa2x2aXhUU1o0cnIxOVhRYW92eG1xdW1lY0VGM3NtbkdNbHZ0QTRNLU9ka2ZlLS1KTkNodzVQekg2UTA0aFdPUW1vLVdmeEMybE1STmxBanl3cENqNA?oc=5,CBMi4gFBVV95cUxNNWNOMVhQaTFMeFBNaHlqMjYtYkZheGJUR2xaZmNMY1pzNV9kd1l6ZHZNc2E2dXVIUi1SdHNRTVBMbUxrWE4zaVBvSlpLci03Y19HQ2hfb2cxS0JHR2dMckNuUDlyaDU2OEdsTXVVMGUwVGZYSld4OE1Qa2E2d0tFMF9ZNUtMVWhKbkprMFh2VWt0RXM2NXdhX3RCU0JnZ3JFQXFIWHdVVGxjbVNxTGlTcG5JOXBtZ1c4bVlxRG5aYlRoMXhCZ0JVZXB4Y1NPU1lmNk50Q3cyNFJhczNCTzI0LXBB0gHnAUFVX3lxTE8zWkNvU0RpZFdGbUhad3ZJYi1IcEEtendxMTVyQi0xSTRHQXlWWmVwSGlNZ0NUaVh6SjVoSUlWMlZZdFdHcVYydXoyRlczcXRzbm9nbzI1RXJjek9NTFZNSEJXQl9wM3lxekN2dkZ5cmZ4OWF5SllDMVV0OFNkZnQ0QndOdDBaNjR5dnZ5a0Y0ZWdqa2x2aXhUU1o0cnIxOVhRYW92eG1xdW1lY0VGM3NtbkdNbHZ0QTRNLU9ka2ZlLS1KTkNodzVQekg2UTA0aFdPUW1vLVdmeEMybE1STmxBanl3cENqNA
HDFCBANK.NS,"Sat, 11 Apr 2026 07:00:00 GMT","Q4 results 2026 dates: HDFC Bank, Yes Bank, Wipro, ICICI Bank, others to post earnings next week - Business Today",Business Today,https://news.google.com/rss/articles/CBMi8gFBVV95cUxQLU9MaGFSdVJibDVSLWhYSXpuTWJVQk9vZHFtMWJ1WEFET3R1bnRGaU0xd2tUekhvMFFVMWxvY2N5Q3U4RHJjWlE4WlNITGJUcERpQkZTN3RMY0dIYkIyZnBvWW5vS2liZkpfWlByYmJnV2RNcDlLVU15QTRhRzdBcXNBMFNzQm1NN2xBRlJQTm5KLW9JWjNLeUp1VktIUDhqWWFZUXNIdmpBV3Z2dU52aW9WSm5tREJYbVF2VVJnSWoyQWl3VGlDbWV1N2FxR3phSWIwV0FPdjkzS0g0aWVzdWNGYWtQcmVlMmhVeW5KYjZnZ9IB9wFBVV95cUxOVFhDaTVPNWRMaW41b1U2LU9NcElyRlVCbFBuaENFU3JMcWs3Z1BnWHJnOS1vQUVjVGZjdVkzOEY2aXoyR01xZncwcTZBX0JSVGFHOXBkTG41MUhqQktUSlJKUlBlNlhGTHBHZ2VZeUpsYjl1V3FGb1pqdDVuX2JZOWhzZkc1YnpiWXNLX2pRSkRLcERhdFduTWtueF9MRzJ3TEV3YlVrZWljcXNBeXJhWGlLODRGdmllN3YyTTM5ZkVRNTdnSnFDQ0VuVXZwSU9lNGRMb09pR293SVFYWG5GOElwaHc1UW1OR3JHQ1VNeUZoaU4xY2g4?oc=5,CBMi8gFBVV95cUxQLU9MaGFSdVJibDVSLWhYSXpuTWJVQk9vZHFtMWJ1WEFET3R1bnRGaU0xd2tUekhvMFFVMWxvY2N5Q3U4RHJjWlE4WlNITGJUcERpQkZTN3RMY0dIYkIyZnBvWW5vS2liZkpfWlByYmJnV2RNcDlLVU15QTRhRzdBcXNBMFNzQm1NN2xBRlJQTm5KLW9JWjNLeUp1VktIUDhqWWFZUXNIdmpBV3Z2dU52aW9WSm5tREJYbVF2VVJnSWoyQWl3VGlDbWV1N2FxR3phSWIwV0FPdjkzS0g0aWVzdWNGYWtQcmVlMmhVeW5KYjZnZ9IB9wFBVV95cUxOVFhDaTVPNWRMaW41b1U2LU9NcElyRlVCbFBuaENFU3JMcWs3Z1BnWHJnOS1vQUVjVGZjdVkzOEY2aXoyR01xZncwcTZBX0JSVGFHOXBkTG41MUhqQktUSlJKUlBlNlhGTHBHZ2VZeUpsYjl1V3FGb1pqdDVuX2JZOWhzZkc1YnpiWXNLX2pRSkRLcERhdFduTWtueF9MRzJ3TEV3YlVrZWljcXNBeXJhWGlLODRGdmllN3YyTTM5ZkVRNTdnSnFDQ0VuVXZwSU9lNGRMb09pR293SVFYWG5GOElwaHc1UW1OR3JHQ1VNeUZoaU4xY2g4
HDFCBANK.NS,"Mon, 20 Jul 2026 07:00:00 GMT",HDFC Bank vs ICICI Bank vs Yes Bank: Which stock to buy after Q1 results 2026? - Livemint,Livemint,https://news.google.com/rss/articles/CBMi3wFBVV95cUxOOGhUT3RhQkdkaUtMeHVBdDlkWURfTkhQUzZKcjJjSnZtZVNjZklaaUlqdU9tU3lBem9lLUVfSUNPVzZrTGc5NVVld3ZMY2RSektBZ05zS1lOaEVqelkwUkoxTkNIR3RFTVJwbGJSNkpNdFFNTzdZelNWemhTcE8xRWxRazFNNXdFVVFicjZvOWZ1N2JPenpDdnlNbzhfMmVETHBNZ1Q5U1daZG9LalVPa21vNEtEOE9FVkp3SlhEa29rTzFlWS1RRU5OcVhtelBrZW9PT3pZQVRCanhpalNj0gHkAUFVX3lxTFA0U0lta1lMSTFQcnBEaG45dDBTLWdRNXM3bVgzbDd1aEhwaHZJcUFhdVlRcEk0c3MwR2V4YkFWTjRhenJMV2JUWkJXdG14R1RJOTlOOGtaQ0FKV1d4TTB6MzRjUzIyUXFoTVlOWUExMWhHNHNXWVVTenY0OWxEOVh3elZJRnV3QXcyZ0phZ1Y1WXFnVVpfWnBxTW5pLUNkS1FEWllCc3h0UDBsZEFWLVQ2OUd1VFZ0MmlUbzA5Unc3dGZoZm5ycHdTenZwMUl3S0dFVEFDWkN1Y1FrMjZlQVRiUzlESw?oc=5,CBMi3wFBVV95cUxOOGhUT3RhQkdkaUtMeHVBdDlkWURfTkhQUzZKcjJjSnZtZVNjZklaaUlqdU9tU3lBem9lLUVfSUNPVzZrTGc5NVVld3ZMY2RSektBZ05zS1lOaEVqelkwUkoxTkNIR3RFTVJwbGJSNkpNdFFNTzdZelNWemhTcE8xRWxRazFNNXdFVVFicjZvOWZ1N2JPenpDdnlNbzhfMmVETHBNZ1Q5U1daZG9LalVPa21vNEtEOE9FVkp3SlhEa29rTzFlWS1RRU5OcVhtelBrZW9PT3pZQVRCanhpalNj0gHkAUFVX3lxTFA0U0lta1lMSTFQcnBEaG45dDBTLWdRNXM3bVgzbDd1aEhwaHZJcUFhdVlRcEk0c3MwR2V4YkFWTjRhenJMV2JUWkJXdG14R1RJOTlOOGtaQ0FKV1d4TTB6MzRjUzIyUXFoTVlOWUExMWhHNHNXWVVTenY0OWxEOVh3elZJRnV3QXcyZ0phZ1Y1WXFnVVpfWnBxTW5pLUNkS1FEWllCc3h0UDBsZEFWLVQ2OUd1VFZ0MmlUbzA5Unc3dGZoZm5ycHdTenZwMUl3S0dFVEFDWkN1Y1FrMjZlQVRiUzlESw
HDFCBANK.NS,"Sat, 04 Jul 2026 07:00:00 GMT",HDFC Bank Q1 Business Update Signals Strong Growth In Advances and Deposits; Stock In Focus - BW Businessworld,BW Businessworld,https://news.google.com/rss/articles/CBMizwFBVV95cUxNeUJjOU9YblJkUjRIelMzWkxjSVpGOHZyQjQ1cmEwZ21CZ0RKQk9leEhOcDZVMnFGY19iblg4U3ZuNFk1RlJmUEdCSF9qQnZEcm80cEpzd1FGNUhaYWRPMkVGLTNWV2g1Q3E2cjdTRXdacE9URjVZNllNOGdoTjZKQkpmdy1TZnE3NXB1ZEN1QTI3NW5KaC1fMTA0VHFFd0FBZ1g0cERyRklacExyNzluci1iRGg3dTI3TnE3a0xlMTlyS1hCQ1pDcU1zV1kxY00?oc=5,CBMizwFBVV95cUxNeUJjOU9YblJkUjRIelMzWkxjSVpGOHZyQjQ1cmEwZ21CZ0RKQk9leEhOcDZVMnFGY19iblg4U3ZuNFk1RlJmUEdCSF9qQnZEcm80cEpzd1FGNUhaYWRPMkVGLTNWV2g1Q3E2cjdTRXdacE9URjVZNllNOGdoTjZKQkpmdy1TZnE3NXB1ZEN1QTI3NW5KaC1fMTA0VHFFd0FBZ1g0cERyRklacExyNzluci1iRGg3dTI3TnE3a0xlMTlyS1hCQ1pDcU1zV1kxY00
HDFCBANK.NS,"Sat, 18 Jul 2026 07:00:00 GMT","HDFC Bank Q1FY27 results: Net profit rises 5% to ₹19,060 cr; NII grows 7% - Business Standard",Business Standard,https://news.google.com/rss/articles/CBMi5AFBVV95cUxPRUQ5aXRrUXdwNEQzcWNNNU4zZ0Jxck1INDhBLXJQRUFlNVd0VEgxTk83dEhFMkVPYWlnc18xSlVFdk9VYmowWVUtNVlBRkRtTUtPejRmak92bDcweThjVkVmTlhuNEZhOVBMRUprSWtlZkh5TWZSZ2FiWHRqMHpBRVlyTkdyRVpFR21jR3pyYWV2djRDd3lhbTdIYWY3RFphdUhyeDlBWWl1Ukh6UXhuT2RsV2lpNWNuYnIxQ3hkS1dUdktIeXM0SG9OUkR3NDhiWWhZN3BuelZmMGpzcHVyOWhxOHbSAeoBQVVfeXFMUE1sRGpxOEVGU2ljbXh5Sk9oYmVYTjRmYmxKaXoyajNkMjQzLUZLTGVTM3ZVUVJ1ak5tTUw2akw2bWxUQmdHWlR0ckx4bFZSdnpPalFBZC1YNlVHdk9pZFUxbm10UGNyczhQdmdQSVpBVTZhcWl0c1FjN0c3RjkteFlldEhSblNxRi1ubmNqcVlXWTZUZExUTWhJQnpsOFplZkVKaEhldTN0WVBmNWRkaXI4ZHdkelR4cDIyb2l2T0EzZ1ZISndBbEQ0LTF6R0VkZkVVSDZCRFAzRzF5NWdYZTZlb0lxUTNHYU1B?oc=5,CBMi5AFBVV95cUxPRUQ5aXRrUXdwNEQzcWNNNU4zZ0Jxck1INDhBLXJQRUFlNVd0VEgxTk83dEhFMkVPYWlnc18xSlVFdk9VYmowWVUtNVlBRkRtTUtPejRmak92bDcweThjVkVmTlhuNEZhOVBMRUprSWtlZkh5TWZSZ2FiWHRqMHpBRVlyTkdyRVpFR21jR3pyYWV2djRDd3lhbTdIYWY3RFphdUhyeDlBWWl1Ukh6UXhuT2RsV2lpNWNuYnIxQ3hkS1dUdktIeXM0SG9OUkR3NDhiWWhZN3BuelZmMGpzcHVyOWhxOHbSAeoBQVVfeXFMUE1sRGpxOEVGU2ljbXh5Sk9oYmVYTjRmYmxKaXoyajNkMjQzLUZLTGVTM3ZVUVJ1ak5tTUw2akw2bWxUQmdHWlR0ckx4bFZSdnpPalFBZC1YNlVHdk9pZFUxbm10UGNyczhQdmdQSVpBVTZhcWl0c1FjN0c3RjkteFlldEhSblNxRi1ubmNqcVlXWTZUZExUTWhJQnpsOFplZkVKaEhldTN0WVBmNWRkaXI4ZHdkelR4cDIyb2l2T0EzZ1ZISndBbEQ0LTF6R0VkZkVVSDZCRFAzRzF5NWdYZTZlb0lxUTNHYU1B
HDFCBANK.NS,"Fri, 17 Apr 2026 07:00:00 GMT","HDFC Bank, ICICI Bank likely to post steady Q4; focus on commentary - Livemint",Livemint,https://news.google.com/rss/articles/CBMi0wFBVV95cUxPSFZfZkc1ZVZhVGw5TjVsaG8tbnVrNHFjNGdNcjhxZWU0TTJjTUZGM0kxTDgwckkwVmlvV3Z3OUt1UzBLX0lMczgzMWpCTFhSdWFnbGhwUDR2cDZZZTcwOTNBZ2Vhbm9rc1hJbG9fNmgyX00yVG1GTWRhaW51d0dadG8xUWg2dEFtamp2WDVYc3lRYmxQWXhHWXN6VHNwaUpJMWJNWEpzOUVuNzV4bWxJWUp3Q3A1YVNiMkZndkhTaExHbUZUcGhuV0MzMlNXc21UZWU40gHYAUFVX3lxTE9tN2RINEZkVFJRME03Qnd2UHZOTWJDYUpqMk5zei1oQnp5N3loRVEzd2hpdnhrQ0VENFZDYzBwWjBnM3ZVWl92U2hfQ0pYREpLUmV2S0RiVnNhY3E3ZFFLY1YzMEFYbDNHZFk1TUFiSlJ4SG40dTJ0U09mYjJEczJJZ1VvZEY4ZElfT2xuMXg4NVdrNFpOcmNHTzhtX2swcU9ZYlpXYVZ0ckZvZjY5NlFHMFdHYzkxSDNoLVk4X1ZJRnZiX0dHakNsaUJiWTZGa20zY3JKN3BLSQ?oc=5,CBMi0wFBVV95cUxPSFZfZkc1ZVZhVGw5TjVsaG8tbnVrNHFjNGdNcjhxZWU0TTJjTUZGM0kxTDgwckkwVmlvV3Z3OUt1UzBLX0lMczgzMWpCTFhSdWFnbGhwUDR2cDZZZTcwOTNBZ2Vhbm9rc1hJbG9fNmgyX00yVG1GTWRhaW51d0dadG8xUWg2dEFtamp2WDVYc3lRYmxQWXhHWXN6VHNwaUpJMWJNWEpzOUVuNzV4bWxJWUp3Q3A1YVNiMkZndkhTaExHbUZUcGhuV0MzMlNXc21UZWU40gHYAUFVX3lxTE9tN2RINEZkVFJRME03Qnd2UHZOTWJDYUpqMk5zei1oQnp5N3loRVEzd2hpdnhrQ0VENFZDYzBwWjBnM3ZVWl92U2hfQ0pYREpLUmV2S0RiVnNhY3E3ZFFLY1YzMEFYbDNHZFk1TUFiSlJ4SG40dTJ0U09mYjJEczJJZ1VvZEY4ZElfT2xuMXg4NVdrNFpOcmNHTzhtX2swcU9ZYlpXYVZ0ckZvZjY5NlFHMFdHYzkxSDNoLVk4X1ZJRnZiX0dHakNsaUJiWTZGa20zY3JKN3BLSQ
HDFCBANK.NS,"Thu, 16 Jul 2026 07:00:00 GMT",HDFC Bank Q1 preview: PAT may rise 9% on strong loan growth; NIMs seen flat - Business Standard,Business Standard,https://news.google.com/rss/articles/CBMi1gFBVV95cUxQZWVkS3QybGlySWV5UFYwRzBpbHBXX2IyZk4zZE8zLTU4VjZLRlN3RjctWTZXMndQTFlUTVZ5U0ZUTHM1RTlVNjluZDBCMlNwT3NsMzhnYjhOckxHYXVUSjdjUEg2aUwyM1hZenhSVGotWW00cUE2Q3hiM2dXXzN6Z1ZyblpiYmZnTFNvUGFmWHBnZXJHc2FNcldnT3diMXB0OThvMXgtaHpCM2lJVHM1X0ZpTzl4b2htYldUWXh3eHUwbnNXZlA2Z3JnaF9adFphanpkWER30gHbAUFVX3lxTFBVeTEwSlFJTlg0LThjUzE3ZGY2YVdFVHB6bThmU0tvVTVySHZ5R2xwSTdqVTl3bnlYdnA2TFZ1VDZ3LUgxWmxvV3o0OHFqLTRRU1JkckF1YkZQbXVoeW9ZRU9pd0lzdFVKY1llRktKNEtNV3E4SkNnQUlnTVlZTjBfUEFTenF4NzhyN3dkdWVLaGt2amtPWFdSMl8ycDNQMHI0cEIxa0dXMl85TklWdjRpeUNTYjU0d1dRMkIxOHNhR19DMlVPT0NUS2NFOV9nV245bV93WDVELXo4NA?oc=5,CBMi1gFBVV95cUxQZWVkS3QybGlySWV5UFYwRzBpbHBXX2IyZk4zZE8zLTU4VjZLRlN3RjctWTZXMndQTFlUTVZ5U0ZUTHM1RTlVNjluZDBCMlNwT3NsMzhnYjhOckxHYXVUSjdjUEg2aUwyM1hZenhSVGotWW00cUE2Q3hiM2dXXzN6Z1ZyblpiYmZnTFNvUGFmWHBnZXJHc2FNcldnT3diMXB0OThvMXgtaHpCM2lJVHM1X0ZpTzl4b2htYldUWXh3eHUwbnNXZlA2Z3JnaF9adFphanpkWER30gHbAUFVX3lxTFBVeTEwSlFJTlg0LThjUzE3ZGY2YVdFVHB6bThmU0tvVTVySHZ5R2xwSTdqVTl3bnlYdnA2TFZ1VDZ3LUgxWmxvV3o0OHFqLTRRU1JkckF1YkZQbXVoeW9ZRU9pd0lzdFVKY1llRktKNEtNV3E4SkNnQUlnTVlZTjBfUEFTenF4NzhyN3dkdWVLaGt2amtPWFdSMl8ycDNQMHI0cEIxa0dXMl85TklWdjRpeUNTYjU0d1dRMkIxOHNhR19DMlVPT0NUS2NFOV9nV245bV93WDVELXo4NA
ICICIBANK.NS,"Mon, 03 Aug 2026 07:00:00 GMT",ICICI Bank vs Canara Bank: Full Stock Comparison - Univest,Univest,https://news.google.com/rss/articles/CBMibkFVX3lxTE1zYzN3Unp4c1FhOWFPMlZURWN5dmQzU1RzMWFILVo1VTBlV3ItclV0LTE1dE9oZmJNZ1RJWkJDa2xRenY5ZGtQUzdhVmNqZHJaXzNEa19kTVpUblRIdkE4R19qdEVFeEJlSjZiQUpR?oc=5,CBMibkFVX3lxTE1zYzN3Unp4c1FhOWFPMlZURWN5dmQzU1RzMWFILVo1VTBlV3ItclV0LTE1dE9oZmJNZ1RJWkJDa2xRenY5ZGtQUzdhVmNqZHJaXzNEa19kTVpUblRIdkE4R19qdEVFeEJlSjZiQUpR
ICICIBANK.NS,"Sat, 18 Jul 2026 07:00:00 GMT","ICICI Bank Q1 results preview: Net profit seen up 3.1% YoY to ₹13,164 crore; NIMs, asset quality may remain stable - Livemint",Livemint,https://news.google.com/rss/articles/CBMijwJBVV95cUxNcS1zQW5yS3RjZzNOZzRURmJrbDRYdHFxbS05cFFCMmpXTjR5cFphclMtUjV2SVR6ZEwwcVFqSmZzNXpKNGZwZUk2UGRPTHo3LVlzTzhSUG1BOGJZdXl4cUJWR3FDQVJSTjFzeXVJblg3VnlBSU53OWY5OVhiYklwbVRXTWtLRWRqTmtTRnhBMG5yMEw3d29SbVVYdEVoSFVOUDd0ZjNUTkZ3NWdUNkU5bTlPYTdlOVB0UTBjRTBrenZLS1lOZW8zd291bjRscXJFZWdwMlZqaXlWdmQteXNnUzNMRC0tOFY3bjJzWUc3V0lYUy1IdlNSS2JOYXlaLVlDOXJEV2U0WjlVQzlJV0U40gGUAkFVX3lxTE9xNG9yR3FZQ0JKTEhLcU1MbEZZcU90QmYxbC01aTI2STdOaVJMTmRRcWxNcTV2LTNBc3FZYUZLQkIxZlptbGUyRHo3dUpZNWdMMDE3ZVhCODFZZ3IwbS16N2NSQVc5Q2Z0dFJjZERvaFdoQ2VNTkg1bTlQT0pBOUhqM1lNRGNxREpfcExEVzBFM1FrSEF1TFVNbGQ2TUJUNlYwWUtGOTR4Sk1vN3RhYkZCa1NvV1R5Qno0U21zaWFWRzZrcVJZUFpETzhJelROYU4wUmV0VktoN2liVjJZMXRWSzE2bWpWTVRoTWFIcFQ0VWE1M0dGbExoN1JTSENPUDJja1lSQkFrdnJqbFNOZkpMeXE1TQ?oc=5,CBMijwJBVV95cUxNcS1zQW5yS3RjZzNOZzRURmJrbDRYdHFxbS05cFFCMmpXTjR5cFphclMtUjV2SVR6ZEwwcVFqSmZzNXpKNGZwZUk2UGRPTHo3LVlzTzhSUG1BOGJZdXl4cUJWR3FDQVJSTjFzeXVJblg3VnlBSU53OWY5OVhiYklwbVRXTWtLRWRqTmtTRnhBMG5yMEw3d29SbVVYdEVoSFVOUDd0ZjNUTkZ3NWdUNkU5bTlPYTdlOVB0UTBjRTBrenZLS1lOZW8zd291bjRscXJFZWdwMlZqaXlWdmQteXNnUzNMRC0tOFY3bjJzWUc3V0lYUy1IdlNSS2JOYXlaLVlDOXJEV2U0WjlVQzlJV0U40gGUAkFVX3lxTE9xNG9yR3FZQ0JKTEhLcU1MbEZZcU90QmYxbC01aTI2STdOaVJMTmRRcWxNcTV2LTNBc3FZYUZLQkIxZlptbGUyRHo3dUpZNWdMMDE3ZVhCODFZZ3IwbS16N2NSQVc5Q2Z0dFJjZERvaFdoQ2VNTkg1bTlQT0pBOUhqM1lNRGNxREpfcExEVzBFM1FrSEF1TFVNbGQ2TUJUNlYwWUtGOTR4Sk1vN3RhYkZCa1NvV1R5Qno0U21zaWFWRzZrcVJZUFpETzhJelROYU4wUmV0VktoN2liVjJZMXRWSzE2bWpWTVRoTWFIcFQ0VWE1M0dGbExoN1JTSENPUDJja1lSQkFrdnJqbFNOZkpMeXE1TQ
ICICIBANK.NS,"Thu, 16 Jul 2026 07:00:00 GMT",ICICI Bank Q1 Preview: Profit likely to be flat; NIMs may remain stable - Business Standard,Business Standard,https://news.google.com/rss/articles/CBMi3AFBVV95cUxOdHFWNzd4YkJjY3V0VjlMRVBsMENNT1hfVkhlYmNoTU1VSERtUUZDSWFmYngtTEhnVHBXeDZYZ29vMEV5YXRPLUpWY1B3ZnNOaGRiQUlJa2R6RGQ3ME5TZXpzWEdaNW9kVU9kcjhuc2N4UFk0UmxQWmZwYUF2UHQ5TFBkcW9PNVlFOUpZazFDblJ2X1h2RlNiTTlLMTBoX0xBOUZyaGtlSWF5NFVOMktDQkRJS0VWaVRLcVYwajdwTWJYTHY4ekJQckw0U0RDajdORGRSZEpfNFhhZVlX0gHiAUFVX3lxTE13VnhqNjA3T2tReEM2bEhxUnZxeXlMenR2SUkyQzR1LVZyaHg4TjVubVA2X3oyUERXWG5wQ2JzRFNnNTdsRVRkS1Nnei1pODd0eUNkV1B5eWoxSEhjUDFDZWYzX1RLenJoZTBjM1lQdUQycC1fY2lUTzNDek04OHg5NGd4eXFHZnQzbG9qcTFlV3JpSEtiSEdwNmZVYUo1elpnSE5XXzQ0VHpCemlpR2pPTVlBbEMybTZJN3lqWDdnV2poSktLYUhRazNVNldVT2JxLUNGMzZkRHZ2VzdSaVNqcnc?oc=5,CBMi3AFBVV95cUxOdHFWNzd4YkJjY3V0VjlMRVBsMENNT1hfVkhlYmNoTU1VSERtUUZDSWFmYngtTEhnVHBXeDZYZ29vMEV5YXRPLUpWY1B3ZnNOaGRiQUlJa2R6RGQ3ME5TZXpzWEdaNW9kVU9kcjhuc2N4UFk0UmxQWmZwYUF2UHQ5TFBkcW9PNVlFOUpZazFDblJ2X1h2RlNiTTlLMTBoX0xBOUZyaGtlSWF5NFVOMktDQkRJS0VWaVRLcVYwajdwTWJYTHY4ekJQckw0U0RDajdORGRSZEpfNFhhZVlX0gHiAUFVX3lxTE13VnhqNjA3T2tReEM2bEhxUnZxeXlMenR2SUkyQzR1LVZyaHg4TjVubVA2X3oyUERXWG5wQ2JzRFNnNTdsRVRkS1Nnei1pODd0eUNkV1B5eWoxSEhjUDFDZWYzX1RLenJoZTBjM1lQdUQycC1fY2lUTzNDek04OHg5NGd4eXFHZnQzbG9qcTFlV3JpSEtiSEdwNmZVYUo1elpnSE5XXzQ0VHpCemlpR2pPTVlBbEMybTZJN3lqWDdnV2poSktLYUhRazNVNldVT2JxLUNGMzZkRHZ2VzdSaVNqcnc
ICICIBANK.NS,"Tue, 25 Aug 2026 07:00:00 GMT","Top stocks in news: TCS, Suzlon, ICICI Bank, HindCopper, Sunshine, Kotak Bank, Afcons, Shankesh - Business Today",Business Today,https://news.google.com/rss/articles/CBMi6wFBVV95cUxNc0NFa0VqMEtrZWVuc0UxRGdvM1lTd0lscS05OTNHSnVKNXdQUUNsOGl3Nk96dTczdVBEVjFBVjF1dDBtOWEyOXpERl9IdVlraXYwNzNIaWZDR0xCRDZvaGNxUWxBWVdyV084WlA4X1dRaEhFaG9CaUx0UVhFaEdfRGRjeDBfZlNVaHo2TzIxcC01TUE0WDc0aWtDZER1R2lLTjZ1SlNCOE4xbVNfUl9GTmZkVFFEdkEzbXgxc2FBT0ZhZFEtSDlScmd0bG8yVWVKeWNGR25KVFJLcnptM2RMSDdkTi1iRkVLUl9N0gHwAUFVX3lxTFBTVmVXU2E3dUR1SWRWSVoxeEhvRDJWdHJkR2pyWkNSVk9aZWFJMFdBVHpsb3hVN1ZzekhyT2JhY3F6Z056UnZ5Qk4ta25pUS1hMEF4R1FNZTUwZkJXSXc1VzQtanozb0tSYnItNGQwYkk0cElPeVUydzUzSks1RlYwNnFZZThKSmJVTTFoQkdMQlUxbTdHSWVxXzVUUFRDYmlQbmRoYTZOOEpYMHlKMmE4cm03NENaUm5MZ2trbE85M0hXMlJoRHFHZ3pLSm5VTUNmX0lkUTZEbXE5ZlhQWnNDc1EtQVlSd2RmdUc1NGFDTA?oc=5,CBMi6wFBVV95cUxNc0NFa0VqMEtrZWVuc0UxRGdvM1lTd0lscS05OTNHSnVKNXdQUUNsOGl3Nk96dTczdVBEVjFBVjF1dDBtOWEyOXpERl9IdVlraXYwNzNIaWZDR0xCRDZvaGNxUWxBWVdyV084WlA4X1dRaEhFaG9CaUx0UVhFaEdfRGRjeDBfZlNVaHo2TzIxcC01TUE0WDc0aWtDZER1R2lLTjZ1SlNCOE4xbVNfUl9GTmZkVFFEdkEzbXgxc2FBT0ZhZFEtSDlScmd0bG8yVWVKeWNGR25KVFJLcnptM2RMSDdkTi1iRkVLUl9N0gHwAUFVX3lxTFBTVmVXU2E3dUR1SWRWSVoxeEhvRDJWdHJkR2pyWkNSVk9aZWFJMFdBVHpsb3hVN1ZzekhyT2JhY3F6Z056UnZ5Qk4ta25pUS1hMEF4R1FNZTUwZkJXSXc1VzQtanozb0tSYnItNGQwYkk0cElPeVUydzUzSks1RlYwNnFZZThKSmJVTTFoQkdMQlUxbTdHSWVxXzVUUFRDYmlQbmRoYTZOOEpYMHlKMmE4cm03NENaUm5MZ2trbE85M0hXMlJoRHFHZ3pLSm5VTUNmX0lkUTZEbXE5ZlhQWnNDc1EtQVlSd2RmdUc1NGFDTA
ICICIBANK.NS,"Mon, 20 Jul 2026 07:00:00 GMT","Stocks to Watch today: RIL, Vi, HDFC Bank, ICICI Bank, Axis Bank, JSW Steel - Business Standard",Business Standard,https://news.google.com/rss/articles/CBMizgFBVV95cUxNb2RtV0JmcDViUUYyc0RpLUVDSU56bWtLNFZHdG81a2lKeTlJTDJTdHY2U0VlVXc3OUxRbm9PUnQyeDlZRkxSTWRKYnFFRF9pWmJRVThuVmtSbEcwMjlFTUR5c1VIRUdYVF9rWWxiODZpdnA3X3QwMDN5TURXUFJzeXZVVmdPQUFoSVoyb3lkZ3N1eDFQSDlEbXNsRmRqNkRaTjRFdDBuS1VMRTJVN3ZhQ0xsRm1tT3ROd1dndmI3NkxMYzJqYUxVbC1TdWZDQdIB0wFBVV95cUxQakphM3Y0R1N1Z19xb0sweGQycUVQWTNLMUkzMEUzem5kNG1MSmdaOXlIdTR6UzhJZEhfNG1KelpfOGs5X3B5cDdOLTlzZ08zY3ZQdXd6NHFhUS1aWUVqd1RPZUs5akk1VVc1bTBJeEw2Um8zNTYtM0RTUzRVMlVsNFk4R2JpbWp2SUNOdHRYUERaaVdESk1aTXdMb3VLbUsyOTNHSC1nQ012VW16TlJuNDdocG1HY1YwSHdpRGRZUEpiRTlKNDZfbS0tb1ZfaHJ1dnE0?oc=5,CBMizgFBVV95cUxNb2RtV0JmcDViUUYyc0RpLUVDSU56bWtLNFZHdG81a2lKeTlJTDJTdHY2U0VlVXc3OUxRbm9PUnQyeDlZRkxSTWRKYnFFRF9pWmJRVThuVmtSbEcwMjlFTUR5c1VIRUdYVF9rWWxiODZpdnA3X3QwMDN5TURXUFJzeXZVVmdPQUFoSVoyb3lkZ3N1eDFQSDlEbXNsRmRqNkRaTjRFdDBuS1VMRTJVN3ZhQ0xsRm1tT3ROd1dndmI3NkxMYzJqYUxVbC1TdWZDQdIB0wFBVV95cUxQakphM3Y0R1N1Z19xb0sweGQycUVQWTNLMUkzMEUzem5kNG1MSmdaOXlIdTR6UzhJZEhfNG1KelpfOGs5X3B5cDdOLTlzZ08zY3ZQdXd6NHFhUS1aWUVqd1RPZUs5akk1VVc1bTBJeEw2Um8zNTYtM0RTUzRVMlVsNFk4R2JpbWp2SUNOdHRYUERaaVdESk1aTXdMb3VLbUsyOTNHSC1nQ012VW16TlJuNDdocG1HY1YwSHdpRGRZUEpiRTlKNDZfbS0tb1ZfaHJ1dnE0
ICICIBANK.NS,"Sat, 18 Apr 2026 07:00:00 GMT","No impact of West Asia war on portfolio, says ICICI Bank's Batra - Livemint",Livemint,https://news.google.com/rss/articles/CBMi4wFBVV95cUxNUEhzZEFNblJSZEdJaEZyaFdBQTVuR1lVUkF3VXppZ1pETVFGbjNwSzd0ZkNxdkhSMEV2b3h6cTNzOXRmdWNCVHI1VzNhcGVJWC1CejUyWW55QUhtZGxYblNhS2RRWFZQdUY3czNybUx2R0xOZEtLb2hNTXJSRjVORVNsMks0X1hablhIejdhd1J1STBiQnljMXN5SjVNalVRbjZPZ0tlenRMSUFZaEpfTEV0Znc5eWhHRU16bFNmcG9TdS1ncVBzR1Nub05WbjR2RVNQUUpyaWRYeFB1bmFVVTJrWdIB6AFBVV95cUxQaWR6RzBlMzN1Z0o0TGNCcnFxMXdSWVp5RVVGbDNpODRnR0hjUlYtcjgtNDh1dUt5M0xEell0X2N2MllhZnJRaG1HSUhWUGdHeFNkcVdVN0d5ZWtRRXd1T3d3MFJnX3Y3eURral9YenEwSjBwTWZGR0QwcTBYcDZOMzc5SlNMVkZzWEtrSmxqcUVRR0Y1SUx1ZlhFTEpPbS13YnRSMVRDVTlQS29wLUJkYUt2MzRfS1NoaXRQZG9OTzdnODd5VFYzWFBWd3poUVVkVGhOdTNiTTRjZ3JqR0hVdEpyRnZ2cS1G?oc=5,CBMi4wFBVV95cUxNUEhzZEFNblJSZEdJaEZyaFdBQTVuR1lVUkF3VXppZ1pETVFGbjNwSzd0ZkNxdkhSMEV2b3h6cTNzOXRmdWNCVHI1VzNhcGVJWC1CejUyWW55QUhtZGxYblNhS2RRWFZQdUY3czNybUx2R0xOZEtLb2hNTXJSRjVORVNsMks0X1hablhIejdhd1J1STBiQnljMXN5SjVNalVRbjZPZ0tlenRMSUFZaEpfTEV0Znc5eWhHRU16bFNmcG9TdS1ncVBzR1Nub05WbjR2RVNQUUpyaWRYeFB1bmFVVTJrWdIB6AFBVV95cUxQaWR6RzBlMzN1Z0o0TGNCcnFxMXdSWVp5RVVGbDNpODRnR0hjUlYtcjgtNDh1dUt5M0xEell0X2N2MllhZnJRaG1HSUhWUGdHeFNkcVdVN0d5ZWtRRXd1T3d3MFJnX3Y3eURral9YenEwSjBwTWZGR0QwcTBYcDZOMzc5SlNMVkZzWEtrSmxqcUVRR0Y1SUx1ZlhFTEpPbS13YnRSMVRDVTlQS29wLUJkYUt2MzRfS1NoaXRQZG9OTzdnODd5VFYzWFBWd3poUVVkVGhOdTNiTTRjZ3JqR0hVdEpyRnZ2cS1G
ICICIBANK.NS,"Sat, 18 Jul 2026 07:00:00 GMT","Q1 results 2026: HDFC Bank to ICICI Bank, Axis Bank among over 20 companies to declare Q1 earnings today; full list here - Livemint",Livemint,https://news.google.com/rss/articles/CBMilgJBVV95cUxPbTNuYkxOSnptMTUtaDFMbElQeWZqMmRRZWY3VkFKUTdCV0tKWEJVRXQtN1VUWHlHemxFWDRmUHBJcHQ4MlhPZUxPMklfVUpBWjdQcU1EMnFHbEQ0RXZINy1uZGpVUFpxQkNnTTMwMExBZ2tySFhXeUNjNW1CaVk1eXpyX29FczN1VmYtMHlfYS1UNWFXZ0ZQMHc2bC1DcWhFdzFub0QyQ0FVUE5jTzdLekl0REZ1ekdFWVVhamsybUhmckpUQ2NHU0tXbkp2ZlFNQTFEMzJYVEJBTXZ5dTRDSFA0R016T0htdllmRWFnTWQtcmxobmlkenpzVHVNQnFLUmxsdGF1emxiVHU4SWhpYnhjTE9fUdIBmwJBVV95cUxObFZKSFQ4bGUwQk1NLWpiamRqa3J1MlFlaUF5NFdpT0RyRU9nbVhwWlN2cW0ycDlSRUNHVmMxbUtIMldpaGxQcTM1cHlvUExndnREbHYwcW9reFNlSF9tS2hKX2V1cEdZWlFpVmlOc241OW5LZEg4U2k1T0NaRFBVbjN2SkZuVml3cjNUVlV0bEQzTVhzcEtoTDNRclFCLU5ibU5fSDJ3SE1NM0tJd19aRm9ucEF0b1g1aXhmS0FOWXVQWm8wT3FzOXpFazhobjh4bmEwRVplNFY4LTBBa01QdkdBWmNsamw2N2Izeld6SmVKTU1vaUphUl9YU2RUZUVfZE5IWDNWZkMzQ1d6V1h1bnB6YVJwTXRJVjNj?oc=5,CBMilgJBVV95cUxPbTNuYkxOSnptMTUtaDFMbElQeWZqMmRRZWY3VkFKUTdCV0tKWEJVRXQtN1VUWHlHemxFWDRmUHBJcHQ4MlhPZUxPMklfVUpBWjdQcU1EMnFHbEQ0RXZINy1uZGpVUFpxQkNnTTMwMExBZ2tySFhXeUNjNW1CaVk1eXpyX29FczN1VmYtMHlfYS1UNWFXZ0ZQMHc2bC1DcWhFdzFub0QyQ0FVUE5jTzdLekl0REZ1ekdFWVVhamsybUhmckpUQ2NHU0tXbkp2ZlFNQTFEMzJYVEJBTXZ5dTRDSFA0R016T0htdllmRWFnTWQtcmxobmlkenpzVHVNQnFLUmxsdGF1emxiVHU4SWhpYnhjTE9fUdIBmwJBVV95cUxObFZKSFQ4bGUwQk1NLWpiamRqa3J1MlFlaUF5NFdpT0RyRU9nbVhwWlN2cW0ycDlSRUNHVmMxbUtIMldpaGxQcTM1cHlvUExndnREbHYwcW9reFNlSF9tS2hKX2V1cEdZWlFpVmlOc241OW5LZEg4U2k1T0NaRFBVbjN2SkZuVml3cjNUVlV0bEQzTVhzcEtoTDNRclFCLU5ibU5fSDJ3SE1NM0tJd19aRm9ucEF0b1g1aXhmS0FOWXVQWm8wT3FzOXpFazhobjh4bmEwRVplNFY4LTBBa01QdkdBWmNsamw2N2Izeld6SmVKTU1vaUphUl9YU2RUZUVfZE5IWDNWZkMzQ1d6V1h1bnB6YVJwTXRJVjNj
ICICIBANK.NS,"Wed, 15 Jul 2026 07:00:00 GMT",ICICI Pru Life Insurance Q1 results: Profit grows 28% YoY to ₹386 crore; VNB jumps 25% - Livemint,Livemint,https://news.google.com/rss/articles/CBMi1AFBVV95cUxPUURJVDhLY0thLU9uZmt2QU5QdWF2bnVZeWFudjRGa2dWZHIwdl84T2tGVTlqMk9vbHFESFNjcXlSXy1UTDJwZEVuU3hnbm9WU0xYR1VMY3lIdVkxRlNlOFZsWXVZRnhhTzJUSFNDOVh2QmkzNWh3V2JmRVQ5THBkek9aNVJDYlNCOE02MWgyUEFyYmJLckZxekljQ3hZbWdGMVBmY3pVOHJZdU1TTmFzMDQzcWhZV19ldS0xc3R6OEFsQW5rWUNSSWR5RnB6OFUtb3NmStIB2gFBVV95cUxNUjNzZzZmRjBHdVVnWUFsMHdYYlpBNHMyRnJJQU12b3FHT3B4RjBpSm9laEtnUDlPNGEzWFlBLVJYMVNmZjlDM3p5UFZEaWRZZ3FIZVVnVnFERzd1Mm1NVlpuLXFIb1V6dEdEVVlUT0hSWDRSTWlXa1ZxejA5YzR3QzJiSk1RY3ZGX3Nld1lrMjVnaXR5a1NoNlJiV1JEMHRLUWVyV1FmanNheElpa1VZNFZqdmdhSkRmUHREeVA2cmJCTWEtQVA4LUJFclJ4UWpZTm1ocENVTGlLUQ?oc=5,CBMi1AFBVV95cUxPUURJVDhLY0thLU9uZmt2QU5QdWF2bnVZeWFudjRGa2dWZHIwdl84T2tGVTlqMk9vbHFESFNjcXlSXy1UTDJwZEVuU3hnbm9WU0xYR1VMY3lIdVkxRlNlOFZsWXVZRnhhTzJUSFNDOVh2QmkzNWh3V2JmRVQ5THBkek9aNVJDYlNCOE02MWgyUEFyYmJLckZxekljQ3hZbWdGMVBmY3pVOHJZdU1TTmFzMDQzcWhZV19ldS0xc3R6OEFsQW5rWUNSSWR5RnB6OFUtb3NmStIB2gFBVV95cUxNUjNzZzZmRjBHdVVnWUFsMHdYYlpBNHMyRnJJQU12b3FHT3B4RjBpSm9laEtnUDlPNGEzWFlBLVJYMVNmZjlDM3p5UFZEaWRZZ3FIZVVnVnFERzd1Mm1NVlpuLXFIb1V6dEdEVVlUT0hSWDRSTWlXa1ZxejA5YzR3QzJiSk1RY3ZGX3Nld1lrMjVnaXR5a1NoNlJiV1JEMHRLUWVyV1FmanNheElpa1VZNFZqdmdhSkRmUHREeVA2cmJCTWEtQVA4LUJFclJ4UWpZTm1ocENVTGlLUQ
INFY.NS,"Thu, 23 Jul 2026 07:00:00 GMT","Infosys Q1 Results FY2027: Revenue Rises 14% YoY to ₹48,211 Crore, PAT Grows 12%; AI Business Contributes 8.2% - India Infoline",India Infoline,https://news.google.com/rss/articles/CBMi3wFBVV95cUxOekVJdEVEZ3MzcUdwM3R1WUMzTjBMWm9GMFFqaFdDd0lxSVVWU01JamRfNUdxb2pFRnBJS3dsNjNkYVBKTVVZS2FrX25IRWtZX3Vna1FoYWJoLWdDaWo3azZocFZadE1IODBKOFJRN1pBTWdxWnVVTGM2ek01NkNGaGxHTng4bzZNUzlOR2hqV0FLdVlpQ2xrQko1STNmS0psSGxueDJIbmZJMnptZG1rYy1vWHJDTG55bV9uNUNEcjllZ3dPTzVZNUs0WHhtRW1ZOFIxOTJCdjJESkxqcmZN?oc=5,CBMi3wFBVV95cUxOekVJdEVEZ3MzcUdwM3R1WUMzTjBMWm9GMFFqaFdDd0lxSVVWU01JamRfNUdxb2pFRnBJS3dsNjNkYVBKTVVZS2FrX25IRWtZX3Vna1FoYWJoLWdDaWo3azZocFZadE1IODBKOFJRN1pBTWdxWnVVTGM2ek01NkNGaGxHTng4bzZNUzlOR2hqV0FLdVlpQ2xrQko1STNmS0psSGxueDJIbmZJMnptZG1rYy1vWHJDTG55bV9uNUNEcjllZ3dPTzVZNUs0WHhtRW1ZOFIxOTJCdjJESkxqcmZN
INFY.NS,"Wed, 22 Jul 2026 07:00:00 GMT","Infosys Q1 results 2026 Date and Time: All eyes on FY27 guidance, deal pipeline, margins and AI commentary - Moneycontrol.com",Moneycontrol.com,https://news.google.com/rss/articles/CBMi_gFBVV95cUxONmNoTldKNWViNTBJNnhKWGdtME13STFMMGtacmhXdkhmTEVHclJraGxULVVYZW9RMVpnNjFxNV9ubUw2VW9GRUo1MkZvU0xlT3l6ekluWl8yRm4tNHVxTFJ0dmZQbHU2WlJjdzl5SExNQjhZUV9DQ3VyQlVOZG9yWFBDbXVwUks5bDNmdS1MdUwyS1AxNTBHWUZQUXhsS1JIVm1SWndTRmV6czJsRVBZUFJXUGxrR2k0U3lGbXdBZVFFVkYxTkV2Ui1UUWFxeFBxN0FiVmh2Und6OXdpNHhZdERpc29mX1Qta2tXbk9pVVFKdmt1dVNuVk4tUTZIQdIBgwJBVV95cUxPa3ltTzJVSlJoTjlIZmEwRWdLZF95RWNhVk14MEJzTDZLdGJvczl0R01HUGl0S1BjTEs3TEcyc0QzMmhvX1g2NURNbWlBWGtSMlk1c3IwRXJDWDN3NjNweDV4al9NUVV2UWVTN3lUQ3JXUjY5dktWN1pWNnl4XzJzbHlvbXZMT0kxSHgtVVhONzBxejhfMDBRdUNKTDZBelYwOUdnLXJHemNIZlhhVzA2WnRsbF9YcVNRVmxqVXNIbUU5MlVXT2diRmFUMFNZb1hOM2tyTnZKRFhwU3FDOWxoZkZYTVVkV0R2bUlWNVR0SVE1SWR0RUdHQktmQ0EzTWFhcUd3?oc=5,CBMi_gFBVV95cUxONmNoTldKNWViNTBJNnhKWGdtME13STFMMGtacmhXdkhmTEVHclJraGxULVVYZW9RMVpnNjFxNV9ubUw2VW9GRUo1MkZvU0xlT3l6ekluWl8yRm4tNHVxTFJ0dmZQbHU2WlJjdzl5SExNQjhZUV9DQ3VyQlVOZG9yWFBDbXVwUks5bDNmdS1MdUwyS1AxNTBHWUZQUXhsS1JIVm1SWndTRmV6czJsRVBZUFJXUGxrR2k0U3lGbXdBZVFFVkYxTkV2Ui1UUWFxeFBxN0FiVmh2Und6OXdpNHhZdERpc29mX1Qta2tXbk9pVVFKdmt1dVNuVk4tUTZIQdIBgwJBVV95cUxPa3ltTzJVSlJoTjlIZmEwRWdLZF95RWNhVk14MEJzTDZLdGJvczl0R01HUGl0S1BjTEs3TEcyc0QzMmhvX1g2NURNbWlBWGtSMlk1c3IwRXJDWDN3NjNweDV4al9NUVV2UWVTN3lUQ3JXUjY5dktWN1pWNnl4XzJzbHlvbXZMT0kxSHgtVVhONzBxejhfMDBRdUNKTDZBelYwOUdnLXJHemNIZlhhVzA2WnRsbF9YcVNRVmxqVXNIbUU5MlVXT2diRmFUMFNZb1hOM2tyTnZKRFhwU3FDOWxoZkZYTVVkV0R2bUlWNVR0SVE1SWR0RUdHQktmQ0EzTWFhcUd3
INFY.NS,"Thu, 23 Jul 2026 07:00:00 GMT","Infosys Q1 results: Net profit rises 12.2% to ₹7,769 cr, revenue up 14% - Business Standard",Business Standard,https://news.google.com/rss/articles/CBMi4gFBVV95cUxPNl94aU55azA3RHZaX0F4aEplV3ptSTZYRlZkdTJNa0ZWdFBoLVBUbGpaTDJtNFdjLXBZMjJPdWxzQm0wdVNKbGZKaXdDZGQzS1dQVUhLM3U2OHpzWDJEb0w0bzFqTURkRndhejVzeUJVN05tc3ZKVmZ3VWY5WTlOSnR3S2Vaamw4RG16Qm9HVnRvanJXUnRNaXlqQm5Nd2lpS293SEdkNnZldnpScEN1OVNVaFQ5Tkg3aEhFb3hrMFpfbXMtQUJ6MlBPYzI0U2lxNFVBenZaRzVRQnlUTkZqT09R0gHnAUFVX3lxTE1RVGwwSXpsRmJKbzBLT0xzLUt5dlk2MUlLMTRzVHlnZEt3MG1leGozZ1VyVENUMUtKQWxscldVVFFlNkxFenhBV25kbFE5MmZ2T2tYWTZXR0Jqa2Z5NUNJY2hrWWFJc29IWEZycFc1SGc4V05MN1VMWTFzSHZNQUpicXlNU0dUeFBmbWZkX1hmMjB1Nl9QX1lVeWNzRG5pclRfTGhuUlZWaVRUbG9YMFZkZjVqY3FNYlJ5UWNENkVaVXV2Y0dGcjd6Y3l2MnVFQ0liTFJVajlYZ1lxRlBMcFhMWmRTckszYw?oc=5,CBMi4gFBVV95cUxPNl94aU55azA3RHZaX0F4aEplV3ptSTZYRlZkdTJNa0ZWdFBoLVBUbGpaTDJtNFdjLXBZMjJPdWxzQm0wdVNKbGZKaXdDZGQzS1dQVUhLM3U2OHpzWDJEb0w0bzFqTURkRndhejVzeUJVN05tc3ZKVmZ3VWY5WTlOSnR3S2Vaamw4RG16Qm9HVnRvanJXUnRNaXlqQm5Nd2lpS293SEdkNnZldnpScEN1OVNVaFQ5Tkg3aEhFb3hrMFpfbXMtQUJ6MlBPYzI0U2lxNFVBenZaRzVRQnlUTkZqT09R0gHnAUFVX3lxTE1RVGwwSXpsRmJKbzBLT0xzLUt5dlk2MUlLMTRzVHlnZEt3MG1leGozZ1VyVENUMUtKQWxscldVVFFlNkxFenhBV25kbFE5MmZ2T2tYWTZXR0Jqa2Z5NUNJY2hrWWFJc29IWEZycFc1SGc4V05MN1VMWTFzSHZNQUpicXlNU0dUeFBmbWZkX1hmMjB1Nl9QX1lVeWNzRG5pclRfTGhuUlZWaVRUbG9YMFZkZjVqY3FNYlJ5UWNENkVaVXV2Y0dGcjd6Y3l2MnVFQ0liTFJVajlYZ1lxRlBMcFhMWmRTckszYw
INFY.NS,"Sun, 19 Jul 2026 07:00:00 GMT",Q1 results 2026: Infosys to Eternal among companies to declare Q1 results next week; check full list here - Livemint,Livemint,https://news.google.com/rss/articles/CBMigwJBVV95cUxOUDd2dDRfS1d4TUdBc1RfN1VkSGxIZHZZejZIcTJMSWtGUGZwWE10eXcxdC1kUWFjUldvV0NBX2xVTzY4Y0VVc05uMzY0cTdmWERrRkdyMEkzR2pGNU9ZOFRsbDVvWU9nLUJpZHh0TTY0VmVYNjlVc2lhdG12T1B6a2p5eFpuVmdZaU8waXFDaDU3cFF0cFB3SW9EdmFWYlBYYkdvRWpzbXdRNi1mMDc1dVpFbzdpT29lNmttcWotOUhaWUJUaEwwTUZ2Zks3VHVfUGNSbkQ4SEFUelNhcks1THBfNER1bDYxQk50azhnN2NhUG9OTzBmeFduWFJCYURTa19F0gGIAkFVX3lxTE5pNDVqMjJITGpJcl9MX1ROZ0V4bmZKeUEwXzJ6bHBtVVJ6Uk9wZjNzZTl5X0xYRlllUnRTM1ZKMjEwZWFPYW8zNi04UEtWdVpPam1RdzNyaFpCNl9CRlg1cTVJd0lwWndFY2RreDhQcFNOSkZpV1ZQT08tdzQwako2SU15YXF6V0RFS1VzWFUxQkVDWXhMWlpIV3VXUzVwRmxlY1k2TkoxSEpRcEI3WFdPQXNEN3JlT2R0UGd2eWIwQ0xOR3NXWXhKMkN1clJ6NFpaRWFKbk05RlJqTDQyVzhTbE44bmMxa0RTS0ZDc0pRbnM4MDU1MkY0dk9sYk1HdlJobzIybjA2ag?oc=5,CBMigwJBVV95cUxOUDd2dDRfS1d4TUdBc1RfN1VkSGxIZHZZejZIcTJMSWtGUGZwWE10eXcxdC1kUWFjUldvV0NBX2xVTzY4Y0VVc05uMzY0cTdmWERrRkdyMEkzR2pGNU9ZOFRsbDVvWU9nLUJpZHh0TTY0VmVYNjlVc2lhdG12T1B6a2p5eFpuVmdZaU8waXFDaDU3cFF0cFB3SW9EdmFWYlBYYkdvRWpzbXdRNi1mMDc1dVpFbzdpT29lNmttcWotOUhaWUJUaEwwTUZ2Zks3VHVfUGNSbkQ4SEFUelNhcks1THBfNER1bDYxQk50azhnN2NhUG9OTzBmeFduWFJCYURTa19F0gGIAkFVX3lxTE5pNDVqMjJITGpJcl9MX1ROZ0V4bmZKeUEwXzJ6bHBtVVJ6Uk9wZjNzZTl5X0xYRlllUnRTM1ZKMjEwZWFPYW8zNi04UEtWdVpPam1RdzNyaFpCNl9CRlg1cTVJd0lwWndFY2RreDhQcFNOSkZpV1ZQT08tdzQwako2SU15YXF6V0RFS1VzWFUxQkVDWXhMWlpIV3VXUzVwRmxlY1k2TkoxSEpRcEI3WFdPQXNEN3JlT2R0UGd2eWIwQ0xOR3NXWXhKMkN1clJ6NFpaRWFKbk05RlJqTDQyVzhTbE44bmMxa0RTS0ZDc0pRbnM4MDU1MkY0dk9sYk1HdlJobzIybjA2ag
INFY.NS,"Thu, 23 Apr 2026 07:00:00 GMT","Infosys Q4 FY26 results: Net profit up 21% to Rs 8,501 crore; check details - The Times of India",The Times of India,https://news.google.com/rss/articles/CBMi7gFBVV95cUxPT1RDeUdnUzBsbjN4dDhLaVk4Y2F4MGJtbExKaVJVQ01FZERqcHZXYWc5elZ4cEVLczZuc2dveFFSX0Y5YmZZVUdqUGxyWndia0lndi1ndDBNQ2ZiZzNXQlFXUzdwUFNDZi15VVV1cUFfU3FneDlMaXZBN2lWRHlpRDdsaWhnRFlHc1pKbXFGYi1LWXE3eDFGQTh1YS1mTmxrVTZfaUxtQWxSLURHM1FKZGFaSlpwdmdhVExVbExsaWY1dDZYMVRrNUdUUW5hWDNKYWVjWGMyTjE2MzI4QWZ4SDFKQTFackVheVBKVzd30gHzAUFVX3lxTE0tQ3p3N2lJVEtibVhUN29rb1c0b19WdTRFaTdGeGh3bFZOejFYS011WndNb2R0dFZIS0QzbjhVZnRjakpKb1ZkMmVGSG5LcnFaeFR0eC1HQTIwNUMxNkw4QldxUHZCSXhmVm02VG5WbGpFZmwyVFE4T1prcXp3X0lLbi1hOHplVjdNSi1faExnbk1vVTJEdnBDNVpTSnhZRS1JcEdSSDlmRzlfci11M0lncE8zY2tBUlhHcnBjdG8yRV8xQlRCRHVUcC1RQVdfTGJ1NnFkemtCSW1zaW9Pc3lESDZ3THNPcWh4MjRQNFpTbE92aw?oc=5,CBMi7gFBVV95cUxPT1RDeUdnUzBsbjN4dDhLaVk4Y2F4MGJtbExKaVJVQ01FZERqcHZXYWc5elZ4cEVLczZuc2dveFFSX0Y5YmZZVUdqUGxyWndia0lndi1ndDBNQ2ZiZzNXQlFXUzdwUFNDZi15VVV1cUFfU3FneDlMaXZBN2lWRHlpRDdsaWhnRFlHc1pKbXFGYi1LWXE3eDFGQTh1YS1mTmxrVTZfaUxtQWxSLURHM1FKZGFaSlpwdmdhVExVbExsaWY1dDZYMVRrNUdUUW5hWDNKYWVjWGMyTjE2MzI4QWZ4SDFKQTFackVheVBKVzd30gHzAUFVX3lxTE0tQ3p3N2lJVEtibVhUN29rb1c0b19WdTRFaTdGeGh3bFZOejFYS011WndNb2R0dFZIS0QzbjhVZnRjakpKb1ZkMmVGSG5LcnFaeFR0eC1HQTIwNUMxNkw4QldxUHZCSXhmVm02VG5WbGpFZmwyVFE4T1prcXp3X0lLbi1hOHplVjdNSi1faExnbk1vVTJEdnBDNVpTSnhZRS1JcEdSSDlmRzlfci11M0lncE8zY2tBUlhHcnBjdG8yRV8xQlRCRHVUcC1RQVdfTGJ1NnFkemtCSW1zaW9Pc3lESDZ3THNPcWh4MjRQNFpTbE92aw
INFY.NS,"Thu, 23 Jul 2026 07:00:00 GMT","Infosys Q1 results today: Timing, earnings expectations, key things to watch - Business Today",Business Today,https://news.google.com/rss/articles/CBMi2AFBVV95cUxQdERSYk1kSVQxTWhDbXI0bjl4ZlRJUzFEQi0wa3p0U0NLNUphSHA2OTlaYkVxQVhyQWM4c0hMcDlGcWd6cXhaOGJVdEFNd2d0QkFrenNiMFQ0RFhGX3VXTkVuUkVRSzBrM1Z0dzN0MFo3N3FJVEoyYnY2MTVKRzQycy00WEFhbXNjUV81WEJMdmhYUzBHdlduVldZaW5jb0VqeDVJRC1NMnpkZ0lsZmRTdkFiVGlDMHBfZmJiaURwdnRJc0k3MENNdUpMUFNXdU85bFM0MGhEcFHSAd4BQVVfeXFMTnRNVEZnNW1QOEZmNFEzcTFoaEx0NXBPZGRaMkVCVk9FR1hLWVVVNWROMHdoaktmYkZhblhLYXk5VWNkZ1BBTnNZam55MlFoMVRiNzVpQzg2RTQxR3JUaE8tUWJCUXV0V1lZXzNFY3FialhwOXVsMFI3dFhDXzVFa0JIVlVGOXRRejFOTllVRmtnemdoallhUjlUSmQzODAzVlV3TW53TjdSeHUzc3FUTjZDMzY4RkJLZnE4QjRjaEFJUUZhdnlhUmxzbEN3aUtYSFNmaEJPUi1wUGx2XzZn?oc=5,CBMi2AFBVV95cUxQdERSYk1kSVQxTWhDbXI0bjl4ZlRJUzFEQi0wa3p0U0NLNUphSHA2OTlaYkVxQVhyQWM4c0hMcDlGcWd6cXhaOGJVdEFNd2d0QkFrenNiMFQ0RFhGX3VXTkVuUkVRSzBrM1Z0dzN0MFo3N3FJVEoyYnY2MTVKRzQycy00WEFhbXNjUV81WEJMdmhYUzBHdlduVldZaW5jb0VqeDVJRC1NMnpkZ0lsZmRTdkFiVGlDMHBfZmJiaURwdnRJc0k3MENNdUpMUFNXdU85bFM0MGhEcFHSAd4BQVVfeXFMTnRNVEZnNW1QOEZmNFEzcTFoaEx0NXBPZGRaMkVCVk9FR1hLWVVVNWROMHdoaktmYkZhblhLYXk5VWNkZ1BBTnNZam55MlFoMVRiNzVpQzg2RTQxR3JUaE8tUWJCUXV0V1lZXzNFY3FialhwOXVsMFI3dFhDXzVFa0JIVlVGOXRRejFOTllVRmtnemdoallhUjlUSmQzODAzVlV3TW53TjdSeHUzc3FUTjZDMzY4RkJLZnE4QjRjaEFJUUZhdnlhUmxzbEN3aUtYSFNmaEJPUi1wUGx2XzZn
INFY.NS,"Thu, 23 Jul 2026 07:00:00 GMT","Q1 results: Infosys, Cipla, Indigo Airlines, IEX among 63 firms on July 23 - Business Standard",Business Standard,https://news.google.com/rss/articles/CBMi5wFBVV95cUxPbmt6c2Z2TU5GMmtLdGh0TFF1NHljN3hWRG5TaU9zU0Y5cWppMl90RWxZMnlkM1QtVjMzSXQtZXNtTDZCeFBLNUxtbTN2MndWSHpjdlExRDZyN0ptQzRhUm40Y25KU2Z5a1YtWFh3RVozb0VDMHpyMnRhemQtUWwyeDl6WXhIalBhaUNRMjR1SjFaY21vVUFlaUxkd3R2ZWZnR0ZGUjJwaVRxVDhmZzk3Ym8wSnFCRXN0S24ydUtPR05BdWpIWHQyZG1QNlA3V0RwQjNuQWtodHg4V0FteFRGRWJMTi1DSXfSAewBQVVfeXFMUE9fNDRtdWRCRWdYOU0wTkVlTUJrNlU2R1JZcFVRTXlMY3lZWE9ROWV5U2MtTzd5S25KYzRvY05YRWQweExGNHJ3QjAwd0NiN1FkV0RMWHBscU1LZFFSelNMWTNqVklRQXF3ZEtPQl9keVJRY29xeTVER3daQS1mWDNYeE9HZUxIbWxFb3d6TzJJc21KbXh1aF9lOWFYZ3FHOThob3lVdkdTZ1BMZUp3ZFVNVGlyaERKQ1dnMmYydDJxY0ZRLUFiQW1Jd0NlQ2EzcnBhVEFBZ0hWV1VRRzNUX3RjOHNYNUFRbm5FaDY?oc=5,CBMi5wFBVV95cUxPbmt6c2Z2TU5GMmtLdGh0TFF1NHljN3hWRG5TaU9zU0Y5cWppMl90RWxZMnlkM1QtVjMzSXQtZXNtTDZCeFBLNUxtbTN2MndWSHpjdlExRDZyN0ptQzRhUm40Y25KU2Z5a1YtWFh3RVozb0VDMHpyMnRhemQtUWwyeDl6WXhIalBhaUNRMjR1SjFaY21vVUFlaUxkd3R2ZWZnR0ZGUjJwaVRxVDhmZzk3Ym8wSnFCRXN0S24ydUtPR05BdWpIWHQyZG1QNlA3V0RwQjNuQWtodHg4V0FteFRGRWJMTi1DSXfSAewBQVVfeXFMUE9fNDRtdWRCRWdYOU0wTkVlTUJrNlU2R1JZcFVRTXlMY3lZWE9ROWV5U2MtTzd5S25KYzRvY05YRWQweExGNHJ3QjAwd0NiN1FkV0RMWHBscU1LZFFSelNMWTNqVklRQXF3ZEtPQl9keVJRY29xeTVER3daQS1mWDNYeE9HZUxIbWxFb3d6TzJJc21KbXh1aF9lOWFYZ3FHOThob3lVdkdTZ1BMZUp3ZFVNVGlyaERKQ1dnMmYydDJxY0ZRLUFiQW1Jd0NlQ2EzcnBhVEFBZ0hWV1VRRzNUX3RjOHNYNUFRbm5FaDY
INFY.NS,"Tue, 28 Apr 2026 07:00:00 GMT",Infosys slips out of top 10 valued companies in country - The Times of India,The Times of India,https://news.google.com/rss/articles/CBMi3gFBVV95cUxOU3dUaElmZWtkSjUxRmYzSS13aG9fYkRSMlZ1eUpkeHVlOHJFd1pLQUUwTmUtTzBENndIdHR4eVVpQ2lQNDdiUmt0NTBWWm9fTjE4TkVQdjl3N0M4UzlSdzFjcFlTeGlrWjlSZnJOY3FUMmlJVlRKZ3U0b2hOQmk2U3pORmFBTGJLLU9Gc2FnMFQ1MXRfTWNmbzU2elo2bFNka1VudkJ1d3U2TThEaHhHOWxjeWRsemlhQ1hrbDQ2NDhUcng5OHl5N3RTTG5lMVU5amNsNlg3TkNtbkt4WmfSAeMBQVVfeXFMTkFJNkhkY2hYZHpIVlUyWXVVMGlta3RRMGl0VGxLeG1LUFNUc3BFUmRCb1I4V0RvM0xnbFdNTUI0eTVYMkxYRlFDTWw4M3drY3JaNW1wb0RuSUFFa3hqZlNXTnBjNDZnR3d3d0kzU04xOHVBZVBrZFlxUjJyYWhCS0pNY01URTZBVVQza1ZSZDlqWTBWT3pydUhwcDJXWmZKLU5fTE90bEp2Z1A2V244ekNQbFBKdTFkZUo2VlRaVkQ5WkNFN2dQMWRFNS1XUXc1MnZGdjRYdG5XWDN5MmsxYklmYjg?oc=5,CBMi3gFBVV95cUxOU3dUaElmZWtkSjUxRmYzSS13aG9fYkRSMlZ1eUpkeHVlOHJFd1pLQUUwTmUtTzBENndIdHR4eVVpQ2lQNDdiUmt0NTBWWm9fTjE4TkVQdjl3N0M4UzlSdzFjcFlTeGlrWjlSZnJOY3FUMmlJVlRKZ3U0b2hOQmk2U3pORmFBTGJLLU9Gc2FnMFQ1MXRfTWNmbzU2elo2bFNka1VudkJ1d3U2TThEaHhHOWxjeWRsemlhQ1hrbDQ2NDhUcng5OHl5N3RTTG5lMVU5amNsNlg3TkNtbkt4WmfSAeMBQVVfeXFMTkFJNkhkY2hYZHpIVlUyWXVVMGlta3RRMGl0VGxLeG1LUFNUc3BFUmRCb1I4V0RvM0xnbFdNTUI0eTVYMkxYRlFDTWw4M3drY3JaNW1wb0RuSUFFa3hqZlNXTnBjNDZnR3d3d0kzU04xOHVBZVBrZFlxUjJyYWhCS0pNY01URTZBVVQza1ZSZDlqWTBWT3pydUhwcDJXWmZKLU5fTE90bEp2Z1A2V244ekNQbFBKdTFkZUo2VlRaVkQ5WkNFN2dQMWRFNS1XUXc1MnZGdjRYdG5XWDN5MmsxYklmYjg
INFY.NS,"Wed, 29 Jul 2026 07:00:00 GMT","Cognizant outpaces TCS, Infosys; stock takes off despite demand gloom - Livemint",Livemint,https://news.google.com/rss/articles/CBMivwFBVV95cUxQb2N5Vzl5TEJIcDdkcmhQUUpjNUgzMFRvWjY1WnQ2TkQ0ZjFoZW9QMXBrcTRHTTVVbG9fOHdPZDE4Z1FvRzV5QjBab0UxcS0xTDFjdFV6aGxicVQzRWhHd19WeWFxQTdQLTVfV3JpZERKRHhDc3lVcnpETGdfLVlxOVlnMkdlQUZNZ1hlYWFQVTRTcExNdnM3ME9VNGI2V2MtT3JMSjFNb1hBOXB1aFc4VlAwZ09WOU55YU5JaVhUNNIBxAFBVV95cUxOSE1FY2VOUGdMWEUyZm92QlNpaHB3a2h1WndDampENU9RTmNBUllzU0hVWWo4SVlOMEJPZG1BWk0yZ0pwMVJRYTlCOUNEMjhYa25Fcld1aUx1RTBsSktrelRkMkZOdVNweXFNcFY5LTJTOTNVVEtfLVJ1NTYxNTRfMHkxTXByR2N1R2lvOTBKWVB6V0hhN2NYWVN4UTNwSnk4eElYMDMtdGNLU0ViM3JqSkhjWHRWTmM2dGxBMmxrWWhFcmhK?oc=5,CBMivwFBVV95cUxQb2N5Vzl5TEJIcDdkcmhQUUpjNUgzMFRvWjY1WnQ2TkQ0ZjFoZW9QMXBrcTRHTTVVbG9fOHdPZDE4Z1FvRzV5QjBab0UxcS0xTDFjdFV6aGxicVQzRWhHd19WeWFxQTdQLTVfV3JpZERKRHhDc3lVcnpETGdfLVlxOVlnMkdlQUZNZ1hlYWFQVTRTcExNdnM3ME9VNGI2V2MtT3JMSjFNb1hBOXB1aFc4VlAwZ09WOU55YU5JaVhUNNIBxAFBVV95cUxOSE1FY2VOUGdMWEUyZm92QlNpaHB3a2h1WndDampENU9RTmNBUllzU0hVWWo4SVlOMEJPZG1BWk0yZ0pwMVJRYTlCOUNEMjhYa25Fcld1aUx1RTBsSktrelRkMkZOdVNweXFNcFY5LTJTOTNVVEtfLVJ1NTYxNTRfMHkxTXByR2N1R2lvOTBKWVB6V0hhN2NYWVN4UTNwSnk4eElYMDMtdGNLU0ViM3JqSkhjWHRWTmM2dGxBMmxrWWhFcmhK
INFY.NS,"Sun, 12 Apr 2026 07:00:00 GMT","Infosys Q4 results 2026 date and time: Check quarterly earnings announcement schedule | Preview, expectations - Business Today",Business Today,https://news.google.com/rss/articles/CBMi1AFBVV95cUxNVkRqejR3QVZ6MGUtWURNQ0JiYlFfSDR4TGloQWF0MHZzTm03RmFBc2tFdENISWkxMG5ZMXNKUXlwbEliLUxkQVRpck1XeTNScVFJSi1ZWjFJR0ZUNERJQ0NIeXFVTENMQ3NZLWNkTmtjM0ZRSUpKLVU4MEkwMFQ1Z010b0dGNkpZbkc1OWFWZGtFS3VfS2RPTUhKeEkxM2NxcVFpMGQwM1RuNGM1RmoyQUFHT2RDTklrVmNfTjZZZWtaQmZlQ1Z1aDREMmh5RmJPV3dketIB2gFBVV95cUxOdVN5bTFYQ1c1U0MtVlJjaF9fV0trVmFMODkzaTdObjlHUHdILS10Yzl3UEpXcTNqV2htNnFHYU5DdDhncVYtU25RWU9aQ0dVYWo4MmVDN09jbFB4MWp4eTZOVzh5eURMTzBLdHFEczN6Q1l6VUdfeUtRZk11OTNha0hfUHVDVldDSEt3NVdEd3hoWHJGSUY4dmNhcVpqRmFYWkNUbVlVRVpTd0t6SjlMSURFLXVwd1ZwODZnN2xHNmNVQVYwdXN0UDdWbS1ON1h2bVpkZmgwZjBDdw?oc=5,CBMi1AFBVV95cUxNVkRqejR3QVZ6MGUtWURNQ0JiYlFfSDR4TGloQWF0MHZzTm03RmFBc2tFdENISWkxMG5ZMXNKUXlwbEliLUxkQVRpck1XeTNScVFJSi1ZWjFJR0ZUNERJQ0NIeXFVTENMQ3NZLWNkTmtjM0ZRSUpKLVU4MEkwMFQ1Z010b0dGNkpZbkc1OWFWZGtFS3VfS2RPTUhKeEkxM2NxcVFpMGQwM1RuNGM1RmoyQUFHT2RDTklrVmNfTjZZZWtaQmZlQ1Z1aDREMmh5RmJPV3dketIB2gFBVV95cUxOdVN5bTFYQ1c1U0MtVlJjaF9fV0trVmFMODkzaTdObjlHUHdILS10Yzl3UEpXcTNqV2htNnFHYU5DdDhncVYtU25RWU9aQ0dVYWo4MmVDN09jbFB4MWp4eTZOVzh5eURMTzBLdHFEczN6Q1l6VUdfeUtRZk11OTNha0hfUHVDVldDSEt3NVdEd3hoWHJGSUY4dmNhcVpqRmFYWkNUbVlVRVpTd0t6SjlMSURFLXVwd1ZwODZnN2xHNmNVQVYwdXN0UDdWbS1ON1h2bVpkZmgwZjBDdw
INFY.NS,"Thu, 23 Apr 2026 07:00:00 GMT",Infosys profit grew 21% in Q4; pegs revenue growth for FY27 at 1.5-3.5% - Business Standard,Business Standard,https://news.google.com/rss/articles/CBMi5AFBVV95cUxOd2F2Z1JRWlVKdlhabWVZdjlOSTRwN2hoM3JYZ1FTc0w3Vnh1U0RVb1VwdUd4SF9uTlNhT255bTFwdlBJX3I3VXRubzFreVNPM3VWVE1JZ1RMbXJrRk1NQTBiNVBQajBhLTBLM19qSXIzN2x3ZmwxdjQ4NE5TTGo5YzNXQkpOVkRfS2w2NDZQOG1ORExncWtvZE9KV2xLaENiQjJrc0pkZEVHcHpIbWR6Tlc3SFphNnE3QnJvbThNMjE5WE9wRmotcFlTdkNOQ054REpwTnRoeThRZ0VTRW42Z2dWOHHSAeoBQVVfeXFMTjdkZzVLamVIanp3bWo2aGNodEVBQWJ2a3dMSWk1UV9OMnlxUHFjZFVYU19BcFpXVTlKdkRtMFkxVnhhLVRleUVfU3Q1Q0I2UTFjSDlfTlh3dlJGZV9GcmVqc0NaaEpsQk0xQlNJMzB3ajMxVUdqLVVaam5HSEwxZ2tyNFFGWTRVSFpJd1pQQ2g5VmhVY1lWbFBfTHFnVHlEeHJVaHNjQ2tlYjZJQ2l6ZjZFdmhsY2ZLLTJrUkhXM0xzcHVWTGFHLUtqT2I4SnczeV9OeVJJY0QwRmVRS0hKR0lRNWthU011NVNn?oc=5,CBMi5AFBVV95cUxOd2F2Z1JRWlVKdlhabWVZdjlOSTRwN2hoM3JYZ1FTc0w3Vnh1U0RVb1VwdUd4SF9uTlNhT255bTFwdlBJX3I3VXRubzFreVNPM3VWVE1JZ1RMbXJrRk1NQTBiNVBQajBhLTBLM19qSXIzN2x3ZmwxdjQ4NE5TTGo5YzNXQkpOVkRfS2w2NDZQOG1ORExncWtvZE9KV2xLaENiQjJrc0pkZEVHcHpIbWR6Tlc3SFphNnE3QnJvbThNMjE5WE9wRmotcFlTdkNOQ054REpwTnRoeThRZ0VTRW42Z2dWOHHSAeoBQVVfeXFMTjdkZzVLamVIanp3bWo2aGNodEVBQWJ2a3dMSWk1UV9OMnlxUHFjZFVYU19BcFpXVTlKdkRtMFkxVnhhLVRleUVfU3Q1Q0I2UTFjSDlfTlh3dlJGZV9GcmVqc0NaaEpsQk0xQlNJMzB3ajMxVUdqLVVaam5HSEwxZ2tyNFFGWTRVSFpJd1pQQ2g5VmhVY1lWbFBfTHFnVHlEeHJVaHNjQ2tlYjZJQ2l6ZjZFdmhsY2ZLLTJrUkhXM0xzcHVWTGFHLUtqT2I4SnczeV9OeVJJY0QwRmVRS0hKR0lRNWthU011NVNn
INFY.NS,"Thu, 23 Apr 2026 07:00:00 GMT",Infosys Q4 Results Date and Time: India’s second largest IT company to report March earnings today;... - Moneycontrol.com,Moneycontrol.com,https://news.google.com/rss/articles/CBMilgJBVV95cUxPV1pDS2QtQTBORUZfV0ZydXNpSU5TbkI2RDYzdUV5OXdfUkhTTzdXZUpvWXFZWnpkRUh2SzVCT2VSb3RPR3RIaUZYM3l5WHViTWlpUGZjaW9lQlFLcHRMbS1PdlNUU2lnMVVaM3habndLbHNRU21NbnNSSVkzcTVGdFZGYk1XcHRpWk1MVmlnWUJWdWxoc0hOR0dBd3VWU1NSOS1JbzNEbE1sY1hWZUUzUzRKcmhzMDdCaVVvb09xRUpqMHlXVGl2a2g3eWlDQVlRN0dhaXhubXI5ZERWZ0RfWjNBSVg1akMyb0Fad3YtSEJzTzA0dVZWVU1QZExwNDQ5MnVRcmZaWEhORTJPanpwRDQ3b3Nad9IBmwJBVV95cUxNSWpOV1RaTjF0Sjl4bjgxWVZDSE1WbVNubU5QSUN5SjFnZno3dXdmbV9wMWxRMmlWV0ZsdWlIQWF6WmRoVkJCTWNfMmtmVDY4ZFA4dFQzUFJqMkZhRFR0cEZnQ084aDlISUxtTjZjWXpkZERCaTAxRkRNLS1VcHdlclJSMm92ZmVRYXd5SS15bktXYi1XVEtVNGt5Rld6SHEzbjBSV3NXdk5BMnNaT0NqZlA5QVFwZ3JEODF4ZEtySVUtQWxrNVRJWEFtWHpRcV84cm13ai1weldSYm93b1RsNndobk9sNkQ4UUhoc1dSWlkxNHMxX1NVLWZ0YjczeXdab0pSeFVfdVNkM08xcmRpdFJvbGtnb2Qxcko0?oc=5,CBMilgJBVV95cUxPV1pDS2QtQTBORUZfV0ZydXNpSU5TbkI2RDYzdUV5OXdfUkhTTzdXZUpvWXFZWnpkRUh2SzVCT2VSb3RPR3RIaUZYM3l5WHViTWlpUGZjaW9lQlFLcHRMbS1PdlNUU2lnMVVaM3habndLbHNRU21NbnNSSVkzcTVGdFZGYk1XcHRpWk1MVmlnWUJWdWxoc0hOR0dBd3VWU1NSOS1JbzNEbE1sY1hWZUUzUzRKcmhzMDdCaVVvb09xRUpqMHlXVGl2a2g3eWlDQVlRN0dhaXhubXI5ZERWZ0RfWjNBSVg1akMyb0Fad3YtSEJzTzA0dVZWVU1QZExwNDQ5MnVRcmZaWEhORTJPanpwRDQ3b3Nad9IBmwJBVV95cUxNSWpOV1RaTjF0Sjl4bjgxWVZDSE1WbVNubU5QSUN5SjFnZno3dXdmbV9wMWxRMmlWV0ZsdWlIQWF6WmRoVkJCTWNfMmtmVDY4ZFA4dFQzUFJqMkZhRFR0cEZnQ084aDlISUxtTjZjWXpkZERCaTAxRkRNLS1VcHdlclJSMm92ZmVRYXd5SS15bktXYi1XVEtVNGt5Rld6SHEzbjBSV3NXdk5BMnNaT0NqZlA5QVFwZ3JEODF4ZEtySVUtQWxrNVRJWEFtWHpRcV84cm13ai1weldSYm93b1RsNndobk9sNkQ4UUhoc1dSWlkxNHMxX1NVLWZ0YjczeXdab0pSeFVfdVNkM08xcmRpdFJvbGtnb2Qxcko0
ITC.NS,"Fri, 31 Jul 2026 07:00:00 GMT","Q1 results: Maruti Suzuki, ITC, Indian Oil, ABB India, 107 more on July 31 - Business Standard",Business Standard,https://news.google.com/rss/articles/CBMi5gFBVV95cUxNY3pTV01BTTNCYWt6NkVSTDd6b0E4VjNiSTd0WDFHRzBIdWhtUHlrbWoxUWlXT2pEeFFOcDJrQjNfcUpMRXVaTUpQLXlqazZuTklnTGRld1ZyRjJyTkFoMVB0ajc1Y2FXalBtcHdReXVSTm5VYW5TSHEtMmhDQndCYXQ5NUxET1BkdDNISEh0Y25BZU9lXzJmb2xMblN2eWcyUzhiV1pUY1VybVdTaWRYYXhNY3ZKZ01pWm1QRlA1dnRlUUF5REF1TEdEUjZqQmJFNzNUbUJKcGlkSzJ5NW1sWmVENzd5Z9IB6wFBVV95cUxOdVZ4Tl9zajgtMjhib3R5ajZ1TjU1aWNkQk82X3p2bGw2ckJBbExLeDJ1d2xDSVN0WHFBV1RaampvNmRNQm9FTWJMVWo4VzJLSGtLdzFRb1ozT1pQVzlYVXVwOU5vOVVhTjFRRUhvSmtBMmdqcXVhWGJjWU5ZV1Jlemx2RFp3bTFuelVjSU5nbW03RHk3RGE1TmpGM3VpVGtTUlZhRDl4aUlfOEJxM24yRTg5cnBpT09RUG1GclpkRVgyZUJaUmZKSElIZms2S1NhU3g4RHdkMmI5NjdtVFhCdzhvcFVfVE56V1lB?oc=5,CBMi5gFBVV95cUxNY3pTV01BTTNCYWt6NkVSTDd6b0E4VjNiSTd0WDFHRzBIdWhtUHlrbWoxUWlXT2pEeFFOcDJrQjNfcUpMRXVaTUpQLXlqazZuTklnTGRld1ZyRjJyTkFoMVB0ajc1Y2FXalBtcHdReXVSTm5VYW5TSHEtMmhDQndCYXQ5NUxET1BkdDNISEh0Y25BZU9lXzJmb2xMblN2eWcyUzhiV1pUY1VybVdTaWRYYXhNY3ZKZ01pWm1QRlA1dnRlUUF5REF1TEdEUjZqQmJFNzNUbUJKcGlkSzJ5NW1sWmVENzd5Z9IB6wFBVV95cUxOdVZ4Tl9zajgtMjhib3R5ajZ1TjU1aWNkQk82X3p2bGw2ckJBbExLeDJ1d2xDSVN0WHFBV1RaampvNmRNQm9FTWJMVWo4VzJLSGtLdzFRb1ozT1pQVzlYVXVwOU5vOVVhTjFRRUhvSmtBMmdqcXVhWGJjWU5ZV1Jlemx2RFp3bTFuelVjSU5nbW03RHk3RGE1TmpGM3VpVGtTUlZhRDl4aUlfOEJxM24yRTg5cnBpT09RUG1GclpkRVgyZUJaUmZKSElIZms2S1NhU3g4RHdkMmI5NjdtVFhCdzhvcFVfVE56V1lB
ITC.NS,"Fri, 31 Jul 2026 07:00:00 GMT","ITC profit slips as cigarette tax hike, agri slowdown weigh on Q1 - Livemint",Livemint,https://news.google.com/rss/articles/CBMi0AFBVV95cUxQZThqbktraWNrOGNYYjlac3k2Z0JLR25adnZ2LUd3YXBOeWlFWm5vV29RcDdHcFc4X3B4dGliMG54alNsdUotN0MyaHZjU0pGVjg1QzRaaUk3bXFKdmY4SVQ2ZmNuOFBaRTF0RkQzU0FmVXFtcWtEZFZZSnNPWE5tU0dOUGtCM0FxbEk1M1U2ZmduZWctSmNrSnhmY3lxa1RMbF9iTTl1TThqQmNybmJIWDl4bzhoZFpkM0RTQVFybWpWNWtsNi13V3pGVGhLT1Y10gHWAUFVX3lxTE0tVW5fSUowblFMWDdFSEFiQWFfNEpmdThOY0xQSW1YQWxId3YyM2RtOXR5aDNfa3FsNUxOWmlTTFdpcFJ5QV84RXZVMXJoX2cwTUFwOGJUa05YQ0llYkRKWjgtYmo3NUFvamM2S3RieFllcXRCYkVzeWFuZmJLOWxiM1JqYmhqelVRbndJbHdyUGNWZW1GaHpJN0NHWTZ6VWNkR21DSXpWZjlja3lsSXJWNnBwUnhSNG1LWHFueVhjUHNkYmtHdFNuRmV4OW5scGhJaVdFOEE?oc=5,CBMi0AFBVV95cUxQZThqbktraWNrOGNYYjlac3k2Z0JLR25adnZ2LUd3YXBOeWlFWm5vV29RcDdHcFc4X3B4dGliMG54alNsdUotN0MyaHZjU0pGVjg1QzRaaUk3bXFKdmY4SVQ2ZmNuOFBaRTF0RkQzU0FmVXFtcWtEZFZZSnNPWE5tU0dOUGtCM0FxbEk1M1U2ZmduZWctSmNrSnhmY3lxa1RMbF9iTTl1TThqQmNybmJIWDl4bzhoZFpkM0RTQVFybWpWNWtsNi13V3pGVGhLT1Y10gHWAUFVX3lxTE0tVW5fSUowblFMWDdFSEFiQWFfNEpmdThOY0xQSW1YQWxId3YyM2RtOXR5aDNfa3FsNUxOWmlTTFdpcFJ5QV84RXZVMXJoX2cwTUFwOGJUa05YQ0llYkRKWjgtYmo3NUFvamM2S3RieFllcXRCYkVzeWFuZmJLOWxiM1JqYmhqelVRbndJbHdyUGNWZW1GaHpJN0NHWTZ6VWNkR21DSXpWZjlja3lsSXJWNnBwUnhSNG1LWHFueVhjUHNkYmtHdFNuRmV4OW5scGhJaVdFOEE
ITC.NS,"Thu, 16 Jul 2026 07:00:00 GMT","Q1 Results Today: Wipro, Tech Mahindra, ITC Hotels, BHEL, Jio Financial Among 40 Companies In Focus - NDTV Profit",NDTV Profit,https://news.google.com/rss/articles/CBMi1AFBVV95cUxNRzctZS15T1hWaHhrTFJSVUlqc1BtN0xEUng1a2gzOS1vNm1Vd01mSUNEWWcxM2FTcGsyWUg5VWJqeDVxRHRRcUd5aGtram5lRWpoVHNlaWxXd1dBZ3RGZ0Ztamk5VmF4VWc2NVFMd2E0c2UtU3psbWRoWGE5cF9xSkMwNW10Uzg2SkYtc1NCZGxhTElvbkY1alJ4WUdxeVpxUVBuMEtuTHByRHpOd25aUHVXUWZkXzIyT0ZMQkI0UjNQQk90Y3liZWFlTlltVlpMZnIxS9IB3AFBVV95cUxQM3Nwc1JkaDdnN0x3SGE3Q3I1WU45Yy1HeGJxNVZ3Z0RPaG5FQkQ3cUhjQ1NtYlhqa2h3OGRWc2xmQnRwWTFyY1l3aEVHdXJxMWl6YmF1al90aExXZ05FV2c1LVRxN0JScUtpdXJXTngyX3U5MWtvd2NGTFVkSExtWUhMZWRjRWlEeFdoOVVlaTF3V1UxN3F2Z0d1ZDVZZ05rYWZKTHk5blh6anliRWR0ZTJHd1R2bnNVeDdWNXdxN1hta1lvMk1KbG1CNFJrc3lHa1NqSURoMGFXVjE4?oc=5,CBMi1AFBVV95cUxNRzctZS15T1hWaHhrTFJSVUlqc1BtN0xEUng1a2gzOS1vNm1Vd01mSUNEWWcxM2FTcGsyWUg5VWJqeDVxRHRRcUd5aGtram5lRWpoVHNlaWxXd1dBZ3RGZ0Ztamk5VmF4VWc2NVFMd2E0c2UtU3psbWRoWGE5cF9xSkMwNW10Uzg2SkYtc1NCZGxhTElvbkY1alJ4WUdxeVpxUVBuMEtuTHByRHpOd25aUHVXUWZkXzIyT0ZMQkI0UjNQQk90Y3liZWFlTlltVlpMZnIxS9IB3AFBVV95cUxQM3Nwc1JkaDdnN0x3SGE3Q3I1WU45Yy1HeGJxNVZ3Z0RPaG5FQkQ3cUhjQ1NtYlhqa2h3OGRWc2xmQnRwWTFyY1l3aEVHdXJxMWl6YmF1al90aExXZ05FV2c1LVRxN0JScUtpdXJXTngyX3U5MWtvd2NGTFVkSExtWUhMZWRjRWlEeFdoOVVlaTF3V1UxN3F2Z0d1ZDVZZ05rYWZKTHk5blh6anliRWR0ZTJHd1R2bnNVeDdWNXdxN1hta1lvMk1KbG1CNFJrc3lHa1NqSURoMGFXVjE4
ITC.NS,"Fri, 31 Jul 2026 07:00:00 GMT","ITC Q1 profit falls 27% as cigarette tax hike, West Asia disruptions weigh on earnings - Fortune India",Fortune India,https://news.google.com/rss/articles/CBMizwFBVV95cUxPazhRRFlKcWgzS1dlYS12Ymk3SzNIZm1PS2NUY2FrR2pCNjVHN3JReHV1bkJWX2IycndZNEpHNm1wQjlRLTBvakhQNFNncXBHOVZRT2N0VUtNYVBRRFlkWXphQmpnYUk5ZzBCLWxtXzB5QWZTeEF5cXRGdVgydzFOOEtVRXphckl4b0o2TXczSEFrV0ZFQ2YyeG9KeWRJc1JsSVczOVpKNzY2TlNlcjBoZDdyOUI4SmNDc1Z3UzVFd2pzSU1ySDBEdW14Ny13ZkXSAdwBQVVfeXFMTU1KcUt3UVVYYWRNTThFOUlvRjBqc05vMTBzU3JjVFVrTnd6X3ZVNGhBMFFzblNKSnlwUnBiN0Vsdm5Sb1l2aWN4M3VLRDJuaUxWQXFQdUxOTXNURnRWWEhnUWdxODEzWUU3RVNUVy1rNHItTmxOSjNWOUdDbnZmcV8wYUlQUzBacXRTSE5wVjFVemFHcnNhZVNZSXlnUWIxWnVKSmhiWDFyaDRodzhfWGZlTlA3WmpRQTZZcWZLd1ZWMFdJS1dRUE9NUU5DdEJnSUVMU21fWG9PY3ctRg?oc=5,CBMizwFBVV95cUxPazhRRFlKcWgzS1dlYS12Ymk3SzNIZm1PS2NUY2FrR2pCNjVHN3JReHV1bkJWX2IycndZNEpHNm1wQjlRLTBvakhQNFNncXBHOVZRT2N0VUtNYVBRRFlkWXphQmpnYUk5ZzBCLWxtXzB5QWZTeEF5cXRGdVgydzFOOEtVRXphckl4b0o2TXczSEFrV0ZFQ2YyeG9KeWRJc1JsSVczOVpKNzY2TlNlcjBoZDdyOUI4SmNDc1Z3UzVFd2pzSU1ySDBEdW14Ny13ZkXSAdwBQVVfeXFMTU1KcUt3UVVYYWRNTThFOUlvRjBqc05vMTBzU3JjVFVrTnd6X3ZVNGhBMFFzblNKSnlwUnBiN0Vsdm5Sb1l2aWN4M3VLRDJuaUxWQXFQdUxOTXNURnRWWEhnUWdxODEzWUU3RVNUVy1rNHItTmxOSjNWOUdDbnZmcV8wYUlQUzBacXRTSE5wVjFVemFHcnNhZVNZSXlnUWIxWnVKSmhiWDFyaDRodzhfWGZlTlA3WmpRQTZZcWZLd1ZWMFdJS1dRUE9NUU5DdEJnSUVMU21fWG9PY3ctRg
ITC.NS,"Fri, 31 Jul 2026 07:00:00 GMT","Q1 Results: Maruti Suzuki, Sun Pharma, ITC, Bajaj Finserv, Indian Oil, ABB India, GAIL, Urban Company, Dixon Tech, others to post earnings on July 31 - Upstox",Upstox,https://news.google.com/rss/articles/CBMipwJBVV95cUxQSmEzNFNzV0Foc0RBVHp4cmZ1bkJPLTFMWU0waDFCejZ6ZktlZWJTbWdkRUhIc0dwRk9hY183bVJobWlKdzBZUnRXa0FUZXV3TWc3Ql9Kd1lfbVNmRndtLW1TYWF4WnBHbU81TTZSZDAxQXhSUnBoZUZFQ2pVUlpYWXNUZmF1c3o2X3RsUWVIVi1WTFZCcjRIT3g2cU1lM1ROeUFnbWN0RlVkX3p3ak95WVZ5ZktBdFk3empyTjcwWlBBbEk2RXdVendjMEotRzQtYTBlT0JySWV3U2F1X01BWDVZaWZEUG9ReUZTdnhCZ3g2SkExVGpXM3NEa212cTlUei1DMkRXQktWNS1meHZyNFRMTkpwM21zaEFOM1JfQUxYdmRubUxr?oc=5,CBMipwJBVV95cUxQSmEzNFNzV0Foc0RBVHp4cmZ1bkJPLTFMWU0waDFCejZ6ZktlZWJTbWdkRUhIc0dwRk9hY183bVJobWlKdzBZUnRXa0FUZXV3TWc3Ql9Kd1lfbVNmRndtLW1TYWF4WnBHbU81TTZSZDAxQXhSUnBoZUZFQ2pVUlpYWXNUZmF1c3o2X3RsUWVIVi1WTFZCcjRIT3g2cU1lM1ROeUFnbWN0RlVkX3p3ak95WVZ5ZktBdFk3empyTjcwWlBBbEk2RXdVendjMEotRzQtYTBlT0JySWV3U2F1X01BWDVZaWZEUG9ReUZTdnhCZ3g2SkExVGpXM3NEa212cTlUei1DMkRXQktWNS1meHZyNFRMTkpwM21zaEFOM1JfQUxYdmRubUxr
ITC.NS,"Thu, 21 May 2026 07:00:00 GMT","ITC Q4 net profit beats estimates; revenue falls 7%, declares ₹8 dividend - CNBC TV18",CNBC TV18,https://news.google.com/rss/articles/CBMi2AFBVV95cUxOZGEyOGtNWEk3SHJic0FBM3hEcjBWLVpxOFFueEIzUkNCcjh0V21hUTZ5alN3TmJzM1pEd085bGViX1FRSURqSjFJc2lwYWg1QkIzR3ZvS1otamhpSl9VTUhXOEswbko2MUMtWHQ0Yi1QY3U3cU41ckN5SUl4UHhwc1d2RS1MdVQtMHRIZkotRGsycXhudmttTHVaUU9zWE9Kb2F0bEROWjNna05FN29BVnAzOFFYSVpLRHB4eEkwQ3pwN0MwSVB2dzhoR2VIZG1zZjdEdXhxR2LSAd4BQVVfeXFMTllEcXV1cy0yLXREZklLVHRKU0xkTmdSQmZhM3owaWgyMTZRcWdZcV9IUWJ2QkRFTV9vZnJkOHJnSTgwR0xBWllTM0hESmpDcV9fa2hFNkx5SDFGSFVaWW9UOFphbDltNC1HUTB0Zm51NE9RQXhqY1FBUEl1dmQxOG8xQ2w3SWRuNmdXMkJWQXE0RVVXLWx1Ml9jYkJOQUFIOGx0c3JSaTBoN0FQWUdoRTNQY0RWWTVmMVRlTDctQTZJS3hOdHJmTWdVNFFDSjd4LVZnQ1ZLRXlFekZxSWZ3?oc=5,CBMi2AFBVV95cUxOZGEyOGtNWEk3SHJic0FBM3hEcjBWLVpxOFFueEIzUkNCcjh0V21hUTZ5alN3TmJzM1pEd085bGViX1FRSURqSjFJc2lwYWg1QkIzR3ZvS1otamhpSl9VTUhXOEswbko2MUMtWHQ0Yi1QY3U3cU41ckN5SUl4UHhwc1d2RS1MdVQtMHRIZkotRGsycXhudmttTHVaUU9zWE9Kb2F0bEROWjNna05FN29BVnAzOFFYSVpLRHB4eEkwQ3pwN0MwSVB2dzhoR2VIZG1zZjdEdXhxR2LSAd4BQVVfeXFMTllEcXV1cy0yLXREZklLVHRKU0xkTmdSQmZhM3owaWgyMTZRcWdZcV9IUWJ2QkRFTV9vZnJkOHJnSTgwR0xBWllTM0hESmpDcV9fa2hFNkx5SDFGSFVaWW9UOFphbDltNC1HUTB0Zm51NE9RQXhqY1FBUEl1dmQxOG8xQ2w3SWRuNmdXMkJWQXE0RVVXLWx1Ml9jYkJOQUFIOGx0c3JSaTBoN0FQWUdoRTNQY0RWWTVmMVRlTDctQTZJS3hOdHJmTWdVNFFDSjd4LVZnQ1ZLRXlFekZxSWZ3
ITC.NS,"Fri, 31 Jul 2026 07:00:00 GMT","ITC Q1 results: Net profit falls 27% to Rs 3,579 crore, misses estimates - Moneycontrol.com",Moneycontrol.com,https://news.google.com/rss/articles/CBMi0AFBVV95cUxQREFjWTRXeHhHX0dRd3MteHpNTkloUmx0TUowemdSa21KOTVsM3k0bTRMYjBkRER3WmZ2RzVaaU1RZEdnN19HNWNWSGxyd2JKNnlpWk1OQ0FZRGdmZ0UtT082Qkw1RmNTb2dtYW1pcTdOYjVER0xCMWRjQ2o3TFNGckI4QlpScldPbnl6bUVHMVFuLVN6Z0VUNXczVld2bF9GbE9pLXVLX0x2c2F6VkFMQmRFc05pbGNFODNqeFRkZ0lkZ1F0akNlSnYzMGJ0NW9m0gHWAUFVX3lxTE1Ed2xaS0hEcXpRTm1lMnJTYkZneEs2OE5QRVE0d1NnOTVBRWdsb2Y1MmJlLWVzV0sxYVk2NGE1bUIwbjBGSF9lWjdDNWp2MjEteXVTRzZDMUlJeER2Qzk4REw2T1V0NFN5UHloMnJOUXpzYU5XNXRiS2tSejVjRGNUWWN4Q3hweFRxTjZNTFZOY1RKVnpNNDNFNUFIdTVjZXlzcTRVZGFYTFBXMURyX0RqTE1VMUlkakN1QzVuOGJXVW9kY2xPY0VnR1FHeWdBUXZLVEQ5clE?oc=5,CBMi0AFBVV95cUxQREFjWTRXeHhHX0dRd3MteHpNTkloUmx0TUowemdSa21KOTVsM3k0bTRMYjBkRER3WmZ2RzVaaU1RZEdnN19HNWNWSGxyd2JKNnlpWk1OQ0FZRGdmZ0UtT082Qkw1RmNTb2dtYW1pcTdOYjVER0xCMWRjQ2o3TFNGckI4QlpScldPbnl6bUVHMVFuLVN6Z0VUNXczVld2bF9GbE9pLXVLX0x2c2F6VkFMQmRFc05pbGNFODNqeFRkZ0lkZ1F0akNlSnYzMGJ0NW9m0gHWAUFVX3lxTE1Ed2xaS0hEcXpRTm1lMnJTYkZneEs2OE5QRVE0d1NnOTVBRWdsb2Y1MmJlLWVzV0sxYVk2NGE1bUIwbjBGSF9lWjdDNWp2MjEteXVTRzZDMUlJeER2Qzk4REw2T1V0NFN5UHloMnJOUXpzYU5XNXRiS2tSejVjRGNUWWN4Q3hweFRxTjZNTFZOY1RKVnpNNDNFNUFIdTVjZXlzcTRVZGFYTFBXMURyX0RqTE1VMUlkakN1QzVuOGJXVW9kY2xPY0VnR1FHeWdBUXZLVEQ5clE
ITC.NS,"Thu, 21 May 2026 07:00:00 GMT","Q4 results: ITC, Nykaa, LIC, MTNL, Aurobindo Pharma, and 181 more on May 21 - Business Standard",Business Standard,https://news.google.com/rss/articles/CBMi5gFBVV95cUxNcUJ0NEJ3TWp3RlA2OGM0WEJrOUoybTJqXzRYU3BzdFBqVWxJV19tdFRpNkNtcjV0UGhRaHhtUDlCQ2hyM1dwUklRSjlfaFdqYzVGVlptTHJEaWlELTBuczY2YjF6OWNqUW5uaEFSZllNdHRBUUlKdnQ4NTFWMFpXMVFLYWVTRU5LVWF0Z0U0d3dIUy1BRjN0b1hTUDZrZnJqdnN6aHdJWktBVGRUVHFBc3ZOc1ZDdDZ5VU1zQ1J0RXVTNmRPbGF3QkowVnVvV0FlNmlYSkg4M25ZODNMUGg2dktCVldlUdIB6wFBVV95cUxORFJpVzE2Y3lXSmhjMXM5UWZYN3BMdFNUT0RUWU44WmYzWXZNbFVETi1oSWxiTzdSMUVDdGE4V2hIS252WTlTbzFpUU9DS3ZZSXB1a0w3eURJaDljaFBfOVl3eHdPSGQtUVVnZUF3WkJzNDVwNWdQZ2Rma3IyMXctaEd2Q2huU3laUW90emxZVzlMREMzT0ZFM0poV2h2MHFLWE01OGs2STFoRmpRNGVBVU1ib3dFSWhWSkx5UGx2WW9TczB3dzJoZi1CSGVWSEQ5dkZ4US1jeDlKOU5WY29vQzByMmxXVXY2Qjlr?oc=5,CBMi5gFBVV95cUxNcUJ0NEJ3TWp3RlA2OGM0WEJrOUoybTJqXzRYU3BzdFBqVWxJV19tdFRpNkNtcjV0UGhRaHhtUDlCQ2hyM1dwUklRSjlfaFdqYzVGVlptTHJEaWlELTBuczY2YjF6OWNqUW5uaEFSZllNdHRBUUlKdnQ4NTFWMFpXMVFLYWVTRU5LVWF0Z0U0d3dIUy1BRjN0b1hTUDZrZnJqdnN6aHdJWktBVGRUVHFBc3ZOc1ZDdDZ5VU1zQ1J0RXVTNmRPbGF3QkowVnVvV0FlNmlYSkg4M25ZODNMUGg2dktCVldlUdIB6wFBVV95cUxORFJpVzE2Y3lXSmhjMXM5UWZYN3BMdFNUT0RUWU44WmYzWXZNbFVETi1oSWxiTzdSMUVDdGE4V2hIS252WTlTbzFpUU9DS3ZZSXB1a0w3eURJaDljaFBfOVl3eHdPSGQtUVVnZUF3WkJzNDVwNWdQZ2Rma3IyMXctaEd2Q2huU3laUW90emxZVzlMREMzT0ZFM0poV2h2MHFLWE01OGs2STFoRmpRNGVBVU1ib3dFSWhWSkx5UGx2WW9TczB3dzJoZi1CSGVWSEQ5dkZ4US1jeDlKOU5WY29vQzByMmxXVXY2Qjlr
ITC.NS,"Fri, 31 Jul 2026 07:00:00 GMT","Q1 results 2026: ITC to Maruti Suzuki, Sun Pharma, among companies to declare Q1 earnings today; full list here - Livemint",Livemint,https://news.google.com/rss/articles/CBMikgJBVV95cUxNVnpHM1hrOUpDNUFpR3hCNi0wSUJ2ZTdQWDFXZ09Kbjkybi12OWRJbmc0R1V4bGFmYW1jYzdHb09xTWdNZVFuYUphSnlTdzY0V1plRlc4MS1kZ3oxZkNYSGtUcmRBdGRIdXprakRaenRlX2tyN3dMeFkxbUpOR0FaTHRDajFXazRQTnR3YzN0UEtqVktaQ0VIWktka3l6dzh0ZWhKSkhZZnFtaXZfMV8wa195TWRIVTdrTi13ZFRZanozSnZQeUdtTkgzZ056dURXZUFKeXMtWTRRV1NDY2k3dG9oLWk2REdacW4xQ3Vwd3h4amNrVVNmcmhJLW56ektlbzhmcjdnOEU5V1V0LThkSWlR0gGXAkFVX3lxTE0xVFI1enlOMVhfeW5LWV8teC1CTXlJbElPd1ljTFpzcU1HRkhLemlmdFZnR1c3YzlaNE1zTU5IUGZ1MHd3Mjd3R29rRDc4ZTg4QkowWXV1WDUzY2FQNF9NZ19HV1l5bW9Bc0dHQkFLc1BlWkF6Rm1XT1Y4ekluazN2X2NvUl9seXo2bEY4WmFaVGJlZkw5SGxtcmQ1d29GVzdjSHQxZEJOaFBQZElIQ1RuQU1yWlJ3MDl3S0dTWmg3QWZlREtDZzhWMlk1Q2FvSndtOTdfVjJ3NlNjbkpVZDNnMTV6aW12S0VMSGJrd3VRXzduT0p0WkJtVXZJci1YTnZTMURJYS1vWjEtRnk0bnNQQ0lNYS1XTQ?oc=5,CBMikgJBVV95cUxNVnpHM1hrOUpDNUFpR3hCNi0wSUJ2ZTdQWDFXZ09Kbjkybi12OWRJbmc0R1V4bGFmYW1jYzdHb09xTWdNZVFuYUphSnlTdzY0V1plRlc4MS1kZ3oxZkNYSGtUcmRBdGRIdXprakRaenRlX2tyN3dMeFkxbUpOR0FaTHRDajFXazRQTnR3YzN0UEtqVktaQ0VIWktka3l6dzh0ZWhKSkhZZnFtaXZfMV8wa195TWRIVTdrTi13ZFRZanozSnZQeUdtTkgzZ056dURXZUFKeXMtWTRRV1NDY2k3dG9oLWk2REdacW4xQ3Vwd3h4amNrVVNmcmhJLW56ektlbzhmcjdnOEU5V1V0LThkSWlR0gGXAkFVX3lxTE0xVFI1enlOMVhfeW5LWV8teC1CTXlJbElPd1ljTFpzcU1HRkhLemlmdFZnR1c3YzlaNE1zTU5IUGZ1MHd3Mjd3R29rRDc4ZTg4QkowWXV1WDUzY2FQNF9NZ19HV1l5bW9Bc0dHQkFLc1BlWkF6Rm1XT1Y4ekluazN2X2NvUl9seXo2bEY4WmFaVGJlZkw5SGxtcmQ1d29GVzdjSHQxZEJOaFBQZElIQ1RuQU1yWlJ3MDl3S0dTWmg3QWZlREtDZzhWMlk1Q2FvSndtOTdfVjJ3NlNjbkpVZDNnMTV6aW12S0VMSGJrd3VRXzduT0p0WkJtVXZJci1YTnZTMURJYS1vWjEtRnk0bnNQQ0lNYS1XTQ
ITC.NS,"Fri, 31 Jul 2026 07:00:00 GMT","Sun Pharma, Maruti Suzuki, ITC, Bajaj Finserv Q1 Results Today — Earnings Estimates - NDTV Profit",NDTV Profit,https://news.google.com/rss/articles/CBMiiAJBVV95cUxPT2lhRXJQMDUxNnpSUEVZUFU5bEtpTFYxVElzYjk1RFhJcThDMlg1S1l6NVcweFBNbXpnY1hJcURmdmN1Z1hYeXRWV1M2aUctdmN6TXlFTjlpV2d0RTBsR1NCT0pPdmxXRmFld0ttQWVFRDZ0WDBPMExTU3ZNSmFlZEZoNktlZjA1WEVueTV2ZGxydXMwMkNYZ3h6aXN2Tjd0M1BqYW5qM256VGxxSWM1MGkyNnlqTk1vRWhGSHhxT2VRS0p0eXc1dTduZ2FSdHNFOXNxNElrSkhDeHBlVm5zck9FOFNwYXc5aDhXRmhielFmOEgxS1RtRU5lNE1NdnoxNzNYMDlzbGvSAZACQVVfeXFMTWY4TEgwYU5mWWJjLXI1TGt4NU9zRkswWjlVWjMzQlVrS0tmMm5XMHFLblpQNzhrSHJQLVV5TjlVUGZBeUIxQnlYaHl5ODNOcTBGRWx5WkNCSDdhT0tuOFF1SDQ3RUZNcExXNlRQeV9PbUdhRzd1S0hUckZnRGpIT213NEZjUGQwaFZ3Vl9vSmxxVVhIczZrNmx1Q3FWeE03OVV5blZGLWNPZ0JiLXBqNzdzemhPZ1JDMlRDN0w4clFqN3ZtVWpTSllQU3VTcDhDN1BhQkNISldNT0ZUaVFZdk5MNURGaWJZRG1rcFFXYW9PMzNjbU9PNThRZ3hsaGZubXdkSkZVcmdJRjBjN0xsY00?oc=5,CBMiiAJBVV95cUxPT2lhRXJQMDUxNnpSUEVZUFU5bEtpTFYxVElzYjk1RFhJcThDMlg1S1l6NVcweFBNbXpnY1hJcURmdmN1Z1hYeXRWV1M2aUctdmN6TXlFTjlpV2d0RTBsR1NCT0pPdmxXRmFld0ttQWVFRDZ0WDBPMExTU3ZNSmFlZEZoNktlZjA1WEVueTV2ZGxydXMwMkNYZ3h6aXN2Tjd0M1BqYW5qM256VGxxSWM1MGkyNnlqTk1vRWhGSHhxT2VRS0p0eXc1dTduZ2FSdHNFOXNxNElrSkhDeHBlVm5zck9FOFNwYXc5aDhXRmhielFmOEgxS1RtRU5lNE1NdnoxNzNYMDlzbGvSAZACQVVfeXFMTWY4TEgwYU5mWWJjLXI1TGt4NU9zRkswWjlVWjMzQlVrS0tmMm5XMHFLblpQNzhrSHJQLVV5TjlVUGZBeUIxQnlYaHl5ODNOcTBGRWx5WkNCSDdhT0tuOFF1SDQ3RUZNcExXNlRQeV9PbUdhRzd1S0hUckZnRGpIT213NEZjUGQwaFZ3Vl9vSmxxVVhIczZrNmx1Q3FWeE03OVV5blZGLWNPZ0JiLXBqNzdzemhPZ1JDMlRDN0w4clFqN3ZtVWpTSllQU3VTcDhDN1BhQkNISldNT0ZUaVFZdk5MNURGaWJZRG1rcFFXYW9PMzNjbU9PNThRZ3hsaGZubXdkSkZVcmdJRjBjN0xsY00
ITC.NS,"Thu, 29 Jan 2026 08:00:00 GMT","Q3 results today: ITC, Vedanta, Adani Power among 184 firms on Jan 29 - Business Standard",Business Standard,https://news.google.com/rss/articles/CBMi4gFBVV95cUxNTXFKNzhkX2U3VmthcmdxN3JnVWVlZUg5RkttNmQzSGRBaDNtcGFOM2xqblRIY21UZ29EWERpWmJ1YWpaRzNNQ3dnNFVsSS1teTZscVBjREhSS2tkTDVWNFMyb1otRjVDRE4xTFBJQ0dxSVYzYU9naFBqQnJJcE1NUlNvZGJfTDJsQXktSmhxejNkUEJWU2EtQmlUekpRX0dhOTJMM3pKT2p3cFE5RUl2ejBBNXFYMl9SNTdYVy1VZHpLUmJaNFhtRml2aktNR3ZSVFd5dGtkZ3Z5TVRQYXNEV0hB0gHnAUFVX3lxTE1hUUV5STBzdFBxNTFJUTBfcW50UkdDNFE0YlFkdjdyS1dSMU1pd0xYekFrOEVUNVY2QVMyWmNYVkdZNGxUR0x4TVphT1dSYWt3RjhPdU12RExlWHhUcVF3WUlpOW1FRFc3TU9wa1Z4RmlXOGx2OHR4RG5BT1VGY2phSlZtSGttUWY2Q3UxSXFnSG8xenljQVRla3lyMWlJRE5ubUlSSEZKYlZ0U0pPRXhtRVd2blRnRVZWVVJXcGRpSEJreFNKX0YwRVVFNjRLUUNTN3pkMVh6ZVhTMnZBaVNVd3VfLTNJRQ?oc=5,CBMi4gFBVV95cUxNTXFKNzhkX2U3VmthcmdxN3JnVWVlZUg5RkttNmQzSGRBaDNtcGFOM2xqblRIY21UZ29EWERpWmJ1YWpaRzNNQ3dnNFVsSS1teTZscVBjREhSS2tkTDVWNFMyb1otRjVDRE4xTFBJQ0dxSVYzYU9naFBqQnJJcE1NUlNvZGJfTDJsQXktSmhxejNkUEJWU2EtQmlUekpRX0dhOTJMM3pKT2p3cFE5RUl2ejBBNXFYMl9SNTdYVy1VZHpLUmJaNFhtRml2aktNR3ZSVFd5dGtkZ3Z5TVRQYXNEV0hB0gHnAUFVX3lxTE1hUUV5STBzdFBxNTFJUTBfcW50UkdDNFE0YlFkdjdyS1dSMU1pd0xYekFrOEVUNVY2QVMyWmNYVkdZNGxUR0x4TVphT1dSYWt3RjhPdU12RExlWHhUcVF3WUlpOW1FRFc3TU9wa1Z4RmlXOGx2OHR4RG5BT1VGY2phSlZtSGttUWY2Q3UxSXFnSG8xenljQVRla3lyMWlJRE5ubUlSSEZKYlZ0U0pPRXhtRVd2blRnRVZWVVJXcGRpSEJreFNKX0YwRVVFNjRLUUNTN3pkMVh6ZVhTMnZBaVNVd3VfLTNJRQ
ITC.NS,"Fri, 22 May 2026 07:00:00 GMT","Q4 results: Sun Pharma, Eicher Motors, and Colgate among 187 on May 22 - Business Standard",Business Standard,https://news.google.com/rss/articles/CBMi4wFBVV95cUxOZzRPTzluenZ4Z05FR3VCVmJIaXZtOGhRUUg2em5Kenh5QVNQSk5TMl81TE9tOF9XNU9YTDItUEEtazQ2bHJjQ1ZUZ3EwWnRmU051UGNPTjZKOXpwQ2pONEtjZVkwZnFIVVRwakpEZEZEeG12eTVDaVZpOGhNUlJNWXRwOGxiTVkyaXNYMTNpVVpHYjlzNlNhYm1OWXI0c2N2TU1wal81V3JFRURHRUZndUVWREU2aVlIZ0otbjAtZEZLV3ZVZ2hXODVnZ3pfbC1HYVlNdnNlZXVXcjJoVFpPODFHNNIB6AFBVV95cUxQSVVKMUFXbTlFSFFPRGJFN3V4M2xGekNRcnFhemdZekVaZjA2NkV0SUJqTUVXc0w0bURMdUphbkEzMUttT1JGbUdFYzFrbDlkbUF0WU9fWlN4dlptYVBYT0lmUzg4VVpnS3dva0tXclpieDRvdU1PVHdZRFFKTFljWGh1UHlfdEdLSFZlZ1lTMVZCa2xQUUZYRVR2NEkzdW9tdlB5T1pnc2wtWC1seXpsSkdwWTBaN0VweVYyUXl2bjZ0NVBYSlNMS2FmbG5kei1BSWp5UHRQQ3Z0T1lfbHh5bWZzQ09kTEZT?oc=5,CBMi4wFBVV95cUxOZzRPTzluenZ4Z05FR3VCVmJIaXZtOGhRUUg2em5Kenh5QVNQSk5TMl81TE9tOF9XNU9YTDItUEEtazQ2bHJjQ1ZUZ3EwWnRmU051UGNPTjZKOXpwQ2pONEtjZVkwZnFIVVRwakpEZEZEeG12eTVDaVZpOGhNUlJNWXRwOGxiTVkyaXNYMTNpVVpHYjlzNlNhYm1OWXI0c2N2TU1wal81V3JFRURHRUZndUVWREU2aVlIZ0otbjAtZEZLV3ZVZ2hXODVnZ3pfbC1HYVlNdnNlZXVXcjJoVFpPODFHNNIB6AFBVV95cUxQSVVKMUFXbTlFSFFPRGJFN3V4M2xGekNRcnFhemdZekVaZjA2NkV0SUJqTUVXc0w0bURMdUphbkEzMUttT1JGbUdFYzFrbDlkbUF0WU9fWlN4dlptYVBYT0lmUzg4VVpnS3dva0tXclpieDRvdU1PVHdZRFFKTFljWGh1UHlfdEdLSFZlZ1lTMVZCa2xQUUZYRVR2NEkzdW9tdlB5T1pnc2wtWC1seXpsSkdwWTBaN0VweVYyUXl2bjZ0NVBYSlNMS2FmbG5kei1BSWp5UHRQQ3Z0T1lfbHh5bWZzQ09kTEZT
LT.NS,"Tue, 05 May 2026 07:00:00 GMT","L&T Q4 FY26 results: Net profit dips 3.1% to ₹5,326 crore, new CFO named - Business Standard",Business Standard,https://news.google.com/rss/articles/CBMi2gFBVV95cUxPcl9DMVlxYnVUb2VUNWpubi1COTVPQkhiTUFKNXJ4MzJaTjFZTGU5YkE1Rm9wRUQxZzlVTmhIS1A0cjdhNHY0VGs3cS1YaTctTmJOUWRrT1NhSXZHaUNrczREWVRzRnNmUlhMWWM3NVBBTnFSaGpvdTJRMnIxNkFRbHBYd25uRXltRERLOUQtLXlRLTNERmR3OGtVOGx3UkhMdlE5Y093VmZaVWY5V1FCdEU2NDh4ZkFWVDBwcHZvZDFYc3FqNS1NelF2OGRRWlprdmxpbE9idGpoUdIB3wFBVV95cUxNZnVOclFqR3hyeHQzNDBpUWNKaXdRYmxGOFpYcFpZaU00YkZtNlVnbmpXd0FjX2FXczQySzZpbmxQTjJnc09NM2FfaVh1aWhXOExGRFM4ZGdMZWc2SzdQN1V4ZlIxZlVhckJzWkhjdkdLd3R3ZHZnRm9rbmNESDUzVWRVd25RZmQwai1tYmhiWlBYanhSRkNXQVV0a0FBVk5MTkJIb21QTHg3dndZNTJRcDdoMW42YTlxTVlfOFl6QldVd1gzWnB0MW1tRk1pUXZhcjN6aVpMaFBFVGdFdTRr?oc=5,CBMi2gFBVV95cUxPcl9DMVlxYnVUb2VUNWpubi1COTVPQkhiTUFKNXJ4MzJaTjFZTGU5YkE1Rm9wRUQxZzlVTmhIS1A0cjdhNHY0VGs3cS1YaTctTmJOUWRrT1NhSXZHaUNrczREWVRzRnNmUlhMWWM3NVBBTnFSaGpvdTJRMnIxNkFRbHBYd25uRXltRERLOUQtLXlRLTNERmR3OGtVOGx3UkhMdlE5Y093VmZaVWY5V1FCdEU2NDh4ZkFWVDBwcHZvZDFYc3FqNS1NelF2OGRRWlprdmxpbE9idGpoUdIB3wFBVV95cUxNZnVOclFqR3hyeHQzNDBpUWNKaXdRYmxGOFpYcFpZaU00YkZtNlVnbmpXd0FjX2FXczQySzZpbmxQTjJnc09NM2FfaVh1aWhXOExGRFM4ZGdMZWc2SzdQN1V4ZlIxZlVhckJzWkhjdkdLd3R3ZHZnRm9rbmNESDUzVWRVd25RZmQwai1tYmhiWlBYanhSRkNXQVV0a0FBVk5MTkJIb21QTHg3dndZNTJRcDdoMW42YTlxTVlfOFl6QldVd1gzWnB0MW1tRk1pUXZhcjN6aVpMaFBFVGdFdTRr
LT.NS,"Tue, 28 Jul 2026 07:00:00 GMT",Reliance Industries vs Larsen & Toubro: Full Stock Comparison - Univest,Univest,https://news.google.com/rss/articles/CBMifEFVX3lxTE1EUks0a042TE5oTlZWek1oYzd3QW9fUnpDZ0F0UkNFbGZDb21UT0FEaHdLOExjUTVvc3B0d1h5bDNIN1dfZTlWT0tXT3pVVFVxVkZ4c0FJRHctZ2x0Qm1DVzBKeUFFcVpGVGxUSFFtb2hGczJUOERZZmotczQ?oc=5,CBMifEFVX3lxTE1EUks0a042TE5oTlZWek1oYzd3QW9fUnpDZ0F0UkNFbGZDb21UT0FEaHdLOExjUTVvc3B0d1h5bDNIN1dfZTlWT0tXT3pVVFVxVkZ4c0FJRHctZ2x0Qm1DVzBKeUFFcVpGVGxUSFFtb2hGczJUOERZZmotczQ
LT.NS,"Wed, 28 Jan 2026 08:00:00 GMT","Larsen & Toubro Q3 Results: Cons PAT drops 4% YoY to Rs 3,215 crore on one-time provision, but revenue gro - The Economic Times",The Economic Times,https://news.google.com/rss/articles/CBMi8wFBVV95cUxOaV9Gb2oyc1dFUnhvOTVhQzkyakZmZ3ptQnJwcjJQWEJGTEIxZkZ4RVpTMzY1ai1BTHF4M2FjaDVpcWVnbVduSHFFRWxEQ0NGRTF0YllEQXE4ejNpdXdNNVk4MnZtTXlkMFZiX3FIaENjaTJ2VXg2N2p2S1RIMk9MbV9mLWZ6MThUMVpEV0dKWGQwNkR2WWRjVlZEYzdfby1xWC1sdGdzTHZyS3RnbV9JaF9EV3hrYlNfNUJwdnRPdFpyQmIzR282V0xmNVBKd3Z3b0RRYnpTSG93MkRLaFd0NlI3cnR4YjlxTkdTTm45SVhMMkXSAfgBQVVfeXFMT2hhYUxnTkZOLWFkQ0ladjBpMVh0MlBIUHlSN3liU2NBQlhxSWIzVXJIRVpMdlZGMmJDRFk3SjdhT1ZpLXU3ODlKUnRTcVhOTVM0T2RGcVd1MUpvaWJ1RmxJYmVmN2U5Y0dYVU1kd2NFbldqc1p0MllTajZ0NWlhVU5MU2pHX0hMYl9tWnR4WWY0X0IzUnJXdkdQZXNWTWdhLUk1Ym5SMEQwelVTVnByMzFuR0JGNm0tQmlVUS03MFlfT21aSXVFWVBhWmRFVVZEX3BGNEFCaTYwUVJrcHkwcHlvVHdZUzljTFZneUNpaTVfQ013YzZvbEI?oc=5,CBMi8wFBVV95cUxOaV9Gb2oyc1dFUnhvOTVhQzkyakZmZ3ptQnJwcjJQWEJGTEIxZkZ4RVpTMzY1ai1BTHF4M2FjaDVpcWVnbVduSHFFRWxEQ0NGRTF0YllEQXE4ejNpdXdNNVk4MnZtTXlkMFZiX3FIaENjaTJ2VXg2N2p2S1RIMk9MbV9mLWZ6MThUMVpEV0dKWGQwNkR2WWRjVlZEYzdfby1xWC1sdGdzTHZyS3RnbV9JaF9EV3hrYlNfNUJwdnRPdFpyQmIzR282V0xmNVBKd3Z3b0RRYnpTSG93MkRLaFd0NlI3cnR4YjlxTkdTTm45SVhMMkXSAfgBQVVfeXFMT2hhYUxnTkZOLWFkQ0ladjBpMVh0MlBIUHlSN3liU2NBQlhxSWIzVXJIRVpMdlZGMmJDRFk3SjdhT1ZpLXU3ODlKUnRTcVhOTVM0T2RGcVd1MUpvaWJ1RmxJYmVmN2U5Y0dYVU1kd2NFbldqc1p0MllTajZ0NWlhVU5MU2pHX0hMYl9tWnR4WWY0X0IzUnJXdkdQZXNWTWdhLUk1Ym5SMEQwelVTVnByMzFuR0JGNm0tQmlVUS03MFlfT21aSXVFWVBhWmRFVVZEX3BGNEFCaTYwUVJrcHkwcHlvVHdZUzljTFZneUNpaTVfQ013YzZvbEI
LT.NS,"Tue, 28 Apr 2026 07:00:00 GMT","Larsen & Toubro Schedules Q4FY26 Earnings Conference Call for May 5, 2026 - scanx.trade",scanx.trade,https://news.google.com/rss/articles/CBMixgFBVV95cUxOelVCTDlVU2d4YkViZ3g1aklKX0gtLXViS0tNaW42OVdJTVA0SGpVcEpLRXFUQWtIV2tfWkw5d1hSTE9SQkotRHQ5LU9sTXR3eW9nVzJKemphdXZ3NlRucUZyWVp5cjdlWl91OFdNTVQ0TFBqVnBiZmFkMDFfcDBDNDVETU9zWnZJLVdRRDNCRGI1RTNmUDRjVEk4UW1CalcwRUY2aGRYY1oxeEc4QkdPMzlULS1JOUF5VEtLU1hlbVJTS2JTQ3c?oc=5,CBMixgFBVV95cUxOelVCTDlVU2d4YkViZ3g1aklKX0gtLXViS0tNaW42OVdJTVA0SGpVcEpLRXFUQWtIV2tfWkw5d1hSTE9SQkotRHQ5LU9sTXR3eW9nVzJKemphdXZ3NlRucUZyWVp5cjdlWl91OFdNTVQ0TFBqVnBiZmFkMDFfcDBDNDVETU9zWnZJLVdRRDNCRGI1RTNmUDRjVEk4UW1CalcwRUY2aGRYY1oxeEc4QkdPMzlULS1JOUF5VEtLU1hlbVJTS2JTQ3c
LT.NS,"Thu, 30 Apr 2026 07:00:00 GMT","Stocks to Watch Today: Vedanta, Larsen and Toubro, Indian Hume Pipe, Bajaj Finance, Schaeffler India,... - Moneycontrol.com",Moneycontrol.com,https://news.google.com/rss/articles/CBMixgJBVV95cUxQNlZaLXNrTEg5OGxOR0dzUEM1b05GX3c0WmN3ZFNFdTFQOUF3dFhSUWxYQjQzcl9POV80TjlEVE9nOE1zNV9TdlljM2FDSmI5Zlg5NFVHSEpqQWNSOEczQi0zTDV5X0dkRmcxRS1nc1JYUzNQdFRSQ3I4TGp0Nm9hN2MxU3VyVE16OFJ6V1Z0T3A3VU1HTkFnLW16WFBEcWtWazFJY3ZKNDRmLUQzUk1jZmZ4UzJ3bXlHcmpvdWJrS0pqb1VLbkVLRHNpRTBiOHY0cUMzQjlQVERSZFNzTVQ1RkljY0NSMjNDb19aX2RqSl9HM2IwS0d3eEJmNDhPS1BtRVNBbGpja2R4WmNOMm4xMnA4QmtBOEotOXNFR01SSkdPaDlSQkxVaE1adV96V2k1d0plS1p4MlFzdkJTRmN0SVVXcTlMUdIBywJBVV95cUxOV0tLMFhnNy1pRGtQd2N1VldzM0FFb0Nqc3pSUEJpMzYwRFlOZXBtUnpKNV92UUtQaElMaGJCaC1iNWN5ZzBNOWJDS2JGMjRHOFFoWnlFUXZrd3ptWkk1NzZmc0ZTRWwzeVBET0tiS3lDUG01WFFKeGZXRm8tVk5LOEZvdzlRVjdPVThnald3bmpreHV1c1R5UXJoNmtOZ05HQjBrVlU2OUVWMkxod2IzRWVvSGRHR1J4MjFTY2o1MVBGZmIzWVVaSjhZckxNT3l4MEU1YzVpZFByQlBUMnFlNGpsbXoyT0hNRkNVXzN2bGxYV2FFczlmUTBWSkxweU1uZmw0ZmhQdXZfUFJ6dWdSUjhqcm82S1h5T1Jha0pCZWpFVmkzVWdOcGR0QWZiWXNLa09SczE5WVI3QS04V3J1SkRVSWdZNUtURFdZ?oc=5,CBMixgJBVV95cUxQNlZaLXNrTEg5OGxOR0dzUEM1b05GX3c0WmN3ZFNFdTFQOUF3dFhSUWxYQjQzcl9POV80TjlEVE9nOE1zNV9TdlljM2FDSmI5Zlg5NFVHSEpqQWNSOEczQi0zTDV5X0dkRmcxRS1nc1JYUzNQdFRSQ3I4TGp0Nm9hN2MxU3VyVE16OFJ6V1Z0T3A3VU1HTkFnLW16WFBEcWtWazFJY3ZKNDRmLUQzUk1jZmZ4UzJ3bXlHcmpvdWJrS0pqb1VLbkVLRHNpRTBiOHY0cUMzQjlQVERSZFNzTVQ1RkljY0NSMjNDb19aX2RqSl9HM2IwS0d3eEJmNDhPS1BtRVNBbGpja2R4WmNOMm4xMnA4QmtBOEotOXNFR01SSkdPaDlSQkxVaE1adV96V2k1d0plS1p4MlFzdkJTRmN0SVVXcTlMUdIBywJBVV95cUxOV0tLMFhnNy1pRGtQd2N1VldzM0FFb0Nqc3pSUEJpMzYwRFlOZXBtUnpKNV92UUtQaElMaGJCaC1iNWN5ZzBNOWJDS2JGMjRHOFFoWnlFUXZrd3ptWkk1NzZmc0ZTRWwzeVBET0tiS3lDUG01WFFKeGZXRm8tVk5LOEZvdzlRVjdPVThnald3bmpreHV1c1R5UXJoNmtOZ05HQjBrVlU2OUVWMkxod2IzRWVvSGRHR1J4MjFTY2o1MVBGZmIzWVVaSjhZckxNT3l4MEU1YzVpZFByQlBUMnFlNGpsbXoyT0hNRkNVXzN2bGxYV2FFczlmUTBWSkxweU1uZmw0ZmhQdXZfUFJ6dWdSUjhqcm82S1h5T1Jha0pCZWpFVmkzVWdOcGR0QWZiWXNLa09SczE5WVI3QS04V3J1SkRVSWdZNUtURFdZ
LT.NS,"Wed, 29 Jul 2026 07:00:00 GMT",Larsen & Toubro Q1 Profit Rises 14% Amid Strong Order Growth - India News Network,India News Network,https://news.google.com/rss/articles/CBMipAFBVV95cUxQenJLV1lkQUIyUHpsY250NXprNEFNOEpsUVBVR2p1WXJROWFUSUNuZmo0WVJUcy1na0JycE10UGtmNU1XVnRHemUwY045bWNHZk5DeDdUWE14bVhyR0NQWnZOQ1VCS3NFYjV0a3ExQ1hWaDJZRXAzQzNFSEd4N0NXQWV0amQxZVAwOU9IRzhLcFlPU1Q0ZmJzR2J0emdCT0JOS013NA?oc=5,CBMipAFBVV95cUxQenJLV1lkQUIyUHpsY250NXprNEFNOEpsUVBVR2p1WXJROWFUSUNuZmo0WVJUcy1na0JycE10UGtmNU1XVnRHemUwY045bWNHZk5DeDdUWE14bVhyR0NQWnZOQ1VCS3NFYjV0a3ExQ1hWaDJZRXAzQzNFSEd4N0NXQWV0amQxZVAwOU9IRzhLcFlPU1Q0ZmJzR2J0emdCT0JOS013NA
LT.NS,"Sat, 11 Jul 2026 07:00:00 GMT",L&T Q1 results: Profit rises as margins improve - Lapaas Voice,Lapaas Voice,https://news.google.com/rss/articles/CBMibEFVX3lxTE1GUmdjYnNzRWUtMXdwUTl1eVR6eDJKWXI5b19WVUlTOW9WTXpzLXJTLTlPUU03b2dva3dvdHhzZ2JTdWVka0NmdXN1Yzc0QXpvVzlXUjFWNDY3ZFRCNEFMaUpOUW9xOUktc0ROUw?oc=5,CBMibEFVX3lxTE1GUmdjYnNzRWUtMXdwUTl1eVR6eDJKWXI5b19WVUlTOW9WTXpzLXJTLTlPUU03b2dva3dvdHhzZ2JTdWVka0NmdXN1Yzc0QXpvVzlXUjFWNDY3ZFRCNEFMaUpOUW9xOUktc0ROUw
LT.NS,"Tue, 27 Jan 2026 08:00:00 GMT","L&T Q3 preview: Profit may jump by a third, but Middle East orders in focus - Livemint",Livemint,https://news.google.com/rss/articles/CBMiqwFBVV95cUxPMW56U2gyOERpNlhzVGtqNFVCR3pJaVpTRkVTaEtsajgweEdTMDcwYk1XRUp4bEtyVEFnUDQxU1JYM3kzaFNwZTRYTVRmM0hSX05CZVBNOTNxdmhiajB0eXV1VjFQeW9YT3RVdUFySnNXenZrd3JuSkMzZnk0eW50UkM1VVMtZ01zSEtPdV8zbWJRc2czVWxXNGJ5ZGNrVkVldHhkS0FHM3FMbmvSAbABQVVfeXFMUGNfTVJfcnNlZzVwcU93bGM0LU00NjB1WE45aTFubHNreHlMeXZLb29IVkExZVhvamxLTjk3R0V4QmNSaW5RTlFkbWpTRUxTNGtVZllPY1RlSExVQ2gzM19sbllLS0s5VXRncl94Y2lNc0tMWDF0SWdDQjJENFZhMFQ5SW1LTHF6SkkxSVdaQkJsdzV0d3JESGtHSDJKZGtiS2xhQzZ1RDZKQTdXQUp0eHM?oc=5,CBMiqwFBVV95cUxPMW56U2gyOERpNlhzVGtqNFVCR3pJaVpTRkVTaEtsajgweEdTMDcwYk1XRUp4bEtyVEFnUDQxU1JYM3kzaFNwZTRYTVRmM0hSX05CZVBNOTNxdmhiajB0eXV1VjFQeW9YT3RVdUFySnNXenZrd3JuSkMzZnk0eW50UkM1VVMtZ01zSEtPdV8zbWJRc2czVWxXNGJ5ZGNrVkVldHhkS0FHM3FMbmvSAbABQVVfeXFMUGNfTVJfcnNlZzVwcU93bGM0LU00NjB1WE45aTFubHNreHlMeXZLb29IVkExZVhvamxLTjk3R0V4QmNSaW5RTlFkbWpTRUxTNGtVZllPY1RlSExVQ2gzM19sbllLS0s5VXRncl94Y2lNc0tMWDF0SWdDQjJENFZhMFQ5SW1LTHF6SkkxSVdaQkJsdzV0d3JESGtHSDJKZGtiS2xhQzZ1RDZKQTdXQUp0eHM
LT.NS,"Tue, 28 Jul 2026 07:00:00 GMT",Asian Paints vs Larsen & Toubro: Full Stock Comparison - Univest,Univest,https://news.google.com/rss/articles/CBMic0FVX3lxTE5nOVpnaFQxVXI3dWNjOHRpSllpRVZpNHA3VEF1Yng5dnR4aEV0Z1lsMDRTRHJXVEJ2NU5hYm1kdEgyaFJXX3VQbnNuSWFpVXAwN1FrekJwOXp5TDMxVkFtTmRYbmt4RUJLQWxsY1hIa20zRzQ?oc=5,CBMic0FVX3lxTE5nOVpnaFQxVXI3dWNjOHRpSllpRVZpNHA3VEF1Yng5dnR4aEV0Z1lsMDRTRHJXVEJ2NU5hYm1kdEgyaFJXX3VQbnNuSWFpVXAwN1FrekJwOXp5TDMxVkFtTmRYbmt4RUJLQWxsY1hIa20zRzQ
LT.NS,"Tue, 28 Jul 2026 07:00:00 GMT","Q1 results: L&T, HUL, Pfizer, Varun Beverages, and 70 more on July 28 - Business Standard",Business Standard,https://news.google.com/rss/articles/CBMi3wFBVV95cUxPS09mdWkwRy1RSlRuTjRyUEpDdDlxVVRnWld1eUdVNENSVkxOYlMzSlppcmZtUkYxcHpFZVpmQVJkdEJWYk16ZEN1LWhBRWFQMTN0S3MxUWpMMnptcWZaZ2dZSDhFdFd1NGxReHRacDVaQ2VhZlhsR004YlRpa05kamRJcmR4LXUtZ0p6N3drek5uTDgxRUlBMnAybGhZbl85OHJ1c0dLd1JBWEJTMDVkQ1lqdUJGekJvaElPbXEtYk9sc2ZjSmdfWTFPeExLM1hSbkthV1B4YmhTWFZKVFJV0gHkAUFVX3lxTE1KYWZlMFpxUkNUOWFYcklBQW5MWjJ0b0J3a2RFSkY3d1d1Mnprb0tBUFMtMkRialpfWG40dmpPckVuS0V5aWdaZzRHWDJRR0NOdnIwWC1QdzlZT1ZSV21XMjd6cGU5U2xYOTQ2Q1Zsd0o0a1NXekRHdUhJSlRnYXVqb1RsRnlYZlpDSTg2RFJNV1ltQXZNUUxhNDJFZEpyUGNXVnR0VThETklzQzB6MHFjM0d6aFRuNlViYklWdFphT3hnTGs0YTJnSy04RDVVTk4yRTQtSnFpS1dPU1JxdzMwYUdBRw?oc=5,CBMi3wFBVV95cUxPS09mdWkwRy1RSlRuTjRyUEpDdDlxVVRnWld1eUdVNENSVkxOYlMzSlppcmZtUkYxcHpFZVpmQVJkdEJWYk16ZEN1LWhBRWFQMTN0S3MxUWpMMnptcWZaZ2dZSDhFdFd1NGxReHRacDVaQ2VhZlhsR004YlRpa05kamRJcmR4LXUtZ0p6N3drek5uTDgxRUlBMnAybGhZbl85OHJ1c0dLd1JBWEJTMDVkQ1lqdUJGekJvaElPbXEtYk9sc2ZjSmdfWTFPeExLM1hSbkthV1B4YmhTWFZKVFJV0gHkAUFVX3lxTE1KYWZlMFpxUkNUOWFYcklBQW5MWjJ0b0J3a2RFSkY3d1d1Mnprb0tBUFMtMkRialpfWG40dmpPckVuS0V5aWdaZzRHWDJRR0NOdnIwWC1QdzlZT1ZSV21XMjd6cGU5U2xYOTQ2Q1Zsd0o0a1NXekRHdUhJSlRnYXVqb1RsRnlYZlpDSTg2RFJNV1ltQXZNUUxhNDJFZEpyUGNXVnR0VThETklzQzB6MHFjM0d6aFRuNlViYklWdFphT3hnTGs0YTJnSy04RDVVTk4yRTQtSnFpS1dPU1JxdzMwYUdBRw
LT.NS,"Sun, 19 Jul 2026 07:00:00 GMT",L&T Wins Multiple Mega Orders for Metals & Minerals Business - scanx.trade,scanx.trade,https://news.google.com/rss/articles/CBMirwFBVV95cUxQYUNGYmE4V3VTQ2F3cS1yQzRRZjRCU3Y5OW9Jd09wMHM0c2JxSGNNVkQtajVEbnZjbXZGdEVkWml2WjNEVmY1ZmI4RElINGhqeUFjeFNrMzhKdWdyOGl3SkFfOXRraV9sQkl3b29pNEZSdm05UjczcndfaEpEamhqeURJaTNDSkQ5cGhlYV91TUtnSW1GMlVNZmpVb1pLX3NZMGo1QmhRNDdEeHptYnpv?oc=5,CBMirwFBVV95cUxQYUNGYmE4V3VTQ2F3cS1yQzRRZjRCU3Y5OW9Jd09wMHM0c2JxSGNNVkQtajVEbnZjbXZGdEVkWml2WjNEVmY1ZmI4RElINGhqeUFjeFNrMzhKdWdyOGl3SkFfOXRraV9sQkl3b29pNEZSdm05UjczcndfaEpEamhqeURJaTNDSkQ5cGhlYV91TUtnSW1GMlVNZmpVb1pLX3NZMGo1QmhRNDdEeHptYnpv
LT.NS,"Wed, 29 Oct 2025 07:00:00 GMT","Larsen & Toubro Q2 Results: Profit rises 16% YoY to Rs 3,926 crore, revenue up 10% - The Economic Times",The Economic Times,https://news.google.com/rss/articles/CBMi6AFBVV95cUxNaUZIYWJ2dVZYR3B2OWFZZEFWVmFYWlBfbFpnOTFDQ3hSX3h4Tk13azMtRDQtSG94ajRwZzhRNTVoTU9mTG4zZ1d5TldXd0ZRN3NobGxrbHB5ZmpuOWhaR25qZERKemJ4UmFjeXNCYXFGOVBrcUtjMHlPWUhDV09SOWQ1dWd3RDRTWWM1QzJINXdfeWlrZmd2eDFweGJrd2E5T1dIaHZ5OEYzZVZOWTc1ejY5RTZTazR1bXAzWGxxQngxNElRUjREdWZyWVh0bTBQMnNlVkowTlUzTnRFRGZEblZZcGgtcE1O0gHuAUFVX3lxTE9yZjJUaVFfM1NvQ01sYm5wT2t0Wm5ubnVPQjBKZDBPd2pzWkVoMHBnMmMxT1cxLXQ2UGJRaDlzRWFtRUxETDJKdGRfem1YbWthMTRSZU82QUVhcEhxam1lYlpiSUZ4TVYzSDhKWEVTdTNGaUZRX0NvWmFQTVIxTEFDMHNabmszSHlCaEtzdkJPWUw2ZjRFdjBHb0lzM2hHanZTYlJhMHZUZm14czBwckkyZndOcnNOQnN3cGx2dU5na0xCeHFObXJoaTlrNkczeU1nb2JYbWxBUURJdHJqc2M3ZDRTN0xIWHBZUmxVX1E?oc=5,CBMi6AFBVV95cUxNaUZIYWJ2dVZYR3B2OWFZZEFWVmFYWlBfbFpnOTFDQ3hSX3h4Tk13azMtRDQtSG94ajRwZzhRNTVoTU9mTG4zZ1d5TldXd0ZRN3NobGxrbHB5ZmpuOWhaR25qZERKemJ4UmFjeXNCYXFGOVBrcUtjMHlPWUhDV09SOWQ1dWd3RDRTWWM1QzJINXdfeWlrZmd2eDFweGJrd2E5T1dIaHZ5OEYzZVZOWTc1ejY5RTZTazR1bXAzWGxxQngxNElRUjREdWZyWVh0bTBQMnNlVkowTlUzTnRFRGZEblZZcGgtcE1O0gHuAUFVX3lxTE9yZjJUaVFfM1NvQ01sYm5wT2t0Wm5ubnVPQjBKZDBPd2pzWkVoMHBnMmMxT1cxLXQ2UGJRaDlzRWFtRUxETDJKdGRfem1YbWthMTRSZU82QUVhcEhxam1lYlpiSUZ4TVYzSDhKWEVTdTNGaUZRX0NvWmFQTVIxTEFDMHNabmszSHlCaEtzdkJPWUw2ZjRFdjBHb0lzM2hHanZTYlJhMHZUZm14czBwckkyZndOcnNOQnN3cGx2dU5na0xCeHFObXJoaTlrNkczeU1nb2JYbWxBUURJdHJqc2M3ZDRTN0xIWHBZUmxVX1E
BHARTIARTL.NS,"Tue, 04 Aug 2026 07:00:00 GMT",Bharti Airtel Q1 profit jumps 37.3%; postpaid users cross 30 million - Business Standard,Business Standard,https://news.google.com/rss/articles/CBMi5gFBVV95cUxNaEhkSkdLaHpGMUVObUx2WFhTQkxhWkp1NjRSRGVMeWZZWVhSWFRqV0dDelpVUW5GaG9vM29CcUgwSGFVUlJCaURfUlhUSnlaYzlKcDNzVzgyNFFwMWJ4QmowMDhSZDlkUExiT014d09uZW9kcTUyeWtHbTkzdU9RVlh0UndaUjlNR0c3WlN0aHppSzc3Q2xhMUVnMVhBUW9RRUxFQ09CMm1rRU1yWlppWWg2UnR0Y2o2RTJiYzFPSm1SZXFMRlFqRzQwbTQ4QlZvZnJWYlVlVG1XdFYyckZJQ2xITFZlZ9IB6wFBVV95cUxQckE2V0hxSkxDZ3ZCVnNYbjFOZG1jX1BYRk14RlFnUWFQUzlJMVVaV04wdHh3SFRpcjNSVEVLcXA5Rjc5OEhvWDhkRXczZ2VHSDJtSUxORHFiVUxJZUs2VnhjRDVHMnJSQ2E1LUh1cUROc3FQSUl3UVNvUmplRldFZ1VkOEVOU2o4WXVzcTRodDM2MjZfdTVxc3VBUGZXZFdGUk9rNFMtTlI4NWRpdHMxLV9KeFExOTJlS1Y2eWpwc185dWotLTg0TmNoREZFTE5YMC0zNXEyQnJ4cUtvSFp1czhBejQ1UXdCX2Qw?oc=5,CBMi5gFBVV95cUxNaEhkSkdLaHpGMUVObUx2WFhTQkxhWkp1NjRSRGVMeWZZWVhSWFRqV0dDelpVUW5GaG9vM29CcUgwSGFVUlJCaURfUlhUSnlaYzlKcDNzVzgyNFFwMWJ4QmowMDhSZDlkUExiT014d09uZW9kcTUyeWtHbTkzdU9RVlh0UndaUjlNR0c3WlN0aHppSzc3Q2xhMUVnMVhBUW9RRUxFQ09CMm1rRU1yWlppWWg2UnR0Y2o2RTJiYzFPSm1SZXFMRlFqRzQwbTQ4QlZvZnJWYlVlVG1XdFYyckZJQ2xITFZlZ9IB6wFBVV95cUxQckE2V0hxSkxDZ3ZCVnNYbjFOZG1jX1BYRk14RlFnUWFQUzlJMVVaV04wdHh3SFRpcjNSVEVLcXA5Rjc5OEhvWDhkRXczZ2VHSDJtSUxORHFiVUxJZUs2VnhjRDVHMnJSQ2E1LUh1cUROc3FQSUl3UVNvUmplRldFZ1VkOEVOU2o4WXVzcTRodDM2MjZfdTVxc3VBUGZXZFdGUk9rNFMtTlI4NWRpdHMxLV9KeFExOTJlS1Y2eWpwc185dWotLTg0TmNoREZFTE5YMC0zNXEyQnJ4cUtvSFp1czhBejQ1UXdCX2Qw
BHARTIARTL.NS,"Tue, 04 Aug 2026 07:00:00 GMT","Bharti Airtel Q1 results: Net profit rises 37% to Rs 8,167 crore, revenue up 18% - Moneycontrol.com",Moneycontrol.com,https://news.google.com/rss/articles/CBMi2gFBVV95cUxNWFBmMlU1aTdXSXBXQ0xBQXJZNjdnR3RkcnA1TERMRWJ1bldqX2k2WldDNXdyQnBaNi1seGY5TXJHWTZhNjFLOXFaMjVnMm5xMmQxRkNseThURWZWVEpaMUI4bHdLTklTcm9UWlhqMjBvRzRqd1J6TXd4Q044SUdNSENTeFBtaWkxNXJIV3ZzU0hZUU9ONTZ6N2c2X1gwRThFR1ctV3ZNWlBBRE9sajQtUjlwUkp2bjZiYjZlRGJ3YUVneC1aeHFpdHVQaVpHcWthZGgtME45aFQ2UdIB3wFBVV95cUxQcElEYXFOb01rMVF1UjRiR0IzdGY1c1FMUHJySFdoRjFRbEpDUDZueFVYY0k3N3g2NnJnSDFaSXVtOXJCU2RfcE4tR2ZILWZwY3JZM0xpNW1nZ2pVb2lYV2ZrWVdYOEJQS1BsWkllS3V6ZDV6RjlhaGtjMklrdUU4cV9QQUcyRGtxWlYtODQtOWdoZ1JJX2ZPZ29xN1NYcXNJOHRobmU5MzhvNzZBeW0wblBFUXRNN3RPZU4yU2xMQ1BBcTBzc0dFNWt1VTZsU1VCZkoxLTRRVUlZd01iU293?oc=5,CBMi2gFBVV95cUxNWFBmMlU1aTdXSXBXQ0xBQXJZNjdnR3RkcnA1TERMRWJ1bldqX2k2WldDNXdyQnBaNi1seGY5TXJHWTZhNjFLOXFaMjVnMm5xMmQxRkNseThURWZWVEpaMUI4bHdLTklTcm9UWlhqMjBvRzRqd1J6TXd4Q044SUdNSENTeFBtaWkxNXJIV3ZzU0hZUU9ONTZ6N2c2X1gwRThFR1ctV3ZNWlBBRE9sajQtUjlwUkp2bjZiYjZlRGJ3YUVneC1aeHFpdHVQaVpHcWthZGgtME45aFQ2UdIB3wFBVV95cUxQcElEYXFOb01rMVF1UjRiR0IzdGY1c1FMUHJySFdoRjFRbEpDUDZueFVYY0k3N3g2NnJnSDFaSXVtOXJCU2RfcE4tR2ZILWZwY3JZM0xpNW1nZ2pVb2lYV2ZrWVdYOEJQS1BsWkllS3V6ZDV6RjlhaGtjMklrdUU4cV9QQUcyRGtxWlYtODQtOWdoZ1JJX2ZPZ29xN1NYcXNJOHRobmU5MzhvNzZBeW0wblBFUXRNN3RPZU4yU2xMQ1BBcTBzc0dFNWt1VTZsU1VCZkoxLTRRVUlZd01iU293
BHARTIARTL.NS,"Wed, 13 May 2026 07:00:00 GMT","Bharti Airtel Q4 Results: Net profit rises 10.5% QoQ to ₹7,325 crore. Here are key highlights - Livemint",Livemint,https://news.google.com/rss/articles/CBMiiAJBVV95cUxQLV9CLUNuRzdWYU83cVQ3Q0c1VjN6bkwwZmhDMmVIX2w1cTJMcEdQMUxIU09IZXZuNmJaWmZaZG1MbFU3UV90RHl1bkdLUEFic0U2R0RQaVJwRF9BcmNmdFR5d1A1aXo4cDg3RlN6a25ZazhxeGtfYkh3ZUpMZ2lTNDN0Y3d5RDB6bnFBVUdBeWt4YV9wRmpXQ0Zpa1ZUQkRwdjl1dnFGeVJqOVhJLVU5cFZJWmVlMy1zOXJUNHhjZjFzd19vVWJPMThqREtZWkRiQU1KUVhTQzB6OEJTX3E4NThPZXotN19HVTRSb0ZTbXF6Vm1XTUhYR2JuZUxtZ1psTTA5d1N6b2bSAY4CQVVfeXFMTzBRVk5rQ3RiSHYxS1YtUHh3US13b3VfckFlcUdDd0VGUzY0N2lMWlRDMzFJNmtvbE5CY2ZYaFNQcUVyalVpOC1ibjlrSWZYQmpnU1RocFZpWnJkMnVKWnRfOVFqS0k0Z211OEowb2xhamg0WHZUSUNTSGgzajRJMEJuUnVzNTJfYmZjbHp6RGQ1RE1TNHU4N1YtcGloVlNmYzBRckg5MXJTS1FlbHBRQkhCNUtXNFBGU3V1bktQd2VWLTBHX04xazFQaGpiS3g1OThKWEZPWmd2RHJjXzM2Sl9BVmlCcVRLRXlaQXktX0xGWDhmeE9IbHJNdUcyQUJ2ak9YNDNpMnVwcEFuM29R?oc=5,CBMiiAJBVV95cUxQLV9CLUNuRzdWYU83cVQ3Q0c1VjN6bkwwZmhDMmVIX2w1cTJMcEdQMUxIU09IZXZuNmJaWmZaZG1MbFU3UV90RHl1bkdLUEFic0U2R0RQaVJwRF9BcmNmdFR5d1A1aXo4cDg3RlN6a25ZazhxeGtfYkh3ZUpMZ2lTNDN0Y3d5RDB6bnFBVUdBeWt4YV9wRmpXQ0Zpa1ZUQkRwdjl1dnFGeVJqOVhJLVU5cFZJWmVlMy1zOXJUNHhjZjFzd19vVWJPMThqREtZWkRiQU1KUVhTQzB6OEJTX3E4NThPZXotN19HVTRSb0ZTbXF6Vm1XTUhYR2JuZUxtZ1psTTA5d1N6b2bSAY4CQVVfeXFMTzBRVk5rQ3RiSHYxS1YtUHh3US13b3VfckFlcUdDd0VGUzY0N2lMWlRDMzFJNmtvbE5CY2ZYaFNQcUVyalVpOC1ibjlrSWZYQmpnU1RocFZpWnJkMnVKWnRfOVFqS0k0Z211OEowb2xhamg0WHZUSUNTSGgzajRJMEJuUnVzNTJfYmZjbHp6RGQ1RE1TNHU4N1YtcGloVlNmYzBRckg5MXJTS1FlbHBRQkhCNUtXNFBGU3V1bktQd2VWLTBHX04xazFQaGpiS3g1OThKWEZPWmd2RHJjXzM2Sl9BVmlCcVRLRXlaQXktX0xGWDhmeE9IbHJNdUcyQUJ2ak9YNDNpMnVwcEFuM29R
BHARTIARTL.NS,"Tue, 04 Aug 2026 07:00:00 GMT","Bharti Airtel Q1 Results: India, Africa businesses fuel revenue beat; ARPU rises to ₹264 - CNBC TV18",CNBC TV18,https://news.google.com/rss/articles/CBMi2AFBVV95cUxPd0ZOTkdNWTVSMzlCVktqaGx5NjVQa2o0a3JUU1FyWEhaT0o5ZkF5dmdTTklVaDhPWnhGbTF5bnV0OFYzNFBxdVdmejhXb3dGS0ZHNGNBNjA1Mk9XOURUZ0Rtbjc3UnJNcEtRd0QyVkM0ZzhpWEhxVzBON2VfWDJkNjlhZHVHSmlyd3NtLWxZVUV1bFRfZk53WGJUSk92eVdkaFhlZk5Kbng4eDB4WlY5Wl9mQTZ6bk5wU2w1TXNmMndyVVFiWS1FN21KODBUWXRyM2dUNW5NNTPSAd4BQVVfeXFMTmZZcEprbE43X3NYbER3UGRRTHVPNnZpOWwxQjQ3ZHNpc09BWHdqOWZWY2NYQmhZMUN5aTF4ZGhmWTRFLS1KVXViVElMdzhZS2Vyc2VBYmZsSjg5OHV0X3BzR0I0V2VrMjRFTEEzQVhPZ2JRRHNKTm9LRUQxYTJIam5RZjNnNmpjcU5DU0JUd1pBQjZyS3d5OGNzNjlBa1d0QXZSaWlQOWR2RWtfaWZPS3Jqc0FjU1VxMG5yTkxCZjBnZVpUN2xBWmVCQ3h3eWV3dlg2SWUwYXQ5WDA0anFB?oc=5,CBMi2AFBVV95cUxPd0ZOTkdNWTVSMzlCVktqaGx5NjVQa2o0a3JUU1FyWEhaT0o5ZkF5dmdTTklVaDhPWnhGbTF5bnV0OFYzNFBxdVdmejhXb3dGS0ZHNGNBNjA1Mk9XOURUZ0Rtbjc3UnJNcEtRd0QyVkM0ZzhpWEhxVzBON2VfWDJkNjlhZHVHSmlyd3NtLWxZVUV1bFRfZk53WGJUSk92eVdkaFhlZk5Kbng4eDB4WlY5Wl9mQTZ6bk5wU2w1TXNmMndyVVFiWS1FN21KODBUWXRyM2dUNW5NNTPSAd4BQVVfeXFMTmZZcEprbE43X3NYbER3UGRRTHVPNnZpOWwxQjQ3ZHNpc09BWHdqOWZWY2NYQmhZMUN5aTF4ZGhmWTRFLS1KVXViVElMdzhZS2Vyc2VBYmZsSjg5OHV0X3BzR0I0V2VrMjRFTEEzQVhPZ2JRRHNKTm9LRUQxYTJIam5RZjNnNmpjcU5DU0JUd1pBQjZyS3d5OGNzNjlBa1d0QXZSaWlQOWR2RWtfaWZPS3Jqc0FjU1VxMG5yTkxCZjBnZVpUN2xBWmVCQ3h3eWV3dlg2SWUwYXQ5WDA0anFB
BHARTIARTL.NS,"Tue, 04 Aug 2026 07:00:00 GMT","Telecom Stock Reports Strong Q1 FY27 Results; Revenue Rises 18% YoY, Net Income Jumps 35% - Dalal Street Investment Journal",Dalal Street Investment Journal,https://news.google.com/rss/articles/CBMizwFBVV95cUxNaDg2bzdZMEdCVEZWNlcwV3ZuNHZweHpNWmg1alUteTNsZ2I3cGVEbm1aUDIzZFVPb0l2T3JLOENrREd0SG91OGhQM1hqV2FiSWtFR3lhcF96Y3NCdjBMclpreWwyaGJFXzJFNEVMMGhXSnFueks1VmNsbm0wc0JkNE1jYTMzaExxTGN5QnVzOUJnUXhWcXV4V0xZbVVMYVl6clN5ZHlvZGlEUXFLcHlEbjVDbkw2OXVqSE5jTGdMUFlKRHdZZ2NzZnhyeURuTmc?oc=5,CBMizwFBVV95cUxNaDg2bzdZMEdCVEZWNlcwV3ZuNHZweHpNWmg1alUteTNsZ2I3cGVEbm1aUDIzZFVPb0l2T3JLOENrREd0SG91OGhQM1hqV2FiSWtFR3lhcF96Y3NCdjBMclpreWwyaGJFXzJFNEVMMGhXSnFueks1VmNsbm0wc0JkNE1jYTMzaExxTGN5QnVzOUJnUXhWcXV4V0xZbVVMYVl6clN5ZHlvZGlEUXFLcHlEbjVDbkw2OXVqSE5jTGdMUFlKRHdZZ2NzZnhyeURuTmc
BHARTIARTL.NS,"Thu, 05 Feb 2026 08:00:00 GMT","Bharti Airtel Q3 results: Net profit drops 55% to Rs 6,630 crore on higher operating and spectrum costs - The Times of India",The Times of India,https://news.google.com/rss/articles/CBMilAJBVV95cUxQZTl6VF9WMTJ1TXBUeDR4am9SbDUtbVNCZjdLblNZNmVCVUtqZlprUWlMQnd0dVZNazg2cTI1NzV0c1p2a3Qwemc5OUhFVEQ2aDFHUVBHdm0xZFBGZndvbF9Xc1BkZk40T3NwLWlzZkd2UzJyMVFxeGZlQXpvZUhRRGhLdWJMR2MwQ0lUYTEzMnp3ZzBtcmliWEZqbkF6SXlzV0g4cEJsaVF0Z1VwN1p3aDdlR1RwdXRjeUF5U3dweHBnVU1KT2pzelpiV1NBczJPRDZUdE5zTlFnR29WbU51RlRpR01hVVFiSFdUT2hOdF81MkVzemZ1SXFrbzJBdU10VGxEeUgxU1dtd1g0STlubWtleXXSAZoCQVVfeXFMT3gzcTg5SWY4eENNQ0VLZ2ZZQ2FuYUliTHhRWktiTTBsdG0zSzhpNHVhUEU0d09BZHpuRzBvZGpLOGhIZVFpWkREN3RGV0pIYTRvZDZDLU1kcU5uTEZ3ZmU3SU54ZXZpMU03aWduR0NGT3JITEFLQkl4OFEwb29uc2tsZ2tFM0dRVERpX3JRZjgwb2h6aVFremVoSWtJZDhGdWRkQXBzTUxpT3FtZ1hYSzY1aFdwWElYdF9RWExoZE40c3ZZVVY1MGd3dzk2MXBSSmZkM3dlTkhOSHRDWDRKZDhDS3Jnb1YzWHlXQkg0UXVzOFI1cFJydkZrLXU3Y2NJdWFreVF2bkRTRmNJNXgzZGVOR3M3VWpFT2ZB?oc=5,CBMilAJBVV95cUxQZTl6VF9WMTJ1TXBUeDR4am9SbDUtbVNCZjdLblNZNmVCVUtqZlprUWlMQnd0dVZNazg2cTI1NzV0c1p2a3Qwemc5OUhFVEQ2aDFHUVBHdm0xZFBGZndvbF9Xc1BkZk40T3NwLWlzZkd2UzJyMVFxeGZlQXpvZUhRRGhLdWJMR2MwQ0lUYTEzMnp3ZzBtcmliWEZqbkF6SXlzV0g4cEJsaVF0Z1VwN1p3aDdlR1RwdXRjeUF5U3dweHBnVU1KT2pzelpiV1NBczJPRDZUdE5zTlFnR29WbU51RlRpR01hVVFiSFdUT2hOdF81MkVzemZ1SXFrbzJBdU10VGxEeUgxU1dtd1g0STlubWtleXXSAZoCQVVfeXFMT3gzcTg5SWY4eENNQ0VLZ2ZZQ2FuYUliTHhRWktiTTBsdG0zSzhpNHVhUEU0d09BZHpuRzBvZGpLOGhIZVFpWkREN3RGV0pIYTRvZDZDLU1kcU5uTEZ3ZmU3SU54ZXZpMU03aWduR0NGT3JITEFLQkl4OFEwb29uc2tsZ2tFM0dRVERpX3JRZjgwb2h6aVFremVoSWtJZDhGdWRkQXBzTUxpT3FtZ1hYSzY1aFdwWElYdF9RWExoZE40c3ZZVVY1MGd3dzk2MXBSSmZkM3dlTkhOSHRDWDRKZDhDS3Jnb1YzWHlXQkg0UXVzOFI1cFJydkZrLXU3Y2NJdWFreVF2bkRTRmNJNXgzZGVOR3M3VWpFT2ZB
BHARTIARTL.NS,"Wed, 13 May 2026 07:00:00 GMT","Bharti Airtel Q4 Results: Profit falls 34% YoY to Rs 7,325 crore even as revenue jumps 16% - The Economic Times",The Economic Times,https://news.google.com/rss/articles/CBMi9wFBVV95cUxQVXJqZmVuaWFlb1VCVGVSQnV6bm9GaHpmeXJPdUVSUDRqZzZKQUYzbTBJWlpQcUlJRnRUem45dl8wWklBeUpieFBTVGNGdUFER3Y2OU14SkpGWUhSdEFNcXR2Y0NTMmlqVTJrck9MX2VkdnNvYmcxb0otOFJoNzRWZ3RXXzVZUnRfVkNfeEdqZDlEUU93VExUOVI4NWJiQVNESndJek56RXBMVW1ZZ0tBYkwxYUJER2hKZnZicmt2c1pCb1VxWG5nLWZGNWhxWXpfUE5vWGVtaGdld2lyNG84VjFTTFJXeWpiZmxHdHp0azNoeXI0MkRz0gH8AUFVX3lxTE1vcEhmeWo0RTRpQTJOWC1zOURqWjJDdTZITE4xMkJ4UVpPV2htc3RfeC05dDZfRVdLZm94cks1di15eXMyMEZWMXdOTWFZVDF5ZVZGdFBkYjhla2RQQnVYcllxUUtDNzFhYjFYRVJpUU1kTnFHWW8zTVRvQ05oaHN1VXlWQU1UTXc2NmxFdi1HRE91Y0ZKajNVUmMyVXk1cVNmM1N5RGR4NXZ2aFAtOW5WdFpmLVZ3WHR0cm9NeE1zdHdOeFh4NUxWdXFMUk5Rb0tSbkpyVE1nSlNmUDEydDlVMVdaZnE0U1p6MFk0UFZKaGZaVUE0OTJ1T183UA?oc=5,CBMi9wFBVV95cUxQVXJqZmVuaWFlb1VCVGVSQnV6bm9GaHpmeXJPdUVSUDRqZzZKQUYzbTBJWlpQcUlJRnRUem45dl8wWklBeUpieFBTVGNGdUFER3Y2OU14SkpGWUhSdEFNcXR2Y0NTMmlqVTJrck9MX2VkdnNvYmcxb0otOFJoNzRWZ3RXXzVZUnRfVkNfeEdqZDlEUU93VExUOVI4NWJiQVNESndJek56RXBMVW1ZZ0tBYkwxYUJER2hKZnZicmt2c1pCb1VxWG5nLWZGNWhxWXpfUE5vWGVtaGdld2lyNG84VjFTTFJXeWpiZmxHdHp0azNoeXI0MkRz0gH8AUFVX3lxTE1vcEhmeWo0RTRpQTJOWC1zOURqWjJDdTZITE4xMkJ4UVpPV2htc3RfeC05dDZfRVdLZm94cks1di15eXMyMEZWMXdOTWFZVDF5ZVZGdFBkYjhla2RQQnVYcllxUUtDNzFhYjFYRVJpUU1kTnFHWW8zTVRvQ05oaHN1VXlWQU1UTXc2NmxFdi1HRE91Y0ZKajNVUmMyVXk1cVNmM1N5RGR4NXZ2aFAtOW5WdFpmLVZ3WHR0cm9NeE1zdHdOeFh4NUxWdXFMUk5Rb0tSbkpyVE1nSlNmUDEydDlVMVdaZnE0U1p6MFk0UFZKaGZaVUE0OTJ1T183UA
BHARTIARTL.NS,"Tue, 04 Aug 2026 07:00:00 GMT","Bharti Airtel Q1 Results Preview: Brokerages See Strong Revenue, EBITDA Growth; Africa Business to Support - Goodreturns",Goodreturns,https://news.google.com/rss/articles/CBMi3gFBVV95cUxOTTJ1M3lHQmZSbDFYVUVoV2drTFlvdEtsS1FBQWw4UG1XNVJ2VFB5N0RpMUZoYVNNZHl4UW90OW1nT1JiT2VoN3F3WlBsXzJOazdSZHhMXzYtQU9WNy00ZlpQMm5seU5uR0hNTVRtV1pjb2JsaFo3b2FKa0RKY1Q4V1dNeHJXWU9ONTdqcVVfQ29fWUVveExIX0ZZYXduclU1MnFmRWVyQnNsT1NwcHZfaFVtcE44azVZOUFwV2dwMkx4Um1EU1BUNE5ZeU45Z0dyY3UxNGtBYlAyWGhKM1E?oc=5,CBMi3gFBVV95cUxOTTJ1M3lHQmZSbDFYVUVoV2drTFlvdEtsS1FBQWw4UG1XNVJ2VFB5N0RpMUZoYVNNZHl4UW90OW1nT1JiT2VoN3F3WlBsXzJOazdSZHhMXzYtQU9WNy00ZlpQMm5seU5uR0hNTVRtV1pjb2JsaFo3b2FKa0RKY1Q4V1dNeHJXWU9ONTdqcVVfQ29fWUVveExIX0ZZYXduclU1MnFmRWVyQnNsT1NwcHZfaFVtcE44azVZOUFwV2dwMkx4Um1EU1BUNE5ZeU45Z0dyY3UxNGtBYlAyWGhKM1E
BHARTIARTL.NS,"Tue, 04 Aug 2026 07:00:00 GMT","Q1 results: Bharti Airtel, ONGC, Pidilite, Marico, and 131 more on Aug 4 - Business Standard",Business Standard,https://news.google.com/rss/articles/CBMi4wFBVV95cUxPWk51dFE5QW5ENjJqSEF3UWU3S3FGUWJhWkRFNkVyMlFGTjdSb3plenhsOTdWVTR6MzdjU3NZZGhEOW5DcTRPRVMwM2tLQWxyTG5idktRbTFGWkNVZnlvOFAzSHRLWW5JNG5Ub1YyRUFnSGpjeTJiV3pGMVJrcnZUejdkRkR2clpqWTZqSWU0WTI1Y1hSVjNMeHlTNUJEaENURF9KZlFDRWZ2bEJYN29SX0k4bEdDREgwZmZ5blc1UFAzMnRZdTFBVmx0TWtsNkc1ZkxvaGtERm9tRnJjUk94aWhIWdIB6AFBVV95cUxOLTg0cU9RQ29xT2xBbkNNOVlaVEFKRFVLVFdpbEJpMFNYODV1bWVEUVJlMWxKTWJtMFluZ1owazFoYXFRQ3dPcTRMTl9Oa2pmUzYwbXEzRDZYT29aSnRtYWVkVDFmVURsenBoZmhDc1dFV3A1ZC0tNTdhVm1DNUJLZWZsNXU4RzItNGI5cGVmVFFSbV9uYkdNNW1YTnRWTjdpWWlXWTh2YjBaa2xZeFA4ejJ0b0g1TG1sRjJsYS1PM3M3SVU1RlUtMDQ2SGpkV2tuel93dDNzcURJaGpFWUwzaVQ3MGJmbml1?oc=5,CBMi4wFBVV95cUxPWk51dFE5QW5ENjJqSEF3UWU3S3FGUWJhWkRFNkVyMlFGTjdSb3plenhsOTdWVTR6MzdjU3NZZGhEOW5DcTRPRVMwM2tLQWxyTG5idktRbTFGWkNVZnlvOFAzSHRLWW5JNG5Ub1YyRUFnSGpjeTJiV3pGMVJrcnZUejdkRkR2clpqWTZqSWU0WTI1Y1hSVjNMeHlTNUJEaENURF9KZlFDRWZ2bEJYN29SX0k4bEdDREgwZmZ5blc1UFAzMnRZdTFBVmx0TWtsNkc1ZkxvaGtERm9tRnJjUk94aWhIWdIB6AFBVV95cUxOLTg0cU9RQ29xT2xBbkNNOVlaVEFKRFVLVFdpbEJpMFNYODV1bWVEUVJlMWxKTWJtMFluZ1owazFoYXFRQ3dPcTRMTl9Oa2pmUzYwbXEzRDZYT29aSnRtYWVkVDFmVURsenBoZmhDc1dFV3A1ZC0tNTdhVm1DNUJLZWZsNXU4RzItNGI5cGVmVFFSbV9uYkdNNW1YTnRWTjdpWWlXWTh2YjBaa2xZeFA4ejJ0b0g1TG1sRjJsYS1PM3M3SVU1RlUtMDQ2SGpkV2tuel93dDNzcURJaGpFWUwzaVQ3MGJmbml1
BHARTIARTL.NS,"Tue, 04 Aug 2026 07:00:00 GMT","Bharti Airtel Q1 results: Net profit jumps 37% to ₹8,167 crore; revenue up 18% - Key highlights - Livemint",Livemint,https://news.google.com/rss/articles/CBMi8wFBVV95cUxPVUE3NnlLU1Y2UU10TU9vTFNSbm94cVhQOEFacVpLVGlxYzI0WmJIeHZkeGQybVFoOXRtT2Vrd1pWcmFtS2QyQXNKQzRmT1h2UlVwbFlIZmJ0bHJzQVRvaGFEWWxoWFc4aUVmejZ5eWFwM1RRTU42NVpScDlzbDM0NERwZWdkSF9TTmc1a0lPTkZ1ek9nOVA0NlQ3SE5uZmVFREFJTjhXbHpsZlpORGhPVzB3LXdlQUl1eV9KRXBUejg0TjBHd1kwYlZaeDREcXU0OEFkMVJHdU52WGEwRDdLUllES0JlRjdCVFJzMUdnUkNXNjDSAfgBQVVfeXFMUFpmOGk4TEp6dDZBQnJPZ3RmNWZrNUExcU5OOVJWSGtoS2c1Yl9yaWUyZEg3S0hVRzZFR1JDRTZ1X0N6b3lfVGoxUmlSTk1VTDV2M29IV3RjWmZaQ1k3ZFdHcE45cVVQaUgxVENraFkyWU1PUHJQYnhLREEzeXg0RjFHbmt0d3FuNm1qR3lSczJwdjRtZ1F6anM2MVNQMlA0aERGSDZ4bW1pREdnbGZpUm9qTy1YNFUxTWI5MGUta1lDZjMyREhNYlc4TldLR3FVTUdmMlVVUXAtSmR1UGItUXlqcXJjNDJGUUFCYkZvNE9hcjcwOGtZU2M?oc=5,CBMi8wFBVV95cUxPVUE3NnlLU1Y2UU10TU9vTFNSbm94cVhQOEFacVpLVGlxYzI0WmJIeHZkeGQybVFoOXRtT2Vrd1pWcmFtS2QyQXNKQzRmT1h2UlVwbFlIZmJ0bHJzQVRvaGFEWWxoWFc4aUVmejZ5eWFwM1RRTU42NVpScDlzbDM0NERwZWdkSF9TTmc1a0lPTkZ1ek9nOVA0NlQ3SE5uZmVFREFJTjhXbHpsZlpORGhPVzB3LXdlQUl1eV9KRXBUejg0TjBHd1kwYlZaeDREcXU0OEFkMVJHdU52WGEwRDdLUllES0JlRjdCVFJzMUdnUkNXNjDSAfgBQVVfeXFMUFpmOGk4TEp6dDZBQnJPZ3RmNWZrNUExcU5OOVJWSGtoS2c1Yl9yaWUyZEg3S0hVRzZFR1JDRTZ1X0N6b3lfVGoxUmlSTk1VTDV2M29IV3RjWmZaQ1k3ZFdHcE45cVVQaUgxVENraFkyWU1PUHJQYnhLREEzeXg0RjFHbmt0d3FuNm1qR3lSczJwdjRtZ1F6anM2MVNQMlA0aERGSDZ4bW1pREdnbGZpUm9qTy1YNFUxTWI5MGUta1lDZjMyREhNYlc4TldLR3FVTUdmMlVVUXAtSmR1UGItUXlqcXJjNDJGUUFCYkZvNE9hcjcwOGtZU2M
BHARTIARTL.NS,"Sat, 25 Jul 2026 07:00:00 GMT",Bharti Airtel Q1 Results 2026 Date: Telecom major to announce June quarter earnings on THIS date | Check details - Livemint,Livemint,https://news.google.com/rss/articles/CBMiiwJBVV95cUxQbzNZQVc2ZWZJWjNSNmNranh1blF0cnBfYlpfSUJIRFhkWHgtWk5PdHo4T1VWUnRBRFpETm1mQnIzYUNBUXA3TmJqUGtCbEdtSkRsUDluc0lHdC1MelF4OVU1VXpvSkRELWVleDJPR0pUU25SSGtiSEt5aXc0ZElEY1hod0NRTkFPVjR1eWNZUlo4QWJsejlWMUhqd05SeVpqb0o0ZEtUZlAtSUtCNHJWaE80Z21pWUx1MnVGRkU4N2RZSEtwU2FHQzBXX3JWMGZaNXFwdGpPbFUtMzJZa2l2NVYyQTB5MUJ4b2IzWDFmMV9hMTBCOUM5YkcyYXZCdnRnbGh3NDZkQ28wdWfSAZACQVVfeXFMTWd4Z19JWmsxNVRhamk0VFNrSkJGT1g1NUpWUEtrV1J2d2ZvLU5pWE1mZHJtZGs2NHNJRFV1NkVQcmRZbkxHWHdnUXdBRmpLRnJycHg4MG9nX0RSck9xZWlnRHFKXzJqV0p5Zi1IYkJLNG44c1B5NUdXZm5BVzFIS25uck1GTDBtSzBBYmR2Mjk4a0cwSmNlcFhjMEFXT09SQTRUNDNsS09KWXVjVEhXY3V2MGpJWllxNjNhMXF0OVZUbnVKYUQtdDdXUUEtZUFsbVBSQUMxTGlEd19sdHpTM3g5WmYza3V3OGktU1VpdUhwaEsyUnpBZjI2TVhIaDA0YUlnakFpSko5b0lFQnNQWHI?oc=5,CBMiiwJBVV95cUxQbzNZQVc2ZWZJWjNSNmNranh1blF0cnBfYlpfSUJIRFhkWHgtWk5PdHo4T1VWUnRBRFpETm1mQnIzYUNBUXA3TmJqUGtCbEdtSkRsUDluc0lHdC1MelF4OVU1VXpvSkRELWVleDJPR0pUU25SSGtiSEt5aXc0ZElEY1hod0NRTkFPVjR1eWNZUlo4QWJsejlWMUhqd05SeVpqb0o0ZEtUZlAtSUtCNHJWaE80Z21pWUx1MnVGRkU4N2RZSEtwU2FHQzBXX3JWMGZaNXFwdGpPbFUtMzJZa2l2NVYyQTB5MUJ4b2IzWDFmMV9hMTBCOUM5YkcyYXZCdnRnbGh3NDZkQ28wdWfSAZACQVVfeXFMTWd4Z19JWmsxNVRhamk0VFNrSkJGT1g1NUpWUEtrV1J2d2ZvLU5pWE1mZHJtZGs2NHNJRFV1NkVQcmRZbkxHWHdnUXdBRmpLRnJycHg4MG9nX0RSck9xZWlnRHFKXzJqV0p5Zi1IYkJLNG44c1B5NUdXZm5BVzFIS25uck1GTDBtSzBBYmR2Mjk4a0cwSmNlcFhjMEFXT09SQTRUNDNsS09KWXVjVEhXY3V2MGpJWllxNjNhMXF0OVZUbnVKYUQtdDdXUUEtZUFsbVBSQUMxTGlEd19sdHpTM3g5WmYza3V3OGktU1VpdUhwaEsyUnpBZjI2TVhIaDA0YUlnakFpSko5b0lFQnNQWHI
BHARTIARTL.NS,"Wed, 13 May 2026 07:00:00 GMT",Bharti Airtel Q4 profit falls 33.5% despite strong revenue growth - Business Standard,Business Standard,https://news.google.com/rss/articles/CBMi3wFBVV95cUxQSExQOF9jUGtsUjMtZVR5ekRnLXhWQ3pOWVFIajMtX3ZNblpvZEtsanI0MmFmUE9YQU1QS0N4cVk3SVRFZHpLaEl6Ql8yODE5NjhUUjhJMzF5bFU2ZnFxaHdhRlBZVjJtcVA4ZG9IUkdSek55LVY2b3RITG9ua2tPNk9wLXc4bFBYMzczNXhRVjQ0bjlZWGMxWEhtMk1pa3FXUDljQUt4UmxZU1hPd3ZsMUZaSFBBdm1YdXJjRTBvVk5kdTVqVzMtQk01d2hjZTdyRFlHLTRndENHZWZOQmVv0gHkAUFVX3lxTE1fR0s1eHZZWWtaMkF3Qm40SlhHTXdBYTJ1RVFjY3RQZXF2b040enRxRF9YUzlXSmlxaFNfdzlOZ1U5LVJSQUlocENXeTNjdERrN1VNYjJELUc4cHJCbTFNWHFJWHFIeHN0VDhXblJobWVsMTFtZmhMcWxOTy1zbXRBSzlkWjZiQllMbUc0ajZfMlhHQkRPUkhYeHgzLUxQUjdsd1pjcnpSZWJfaGdfc0Z6R19uQm45ZXgyR1k3UXl5NVIzc0lieXlKcVA4V2R3Sko1bkVEeXViNGpjZWF6Vm1ZUGEtdA?oc=5,CBMi3wFBVV95cUxQSExQOF9jUGtsUjMtZVR5ekRnLXhWQ3pOWVFIajMtX3ZNblpvZEtsanI0MmFmUE9YQU1QS0N4cVk3SVRFZHpLaEl6Ql8yODE5NjhUUjhJMzF5bFU2ZnFxaHdhRlBZVjJtcVA4ZG9IUkdSek55LVY2b3RITG9ua2tPNk9wLXc4bFBYMzczNXhRVjQ0bjlZWGMxWEhtMk1pa3FXUDljQUt4UmxZU1hPd3ZsMUZaSFBBdm1YdXJjRTBvVk5kdTVqVzMtQk01d2hjZTdyRFlHLTRndENHZWZOQmVv0gHkAUFVX3lxTE1fR0s1eHZZWWtaMkF3Qm40SlhHTXdBYTJ1RVFjY3RQZXF2b040enRxRF9YUzlXSmlxaFNfdzlOZ1U5LVJSQUlocENXeTNjdERrN1VNYjJELUc4cHJCbTFNWHFJWHFIeHN0VDhXblJobWVsMTFtZmhMcWxOTy1zbXRBSzlkWjZiQllMbUc0ajZfMlhHQkRPUkhYeHgzLUxQUjdsd1pjcnpSZWJfaGdfc0Z6R19uQm45ZXgyR1k3UXl5NVIzc0lieXlKcVA4V2R3Sko1bkVEeXViNGpjZWF6Vm1ZUGEtdA
SBIN.NS,"Sat, 19 Sep 2026 07:00:00 GMT",State Bank Of India To Hold Analyst And Investor Meeting On September 25 - Sahi,Sahi,https://news.google.com/rss/articles/CBMinwFBVV95cUxOUWItMDhGS1hiRF95UVR4Qk80NWJYeXlBS2tqb3pWTzBCMjB6bm1JS1BuSDNOYVpOWE10MXQ0Q3RkNWJrWnFiMEdkMWxvRVVxVXU5OUpoY2pOVWtnbEFnOG5CRE5UTl9UeFBGSTd2bkpGcXVxU0dMMXE2R29OMS1BYTRYTS1uY3lwMGdRUy1ZXzJsOGNkbk13LVZhWEtZYzA?oc=5,CBMinwFBVV95cUxOUWItMDhGS1hiRF95UVR4Qk80NWJYeXlBS2tqb3pWTzBCMjB6bm1JS1BuSDNOYVpOWE10MXQ0Q3RkNWJrWnFiMEdkMWxvRVVxVXU5OUpoY2pOVWtnbEFnOG5CRE5UTl9UeFBGSTd2bkpGcXVxU0dMMXE2R29OMS1BYTRYTS1uY3lwMGdRUy1ZXzJsOGNkbk13LVZhWEtZYzA
SBIN.NS,"Fri, 07 Aug 2026 07:00:00 GMT",Earnings call transcript: State Bank of India posts record Q1 2026 profit - Investing.com India,Investing.com India,https://news.google.com/rss/articles/CBMixgFBVV95cUxQdEUyTlZnNl8yc25ldFkwVzNqWENrOUY2Vzg4MGt4Vk9jT2NLNFJ4T2ZydEpycDBVV1I0R0ZoZWo3U0NEQUZuU0tQdkNibVRaTDVoRHhQTkJkQzcydE5Rc3hGaGZhc19RRkV4eE93ZTlBOW9RSDUzWEY1Q01UYTI0NkpoR3pEMXJxcGQ1cWtSSHI3VXRlU0pTUUUtVGlPTERkWUVqYzJvNmhNR2FLYjJUTFJ4bFlXZ09kQlBEa09VTUl2RG5YaXc?oc=5,CBMixgFBVV95cUxQdEUyTlZnNl8yc25ldFkwVzNqWENrOUY2Vzg4MGt4Vk9jT2NLNFJ4T2ZydEpycDBVV1I0R0ZoZWo3U0NEQUZuU0tQdkNibVRaTDVoRHhQTkJkQzcydE5Rc3hGaGZhc19RRkV4eE93ZTlBOW9RSDUzWEY1Q01UYTI0NkpoR3pEMXJxcGQ1cWtSSHI3VXRlU0pTUUUtVGlPTERkWUVqYzJvNmhNR2FLYjJUTFJ4bFlXZ09kQlBEa09VTUl2RG5YaXc
SBIN.NS,"Fri, 07 Aug 2026 07:00:00 GMT","SBI net profit rises 10% to ₹21,121 crore in Q1 on strong loan growth - Business Standard",Business Standard,https://news.google.com/rss/articles/CBMi1AFBVV95cUxOMGhjU1Y1LXVWYkMxRGN3aGQxMHBXOTU0ckQtaUZidFdRLTZsQkttV00zY0pmMExtNnRaUy1wbV90c0QzaWJrcHdEY1RYUnpZSVBBMG5VMFM0MnBhek1tS2UtUmZSQm9leUFEOEg5Y2hrcVpRUDAwdktxZUQ4UlBzWWpfODhUWjRUUjkwZ2xobXpqU3piQlZOUVhFdHQ1TzBkZnZJYUpmb2lDaFl4bmp5dGMwYVIzTWhnYTktbXZjb1NCSTFYUUxlMkw1bFFQR3ROMnlHUNIB2gFBVV95cUxOdC1SOXIxVHU1dFJCV05PdUhydFdkbnJpZHV0UEpXOHJxVEFwY3lZLTE3SFJCV29wNzdLSVBNWmpUTmVrRGdyQ1ptekNtLUVBbkxqQV9JRmJYTzZia2lGNW82bEJxYXBmbnQtazczUlBZMEdpbi15eDB3Ml9uOUxpZDFiR2dVU3RtbzJ0dmdDNFU2MDZ0cldsLVI5V21HNkRRdW94em9Qb3BQN0VLVmpLMnhObHNoYzZWU3FYOEhaR2ltTnE3NlRrNVNWWjcwS2xuVG1JSTFKV1lHQQ?oc=5,CBMi1AFBVV95cUxOMGhjU1Y1LXVWYkMxRGN3aGQxMHBXOTU0ckQtaUZidFdRLTZsQkttV00zY0pmMExtNnRaUy1wbV90c0QzaWJrcHdEY1RYUnpZSVBBMG5VMFM0MnBhek1tS2UtUmZSQm9leUFEOEg5Y2hrcVpRUDAwdktxZUQ4UlBzWWpfODhUWjRUUjkwZ2xobXpqU3piQlZOUVhFdHQ1TzBkZnZJYUpmb2lDaFl4bmp5dGMwYVIzTWhnYTktbXZjb1NCSTFYUUxlMkw1bFFQR3ROMnlHUNIB2gFBVV95cUxOdC1SOXIxVHU1dFJCV05PdUhydFdkbnJpZHV0UEpXOHJxVEFwY3lZLTE3SFJCV29wNzdLSVBNWmpUTmVrRGdyQ1ptekNtLUVBbkxqQV9JRmJYTzZia2lGNW82bEJxYXBmbnQtazczUlBZMEdpbi15eDB3Ml9uOUxpZDFiR2dVU3RtbzJ0dmdDNFU2MDZ0cldsLVI5V21HNkRRdW94em9Qb3BQN0VLVmpLMnhObHNoYzZWU3FYOEhaR2ltTnE3NlRrNVNWWjcwS2xuVG1JSTFKV1lHQQ
SBIN.NS,"Fri, 08 May 2026 07:00:00 GMT",SBI Q4 results: Largest lender records 6% rise in profit; share price tumbles 7% - The Times of India,The Times of India,https://news.google.com/rss/articles/CBMi9AFBVV95cUxQcXRQVHRXWGtqQnNHOVIxTUVuaUFxT2J6Sk1zR2kyYkxWTmthVk5uQVFMWDZNeTN1ZldYd1ZYcTFqYUNSYi1zRjd5NWM2VWRaXzJONU11VTNUT0Z3NUZtWndkZW44VWVNVEotTG4tZlJBU0tIYzdRcWhRSDN3WkE3SEJEOUx5X2hNMFpzN0g3YVlTUExmYlVXTGh4c3dIclJpeVNRZGpGWmRHUEt2N1FaWnV0RUtPVjF5N1pCZWQtblE5QkxLTW5tYi1maUZuQUJRQVlkQWJGakgwck0wdExJNGNQeXdJZGpLT29PYnRHT0ZDdHEy0gH6AUFVX3lxTE81bDNldmEyNVR0QVdTU0tuRnV2bXpsSmNUQWgzVVVyUGtqZk1pazc1NTJJTWdoVTAzS2J4VGpZSXRURThGaDhDWDY3TkJCeHBGbUNKVHNmbjhFaE9NM3ZfQkY4X1lnRWRJdlBBQTZrNW03SmFOeExqZWNCMUV2VTJ6RzZDLW1YZlZydENtdTJTb3VweC01UWRzTC1nMzR2SlFHRlV4NDZfdWZuel9HaHZDeUFUSGF4UnozRzI3RXI3SXZYTk90MERqbVhwc3FNZDk1Zl93b3NRZG1EYVJmR1I0U1FCd0xrMXRfc2NZSlF5a3dUTUFwVVNhdUE?oc=5,CBMi9AFBVV95cUxQcXRQVHRXWGtqQnNHOVIxTUVuaUFxT2J6Sk1zR2kyYkxWTmthVk5uQVFMWDZNeTN1ZldYd1ZYcTFqYUNSYi1zRjd5NWM2VWRaXzJONU11VTNUT0Z3NUZtWndkZW44VWVNVEotTG4tZlJBU0tIYzdRcWhRSDN3WkE3SEJEOUx5X2hNMFpzN0g3YVlTUExmYlVXTGh4c3dIclJpeVNRZGpGWmRHUEt2N1FaWnV0RUtPVjF5N1pCZWQtblE5QkxLTW5tYi1maUZuQUJRQVlkQWJGakgwck0wdExJNGNQeXdJZGpLT29PYnRHT0ZDdHEy0gH6AUFVX3lxTE81bDNldmEyNVR0QVdTU0tuRnV2bXpsSmNUQWgzVVVyUGtqZk1pazc1NTJJTWdoVTAzS2J4VGpZSXRURThGaDhDWDY3TkJCeHBGbUNKVHNmbjhFaE9NM3ZfQkY4X1lnRWRJdlBBQTZrNW03SmFOeExqZWNCMUV2VTJ6RzZDLW1YZlZydENtdTJTb3VweC01UWRzTC1nMzR2SlFHRlV4NDZfdWZuel9HaHZDeUFUSGF4UnozRzI3RXI3SXZYTk90MERqbVhwc3FNZDk1Zl93b3NRZG1EYVJmR1I0U1FCd0xrMXRfc2NZSlF5a3dUTUFwVVNhdUE
SBIN.NS,"Fri, 07 Aug 2026 07:00:00 GMT","SBI Q1 Results: Standalone profit rises 10% YoY to Rs 21,121 crore, beats estimates - The Economic Times",The Economic Times,https://news.google.com/rss/articles/CBMi7gFBVV95cUxNTVczMlp5NGtHcW5ZX1p1SVhPMjVDTFJ0QkdiMlR2X3BCRXYxbWlfZDlnMUpyUUdlUEJuQXhzNWZIRE9vbGpQVjhWazFZMzJrenF6cjRUVDExTy1WTjZ4S2g2VWxuQ3R2YW0zWkVKWGJYQ3c3Q2dXVzV0Y3pfUHRsektXX2VCZXFwbWhUTXBlZnoydGV5amd6NnVJN21sUjhmRXVIU0RxZDZzWTZwY2JpT3hjc0JQQXpDM1JGZ2d0SW5LYnRyQ3dFbEo0UzNEYjd0U2VYRVNCaFVJSldjSFVUZEtTQ3Q0anhqQU5LRmtR0gHzAUFVX3lxTFBGMGVKY0NzZml3V2ZBTWVpOVhLeFVEMnBqbDh4WUtuMG1IWjNkYWV3UktWc0RfTkRpOW1iWlZHdnRzT3UyMmpFcHUyTXowTkpvdG1fVjRvM3RHOXBEZUs3Yk1MYkdvSVRucU1yMFFnYkVJWHBoWEY1RjNfaFZaWUUxcUFUSXBuQnFGUEt2anlMakprMWlhV21jMUU0STdqdmt6RnBFemd3Zk94VW9uNW9LYnlDdkVJQ0hiSWEtcDVCQ21TOVhGMTBLemlobm5MdWRpUW1mU1ZsaFcxVUxvdVdjS3JNbmVmWVhoT3NLeUVmbElKYw?oc=5,CBMi7gFBVV95cUxNTVczMlp5NGtHcW5ZX1p1SVhPMjVDTFJ0QkdiMlR2X3BCRXYxbWlfZDlnMUpyUUdlUEJuQXhzNWZIRE9vbGpQVjhWazFZMzJrenF6cjRUVDExTy1WTjZ4S2g2VWxuQ3R2YW0zWkVKWGJYQ3c3Q2dXVzV0Y3pfUHRsektXX2VCZXFwbWhUTXBlZnoydGV5amd6NnVJN21sUjhmRXVIU0RxZDZzWTZwY2JpT3hjc0JQQXpDM1JGZ2d0SW5LYnRyQ3dFbEo0UzNEYjd0U2VYRVNCaFVJSldjSFVUZEtTQ3Q0anhqQU5LRmtR0gHzAUFVX3lxTFBGMGVKY0NzZml3V2ZBTWVpOVhLeFVEMnBqbDh4WUtuMG1IWjNkYWV3UktWc0RfTkRpOW1iWlZHdnRzT3UyMmpFcHUyTXowTkpvdG1fVjRvM3RHOXBEZUs3Yk1MYkdvSVRucU1yMFFnYkVJWHBoWEY1RjNfaFZaWUUxcUFUSXBuQnFGUEt2anlMakprMWlhV21jMUU0STdqdmt6RnBFemd3Zk94VW9uNW9LYnlDdkVJQ0hiSWEtcDVCQ21TOVhGMTBLemlobm5MdWRpUW1mU1ZsaFcxVUxvdVdjS3JNbmVmWVhoT3NLeUVmbElKYw
SBIN.NS,"Tue, 28 Jul 2026 07:00:00 GMT",State Bank of India vs Axis Bank: Full Stock Comparison - Univest,Univest,https://news.google.com/rss/articles/CBMid0FVX3lxTFB1dnQzcVFGVWVkdXlYa1pzSjd2ZkgxcUVHVmxCQXlsSlZvcXlZdWNUOWdSaGsxYV93aTczT19NVmlMRHBmVmlXeU5lRlZIWkxzdGJfMHM3eUVFdVBYUG1GWG9ocVFwWmR5T0pCcUtSMFlhREhCbE5B?oc=5,CBMid0FVX3lxTFB1dnQzcVFGVWVkdXlYa1pzSjd2ZkgxcUVHVmxCQXlsSlZvcXlZdWNUOWdSaGsxYV93aTczT19NVmlMRHBmVmlXeU5lRlZIWkxzdGJfMHM3eUVFdVBYUG1GWG9ocVFwWmR5T0pCcUtSMFlhREhCbE5B
SBIN.NS,"Fri, 07 Aug 2026 07:00:00 GMT","SBI Q1 results: Net profit rises 10% to Rs 21,121 crore, beats estimates; stock jumps over 3% - Moneycontrol.com",Moneycontrol.com,https://news.google.com/rss/articles/CBMi4gFBVV95cUxOMWtUcTlzQkF6c3oyQXkwOFU2SkViRW9UalB2anY0RUl0SFY1dnVIaHRXLXRIZ1lFa2thRHVYVjV3LWZ6RFhjZlVwcTRHSGVHcVk2d09EYkJHVk9LSXpPd1FOYWpfLUdKYkZSbHBJMHV0ek5iSzNpTlJmcWpseDVrXzVDNWV5dEtUYW1RSWJJVzRvdnZPSnh1NTJzb1VPbExhS2JuejRDekN3NTItdm10YTNZd1RXM29OQ0tTYjdYeW1fSmtvZlR4WG91Qk5zNnVidjZTV1BGSjVaa3RwTm1mcDZn0gHnAUFVX3lxTE15TFBLYWxtZUNXRDBOMXU0QzZBMkJtVXRGeVNsMXJyR2s5Skl6Yzl5bHJ3anVMRXFndmtmTTRHRmFQZ0xTYlIwQUl6VGFxSExFcDNwWGotZFpFWUJXM3hjLUhwVDQ1UmdJZ0ZLZGtqbnZpM0hiT21HN2xMTE9GNjBQd1hBVGtxaGdKeFFJYUo1RWZWYUR2WFQtMGJpNkZmdURkaURVRlJYTTdFLUZpOTV1MF9LUkNUel85bW1MSkxWam9tbG54a3pVODhxUk5VRHJQdFk3ODRrQUFPbl9fZmJmaTlsVENLWQ?oc=5,CBMi4gFBVV95cUxOMWtUcTlzQkF6c3oyQXkwOFU2SkViRW9UalB2anY0RUl0SFY1dnVIaHRXLXRIZ1lFa2thRHVYVjV3LWZ6RFhjZlVwcTRHSGVHcVk2d09EYkJHVk9LSXpPd1FOYWpfLUdKYkZSbHBJMHV0ek5iSzNpTlJmcWpseDVrXzVDNWV5dEtUYW1RSWJJVzRvdnZPSnh1NTJzb1VPbExhS2JuejRDekN3NTItdm10YTNZd1RXM29OQ0tTYjdYeW1fSmtvZlR4WG91Qk5zNnVidjZTV1BGSjVaa3RwTm1mcDZn0gHnAUFVX3lxTE15TFBLYWxtZUNXRDBOMXU0QzZBMkJtVXRGeVNsMXJyR2s5Skl6Yzl5bHJ3anVMRXFndmtmTTRHRmFQZ0xTYlIwQUl6VGFxSExFcDNwWGotZFpFWUJXM3hjLUhwVDQ1UmdJZ0ZLZGtqbnZpM0hiT21HN2xMTE9GNjBQd1hBVGtxaGdKeFFJYUo1RWZWYUR2WFQtMGJpNkZmdURkaURVRlJYTTdFLUZpOTV1MF9LUkNUel85bW1MSkxWam9tbG54a3pVODhxUk5VRHJQdFk3ODRrQUFPbl9fZmJmaTlsVENLWQ
SBIN.NS,"Fri, 07 Aug 2026 07:00:00 GMT",Q1 results 2026: SBI to Ola Electric among companies to declare Q1 results today; full list here - Livemint,Livemint,https://news.google.com/rss/articles/CBMi9wFBVV95cUxNTTdiRG1WUXNydjhmcDRZR3MxbTB2YjFaNkM5VktseUVQXzZSbHJSN2VfVWxkdkJLcmhwUWh3Y1RuUnBEZHNzNzZMNjBSRW1GZTdwTG5URnV3TWhYRW1YUEJNS21sU1Y4aUN3Sm10MXF4WTBESkd2aTQzQ2hOVUZxanJST2V1c3VxWGozSFNYdXhsbzF3XzJYSEZ5cjFrMmx3WnpPc01jMzdrUmdpTUhxSUtJMlo0Z0dZcXlSYmZvbktTR213aHJra244OUo5ZkswWEhzaDZoSllCNW1MYlNtXzM3TnlXQ2JORGVNdGtTTDhZZlNmTGdB0gH8AUFVX3lxTFBFVVNrcDd4U1I2TkZsemVhSDJLNXhZdFE3bFhHdWxFOWZlOWh6VVJsT2NEZ1ZxV09PWUlMd3R6c2RfYU13dzZCTlF2T1JWS3lhcWtNVHEwemJueTUyR2pMaVFpQURRMHI2bDJ6UHJvR084WUM5aWRKWkJhSnhaQU8wMjZCUTR0LTEyOGRfaXNIRkZrWGpucGN2LThBWG1fX05TZDZpRFdFWTJ1cDI0NTJEZERYUHVhcTJ1R1AwSTJfX2lZcW5TcTU3eHdla2M2RjhNZXBJNG8zX01JTFVjTm14STk5SHkwRklYb1dfM1BaaENLbHR6Q3hIb2xqcg?oc=5,CBMi9wFBVV95cUxNTTdiRG1WUXNydjhmcDRZR3MxbTB2YjFaNkM5VktseUVQXzZSbHJSN2VfVWxkdkJLcmhwUWh3Y1RuUnBEZHNzNzZMNjBSRW1GZTdwTG5URnV3TWhYRW1YUEJNS21sU1Y4aUN3Sm10MXF4WTBESkd2aTQzQ2hOVUZxanJST2V1c3VxWGozSFNYdXhsbzF3XzJYSEZ5cjFrMmx3WnpPc01jMzdrUmdpTUhxSUtJMlo0Z0dZcXlSYmZvbktTR213aHJra244OUo5ZkswWEhzaDZoSllCNW1MYlNtXzM3TnlXQ2JORGVNdGtTTDhZZlNmTGdB0gH8AUFVX3lxTFBFVVNrcDd4U1I2TkZsemVhSDJLNXhZdFE3bFhHdWxFOWZlOWh6VVJsT2NEZ1ZxV09PWUlMd3R6c2RfYU13dzZCTlF2T1JWS3lhcWtNVHEwemJueTUyR2pMaVFpQURRMHI2bDJ6UHJvR084WUM5aWRKWkJhSnhaQU8wMjZCUTR0LTEyOGRfaXNIRkZrWGpucGN2LThBWG1fX05TZDZpRFdFWTJ1cDI0NTJEZERYUHVhcTJ1R1AwSTJfX2lZcW5TcTU3eHdla2M2RjhNZXBJNG8zX01JTFVjTm14STk5SHkwRklYb1dfM1BaaENLbHR6Q3hIb2xqcg
SBIN.NS,"Fri, 07 Aug 2026 07:00:00 GMT",State Bank of India reports lowest NPA ratio in over two decades in Q1 FY27; slippages decline YoY - Upstox,Upstox,https://news.google.com/rss/articles/CBMihgJBVV95cUxPaGNiT1pDZjZXb2p0NTI2R0JYS0R3YkN5bUhpTzRHQWhUN0hlamh3WEdFZWxrTG5LMGp3ajRYbUdKUVU2Qlo0bnVDQmhaeUk3ejFYSlpjc3FFcDc2VDZmX0tEaWQyeWNpSkl2dTl5ODdyc1ZEcTlrSElGa3JsaC13LU5QbW42cV9BeFhVTHl3ZktqbzlOQ2xnaHVKbjhZX2hOSkt3ZTJZZFBMaENhckdLWGN5a2JONkJtVHJzQ3JxUDlOeVoxajFZNk4tVm55UVFHRk1UWW81Y0xnZGNmclRtMzE4RmtLbk85LTdlRUxiaDlhOW83RHVmTXhoUU9fMk1oWjNQcW1n?oc=5,CBMihgJBVV95cUxPaGNiT1pDZjZXb2p0NTI2R0JYS0R3YkN5bUhpTzRHQWhUN0hlamh3WEdFZWxrTG5LMGp3ajRYbUdKUVU2Qlo0bnVDQmhaeUk3ejFYSlpjc3FFcDc2VDZmX0tEaWQyeWNpSkl2dTl5ODdyc1ZEcTlrSElGa3JsaC13LU5QbW42cV9BeFhVTHl3ZktqbzlOQ2xnaHVKbjhZX2hOSkt3ZTJZZFBMaENhckdLWGN5a2JONkJtVHJzQ3JxUDlOeVoxajFZNk4tVm55UVFHRk1UWW81Y0xnZGNmclRtMzE4RmtLbk85LTdlRUxiaDlhOW83RHVmTXhoUU9fMk1oWjNQcW1n
SBIN.NS,"Fri, 21 Aug 2026 07:00:00 GMT",State Bank of India (NSE:SBIN) Blue-Chip Update: Key Banking Trends and Business Factors - Kalkine India,Kalkine India,https://news.google.com/rss/articles/CBMizwFBVV95cUxObDBwWjVKWDI5TmNjMFhDejBLTElraWZfWG0tSmpWamExUThmbVFqWkJMWGFNSDlubnc5NW05QTkzSVZxdmVQTDM0a3VxQmItLUlsYXdyU0NfYkJ5SDV4TjQ5R09mMUR4MVU2RWNhUzRDQU5CeHFWZWFxRGdBV2N2RVgya1pnU2g1UHRlOVhsT0J2T0hBRDdNU3ZQNHYzTmNmZ1FEWHRzaFp2RXk2dXFYbk5wWlpGTmc1c2RuT0NQVXE2Yk1EX3hiX2dndUpmX1U?oc=5,CBMizwFBVV95cUxObDBwWjVKWDI5TmNjMFhDejBLTElraWZfWG0tSmpWamExUThmbVFqWkJMWGFNSDlubnc5NW05QTkzSVZxdmVQTDM0a3VxQmItLUlsYXdyU0NfYkJ5SDV4TjQ5R09mMUR4MVU2RWNhUzRDQU5CeHFWZWFxRGdBV2N2RVgya1pnU2g1UHRlOVhsT0J2T0hBRDdNU3ZQNHYzTmNmZ1FEWHRzaFp2RXk2dXFYbk5wWlpGTmc1c2RuT0NQVXE2Yk1EX3hiX2dndUpmX1U
SBIN.NS,"Fri, 07 Aug 2026 07:00:00 GMT","SBI Q1 Results Today: Time, Earnings Call, Dividend, What To Watch, Share Price - NDTV Profit",NDTV Profit,https://news.google.com/rss/articles/CBMipwFBVV95cUxNR2VlYlkwV3E1V3VQejBhMTJkMXdmdzlXWklPWTZfaG5fMmh6eTFyaTl4dW9vS0ViZGEtZHBPWHFzdG9JbVhvWmRXOVYzUThBT2lFQmlpY25QeklySTh5clA5MGZxWnk0akhMaWw2ckgxMWtuZnZiLU1jcUl3VF9VLWEtT2dYSW05T3A2eEFWU3MwSkh3dGhrOTRuLWI0NFdfREhRNHFGWdIBrwFBVV95cUxNUkVlREhTN0F6OXpSSWRmUnhoaC1yOElYRGFRaGtLZERicEliZUlfLXE5M2h2VmRKOXZHNUowamxjN2g4bVd5cHNvX1VTSzUxUHhhOWRFZzdnd2Z6Z01HcHdnV3I3amtYeWk0bFZvMmQ5dlNNdm1hU3RMYlI1aUI1WWE1VTRkbkU3cDhubmcyUnpUUEVPVTFjMV8yWUQ5TzJGQWF0Wl9ueFRWTHVpYUNr?oc=5,CBMipwFBVV95cUxNR2VlYlkwV3E1V3VQejBhMTJkMXdmdzlXWklPWTZfaG5fMmh6eTFyaTl4dW9vS0ViZGEtZHBPWHFzdG9JbVhvWmRXOVYzUThBT2lFQmlpY25QeklySTh5clA5MGZxWnk0akhMaWw2ckgxMWtuZnZiLU1jcUl3VF9VLWEtT2dYSW05T3A2eEFWU3MwSkh3dGhrOTRuLWI0NFdfREhRNHFGWdIBrwFBVV95cUxNUkVlREhTN0F6OXpSSWRmUnhoaC1yOElYRGFRaGtLZERicEliZUlfLXE5M2h2VmRKOXZHNUowamxjN2g4bVd5cHNvX1VTSzUxUHhhOWRFZzdnd2Z6Z01HcHdnV3I3amtYeWk0bFZvMmQ5dlNNdm1hU3RMYlI1aUI1WWE1VTRkbkU3cDhubmcyUnpUUEVPVTFjMV8yWUQ5TzJGQWF0Wl9ueFRWTHVpYUNr
SBIN.NS,"Tue, 28 Jul 2026 07:00:00 GMT",State Bank of India vs Canara Bank: Full Stock Comparison - Univest,Univest,https://news.google.com/rss/articles/CBMiekFVX3lxTE9XTmtTY29vYmhBWkdGV0JtckFoS2hZSDNTNXd1bTJzSWZEUmZLVTNxR3dRVXJWV295UkJ2b0VFWTVYbHlLTWJNMDdsREdicnRNQjhCVS1DdzNXODItQVhUdUpja3N1MkYxWDZNUUphWFg2NnJHMkpScTBn?oc=5,CBMiekFVX3lxTE9XTmtTY29vYmhBWkdGV0JtckFoS2hZSDNTNXd1bTJzSWZEUmZLVTNxR3dRVXJWV295UkJ2b0VFWTVYbHlLTWJNMDdsREdicnRNQjhCVS1DdzNXODItQVhUdUpja3N1MkYxWDZNUUphWFg2NnJHMkpScTBn
AXISBANK.NS,"Sat, 18 Jul 2026 07:00:00 GMT","Axis Bank Q1 Results: Net profit jumps 23% YoY to Rs 7,114 crore; NII up 8% - The Economic Times",The Economic Times,https://news.google.com/rss/articles/CBMi4gFBVV95cUxPcXZpM3NGemJBZmxhLThMbkItb1BGVmFfMFFTemh3emFocnhGM09UU3VVMjhJU2wzNzdsRHplLUJ1S2IyWW1pQjN0RGtuWlI3NXgxckZMZ2FYUW1oX3NRSFVhekN6NGpCaWkwRnRjR0xTOWlUUFZyMVA5QktNeEJ6WmtUVENqRWFmR1VBWlUxNS1tbmpOWWdVZlE5N2dwdWJZU2tLUEoxQmlKTXhwUHpWVzhYUE9jSjd6ai1lM1ZrRktNcjB4dWNma0dzV0YzbkpQNDNEX2NOQnR6Snh1OE82SjhR0gHnAUFVX3lxTE5TMXJ0LW9qVGhXb2xBd2lCeXhGUk1Na21lRUF1SWlvb2JEQlgtVEV0bzdTTkNzclhTR01pMkQxREdmTlB3aWVuTHRRZ2EwYlM4WTdDMU5CdEs5Rm9ONjFkeHVyOUxiQThIVmxBQ0JNbFI4eHg2OFJsR3NxS1FvVWZNSkFLNW83T3UyOGFQNlZydTdSbzR0OXd6aHJNa3E1Nm1KcHpfVjJnSXhBbVAzaEdab1Q0OW01aTVkbk9wZ1FtSFV0QnI4Y0NlVDRRaGNkWERPbllGN2pveTNsUmVuN3NQY29UdXpkSQ?oc=5,CBMi4gFBVV95cUxPcXZpM3NGemJBZmxhLThMbkItb1BGVmFfMFFTemh3emFocnhGM09UU3VVMjhJU2wzNzdsRHplLUJ1S2IyWW1pQjN0RGtuWlI3NXgxckZMZ2FYUW1oX3NRSFVhekN6NGpCaWkwRnRjR0xTOWlUUFZyMVA5QktNeEJ6WmtUVENqRWFmR1VBWlUxNS1tbmpOWWdVZlE5N2dwdWJZU2tLUEoxQmlKTXhwUHpWVzhYUE9jSjd6ai1lM1ZrRktNcjB4dWNma0dzV0YzbkpQNDNEX2NOQnR6Snh1OE82SjhR0gHnAUFVX3lxTE5TMXJ0LW9qVGhXb2xBd2lCeXhGUk1Na21lRUF1SWlvb2JEQlgtVEV0bzdTTkNzclhTR01pMkQxREdmTlB3aWVuTHRRZ2EwYlM4WTdDMU5CdEs5Rm9ONjFkeHVyOUxiQThIVmxBQ0JNbFI4eHg2OFJsR3NxS1FvVWZNSkFLNW83T3UyOGFQNlZydTdSbzR0OXd6aHJNa3E1Nm1KcHpfVjJnSXhBbVAzaEdab1Q0OW01aTVkbk9wZ1FtSFV0QnI4Y0NlVDRRaGNkWERPbllGN2pveTNsUmVuN3NQY29UdXpkSQ
AXISBANK.NS,"Tue, 28 Apr 2026 07:00:00 GMT","RIL, Axis Bank & more: Top stocks to watch on April 28, 2026 - The Times of India",The Times of India,https://news.google.com/rss/articles/CBMi2AFBVV95cUxOSmFkZGRMbEtKLTRPVF9nV3pPZlpJaXRVVXFJNjlxeWJwS0taUUxVNWc5SGJySlBKaWZGY3AxUU9qbWdRQ1hDbGlXd05SYU13dlUyekFSTy1TVkMxczFlTjdteEZTMFNndGxYSWotNjRyV3ZSNXNJNnl6X3BIaG9NUUhWVHYzSkpmemhJWTB4NHBfYnE0dHQ1a2NOa3NEZTMyQjJWT2xmWmlJMjBGUUJVUHdVZ1B5QWd3QnBEQjlFV28tRHhBRmZobnVCcDFEal8tRWlyYnNsVnTSAd4BQVVfeXFMTmFmVXhRYXZ0RnJOTi1IdjRFckZXSHZuTDRzZFd3RGJDcklMRmRLc1lfM0FFQTJlOHJYeUVScFEwVGF2Mjc1YkhMV3doRjh0WDV6RnRRZ2k5YmlSSzlOQkZ3dU1ZV2RYQ3lKR0Z5QTc2TlpmdzFxajhfZ0QtTlpaRkl1WEZJZ0NEc2wwbXlQVlQwRTJ6WjF6OGZmSEhvc3l6YWRFZWVUT1A4YXJKTXdDbE8wYmdlUnhySThieWl0elNKanZldWpQQVRLS2dGUENWcGplSElJa2hCa083WDdn?oc=5,CBMi2AFBVV95cUxOSmFkZGRMbEtKLTRPVF9nV3pPZlpJaXRVVXFJNjlxeWJwS0taUUxVNWc5SGJySlBKaWZGY3AxUU9qbWdRQ1hDbGlXd05SYU13dlUyekFSTy1TVkMxczFlTjdteEZTMFNndGxYSWotNjRyV3ZSNXNJNnl6X3BIaG9NUUhWVHYzSkpmemhJWTB4NHBfYnE0dHQ1a2NOa3NEZTMyQjJWT2xmWmlJMjBGUUJVUHdVZ1B5QWd3QnBEQjlFV28tRHhBRmZobnVCcDFEal8tRWlyYnNsVnTSAd4BQVVfeXFMTmFmVXhRYXZ0RnJOTi1IdjRFckZXSHZuTDRzZFd3RGJDcklMRmRLc1lfM0FFQTJlOHJYeUVScFEwVGF2Mjc1YkhMV3doRjh0WDV6RnRRZ2k5YmlSSzlOQkZ3dU1ZV2RYQ3lKR0Z5QTc2TlpmdzFxajhfZ0QtTlpaRkl1WEZJZ0NEc2wwbXlQVlQwRTJ6WjF6OGZmSEhvc3l6YWRFZWVUT1A4YXJKTXdDbE8wYmdlUnhySThieWl0elNKanZldWpQQVRLS2dGUENWcGplSElJa2hCa083WDdn
AXISBANK.NS,"Mon, 29 Jun 2026 07:00:00 GMT","Stocks to watch, June 30: HDFC Bank, Axis Bank, Bandhan Bank, SIS Ltd, YES Bank, infra stocks, EVs - Upstox",Upstox,https://news.google.com/rss/articles/CBMi5AFBVV95cUxOZmhsZTc0V1ZHcUxGQ1c4ZmowRFhVckdGUktDclNENXhfN1A4cmM0MjhBem1kMjJDXzhXNndRYlI3UW1NcDI5cnZMNDlQekhFZ1p4ODZkY0g1SHlpbWZFTUItLThxcmNHdVFDbzhuM2xCSDlZZUx5ZVZfUldvcmJRMkZ5R2hPUklTblprMndZTHozcXZwSktRaG5wMUluN0NWSWM2MVRmMjg4S0EyV0xFU0NwN3MxLWF1UGdDVzItclpvQU1DUXd6Yl9FUmpzRkJFVGFEODhQdklyc0tNSWh5S0J3S2E?oc=5,CBMi5AFBVV95cUxOZmhsZTc0V1ZHcUxGQ1c4ZmowRFhVckdGUktDclNENXhfN1A4cmM0MjhBem1kMjJDXzhXNndRYlI3UW1NcDI5cnZMNDlQekhFZ1p4ODZkY0g1SHlpbWZFTUItLThxcmNHdVFDbzhuM2xCSDlZZUx5ZVZfUldvcmJRMkZ5R2hPUklTblprMndZTHozcXZwSktRaG5wMUluN0NWSWM2MVRmMjg4S0EyV0xFU0NwN3MxLWF1UGdDVzItclpvQU1DUXd6Yl9FUmpzRkJFVGFEODhQdklyc0tNSWh5S0J3S2E
AXISBANK.NS,"Sat, 25 Apr 2026 07:00:00 GMT",Axis Bank frontloads FY27 provisions amid West Asia war uncertainty - Livemint,Livemint,https://news.google.com/rss/articles/CBMi1AFBVV95cUxPRXMwMFBCRlktb1IyWmFibHNNd19OUkluNmI3OWtNT2Y5TndrSnRDS09FQUZiYVFNajVaQTBSeWJVT3liMEk5ZmZNamtORlQxazd5RXZKdjFudEhEbG8zT2NDZGN5WEpRc3kxNVd0ZWs5M2dJVkd2ZTRVTVVIWTFmMVpSZEhIcWdoZDBrVjBSVjJLR3d1RHBFUm1DYkJlN3ptcDF2WW5YWVI2blUyb0hkVkVfQ21vWXV6ajBSbXRlTlJlVVIyNVdDZ3hURTdBbFhMb2I4Q9IB2gFBVV95cUxObVdNM2d5SlQtejBSRjUzZURJUzFXcS05ajBXZm9IaEZXaWJ2OUdFVW1vSUxWS09OSnEwclY0N0h0N19HX2EtaWdLNUpWSjJISUJOT1hmWUNSMzd6V2JrTjZxUGFxSkZCS09kdm90bURnUnV1aDBPWXlmaE9mM1BRWXdNYTZVZ3NCYUJwMWEzY1BHb2dkNU1VWW9EcjVPUmlOVVdPMGpfTmlKbFFpVEM1bGlrdzZSNk9ZeElrZlNENzRRaXJxS3J2dHN4TllKOTQzcTN6d3JkSFlkUQ?oc=5,CBMi1AFBVV95cUxPRXMwMFBCRlktb1IyWmFibHNNd19OUkluNmI3OWtNT2Y5TndrSnRDS09FQUZiYVFNajVaQTBSeWJVT3liMEk5ZmZNamtORlQxazd5RXZKdjFudEhEbG8zT2NDZGN5WEpRc3kxNVd0ZWs5M2dJVkd2ZTRVTVVIWTFmMVpSZEhIcWdoZDBrVjBSVjJLR3d1RHBFUm1DYkJlN3ptcDF2WW5YWVI2blUyb0hkVkVfQ21vWXV6ajBSbXRlTlJlVVIyNVdDZ3hURTdBbFhMb2I4Q9IB2gFBVV95cUxObVdNM2d5SlQtejBSRjUzZURJUzFXcS05ajBXZm9IaEZXaWJ2OUdFVW1vSUxWS09OSnEwclY0N0h0N19HX2EtaWdLNUpWSjJISUJOT1hmWUNSMzd6V2JrTjZxUGFxSkZCS09kdm90bURnUnV1aDBPWXlmaE9mM1BRWXdNYTZVZ3NCYUJwMWEzY1BHb2dkNU1VWW9EcjVPUmlOVVdPMGpfTmlKbFFpVEM1bGlrdzZSNk9ZeElrZlNENzRRaXJxS3J2dHN4TllKOTQzcTN6d3JkSFlkUQ
AXISBANK.NS,"Mon, 27 Apr 2026 07:00:00 GMT","Stocks to Watch Today: Reliance Ind, Paytm, Wipro, Indian Hume Pipe, JK Cement, Alembic Pharma, Axis Bank,... - Moneycontrol.com",Moneycontrol.com,https://news.google.com/rss/articles/CBMivgJBVV95cUxNRmg3cVBUWnZrcnZ4RGRMWVlyRDdSSnVGQTRWSjVBOXZPZzlNZjh3VHp3dEIycG5zcnM0Q2w5YmU2UThrZTR3dXBvdTFENkdQcGk1WTFSZThyOFpVeXlSS1ZRa3lwejM3TzlOTHZ1VHZHa0pwSzk3aExmZE9aeHJBWWVaVjE0Nko4NkVNSXpnOHhZQ3p0ay1tM3VybTI0Tl82clgwdER1bUI3RW02VzJFYmVPSDN2SEdkRjVIWi16WXRXd2ZwYkpFUzFrV2Z1RmpXeTdTY3o5bTNXazlvYlNWZHBGcGpYeXd2eFZZTDFDWkcxLUFVWUxPYWhGcVdXT0FSdVNkcWpTZEY0UDNlWjlUQ3UteVpyNjVxYW1JTjhELXVTNDcxNndVa3gyNEMwQmF0ZkJacnk0TndtZ0k2cFHSAcMCQVVfeXFMTlZXQW1hWi0xVXJRSkF3VnVkSXlCdXV5cjBpS3JqR2wyaVlVUGZ0VTJNMWIxb0VBd2RfUWFXbWowUTlRUENMamRZVmRiTDFLS1BOTGJnNmU1NzU4cjltbEVMaXdqbXlmR3pBdF9kSEdKYTFkRmNCMGhvVTEzRmFqRG80c1hJVmlmZGpTYTZSV0JvcjVqZlZyYVdoQUhTaWx2QXRSejBkbDNURXhLQXA0dG9RRzNGaHJCclUzaXJzRW5FckJuSGJTR0VZaWpQczhpM0FWX2pDWkl4bjV3YnlmUzk1RG9GYVpIZGd5RF82MjhERklFMTU1d0s4dXpMTThWQTBacDdRUUNtdG5MU1UxWDJKeVJaeDdJZENrRnIxTXhPeEtpTXF0N0REVDFMNWRJWE5Od2s0S3B4dUhTOG9LSERvSlk?oc=5,CBMivgJBVV95cUxNRmg3cVBUWnZrcnZ4RGRMWVlyRDdSSnVGQTRWSjVBOXZPZzlNZjh3VHp3dEIycG5zcnM0Q2w5YmU2UThrZTR3dXBvdTFENkdQcGk1WTFSZThyOFpVeXlSS1ZRa3lwejM3TzlOTHZ1VHZHa0pwSzk3aExmZE9aeHJBWWVaVjE0Nko4NkVNSXpnOHhZQ3p0ay1tM3VybTI0Tl82clgwdER1bUI3RW02VzJFYmVPSDN2SEdkRjVIWi16WXRXd2ZwYkpFUzFrV2Z1RmpXeTdTY3o5bTNXazlvYlNWZHBGcGpYeXd2eFZZTDFDWkcxLUFVWUxPYWhGcVdXT0FSdVNkcWpTZEY0UDNlWjlUQ3UteVpyNjVxYW1JTjhELXVTNDcxNndVa3gyNEMwQmF0ZkJacnk0TndtZ0k2cFHSAcMCQVVfeXFMTlZXQW1hWi0xVXJRSkF3VnVkSXlCdXV5cjBpS3JqR2wyaVlVUGZ0VTJNMWIxb0VBd2RfUWFXbWowUTlRUENMamRZVmRiTDFLS1BOTGJnNmU1NzU4cjltbEVMaXdqbXlmR3pBdF9kSEdKYTFkRmNCMGhvVTEzRmFqRG80c1hJVmlmZGpTYTZSV0JvcjVqZlZyYVdoQUhTaWx2QXRSejBkbDNURXhLQXA0dG9RRzNGaHJCclUzaXJzRW5FckJuSGJTR0VZaWpQczhpM0FWX2pDWkl4bjV3YnlmUzk1RG9GYVpIZGd5RF82MjhERklFMTU1d0s4dXpMTThWQTBacDdRUUNtdG5MU1UxWDJKeVJaeDdJZENrRnIxTXhPeEtpTXF0N0REVDFMNWRJWE5Od2s0S3B4dUhTOG9LSERvSlk
AXISBANK.NS,"Sat, 25 Apr 2026 07:00:00 GMT","Q4 result: Axis Bank, IDFC First Bank, India Cements, 12 more on April 25 - Business Standard",Business Standard,https://news.google.com/rss/articles/CBMi5gFBVV95cUxORi1GUXU5eFptbUdYZjhNd2o0eVRfYjZESlc5eWpfeW0wU0xqX2d4X25haWwwNVgyNnNqSEl0RGMtUy14dnp5NHNoOWtpdVR4RkJnUGE1YW1PRGZlbm14dU5sel9RMnFsbzlUcXBHb3FVeVBzeFZaelk4N25EbzZaTXpWUjFPbnlId2hpNzlJWm1leUp2WW9GU2w5MmUtT3oxc0ZFcVZkRWVOVEthdGoxTThvS2Y4RUpIdGR3RkVKVUhrQXVFOV9XbWNEdzdSUGtsWVVpUzlWY0lWTHo2WjBQeHpMRlNZZ9IB6wFBVV95cUxNRWt4OFJWNTl3NE85Z1ZQSEgxbGdoMnJCdUtXajRqNzJpSjkyTmNIT3k3eDVZRlFnWm5qMGVrSFBuUHZmQkpRc3ZMa0RzYkpTdkFaSmtxZUVYdjFYdHZya3E1d3FuakV4YTZmVlY0TTFLVzNIcl9zMDRuMnZ6NDd1M1RCVkNvSWdNYldMNGxZbHFIZWE3Q1E3ejVPZlZoeDh6cVRDekNsMjhoRHJ5Vk1QMHpCU1o4ZXp3ZmR5eFhpS2E3d0RLZFM3Rld4bEd4WlB3bV9rUDF5WkIwZGFWVC1Rc1R3alhMWWZZX3pJ?oc=5,CBMi5gFBVV95cUxORi1GUXU5eFptbUdYZjhNd2o0eVRfYjZESlc5eWpfeW0wU0xqX2d4X25haWwwNVgyNnNqSEl0RGMtUy14dnp5NHNoOWtpdVR4RkJnUGE1YW1PRGZlbm14dU5sel9RMnFsbzlUcXBHb3FVeVBzeFZaelk4N25EbzZaTXpWUjFPbnlId2hpNzlJWm1leUp2WW9GU2w5MmUtT3oxc0ZFcVZkRWVOVEthdGoxTThvS2Y4RUpIdGR3RkVKVUhrQXVFOV9XbWNEdzdSUGtsWVVpUzlWY0lWTHo2WjBQeHpMRlNZZ9IB6wFBVV95cUxNRWt4OFJWNTl3NE85Z1ZQSEgxbGdoMnJCdUtXajRqNzJpSjkyTmNIT3k3eDVZRlFnWm5qMGVrSFBuUHZmQkpRc3ZMa0RzYkpTdkFaSmtxZUVYdjFYdHZya3E1d3FuakV4YTZmVlY0TTFLVzNIcl9zMDRuMnZ6NDd1M1RCVkNvSWdNYldMNGxZbHFIZWE3Q1E3ejVPZlZoeDh6cVRDekNsMjhoRHJ5Vk1QMHpCU1o4ZXp3ZmR5eFhpS2E3d0RLZFM3Rld4bEd4WlB3bV9rUDF5WkIwZGFWVC1Rc1R3alhMWWZZX3pJ
AXISBANK.NS,"Sat, 25 Apr 2026 07:00:00 GMT","UCO Bank Q4 FY26 results: Profit jumps 23% to ₹801 cr, dividend declared - Business Standard",Business Standard,https://news.google.com/rss/articles/CBMixwFBVV95cUxQOVJIdEVRZk5fMTMyOU5aVzBJMHlFSVpLTXR1Z2VBMzlrdVI0WFBhczU2d0RNUEtYS2JLSDlSZnRXaFhtdnNpVk1CRVEzaGUteGpZVGU0S1pmZThyX0UxcmVJcWF3MlBJYTREeVM3bklRSWkxdFdidEZfODVHX3dZNVI2X2hRYnVfVzd2RHJiR2gyU2t1dFhodTVBbUFmbUZmcTdKRlNSLVZ4VXFISGFINGJxUXM3OTZGVzNGWVRfRXBZS2dlMlZv0gHMAUFVX3lxTE5uRVBmbDlFemYzTjg1dGJGc1BIVWhhZjJ6UkYxMEMtNmJhOGg3QV9uMUsxTlhpakR4aERENEM4bFVfUG1tdEtRdjFqRXNPSUNTQ1hJNEM2aUlOQ2RtQkQ3NzVsdWtEYldGT3hqOWtWcV9kQ2hLamZDTFJFQTFVdmxVc3lHR0pmRm54RzhhZGdwNUYwOExwR2pDR0dnNlNURmxfYmd5RGJEZTRZMTJPLVBId1lUVjdLU2E0THZtY0Q3T1lRdTJqRnBtcXBtcA?oc=5,CBMixwFBVV95cUxQOVJIdEVRZk5fMTMyOU5aVzBJMHlFSVpLTXR1Z2VBMzlrdVI0WFBhczU2d0RNUEtYS2JLSDlSZnRXaFhtdnNpVk1CRVEzaGUteGpZVGU0S1pmZThyX0UxcmVJcWF3MlBJYTREeVM3bklRSWkxdFdidEZfODVHX3dZNVI2X2hRYnVfVzd2RHJiR2gyU2t1dFhodTVBbUFmbUZmcTdKRlNSLVZ4VXFISGFINGJxUXM3OTZGVzNGWVRfRXBZS2dlMlZv0gHMAUFVX3lxTE5uRVBmbDlFemYzTjg1dGJGc1BIVWhhZjJ6UkYxMEMtNmJhOGg3QV9uMUsxTlhpakR4aERENEM4bFVfUG1tdEtRdjFqRXNPSUNTQ1hJNEM2aUlOQ2RtQkQ3NzVsdWtEYldGT3hqOWtWcV9kQ2hLamZDTFJFQTFVdmxVc3lHR0pmRm54RzhhZGdwNUYwOExwR2pDR0dnNlNURmxfYmd5RGJEZTRZMTJPLVBId1lUVjdLU2E0THZtY0Q3T1lRdTJqRnBtcXBtcA
HINDUNILVR.NS,"Tue, 16 Jun 2026 07:00:00 GMT",HUL Performance Highlights for FY 2025–26 - Hindustan Unilever Limited,Hindustan Unilever Limited,https://news.google.com/rss/articles/CBMijwFBVV95cUxNVmNubnZRdmNkWk9rcEZyUnVXU3h6ZXhkNHBtQUxKSEVheHNRLVJ1VzJ3V3RkMXpWUzRfVWtsR1A4QzJZWkRSOTItRFNncjE5aW0zWkcteGZqcGJkV09BbXJESG5hV0dnT0dLS21BZXM0d0JZZ1FKc2VLRWN0dG9NdlQydlNrcXNIR3lhUWJRMA?oc=5,CBMijwFBVV95cUxNVmNubnZRdmNkWk9rcEZyUnVXU3h6ZXhkNHBtQUxKSEVheHNRLVJ1VzJ3V3RkMXpWUzRfVWtsR1A4QzJZWkRSOTItRFNncjE5aW0zWkcteGZqcGJkV09BbXJESG5hV0dnT0dLS21BZXM0d0JZZ1FKc2VLRWN0dG9NdlQydlNrcXNIR3lhUWJRMA
HINDUNILVR.NS,"Tue, 29 Sep 2026 07:04:45 GMT",HUL Q4 Results Alert: Hindustan Unilever Board to Meet On This Date; Big Dividend Announcement Expected - Goodreturns,Goodreturns,https://news.google.com/rss/articles/CBMi2AFBVV95cUxQTkVJdVBTdzRKWWNaaHZ1d2pUbTJ0S3NaY0pxdVhKaHBfSUJ3dG1saHZjUy0tUFRmNnduTVJVakV5ZjZrblgtT3ZKN0ZNNk13WHd2bUUtMHF6bjB5VFpDMEpCNUw5X3VUeS16aGQwQkVWVVN0OWtRTFluTjF1YmswUWN2M1pnUV9IYlExZnhWMVZqSWYwb0NySnhXR2FHUVBJMk01cDNXRHNlakFScEtLRXpZN29mQlBvSVFsX3ZxaGNCUWQzcHZIRW1qZmNZUkt6QXBwVldzd1c?oc=5,CBMi2AFBVV95cUxQTkVJdVBTdzRKWWNaaHZ1d2pUbTJ0S3NaY0pxdVhKaHBfSUJ3dG1saHZjUy0tUFRmNnduTVJVakV5ZjZrblgtT3ZKN0ZNNk13WHd2bUUtMHF6bjB5VFpDMEpCNUw5X3VUeS16aGQwQkVWVVN0OWtRTFluTjF1YmswUWN2M1pnUV9IYlExZnhWMVZqSWYwb0NySnhXR2FHUVBJMk01cDNXRHNlakFScEtLRXpZN29mQlBvSVFsX3ZxaGNCUWQzcHZIRW1qZmNZUkt6QXBwVldzd1c
HINDUNILVR.NS,"Tue, 28 Jul 2026 07:00:00 GMT","After June quarter miss, Hindustan Unilever pins hopes on volume-led growth - Business Standard",Business Standard,https://news.google.com/rss/articles/CBMi3gFBVV95cUxPN2tBc0ZPMG9ucEloWDBobDJqX0pBTFl6YjhTT1F5NDdyRVkzZXFsbzRXMWxKRHBzcHN4Y3hxMnN2YUxKYkFjVUhlSmhrS0Fuam1jZU9MTlN6VEU2eVVvanJlZTlJNkdNdHRPU2ZhNW05SkRDVWFCVkljeGtULVBrUUltYVo4U0N5NUxoY014aWctN1FWUUFuX3VwLVdoOHN5Z2Z5SjR3NXhucUVlYk8ybHc5NEp2M2M1NkFabVFjclVfRHFsa1VmMjlPQm9fNTBfTVloTUFrcWlwRmd2QVHSAeMBQVVfeXFMT1pVWDNZVEQtMm05Yy1ZVy1wYmQ3Wmh4MXk5aGloZGEwdWNhT2JsM2MtLWY0VWVsTHVyYlppYkF3ZWhVXzhSMDVRT05YNWtMa1U4WHAtaEpmNG9Rb21jck56OUZEdzRFRXhyVXZGQUliOWo1VmVLN3ZkYXVZNmZXdmFzbkRlWThQOXNTajZ2QTc4OURXMjRGRDVfSkQ5aHp6RVRoWndXbTFGSTJ3bHE4czl0NnozOTFTcmdMV3NOQTZYY3BLOE9xaUF5N0V2LV82Y1BDejV3M0xSMGVJY19maU1CSzg?oc=5,CBMi3gFBVV95cUxPN2tBc0ZPMG9ucEloWDBobDJqX0pBTFl6YjhTT1F5NDdyRVkzZXFsbzRXMWxKRHBzcHN4Y3hxMnN2YUxKYkFjVUhlSmhrS0Fuam1jZU9MTlN6VEU2eVVvanJlZTlJNkdNdHRPU2ZhNW05SkRDVWFCVkljeGtULVBrUUltYVo4U0N5NUxoY014aWctN1FWUUFuX3VwLVdoOHN5Z2Z5SjR3NXhucUVlYk8ybHc5NEp2M2M1NkFabVFjclVfRHFsa1VmMjlPQm9fNTBfTVloTUFrcWlwRmd2QVHSAeMBQVVfeXFMT1pVWDNZVEQtMm05Yy1ZVy1wYmQ3Wmh4MXk5aGloZGEwdWNhT2JsM2MtLWY0VWVsTHVyYlppYkF3ZWhVXzhSMDVRT05YNWtMa1U4WHAtaEpmNG9Rb21jck56OUZEdzRFRXhyVXZGQUliOWo1VmVLN3ZkYXVZNmZXdmFzbkRlWThQOXNTajZ2QTc4OURXMjRGRDVfSkQ5aHp6RVRoWndXbTFGSTJ3bHE4czl0NnozOTFTcmdMV3NOQTZYY3BLOE9xaUF5N0V2LV82Y1BDejV3M0xSMGVJY19maU1CSzg
HINDUNILVR.NS,"Fri, 31 Jul 2026 07:00:00 GMT",Hindustan Unilever (HUL) vs Nestle India: Full Stock Comparison - Univest,Univest,https://news.google.com/rss/articles/CBMif0FVX3lxTE9oVTB3Z0FGSXdsTWpDQ0c5T2paT3JzVm9QWFZxT25GNUVLLUJWaGJhZXVJR3FGcW1MVHplZTRDc19Qendkc1VPZ2dVaDdpQ1Q5RTVyNVNaMXViQ0dKTHY0dVFuSXZJY3FVR2h4MklBRXFXdjJmUlg2YlRITldhUUk?oc=5,CBMif0FVX3lxTE9oVTB3Z0FGSXdsTWpDQ0c5T2paT3JzVm9QWFZxT25GNUVLLUJWaGJhZXVJR3FGcW1MVHplZTRDc19Qendkc1VPZ2dVaDdpQ1Q5RTVyNVNaMXViQ0dKTHY0dVFuSXZJY3FVR2h4MklBRXFXdjJmUlg2YlRITldhUUk
HINDUNILVR.NS,"Tue, 28 Jul 2026 07:00:00 GMT","HUL raises prices by 5%, signals further hikes as inflation persists - Livemint",Livemint,https://news.google.com/rss/articles/CBMisAFBVV95cUxNXzlsQkFodXR4MEJOT3V6Rks5LTRrTE1VTEtsUVBIR01LN3F3UHd1MFUtUnBBSHBuS1l3VmdGTXFBczE0WmJNdHlzNjl0bXdNOGF4U2drTFBvekNQSERZYXc0ZnJFbU1tVWRvUGp3TnJjR2FIWlA0eHdFdE1jYkgtaEg1OUdKMUpSREZWbVBEQ3FvSWw4RzVlREpsejdiTVE3SnNWRDhpRUZFRzloOExmTdIBtgFBVV95cUxQLTJ1dU9sWDhvWmZRZ01MM2Q2X3VnOFo2d2dqSGs0amtzMEpaQXRiYWxJSUNKSEd5ZjlrVFYtSDZ6LThSV1oxRWI3NHJHWUpxcUNnRkh6dXQ3NXIwUnNFYWozRzVBcnlkalR6Y2pGYUdJYjVtSy04WjVxVG9RMi02a2tJa3pQQlY0c25VcXB1d2YyanNUX0k3SU9uVlNRTUFNSXZqWXRtR0NtWmFIVHQxOEF6cU9Qdw?oc=5,CBMisAFBVV95cUxNXzlsQkFodXR4MEJOT3V6Rks5LTRrTE1VTEtsUVBIR01LN3F3UHd1MFUtUnBBSHBuS1l3VmdGTXFBczE0WmJNdHlzNjl0bXdNOGF4U2drTFBvekNQSERZYXc0ZnJFbU1tVWRvUGp3TnJjR2FIWlA0eHdFdE1jYkgtaEg1OUdKMUpSREZWbVBEQ3FvSWw4RzVlREpsejdiTVE3SnNWRDhpRUZFRzloOExmTdIBtgFBVV95cUxQLTJ1dU9sWDhvWmZRZ01MM2Q2X3VnOFo2d2dqSGs0amtzMEpaQXRiYWxJSUNKSEd5ZjlrVFYtSDZ6LThSV1oxRWI3NHJHWUpxcUNnRkh6dXQ3NXIwUnNFYWozRzVBcnlkalR6Y2pGYUdJYjVtSy04WjVxVG9RMi02a2tJa3pQQlY0c25VcXB1d2YyanNUX0k3SU9uVlNRTUFNSXZqWXRtR0NtWmFIVHQxOEF6cU9Qdw
HINDUNILVR.NS,"Fri, 01 May 2026 07:00:00 GMT","Hindustan Unilever Schedules Q3FY25 Earnings Conference Call for May 1, 2026 - scanx.trade",scanx.trade,https://news.google.com/rss/articles/CBMizAFBVV95cUxPa3IwWWpKbUVHQVU1a3I2Umd4N3ZaQnV0VnEwdTZNcFdLM1YxM2pMNzY0aFE5T2p1WnZiR0JvTVRiRUFyZXpoTVNRT1pZSU9Jbmh6c3RPVHMzSGlCTlNzblBhOXVUQm5IWEJJV01IRXBBTHFhMmRtcTJ4QU1IVFRWeHV2U1JISVBtY2oxcWU1Y2VxZkUyVnlhekxYYmhCcFotZnZ4aDk0R2JyZFVFb2h1SEFKQTE3X3R6ekZUeldiakNwdmdDdGNkRTRTaXI?oc=5,CBMizAFBVV95cUxPa3IwWWpKbUVHQVU1a3I2Umd4N3ZaQnV0VnEwdTZNcFdLM1YxM2pMNzY0aFE5T2p1WnZiR0JvTVRiRUFyZXpoTVNRT1pZSU9Jbmh6c3RPVHMzSGlCTlNzblBhOXVUQm5IWEJJV01IRXBBTHFhMmRtcTJ4QU1IVFRWeHV2U1JISVBtY2oxcWU1Y2VxZkUyVnlhekxYYmhCcFotZnZ4aDk0R2JyZFVFb2h1SEFKQTE3X3R6ekZUeldiakNwdmdDdGNkRTRTaXI
HINDUNILVR.NS,"Tue, 28 Jul 2026 07:00:00 GMT","Upcoming Q1 Results: Suzlon, L&T, Adani Enterprises, Asian Paints, Eicher Motors And 400+ Firms To Reporting Earnings - NDTV Profit",NDTV Profit,https://news.google.com/rss/articles/CBMi6wFBVV95cUxQejNJT1hlblFZYU5Bb2ktM0c4ZTROajJLQkdHTHBpNG44UkxWZXl6a09NbzVBLTdnS2Z3NGh0Y2M5UVR1dUpiamU3dk1COHJ6ZkJ0Z0JUN3h4RW05WFBCNlpOSFgxcFlKdnI2cFk0c0o2dzk2RGN1V2JjLUJKV05kUFNMLThoMXU1TU9oVlE4SGhWd3J2SGdxN0puNm9uVVp0UHFfSnBYYW5nUHVyLUsxQjhfb3BIQUQyYXBDTDJuajZVaTJCOW5WTEtVMXdtYnZDczBJbFhGWlhuWjY1VEdMcTRuX0NRMWdnTy1r0gHzAUFVX3lxTE9mcXp2QmdteXNxTmlPSC0wWFpCbUFWRkZtOUFnbk1RWHpDVVdOU3QxUW50eDVNTXRQcjZTOEMwZ25PVHB5U0ljTlNoUkNVaU1TUVA1X0xCbnVjeGx4VHFQVUJkQ3NjQ0x3RkdWZ0VWbXJVV0swZjNYMFdsMFBzbDd5Y25rU3ZYeWFzbEZvN1VJODEycGt5SGlsaGlBZDBRQ1FHb2pFZzJ6ZW9DT0VuUHJrc1FwS2JPRDRJY1dyaHBFeEhDWWJwRFo3WUhCc2E2VFIwRlZCUDNMNXMya2hsOTdqMFByalZDZDlOd0h6UEF5MEt1OA?oc=5,CBMi6wFBVV95cUxQejNJT1hlblFZYU5Bb2ktM0c4ZTROajJLQkdHTHBpNG44UkxWZXl6a09NbzVBLTdnS2Z3NGh0Y2M5UVR1dUpiamU3dk1COHJ6ZkJ0Z0JUN3h4RW05WFBCNlpOSFgxcFlKdnI2cFk0c0o2dzk2RGN1V2JjLUJKV05kUFNMLThoMXU1TU9oVlE4SGhWd3J2SGdxN0puNm9uVVp0UHFfSnBYYW5nUHVyLUsxQjhfb3BIQUQyYXBDTDJuajZVaTJCOW5WTEtVMXdtYnZDczBJbFhGWlhuWjY1VEdMcTRuX0NRMWdnTy1r0gHzAUFVX3lxTE9mcXp2QmdteXNxTmlPSC0wWFpCbUFWRkZtOUFnbk1RWHpDVVdOU3QxUW50eDVNTXRQcjZTOEMwZ25PVHB5U0ljTlNoUkNVaU1TUVA1X0xCbnVjeGx4VHFQVUJkQ3NjQ0x3RkdWZ0VWbXJVV0swZjNYMFdsMFBzbDd5Y25rU3ZYeWFzbEZvN1VJODEycGt5SGlsaGlBZDBRQ1FHb2pFZzJ6ZW9DT0VuUHJrc1FwS2JPRDRJY1dyaHBFeEhDWWJwRFo3WUhCc2E2VFIwRlZCUDNMNXMya2hsOTdqMFByalZDZDlOd0h6UEF5MEt1OA
HINDUNILVR.NS,"Sun, 26 Apr 2026 07:00:00 GMT","Q4 results this week: Maruti Suzuki India, Eternal, Adani Power, Bajaj Finance, HUL, Adani Ports, DMart, Vedanta, Waaree Energies and more - Upstox",Upstox,https://news.google.com/rss/articles/CBMiqAJBVV95cUxQdktWTDJ6eWR0dXU5X2lDYXp1UG81Tk5qLWJoZ0NFU0E1MHpTSkNZeVRZWnBlNWNkRjkwR1gxcWhBNzI0eDc1VkxsUWJnQmZCSXpscU8tdEt2OFJkaXFmbGlLQ2VVRlhFZWdkTnpnaUdEWm8ycVRPNkxBeGItUjVlamtaYldiRkJ3RGRQeEExaXVjRHNtaThySmhQcEFSVFhad2E0RnZJdUVCZ3U5aC1Md3ItSWRydng5ZE82RGVkS1dUQmgtWnpvM0VRVzMzRm1NR2hUbmFmZXhPWDFITVJFbDMwUkxsNC1TLS1FNHJzVEVFTHhETjdWWjFldHpnN3R0allKcFBNd2JZS1JIc3NmWHBpREo1Q1ZtdXFMbFdEWVUzTzNITnBKcA?oc=5,CBMiqAJBVV95cUxQdktWTDJ6eWR0dXU5X2lDYXp1UG81Tk5qLWJoZ0NFU0E1MHpTSkNZeVRZWnBlNWNkRjkwR1gxcWhBNzI0eDc1VkxsUWJnQmZCSXpscU8tdEt2OFJkaXFmbGlLQ2VVRlhFZWdkTnpnaUdEWm8ycVRPNkxBeGItUjVlamtaYldiRkJ3RGRQeEExaXVjRHNtaThySmhQcEFSVFhad2E0RnZJdUVCZ3U5aC1Md3ItSWRydng5ZE82RGVkS1dUQmgtWnpvM0VRVzMzRm1NR2hUbmFmZXhPWDFITVJFbDMwUkxsNC1TLS1FNHJzVEVFTHhETjdWWjFldHpnN3R0allKcFBNd2JZS1JIc3NmWHBpREo1Q1ZtdXFMbFdEWVUzTzNITnBKcA
HINDUNILVR.NS,"Tue, 28 Apr 2026 07:00:00 GMT",HUL Q4 preview: Revenue may grow in mid-single digit; key expectations - Business Standard,Business Standard,https://news.google.com/rss/articles/CBMi2wFBVV95cUxOUk8wYmV2cHZRLXJZNHJNVWpaem9lNTlnaDdydmFKenRlcGowdE1PVWtMdVAwQWRHMzc1c2lGRE82MV96bjZhWFFFR0tiS3JITnlxdGttaEthMFp5RDVJZHhjUFdNeTRkeG5MdDJRU05UM0xveDZDVUJ3VXZxUVFlY24zcEpMbnlNZm5TUC05WnMzUmcyZldkYm1ISXdlVjAzU1o2NEpnLUNnMkpTeDhaeWVid0lYWEkyT3Zuc3ltU2ZlTHpZcGVtQWRyOEFqZEpCSmI0T1h0Y1dLNFnSAeABQVVfeXFMTWtCLVA1S1l2a1Zhb3FvQXphRTNnOVRUcTY0NGRtVU9LQW5mVjNrbXNCaGI4OTg2bjF1ZXpya3hWTEJQSV95UEtVWVZ2eDc3M3BBWXRCSlpqTHo2S2w2MlpzTkx2cXdGUzlaZktPb2dmLU9mMEYwU3Z2ZG5TQnlHMEhEQnN0bXNOcXQ4THdDZEM0bUd2MDZ2UU1DTHItcENENnE0VG9mLXYzbmQ5SXBMOElOR1VGR3BhTXMyNF9TM2dWY0ItUVdjV0dMcmUxU3pYYXBLN0JIZVZhckNFU1o5d3g?oc=5,CBMi2wFBVV95cUxOUk8wYmV2cHZRLXJZNHJNVWpaem9lNTlnaDdydmFKenRlcGowdE1PVWtMdVAwQWRHMzc1c2lGRE82MV96bjZhWFFFR0tiS3JITnlxdGttaEthMFp5RDVJZHhjUFdNeTRkeG5MdDJRU05UM0xveDZDVUJ3VXZxUVFlY24zcEpMbnlNZm5TUC05WnMzUmcyZldkYm1ISXdlVjAzU1o2NEpnLUNnMkpTeDhaeWVid0lYWEkyT3Zuc3ltU2ZlTHpZcGVtQWRyOEFqZEpCSmI0T1h0Y1dLNFnSAeABQVVfeXFMTWtCLVA1S1l2a1Zhb3FvQXphRTNnOVRUcTY0NGRtVU9LQW5mVjNrbXNCaGI4OTg2bjF1ZXpya3hWTEJQSV95UEtVWVZ2eDc3M3BBWXRCSlpqTHo2S2w2MlpzTkx2cXdGUzlaZktPb2dmLU9mMEYwU3Z2ZG5TQnlHMEhEQnN0bXNOcXQ4THdDZEM0bUd2MDZ2UU1DTHItcENENnE0VG9mLXYzbmQ5SXBMOElOR1VGR3BhTXMyNF9TM2dWY0ItUVdjV0dMcmUxU3pYYXBLN0JIZVZhckNFU1o5d3g
HINDUNILVR.NS,"Thu, 23 Oct 2025 07:00:00 GMT","HUL Q2 results: GST cuts weigh on sales, profit up 3.8% - Livemint",Livemint,https://news.google.com/rss/articles/CBMi3wFBVV95cUxOUjFRVExTTkVGMjZGMVBnMDBIV3ZtTWVoT3k4VzZ2NFg5WG5nc2FaMjBBWVVkYmtCWHQ1VnRjZzEzNUd1OEFERldEOVp2R1l5bzNVekM0Mmpoaml2ZTZyNEMzTjBiUGlMMlZuWDd2bjJaSEtKV2laS0RZX21NdmVFaWtta2RreDBtMFhxZFhJVlhKTFZKQnAwVU85Tmd4Zml1SXNROXcyNmxwLWFxS1JHV3BDbnJvRWxPaGRiU2JRQzZKSndZQnBWNnh4N1R2TUZhdUg0QUFYb045ZVNEZTUw0gHkAUFVX3lxTE9MU1puSE5kVGVLdDlrSDJEVTRpeXQtdmtPVUVzSkNQZkpyVFJiUEE3dFhRVGQ3VjRBQXZ3UHEweW5EM3I3ZThuclhkV19nQTJzWDk4dEFLVTNpR2JvV2xIU2hXS2RFZ3ZaTHFjb3dkU1Z0Vktpbl9BdTZMbDFfV0NMVUdDTmVrX2JkTWFLVm1tQ2lSUWN0akVwdUsxQkx3RVFkRjg1NU1Na1h6ZnNxTTlCWUx2VlZVUnhTQUlnUmhET2JxM21kVjVMUHRGSjVIZFBQSFJIT0hhVF9tWDdEWVJvVjkxMg?oc=5,CBMi3wFBVV95cUxOUjFRVExTTkVGMjZGMVBnMDBIV3ZtTWVoT3k4VzZ2NFg5WG5nc2FaMjBBWVVkYmtCWHQ1VnRjZzEzNUd1OEFERldEOVp2R1l5bzNVekM0Mmpoaml2ZTZyNEMzTjBiUGlMMlZuWDd2bjJaSEtKV2laS0RZX21NdmVFaWtta2RreDBtMFhxZFhJVlhKTFZKQnAwVU85Tmd4Zml1SXNROXcyNmxwLWFxS1JHV3BDbnJvRWxPaGRiU2JRQzZKSndZQnBWNnh4N1R2TUZhdUg0QUFYb045ZVNEZTUw0gHkAUFVX3lxTE9MU1puSE5kVGVLdDlrSDJEVTRpeXQtdmtPVUVzSkNQZkpyVFJiUEE3dFhRVGQ3VjRBQXZ3UHEweW5EM3I3ZThuclhkV19nQTJzWDk4dEFLVTNpR2JvV2xIU2hXS2RFZ3ZaTHFjb3dkU1Z0Vktpbl9BdTZMbDFfV0NMVUdDTmVrX2JkTWFLVm1tQ2lSUWN0akVwdUsxQkx3RVFkRjg1NU1Na1h6ZnNxTTlCWUx2VlZVUnhTQUlnUmhET2JxM21kVjVMUHRGSjVIZFBQSFJIT0hhVF9tWDdEWVJvVjkxMg
HINDUNILVR.NS,"Tue, 28 Jul 2026 07:00:00 GMT",Unilever India signals more price hikes as commodity inflation persists - Business Standard,Business Standard,https://news.google.com/rss/articles/CBMi1wFBVV95cUxPMjRhUEVSek9NaUFjS3RlNVR4UE9ZMlhEYjNWQUxsM1Y0dm8tSnJQLUd1RnAta3VzTHJEZ0xIR3FlcTFuaW5tLUhocnd4bmpCbm0xUzlBZVZYVGRRdjlPaW9oZVZMUGJORHZWdlVvVks1RnROZDJLOUJiOFVQYm9NX1c1bjlxVkFfR01GUkVyVjRQMTM2NS02RUNaLUNFY045YzNlU2dfdHAzTVpYNEUwWUlOc2Y3c0FIVmRFY2hVMWFTcVdqcUNicUhfZjI4a0k2VmxqaHpFc9IB3AFBVV95cUxPZ2Q2Sl9RRXN0dDJiWmZVaDB1R0tJNkc1Nk9mY2IxV2lHUzczUnlGUERhNHV3NjN1em5WNDgwZHhxS0VleHYtMDkybV9jNng2c0VvRm5CUE9Qa25FN0JUTzJ0R3h1b2F1UzlJTzRScWMtRUtLcWFxWGxSYldaZ0ZEblBKSmlraGFPY0NSZFM2cDdDQ3lUeXBrZk9BQlFsWkhPTkJMVlFoTnFpUkprTE54QXBfTmlGTUM4c01kcDlrRm1YeEpPWlhKRWhYRTN0ck9BbkFudHNFMmV6UnNO?oc=5,CBMi1wFBVV95cUxPMjRhUEVSek9NaUFjS3RlNVR4UE9ZMlhEYjNWQUxsM1Y0dm8tSnJQLUd1RnAta3VzTHJEZ0xIR3FlcTFuaW5tLUhocnd4bmpCbm0xUzlBZVZYVGRRdjlPaW9oZVZMUGJORHZWdlVvVks1RnROZDJLOUJiOFVQYm9NX1c1bjlxVkFfR01GUkVyVjRQMTM2NS02RUNaLUNFY045YzNlU2dfdHAzTVpYNEUwWUlOc2Y3c0FIVmRFY2hVMWFTcVdqcUNicUhfZjI4a0k2VmxqaHpFc9IB3AFBVV95cUxPZ2Q2Sl9RRXN0dDJiWmZVaDB1R0tJNkc1Nk9mY2IxV2lHUzczUnlGUERhNHV3NjN1em5WNDgwZHhxS0VleHYtMDkybV9jNng2c0VvRm5CUE9Qa25FN0JUTzJ0R3h1b2F1UzlJTzRScWMtRUtLcWFxWGxSYldaZ0ZEblBKSmlraGFPY0NSZFM2cDdDQ3lUeXBrZk9BQlFsWkhPTkJMVlFoTnFpUkprTE54QXBfTmlGTUM4c01kcDlrRm1YeEpPWlhKRWhYRTN0ck9BbkFudHNFMmV6UnNO
KOTAKBANK.NS,"Sat, 02 May 2026 07:00:00 GMT",Kotak Mahindra Bank Q4FY26 consolidated net profit rises 10% Y-o-Y - Business Standard,Business Standard,https://news.google.com/rss/articles/CBMi5wFBVV95cUxNVDR3V1YzQjRFOFFnY3N2T0p0ckN6aXZmSVhRWHRJZmZEMGFCR2EwUXMwNnRZN0FnVWhLX3hqWHdWZE52enJSaTdsMzRnamdYMWxkWXZYZ0wtLXVZbDB1SFNnbkNIeUJfUGVRcmlIcTFXMU1xSkt4ZTFnRHZqZ1VTTlhLT2dZT1lQa3ZHZVFOaDhockhyTkpPd2VpWDlvbGZZdmFIOWhIbGtPQ1NsSlJIT29iaHYxcmQ0czJCNlB4YTBidXhkc1g1a0ttbERoMmNoUFNVQVl3LXFqcWVIMHNscTFMMElRWWfSAewBQVVfeXFMTjRzWWtaSW5LYXdxSVQtNFREcDdrbUk1WUhNMHRCSVRNTGtUcHpuaFB4OFNCVXY4aEhBWEI5SnA4OS13d3pRb1p6WGNLNDA5dkJyX0VSeHNudHpPZnpoUFdneFFhRnBCUmZPY0pzdFowaDJxMUlqTVJaT0pqNGdhcHpmZHJHTzVKVVZyeDlXTjdjUDh3SFpkT2pTM1dRbUE5d1U2MVBuRmZ2UDAzYy1KbzhaWVJCZklsUXpHbXZ6a3pXNW9uTlBiVTFQTGxhUGRXWk9MRklPWDV5TDRUel9ESVF0QVBZYUdRZ24tYXg?oc=5,CBMi5wFBVV95cUxNVDR3V1YzQjRFOFFnY3N2T0p0ckN6aXZmSVhRWHRJZmZEMGFCR2EwUXMwNnRZN0FnVWhLX3hqWHdWZE52enJSaTdsMzRnamdYMWxkWXZYZ0wtLXVZbDB1SFNnbkNIeUJfUGVRcmlIcTFXMU1xSkt4ZTFnRHZqZ1VTTlhLT2dZT1lQa3ZHZVFOaDhockhyTkpPd2VpWDlvbGZZdmFIOWhIbGtPQ1NsSlJIT29iaHYxcmQ0czJCNlB4YTBidXhkc1g1a0ttbERoMmNoUFNVQVl3LXFqcWVIMHNscTFMMElRWWfSAewBQVVfeXFMTjRzWWtaSW5LYXdxSVQtNFREcDdrbUk1WUhNMHRCSVRNTGtUcHpuaFB4OFNCVXY4aEhBWEI5SnA4OS13d3pRb1p6WGNLNDA5dkJyX0VSeHNudHpPZnpoUFdneFFhRnBCUmZPY0pzdFowaDJxMUlqTVJaT0pqNGdhcHpmZHJHTzVKVVZyeDlXTjdjUDh3SFpkT2pTM1dRbUE5d1U2MVBuRmZ2UDAzYy1KbzhaWVJCZklsUXpHbXZ6a3pXNW9uTlBiVTFQTGxhUGRXWk9MRklPWDV5TDRUel9ESVF0QVBZYUdRZ24tYXg
KOTAKBANK.NS,"Tue, 28 Jul 2026 07:00:00 GMT",State Bank of India vs Kotak Mahindra Bank: Full Stock Comparison - Univest,Univest,https://news.google.com/rss/articles/CBMihAFBVV95cUxORkMweDI3bnU1MGtwbUxHV2NleE1hSjNseUZVYVpzQXhCQ2xhZjVvSmRnckEtUk54RnFIUHI1MjBWanpDUkRCYk81WVN6RFlVdHJQakhTN3BEU3c5QVFjUkZtclFTVTdFSjdXcEUtTTRhU0VCVnlYdmc4enhmbmRBV0RHc3E?oc=5,CBMihAFBVV95cUxORkMweDI3bnU1MGtwbUxHV2NleE1hSjNseUZVYVpzQXhCQ2xhZjVvSmRnckEtUk54RnFIUHI1MjBWanpDUkRCYk81WVN6RFlVdHJQakhTN3BEU3c5QVFjUkZtclFTVTdFSjdXcEUtTTRhU0VCVnlYdmc4enhmbmRBV0RHc3E
KOTAKBANK.NS,"Sat, 18 Jul 2026 07:24:49 GMT","Kotak Bank Q1FY27 PAT rises 23% to ₹5,480 crore; earnings call transcript released - scanx.trade",scanx.trade,https://news.google.com/rss/articles/CBMitAFBVV95cUxNbE5wbXpUa3FvZ0VGSnlNWENjb210Y01NQ0RLQ1dQS0NjM2xTYTlxdGZscU9YMGwyc2dodEd5R2txRFY2X2M2YjFuS0ZXZnk0eDRqUkl0SXdIR29CV3A4M3pUZWhReFFLdThTcUVhSWxfN2JUcThEZ1E5RUJYa2ZjVldhdVc3a1NlVjB2Y19kenVBZWU2b1UxZmlUcXBPTk9wektZdUUwREpycFZBd1A5VnFScVI?oc=5,CBMitAFBVV95cUxNbE5wbXpUa3FvZ0VGSnlNWENjb210Y01NQ0RLQ1dQS0NjM2xTYTlxdGZscU9YMGwyc2dodEd5R2txRFY2X2M2YjFuS0ZXZnk0eDRqUkl0SXdIR29CV3A4M3pUZWhReFFLdThTcUVhSWxfN2JUcThEZ1E5RUJYa2ZjVldhdVc3a1NlVjB2Y19kenVBZWU2b1UxZmlUcXBPTk9wektZdUUwREpycFZBd1A5VnFScVI
KOTAKBANK.NS,"Mon, 06 Jul 2026 07:00:00 GMT",Kotak Mahindra Bank shares fall over 3% after Q1 update; advances jump 15% to Rs 5.12 lakh crore - The Economic Times,The Economic Times,https://news.google.com/rss/articles/CBMiggJBVV95cUxNVHVYUUV5WWpEWktvbmk2MVVnU2pRY21pd2Exa0g3YngtZy1PT19QNy1Iai1DWFVBOFVrMWtJN0E2Qmo3d1UzNGlPWWRCRjFTd2lLTXhtb1diZGhpSXA2TnpDR2FveG00aVpMSnNNQlJHYVg2ZEtQTlU1SExiS3VNM0tXVHFHUUNmNnpnc1RYMzVYTkU4MF9HRHNrR0swa0pFazlFQW9lbC0tdE0ya2JqYml0LVVfanpqbDJRTmVmZVVGbFNHTVlKaFNJVGYtNGRsR0s2Q09vUWExN3UxRE0xZWNaVDlya0tfeFJtVTlaWXh0dW5tb1pQallaa2c5OUE1NUHSAYcCQVVfeXFMTjVnSDBMMFA5eGpYSXJCVlVLVzM1T3dhWnBTRm12U1dsVFBmQlRHRWN0SUpaYjBnUlBzT2thVWx5ek5mN01uaTNPZjMwTVFkeGp5OXUwLWxoYVdIRmdHYV9ieGhGVFU4aUt2RzVtNVVIUVJTRWhQTXRxQzYwN0xJckxleGVLakZPQUE3NzBlTUw4SGFjeDF5NUFuSUdKTTZLN3NUdGMyNnRLTExlcU1mSDNqMWhVTXFPQ05oZ2tVTHJZSG5QSXlpTk55aEVUTUVtWlZOd2FPVDhXV2M2ejFhWFZCOG9idUJwZE1aalRvSFUwTTB2ZlQ2emtDUEE3U0dJeGlRS3FJekk?oc=5,CBMiggJBVV95cUxNVHVYUUV5WWpEWktvbmk2MVVnU2pRY21pd2Exa0g3YngtZy1PT19QNy1Iai1DWFVBOFVrMWtJN0E2Qmo3d1UzNGlPWWRCRjFTd2lLTXhtb1diZGhpSXA2TnpDR2FveG00aVpMSnNNQlJHYVg2ZEtQTlU1SExiS3VNM0tXVHFHUUNmNnpnc1RYMzVYTkU4MF9HRHNrR0swa0pFazlFQW9lbC0tdE0ya2JqYml0LVVfanpqbDJRTmVmZVVGbFNHTVlKaFNJVGYtNGRsR0s2Q09vUWExN3UxRE0xZWNaVDlya0tfeFJtVTlaWXh0dW5tb1pQallaa2c5OUE1NUHSAYcCQVVfeXFMTjVnSDBMMFA5eGpYSXJCVlVLVzM1T3dhWnBTRm12U1dsVFBmQlRHRWN0SUpaYjBnUlBzT2thVWx5ek5mN01uaTNPZjMwTVFkeGp5OXUwLWxoYVdIRmdHYV9ieGhGVFU4aUt2RzVtNVVIUVJTRWhQTXRxQzYwN0xJckxleGVLakZPQUE3NzBlTUw4SGFjeDF5NUFuSUdKTTZLN3NUdGMyNnRLTExlcU1mSDNqMWhVTXFPQ05oZ2tVTHJZSG5QSXlpTk55aEVUTUVtWlZOd2FPVDhXV2M2ejFhWFZCOG9idUJwZE1aalRvSFUwTTB2ZlQ2emtDUEE3U0dJeGlRS3FJekk
KOTAKBANK.NS,"Sat, 18 Jul 2026 07:00:00 GMT",Kotak Mahindra Bank Q1 results: Profit up 26% - Lapaas Voice,Lapaas Voice,https://news.google.com/rss/articles/CBMieEFVX3lxTE1wSzVWbUNkQWt1UmVGdnp0UFlIMnJwUE9BUU1uSUp3Rjk1clZ6QTc0OC1JcHMxQkVxOUJ5eUduQjhVTlVhTlVKMzBycDVZUHpGS2VwTU4tbFpNMGxVVWFNTHZ2UzZnTkttUk5lMTVoUGZFVXJZWEE3ZA?oc=5,CBMieEFVX3lxTE1wSzVWbUNkQWt1UmVGdnp0UFlIMnJwUE9BUU1uSUp3Rjk1clZ6QTc0OC1JcHMxQkVxOUJ5eUduQjhVTlVhTlVKMzBycDVZUHpGS2VwTU4tbFpNMGxVVWFNTHZ2UzZnTkttUk5lMTVoUGZFVXJZWEE3ZA
KOTAKBANK.NS,"Mon, 03 Aug 2026 07:00:00 GMT",Bank of Baroda vs Kotak Mahindra Bank: Full Stock Comparison - Univest,Univest,https://news.google.com/rss/articles/CBMifkFVX3lxTE1lY0xXU09jOEF6dVBhMGw0S1RNRHlxeFY0U1JHZVVKTHBLQnJGWHdPTkRKcUZCd2ZZWjVTYXVTS0ZBRUo2UlRDd21FNXNNeFpOWGFHbUgwaDMtS09jU1pra05zRHRUNU1lRjM0cWY0T2Jpd29FSUdoNW1lQUFPdw?oc=5,CBMifkFVX3lxTE1lY0xXU09jOEF6dVBhMGw0S1RNRHlxeFY0U1JHZVVKTHBLQnJGWHdPTkRKcUZCd2ZZWjVTYXVTS0ZBRUo2UlRDd21FNXNNeFpOWGFHbUgwaDMtS09jU1pra05zRHRUNU1lRjM0cWY0T2Jpd29FSUdoNW1lQUFPdw
KOTAKBANK.NS,"Sat, 01 Aug 2026 07:00:00 GMT","Kotak Bank FY26 Results: Consolidated PAT Hits ₹19,288 Crore - scanx.trade",scanx.trade,https://news.google.com/rss/articles/CBMitgFBVV95cUxQSFFqX213TG5JMV9wVEE2ZVhfTWlycWhmVXhTd1IxQlVuRGI2ZzR2ZDQ2akZFRnZBSHYtbFBQQVdGN0VtQXczTklvRHpVcjVoMkRzNS1tcTNWQUNhNHJLNHJtMkhEYTEwek9jdVJFdThhc1ZBVjhFeTVqZ3pqTlR0Xy1Da2JmRU8wcHBCTjlFcElURE1BLWQ2NzF2VEwxR01nQnRndEc0bmMwR1cyemdMOHlyV1hjdw?oc=5,CBMitgFBVV95cUxQSFFqX213TG5JMV9wVEE2ZVhfTWlycWhmVXhTd1IxQlVuRGI2ZzR2ZDQ2akZFRnZBSHYtbFBQQVdGN0VtQXczTklvRHpVcjVoMkRzNS1tcTNWQUNhNHJLNHJtMkhEYTEwek9jdVJFdThhc1ZBVjhFeTVqZ3pqTlR0Xy1Da2JmRU8wcHBCTjlFcElURE1BLWQ2NzF2VEwxR01nQnRndEc0bmMwR1cyemdMOHlyV1hjdw
KOTAKBANK.NS,"Tue, 28 Jul 2026 07:00:00 GMT",Kotak Mahindra Bank vs Bandhan Bank: Full Stock Comparison - Univest,Univest,https://news.google.com/rss/articles/CBMie0FVX3lxTE91UFdtMXZWRXkzbmdaTVktVDgwN0NjcnpIb25TWDVLSUNTTnl1TEFtdUNBaURPa09IWkpRckZ0Z3plc0pNbjUtd3ZmaVJhS1ZKOFFRYkl5ZVQ4dU9KOHRockd2NVBaVVRWNFBDOXhjOTRURGZ6ZFZpNkZPdw?oc=5,CBMie0FVX3lxTE91UFdtMXZWRXkzbmdaTVktVDgwN0NjcnpIb25TWDVLSUNTTnl1TEFtdUNBaURPa09IWkpRckZ0Z3plc0pNbjUtd3ZmaVJhS1ZKOFFRYkl5ZVQ4dU9KOHRockd2NVBaVVRWNFBDOXhjOTRURGZ6ZFZpNkZPdw
KOTAKBANK.NS,"Sat, 02 May 2026 07:00:00 GMT","Q4 result: Kotak Mahindra Bank, Netweb Technologies among 26 firms on May 2 - Business Standard",Business Standard,https://news.google.com/rss/articles/CBMi6wFBVV95cUxNQTJjbU9iNVc3dmpWZGk1d1dwcWRRSDltaUhSWWNJSDducWJIalZRUlRhR2d5X3A2T0lUUDBjVFEwYno0OG9SQk9EeVVjMS1IMzdYNGx0RjY5enVoU1ZnY3JnU1FidFRnSVp5UnI1MXVDaldwaDR1eGs0bTMwZzh3ZWZKVEF2cWFtRTJKZVhOMGt4R1hDUUphVGRtdG9QUEpjMFYwUXY4WndWam9IZ2FWSlEzU0t2SmotU0h3U3pzZXN4UGlvODRFaEY5TFg4NjctV1BweVduSEJob2N0cFdoTFl6ZnJiNVdKYU5r0gHwAUFVX3lxTFBNV2ZPVGx3cDVVcWJSZG9pUmU1aUh2UHVobkI0TzlncTBfbVJKUTQ1bnRfSTZaUkZBb0FDY3B3Nk9mUUQyWWN5dTVManFTS2dsN09PM2kybGNTeTJ3ajUwWTd2blp4R2tqRnFfYmlocWs1STZ3SGJFZERYTEVmNmkzcFJCcXlPWE4xUGlQZnh0T2FmRlVqRWpOZ1FjRUZLNWFXekRsVVpmYnFkNURGeTZkVXp2LTVfakkzbVdzMlA1TVVYUk9ieXZDLVNZQXRnY2V3RnRKTTBwd0J5c2p3SWxOZDE4MnFaRUNJS3l5SndteA?oc=5,CBMi6wFBVV95cUxNQTJjbU9iNVc3dmpWZGk1d1dwcWRRSDltaUhSWWNJSDducWJIalZRUlRhR2d5X3A2T0lUUDBjVFEwYno0OG9SQk9EeVVjMS1IMzdYNGx0RjY5enVoU1ZnY3JnU1FidFRnSVp5UnI1MXVDaldwaDR1eGs0bTMwZzh3ZWZKVEF2cWFtRTJKZVhOMGt4R1hDUUphVGRtdG9QUEpjMFYwUXY4WndWam9IZ2FWSlEzU0t2SmotU0h3U3pzZXN4UGlvODRFaEY5TFg4NjctV1BweVduSEJob2N0cFdoTFl6ZnJiNVdKYU5r0gHwAUFVX3lxTFBNV2ZPVGx3cDVVcWJSZG9pUmU1aUh2UHVobkI0TzlncTBfbVJKUTQ1bnRfSTZaUkZBb0FDY3B3Nk9mUUQyWWN5dTVManFTS2dsN09PM2kybGNTeTJ3ajUwWTd2blp4R2tqRnFfYmlocWs1STZ3SGJFZERYTEVmNmkzcFJCcXlPWE4xUGlQZnh0T2FmRlVqRWpOZ1FjRUZLNWFXekRsVVpmYnFkNURGeTZkVXp2LTVfakkzbVdzMlA1TVVYUk9ieXZDLVNZQXRnY2V3RnRKTTBwd0J5c2p3SWxOZDE4MnFaRUNJS3l5SndteA
KOTAKBANK.NS,"Mon, 03 Aug 2026 07:00:00 GMT",Canara Bank vs Kotak Mahindra Bank: Full Stock Comparison - Univest,Univest,https://news.google.com/rss/articles/CBMiekFVX3lxTE53Z1lwZHprU244cHpMS0pteUxjV1Myc0d4aFktRG5FdW16RHk1S3BaSmhmc3BOWlVnTmZFNVFEMk16LTlBTE52YmVScEEyLVdkU3N6RzNMeW13eS1LcWtpaFB4cU1Sb1gwZkt0OHE1N0tPTWhqejBuTllR?oc=5,CBMiekFVX3lxTE53Z1lwZHprU244cHpMS0pteUxjV1Myc0d4aFktRG5FdW16RHk1S3BaSmhmc3BOWlVnTmZFNVFEMk16LTlBTE52YmVScEEyLVdkU3N6RzNMeW13eS1LcWtpaFB4cU1Sb1gwZkt0OHE1N0tPTWhqejBuTllR
MARUTI.NS,"Fri, 31 Jul 2026 07:00:00 GMT","Maruti Suzuki Q1 results: Net profit declines 11% to Rs 3,352 crore, revenue rises 36% - Moneycontrol.com",Moneycontrol.com,https://news.google.com/rss/articles/CBMi4gFBVV95cUxNeGVsZlNETVVwcnJfcUhxSTRMQ0dyMzlDdlpaLWRjSlF5MV9HWk9LR1E0UHJSNEpLNjRmdnoxMUtwLWNQa05iemxJdGVCOXg0TEV0VFdFNHUzQkNsaVlpdFl5NWxBVGtrd2xwemRjcUMzWXdrNWpXRGlRWXVwU2dpOElMaDhsVEMzUDVkRWxGeGZmbVh6c1ZaNXdsU3VubU9ZZFFud2dSOUlPU1VDamQxdDhCZnRvSUNkYmEyUW9JaGF5LUhPM2ljenc2VlM1RzZGMlkxNzZIYzEyekFYUmlzN0xR0gHnAUFVX3lxTFBUcXlrczdzckxqbWpmZmdQaWUyNXlKVzdSUlF1V3o0VmJkSUd1Q2ljR1ItVU1ZWnNwZGZXNnBZLS1oMF9yUmpBclZxTlpUUU9LVkxrcGpKRVptV3R5OF91ZzdGS19oZ3hONktRbnVZNTRPUE1MY2pMQ3RqdHRvTmpPNWNpLXRrMWtkTGtIQ0ZoRTBYcU5taVlTWHZTRTVmQ3J6d1JqcXlZWkpLMm5tck5lRUZtem9BSmxWVjlvanJ5aWwzQ3RqVlRvZHVSYVlSNzBYSUNlR3FOME1jSnRnMGxUUHZMRG9TZw?oc=5,CBMi4gFBVV95cUxNeGVsZlNETVVwcnJfcUhxSTRMQ0dyMzlDdlpaLWRjSlF5MV9HWk9LR1E0UHJSNEpLNjRmdnoxMUtwLWNQa05iemxJdGVCOXg0TEV0VFdFNHUzQkNsaVlpdFl5NWxBVGtrd2xwemRjcUMzWXdrNWpXRGlRWXVwU2dpOElMaDhsVEMzUDVkRWxGeGZmbVh6c1ZaNXdsU3VubU9ZZFFud2dSOUlPU1VDamQxdDhCZnRvSUNkYmEyUW9JaGF5LUhPM2ljenc2VlM1RzZGMlkxNzZIYzEyekFYUmlzN0xR0gHnAUFVX3lxTFBUcXlrczdzckxqbWpmZmdQaWUyNXlKVzdSUlF1V3o0VmJkSUd1Q2ljR1ItVU1ZWnNwZGZXNnBZLS1oMF9yUmpBclZxTlpUUU9LVkxrcGpKRVptV3R5OF91ZzdGS19oZ3hONktRbnVZNTRPUE1MY2pMQ3RqdHRvTmpPNWNpLXRrMWtkTGtIQ0ZoRTBYcU5taVlTWHZTRTVmQ3J6d1JqcXlZWkpLMm5tck5lRUZtem9BSmxWVjlvanJ5aWwzQ3RqVlRvZHVSYVlSNzBYSUNlR3FOME1jSnRnMGxUUHZMRG9TZw
MARUTI.NS,"Fri, 31 Jul 2026 07:00:00 GMT","Maruti Suzuki Q1 results: Profit slips 9% YoY to Rs 3,447 crore; revenue climbs 36% - Business Today",Business Today,https://news.google.com/rss/articles/CBMi3wFBVV95cUxOM01RaU1ZaExOQzNaSC1KVmgtclBTNnpyN3pVT0p6N181a1pjVU9DX0pKVWE0X1lyLXI3X3IzZ3BEUlhBU1o0UkFjUE4waDdRb1BOa3VYN1BONzN5c0lVdlB4MFh3UGJNMlUwMTZ2VUFTbXIxMEtCTGRsQjExMHVMV1ZUTFBUZ2ZuXzQ4bmxHZ0xrZ29iMlVjNzBobGxEVTZSZzlPT3h2cHF6SmlzSjFsOGdJZjYtSllnanBiZUItZFdXdTFTTl9hejVtejhvbEp0V0FPLUdCaXpzWWV0TTdZ0gHkAUFVX3lxTE1GeFRYM0tia0VsN0YzN2FQUEhrRGpldUVnTjV5RXBSREJNdDFJcFFPVXR0S1NwbjdPOTlqNUVYZnpkM2Fab2J5S21sdDhFcFdFNENkYnZqbC1Qb1BPNE9vQzgzeU9WVlpYbU0tYVZfdHRxdU9rTjZvd2hQQXgwMmdLemxqQmNGc1NSRVZTRTRKa0NiUnFHeGhwN1JkbWNNWmgyRlJQQ0E0MExLSl9LNzRqS0tSNTZNeS1nQTM2SXRlUk1jSW1pLUxiMWJsRmkwbXlkQ29GY1lZVk91YXNMME4tU19FUQ?oc=5,CBMi3wFBVV95cUxOM01RaU1ZaExOQzNaSC1KVmgtclBTNnpyN3pVT0p6N181a1pjVU9DX0pKVWE0X1lyLXI3X3IzZ3BEUlhBU1o0UkFjUE4waDdRb1BOa3VYN1BONzN5c0lVdlB4MFh3UGJNMlUwMTZ2VUFTbXIxMEtCTGRsQjExMHVMV1ZUTFBUZ2ZuXzQ4bmxHZ0xrZ29iMlVjNzBobGxEVTZSZzlPT3h2cHF6SmlzSjFsOGdJZjYtSllnanBiZUItZFdXdTFTTl9hejVtejhvbEp0V0FPLUdCaXpzWWV0TTdZ0gHkAUFVX3lxTE1GeFRYM0tia0VsN0YzN2FQUEhrRGpldUVnTjV5RXBSREJNdDFJcFFPVXR0S1NwbjdPOTlqNUVYZnpkM2Fab2J5S21sdDhFcFdFNENkYnZqbC1Qb1BPNE9vQzgzeU9WVlpYbU0tYVZfdHRxdU9rTjZvd2hQQXgwMmdLemxqQmNGc1NSRVZTRTRKa0NiUnFHeGhwN1JkbWNNWmgyRlJQQ0E0MExLSl9LNzRqS0tSNTZNeS1nQTM2SXRlUk1jSW1pLUxiMWJsRmkwbXlkQ29GY1lZVk91YXNMME4tU19FUQ
MARUTI.NS,"Fri, 15 May 2026 07:00:00 GMT","Maruti Suzuki India Analyst Review 2026: MARUTI at Rs 12,800 Buy or Hold? - Univest",Univest,https://news.google.com/rss/articles/CBMickFVX3lxTE1USFBQaVpuZWNaTVlKNURzR0I1bzV4SjUtWU5pSUxfTGN0cVFFTExBSGgyOWVFbFFxT3h3dzh4SEJpUmZaSGFkRFFUZWkwWXFkZzd0alVZWDhWR3FuV2RHWVJlbTZjUzBnb25lYjVvc3dOZw?oc=5,CBMickFVX3lxTE1USFBQaVpuZWNaTVlKNURzR0I1bzV4SjUtWU5pSUxfTGN0cVFFTExBSGgyOWVFbFFxT3h3dzh4SEJpUmZaSGFkRFFUZWkwWXFkZzd0alVZWDhWR3FuV2RHWVJlbTZjUzBnb25lYjVvc3dOZw
MARUTI.NS,"Fri, 31 Jul 2026 07:00:00 GMT","Maruti Suzuki Q1 net falls 9% despite jump in sales, as costs rise - Business Standard",Business Standard,https://news.google.com/rss/articles/CBMi4gFBVV95cUxQQUQ4YkZoYmlnZ1ZFMWxnaG5LOU5FTWRiWmE1OG05UTFvQlhrSUlOX21PUjRfdGpLbTZ1RTNHYmZFOVpzY3JnYWtWRU1LbnhIWkg3WTVtT28yYU9vQXZHYUppZ1NCVG40ZkJaeDQ2am1ubktPV3FPbnhSWTJvNEM0ZWIweDhnMEM5ZWZaVUkxNnpJT3hJOWJSUS10X3lhcDZfcm8zb1JxUkZXUG9qMEhfb1dqaUlZU25henZPRU5FWnN1cnZqVmdGbjJoT0lYTHppNk50QUNWVkRITDdRUTJsdERR0gHnAUFVX3lxTE9XS0kxb0lfQXRWR2hrQW80MFozZjZBdGFKRk1tWVhpMjFLSGlMY3lmbW1GLXIzTXRPRzdkaW1LX0ZqLXA0d3lzQTdIY01XdEFHYjFzb1BYS1F4cUM5OWtfaUxBRnpXSklzMlR3aFBtNHFSS3B6QlJ4Um5CQlBkMDF1amZBdkFUMGN6ZGhIUnpKY0NNdFNfWmZfT2FucFY4RUczZDJKYkJ1OUNlcmdFbHFneFl4SDIyNTlNUHMyRGJpbHpqU0tGZXh5STJUUC1qUWJUckFtY0FHa0QzYUhBVVlQTWl3blJ5UQ?oc=5,CBMi4gFBVV95cUxQQUQ4YkZoYmlnZ1ZFMWxnaG5LOU5FTWRiWmE1OG05UTFvQlhrSUlOX21PUjRfdGpLbTZ1RTNHYmZFOVpzY3JnYWtWRU1LbnhIWkg3WTVtT28yYU9vQXZHYUppZ1NCVG40ZkJaeDQ2am1ubktPV3FPbnhSWTJvNEM0ZWIweDhnMEM5ZWZaVUkxNnpJT3hJOWJSUS10X3lhcDZfcm8zb1JxUkZXUG9qMEhfb1dqaUlZU25henZPRU5FWnN1cnZqVmdGbjJoT0lYTHppNk50QUNWVkRITDdRUTJsdERR0gHnAUFVX3lxTE9XS0kxb0lfQXRWR2hrQW80MFozZjZBdGFKRk1tWVhpMjFLSGlMY3lmbW1GLXIzTXRPRzdkaW1LX0ZqLXA0d3lzQTdIY01XdEFHYjFzb1BYS1F4cUM5OWtfaUxBRnpXSklzMlR3aFBtNHFSS3B6QlJ4Um5CQlBkMDF1amZBdkFUMGN6ZGhIUnpKY0NNdFNfWmZfT2FucFY4RUczZDJKYkJ1OUNlcmdFbHFneFl4SDIyNTlNUHMyRGJpbHpqU0tGZXh5STJUUC1qUWJUckFtY0FHa0QzYUhBVVlQTWl3blJ5UQ
MARUTI.NS,"Tue, 28 Apr 2026 07:00:00 GMT",Maruti Suzuki Q4 results: Net profit falls 6.4% amid higher input costs - Business Standard,Business Standard,https://news.google.com/rss/articles/CBMi5gFBVV95cUxQa0ZjUmlpdjBNd2kwS2R2TkdnVHZGSnA5TnNyYnBpQkRqMmpLVTZySy1PRmlNOURqNms3c0xPV2xubWhxUmpfMndhLXV1SktxYk43RnBNVU81WW1iZ2hIUzlaTTRJU2Fudi1QZENsS1JJSk9HNHJPeXNpY2ZpV2xaaC1aSWlTVnZxQ0JnVmk0ckt3MmtPNnNMLUtvQlRJTkFFUUtWcmxfZ0R1VjNNcktnV25YNXBYb1d1bEI4V0lfbFo2RG9Xb0N2bFVRTF9UeFV6QzNKYkl6VEJ3WW9WdE9odm9ldWVJUdIB6wFBVV95cUxOQ3F4ZElWenVEUDVGYXJEMFFzUmw0NjAtaEx2andzdFJBRnZtUEpDTkEyUDBSRG1IVVk3S0k4TURnLUhsbVhQYjNobjg1aldKazRQa1hDeXhrSmYzZWZzc0poR3NzVkJ2d1RMaFE2Uy1LRG80Q3ltbVk2bEVMY1VQYWtXdG5fd2J4NlZZcUN0WjVuNDhoQ3BGYWRadXc5djdtcjVValJfTUwtZVpoZmU0ODVpalpLM0VxRHVidmZNWExlV0dtaE81bklHSVlRRENtNVBjSnVRWEFLOVowQS0tVlFtSEllNnZYRXZz?oc=5,CBMi5gFBVV95cUxQa0ZjUmlpdjBNd2kwS2R2TkdnVHZGSnA5TnNyYnBpQkRqMmpLVTZySy1PRmlNOURqNms3c0xPV2xubWhxUmpfMndhLXV1SktxYk43RnBNVU81WW1iZ2hIUzlaTTRJU2Fudi1QZENsS1JJSk9HNHJPeXNpY2ZpV2xaaC1aSWlTVnZxQ0JnVmk0ckt3MmtPNnNMLUtvQlRJTkFFUUtWcmxfZ0R1VjNNcktnV25YNXBYb1d1bEI4V0lfbFo2RG9Xb0N2bFVRTF9UeFV6QzNKYkl6VEJ3WW9WdE9odm9ldWVJUdIB6wFBVV95cUxOQ3F4ZElWenVEUDVGYXJEMFFzUmw0NjAtaEx2andzdFJBRnZtUEpDTkEyUDBSRG1IVVk3S0k4TURnLUhsbVhQYjNobjg1aldKazRQa1hDeXhrSmYzZWZzc0poR3NzVkJ2d1RMaFE2Uy1LRG80Q3ltbVk2bEVMY1VQYWtXdG5fd2J4NlZZcUN0WjVuNDhoQ3BGYWRadXc5djdtcjVValJfTUwtZVpoZmU0ODVpalpLM0VxRHVidmZNWExlV0dtaE81bklHSVlRRENtNVBjSnVRWEFLOVowQS0tVlFtSEllNnZYRXZz
MARUTI.NS,"Tue, 28 Apr 2026 07:00:00 GMT","Maruti Suzuki Q4 net profit falls 6.5% YoY to Rs 3,659 crore; revenue jumps 28%, Rs 140 dividend declared - Moneycontrol.com",Moneycontrol.com,https://news.google.com/rss/articles/CBMi-AFBVV95cUxPRlM0Q3ltTW9fbU5RWkU4VlRQWmlxZjVOcXRRTjJ1VmNwc2Jtb3ltblZnTDllRXhBOHlwME9KS2dqM2k4VG9yaTdhUDdvNE9ZSm16aWwweUFxNTVMMXFqN1lUUlgyU2hXUEhvencyR2hDUlpzTmR3THg1QUxXR2FMZUhCbFFNT044UHk4Z0VWamRVOFFZVW9aVFVpQXVBOHZYTXJwUnlLVFhlNXBEdV94dVphNXVLUE1XcHpVU2VxazBkRWdSRS0tcXcybXRnS2R0X2RHVXRSdVhTaEYxUzF1cjh3TWN4VjBndjlEMUstUHBHX1A1dVVKWdIB_gFBVV95cUxQU0c4VkhoNl9STGlGVjNKWXczZmlmWFA1QUJwemlqMXNoWnMxMHlsTFp1RzgxdE1Kc2xDenhuckl4blBCbDdIWVBvU0ZaT0VrUmxBTnRLUldUa1Y0Y2M4ZmwtM1BEYzlXZ2VkY0RTbDRYdzhDLXV1Q1NySWtmaW0wUjRPb3BfbjgySnBSQ1hRWVFwRVAzVWIxWmRMTklad2RQclNpcDg3ZzVUMmNLTWF1dFc1SXRDQ2c2bXY0em9kWWhsU0dDYkMxVmJaSlFwejBkMjUzOWM3d3padGlzTkRiUXZCWWZ0MWZkRFRwMEppQWQwdzBad3d6ZVowa0Jwdw?oc=5,CBMi-AFBVV95cUxPRlM0Q3ltTW9fbU5RWkU4VlRQWmlxZjVOcXRRTjJ1VmNwc2Jtb3ltblZnTDllRXhBOHlwME9KS2dqM2k4VG9yaTdhUDdvNE9ZSm16aWwweUFxNTVMMXFqN1lUUlgyU2hXUEhvencyR2hDUlpzTmR3THg1QUxXR2FMZUhCbFFNT044UHk4Z0VWamRVOFFZVW9aVFVpQXVBOHZYTXJwUnlLVFhlNXBEdV94dVphNXVLUE1XcHpVU2VxazBkRWdSRS0tcXcybXRnS2R0X2RHVXRSdVhTaEYxUzF1cjh3TWN4VjBndjlEMUstUHBHX1A1dVVKWdIB_gFBVV95cUxQU0c4VkhoNl9STGlGVjNKWXczZmlmWFA1QUJwemlqMXNoWnMxMHlsTFp1RzgxdE1Kc2xDenhuckl4blBCbDdIWVBvU0ZaT0VrUmxBTnRLUldUa1Y0Y2M4ZmwtM1BEYzlXZ2VkY0RTbDRYdzhDLXV1Q1NySWtmaW0wUjRPb3BfbjgySnBSQ1hRWVFwRVAzVWIxWmRMTklad2RQclNpcDg3ZzVUMmNLTWF1dFc1SXRDQ2c2bXY0em9kWWhsU0dDYkMxVmJaSlFwejBkMjUzOWM3d3padGlzTkRiUXZCWWZ0MWZkRFRwMEppQWQwdzBad3d6ZVowa0Jwdw
MARUTI.NS,"Fri, 31 Jul 2026 07:00:00 GMT","Maruti Suzuki Q1 results: Net profit falls 9.11% to ₹3,446.9 crore - Business Standard",Business Standard,https://news.google.com/rss/articles/CBMi3gFBVV95cUxQcHp2VGlva3hnVDZNekdmOE1LdWEtQU5ua0pvNGRETzNLcnkwWllfQk4yYTZULVFrYW9pcE1MVVowLWNTS0VyX3d5NmpFMmFWZGp3U1hZeXhQTkRjcXd3RUtXaHJ5QzFQVXl2UjN4NjhMazFOWk9Gd1IxamUtb1U3VkFnMktPVTlYR3pnNG9QZXUwbExueEZiVVhXRjQwNWxGS18wNjlDcUpVSjc2dVBJZnltV1FXUFBDQVY4c1dqWDllQzJMWkY5a3FHU2R3VmlTN3pvX3BpYnJQV1E5ZkHSAeMBQVVfeXFMTnNmWnR1S3pMc3ZzcG5PYkczSF9Sb2d2d1IydHlBT0ZFMnpiQldSX2JFWHpOeDNWYmprcUN6UTk1d2pLQ3ltZmJDSWFRNWJjUkVWY3pBbFNzQzdzUVhNVUU2ZWdaSml0cnF0amFBdEFnWW1HcFo4a0FSS2o0MzFuM1Vxa0lRSS04eDZLcXhsNU5RVEhpM2Mxek5kYWJjMlEyMUp3RDctQ2Qwbm04aVk0blRoMkZ4UE5NQk5Wb0VNUmxjamtkYW1wekNqTk0waTRXNFp2Tzd5TTQxcnNSQ0ctODUwVVU?oc=5,CBMi3gFBVV95cUxQcHp2VGlva3hnVDZNekdmOE1LdWEtQU5ua0pvNGRETzNLcnkwWllfQk4yYTZULVFrYW9pcE1MVVowLWNTS0VyX3d5NmpFMmFWZGp3U1hZeXhQTkRjcXd3RUtXaHJ5QzFQVXl2UjN4NjhMazFOWk9Gd1IxamUtb1U3VkFnMktPVTlYR3pnNG9QZXUwbExueEZiVVhXRjQwNWxGS18wNjlDcUpVSjc2dVBJZnltV1FXUFBDQVY4c1dqWDllQzJMWkY5a3FHU2R3VmlTN3pvX3BpYnJQV1E5ZkHSAeMBQVVfeXFMTnNmWnR1S3pMc3ZzcG5PYkczSF9Sb2d2d1IydHlBT0ZFMnpiQldSX2JFWHpOeDNWYmprcUN6UTk1d2pLQ3ltZmJDSWFRNWJjUkVWY3pBbFNzQzdzUVhNVUU2ZWdaSml0cnF0amFBdEFnWW1HcFo4a0FSS2o0MzFuM1Vxa0lRSS04eDZLcXhsNU5RVEhpM2Mxek5kYWJjMlEyMUp3RDctQ2Qwbm04aVk0blRoMkZ4UE5NQk5Wb0VNUmxjamtkYW1wekNqTk0waTRXNFp2Tzd5TTQxcnNSQ0ctODUwVVU
MARUTI.NS,"Wed, 29 Apr 2026 07:00:00 GMT","Maruti Suzuki stock jumps over 5% after Q4 results, pulls Nifty Auto index up; brokerages see mixed... - Moneycontrol.com",Moneycontrol.com,https://news.google.com/rss/articles/CBMi4gFBVV95cUxPNFpDQkRoeTlKcWQ5eUlRSHE4TmI2TWZHVTdFZzU4UVpXbFpab0NOa1pJT2ZXLTVmbkl4NnBWMnRQcWtlZ25jMER0d01HM19nN3d2SG94RDk0YVBma1RqeFdCVG81TGpGVTJBanhlZVBKV0lhbVh2S2J1WnJkdVhUS1FVZDdKY25CcWFoVGRGQTBCanUxY2tQN2JlNEZrTmdfSldYemFFQ29WSUl4NEhsSnVKTkY4d3RBYnp0ZDY1cXRCUmJUcDIyLUZ0Uy1fS1pGSGswa0JZVU9WUU1kY2F5SXJn0gHnAUFVX3lxTFBaanJVNTBoaUJTTEZBUGEzYkliVTBRUHZTdU5nMFR1RjNpYW12Y19RVjI2YXVoRGRqa2R5a3hnUXM3ZmxEajhsR1V1N3RUN3dkaHUxRThEZUVXTF93WU5JOFdsdkU1Zl9acjd5bXMtV1ljUG9iZUxsNEtRVGl4ckJxdjdkenliN1psUTFzYXo5WWh6QXF3LWJVOUloTGdNN0tIRTVPQVZYWnM2TnZ1TkF3QkxEaWZuMERweVhmTmpoRm1LdTdZd1ZucW1EM1oxVFZhcmkwdlBBd2Rwc2FpZzFWem9UQm4yRQ?oc=5,CBMi4gFBVV95cUxPNFpDQkRoeTlKcWQ5eUlRSHE4TmI2TWZHVTdFZzU4UVpXbFpab0NOa1pJT2ZXLTVmbkl4NnBWMnRQcWtlZ25jMER0d01HM19nN3d2SG94RDk0YVBma1RqeFdCVG81TGpGVTJBanhlZVBKV0lhbVh2S2J1WnJkdVhUS1FVZDdKY25CcWFoVGRGQTBCanUxY2tQN2JlNEZrTmdfSldYemFFQ29WSUl4NEhsSnVKTkY4d3RBYnp0ZDY1cXRCUmJUcDIyLUZ0Uy1fS1pGSGswa0JZVU9WUU1kY2F5SXJn0gHnAUFVX3lxTFBaanJVNTBoaUJTTEZBUGEzYkliVTBRUHZTdU5nMFR1RjNpYW12Y19RVjI2YXVoRGRqa2R5a3hnUXM3ZmxEajhsR1V1N3RUN3dkaHUxRThEZUVXTF93WU5JOFdsdkU1Zl9acjd5bXMtV1ljUG9iZUxsNEtRVGl4ckJxdjdkenliN1psUTFzYXo5WWh6QXF3LWJVOUloTGdNN0tIRTVPQVZYWnM2TnZ1TkF3QkxEaWZuMERweVhmTmpoRm1LdTdZd1ZucW1EM1oxVFZhcmkwdlBBd2Rwc2FpZzFWem9UQm4yRQ
M&M.NS,"Thu, 30 Jul 2026 07:00:00 GMT","Mahindra & Mahindra Q1 profit jumps 34% to ₹5,455 crore; revenue climbs 28% - Fortune India",Fortune India,https://news.google.com/rss/articles/CBMitwFBVV95cUxPMnlxQWhnQUJodjBSUkJtSWNRLV8zRUVZTDAxOFVhYmNCZ1E2NlRvZHROU0lSOTlRM3U0VF9FMzh3U09meWZRY1E3S3hEcnBIRDlWb0dFUnV2cTBFUFRyU2VENXhOSlNYYnNYaGc4bFhrRjFvV3VvQmh6aFAxZEpldm5JdE90bS01MU9lOWdQbjVoa19MdThvRzR0c0c4bXhMMjFONlIwTm4yR0lqV1BpWllwMnRFZUXSAcQBQVVfeXFMTkYyd0UxNGZ3RUN2bXphS0lPX0FQVzl1dlZTU2FTOW5Vb256M0pQUFFDQzNMTnFsdE5SanZ3YnNFQlZ3NExVRVgwYUxGSGgzSTZGQXpjb2Nub2xqYzVTSGhKQndOeXJPWkhlajVuamFDb2ZseWtFb01aUVM0a25Fc0JOSkRSdWZ6YTdiOVlWTHlvbXlQVUpvc3dJZW1zeW9UelFXVnNKQ0lvdFNSMG5OYkJFdDNuaUZrYUxXd0FwVE9Ya3k2OA?oc=5,CBMitwFBVV95cUxPMnlxQWhnQUJodjBSUkJtSWNRLV8zRUVZTDAxOFVhYmNCZ1E2NlRvZHROU0lSOTlRM3U0VF9FMzh3U09meWZRY1E3S3hEcnBIRDlWb0dFUnV2cTBFUFRyU2VENXhOSlNYYnNYaGc4bFhrRjFvV3VvQmh6aFAxZEpldm5JdE90bS01MU9lOWdQbjVoa19MdThvRzR0c0c4bXhMMjFONlIwTm4yR0lqV1BpWllwMnRFZUXSAcQBQVVfeXFMTkYyd0UxNGZ3RUN2bXphS0lPX0FQVzl1dlZTU2FTOW5Vb256M0pQUFFDQzNMTnFsdE5SanZ3YnNFQlZ3NExVRVgwYUxGSGgzSTZGQXpjb2Nub2xqYzVTSGhKQndOeXJPWkhlajVuamFDb2ZseWtFb01aUVM0a25Fc0JOSkRSdWZ6YTdiOVlWTHlvbXlQVUpvc3dJZW1zeW9UelFXVnNKQ0lvdFNSMG5OYkJFdDNuaUZrYUxXd0FwVE9Ya3k2OA
M&M.NS,"Tue, 21 Jul 2026 07:00:00 GMT","Mahindra Finance's Q1 profit up 70% on higher income, better asset quality - Business Standard",Business Standard,https://news.google.com/rss/articles/CBMixgFBVV95cUxPcmxESEI4LXZRU3dDeHl1TlhQb0x1aTJlWlExX1BTQU40NDNVQVFWRkVyZUw3U3NnQW5mYVJmMERCa0hIN2VMSGFxTG9XUHFNdnp0d2pkY004d09ZcmFaOFdUOTVsSzBmeTJQOGJfcXV6NG9teGsxTENyQjM5MFlibjlDbVFmRTE0WHFyaW94TTVLeExCZVpyNmV3Ym11UURmNnpzaFduOFd6THRweDBkZnZOSzJ0alA2cXJ3bHhkZ3lYbjdpblHSAcsBQVVfeXFMTWpHUnoteTNiNnJlamFUa1p6SnVlbW1nS01KLVBqcW5MbURmdGZEclNLQWtuc1FQeWtIWnRDalN5R0d0UDFuX3FQOXBPMTUzMGFQQ3VxUXM2NEJjLVhIeTlCdDNjbUhtcVRyb2NfR0lXMk1kc3IxWEF2RWdYYmExWVhTWnpUb1NKQkJVS2M0Qzl5dnZzUXB6V3gxT2o5VkJ2VVdOR0JrdTZUaTY5ajQwaGZUdWJZc3V0WkRSMVdpcm9zQU9saGdMUjc0Unc?oc=5,CBMixgFBVV95cUxPcmxESEI4LXZRU3dDeHl1TlhQb0x1aTJlWlExX1BTQU40NDNVQVFWRkVyZUw3U3NnQW5mYVJmMERCa0hIN2VMSGFxTG9XUHFNdnp0d2pkY004d09ZcmFaOFdUOTVsSzBmeTJQOGJfcXV6NG9teGsxTENyQjM5MFlibjlDbVFmRTE0WHFyaW94TTVLeExCZVpyNmV3Ym11UURmNnpzaFduOFd6THRweDBkZnZOSzJ0alA2cXJ3bHhkZ3lYbjdpblHSAcsBQVVfeXFMTWpHUnoteTNiNnJlamFUa1p6SnVlbW1nS01KLVBqcW5MbURmdGZEclNLQWtuc1FQeWtIWnRDalN5R0d0UDFuX3FQOXBPMTUzMGFQQ3VxUXM2NEJjLVhIeTlCdDNjbUhtcVRyb2NfR0lXMk1kc3IxWEF2RWdYYmExWVhTWnpUb1NKQkJVS2M0Qzl5dnZzUXB6V3gxT2o5VkJ2VVdOR0JrdTZUaTY5ajQwaGZUdWJZc3V0WkRSMVdpcm9zQU9saGdMUjc0Unc
M&M.NS,"Thu, 29 Jan 2026 08:00:00 GMT",Mahindra & Mahindra Limited's (NSE:M&M) Business Is Trailing The Market But Its Shares Aren't - Simply Wall Street,Simply Wall Street,https://news.google.com/rss/articles/CBMi3AFBVV95cUxQdFowZjlmaGVMcUJFaV9SZVRhLXAxSmVEb1hyRi1jSmNTOGh5Q0M5dEhqcnlfdmQzVXMxOFV5ME1hS0pOdGt1ZXJMSE4zYXoyTDhfNGFEbXk2dkRtY2liZW8yNGhwa2tjdUdQd01VMHo2dVpybjYxaFJZblI4RFdzWGpMSFZiVjNsakRfUVFzdUMtYVEwUWtuNU5rT2hqSXlZNlZOUjVqWHdrZ1lHTll6Q3VUXzVicHpLWTZ3bWxDck05V0tEbS1qendVS3hSYW1sUkRlckRkb09qX0pE0gHiAUFVX3lxTFBFbEUzWUsyRVZBWUhzaC1PZm1iVmE0QmdCUUwyMFBNVzROU3FiUmozbHVIcUQ0ZTZXeVM2bkdtTkJCVFZMRVJid0xodXk4TVQ0c21rNVlfUi1LeFAxOEZYaEtEcGVTdVJaM3dMLW9FcmttdTd3TndWRG1YelUzbFJFNEM0WEZwelpZZUZOaVpNNWx5Tl9rcF9mREZKdnRxZXRKTTgxTDhnT0RUb05CZkV5dy1vdkhsVTdhQS0tRnVhR0w5cEdwRERNNENEcXBQR2tmM2dnRTVXREkyNERnWGppV3c?oc=5,CBMi3AFBVV95cUxQdFowZjlmaGVMcUJFaV9SZVRhLXAxSmVEb1hyRi1jSmNTOGh5Q0M5dEhqcnlfdmQzVXMxOFV5ME1hS0pOdGt1ZXJMSE4zYXoyTDhfNGFEbXk2dkRtY2liZW8yNGhwa2tjdUdQd01VMHo2dVpybjYxaFJZblI4RFdzWGpMSFZiVjNsakRfUVFzdUMtYVEwUWtuNU5rT2hqSXlZNlZOUjVqWHdrZ1lHTll6Q3VUXzVicHpLWTZ3bWxDck05V0tEbS1qendVS3hSYW1sUkRlckRkb09qX0pE0gHiAUFVX3lxTFBFbEUzWUsyRVZBWUhzaC1PZm1iVmE0QmdCUUwyMFBNVzROU3FiUmozbHVIcUQ0ZTZXeVM2bkdtTkJCVFZMRVJid0xodXk4TVQ0c21rNVlfUi1LeFAxOEZYaEtEcGVTdVJaM3dMLW9FcmttdTd3TndWRG1YelUzbFJFNEM0WEZwelpZZUZOaVpNNWx5Tl9rcF9mREZKdnRxZXRKTTgxTDhnT0RUb05CZkV5dy1vdkhsVTdhQS0tRnVhR0w5cEdwRERNNENEcXBQR2tmM2dnRTVXREkyNERnWGppV3c
M&M.NS,"Wed, 22 Apr 2026 07:00:00 GMT",Tech Mahindra Press Conference | Q4 FY26 Results | Management Briefing | LIVE - The Economic Times,The Economic Times,https://news.google.com/rss/articles/CBMiywFBVV95cUxNZXlwYmY3Rk5KRlg5VG5YZDFIZVk3bmNydkE0NmJoZjYtYVBNMUNrVk5YenhrcE9ad1R2RWFSUFd1MlREWDVTRFpHV0JDTjUwRUpYV0lJbzBGYkQzT08xWXRveUo1UHpuVjlVbFQ2ZTFuSmpRUWNqQUNrUVd0T3lVMkVjYWNSMzNaNU1xbDNNLXBLSjUtNWVYMVM3Y083S1FLcHgydGlVeGJ6c0VCd244UHM0T3J2X0VZWHJWdmxWeVlUR1MtaWhITkFORdIB0AFBVV95cUxPY3J0cGtLTFBibVdPSUVBUFBzajhTcklzanJIc2hYaUMtV0g3NHR0Z1BDU09lQ1JlbnFhOXk2Q1JjYmNrZnhjLU9RdXlyVUtnajNhVF8taWJlMVFZMm54bHpFOGx5bzVWbDB5QkdZX2xzWEcxX3h3ZG4wV1Q5SlY2NU56bnJSRFFfSURLSm5QaFpwWWw0UzEtdFhGMV9NX2lKVU9zV0RnMHpqNFk2ZWxNUUxYdWhVeHVTdE9uc0hHNGdtdW4wbmtvWmc0SzRvQlZY?oc=5,CBMiywFBVV95cUxNZXlwYmY3Rk5KRlg5VG5YZDFIZVk3bmNydkE0NmJoZjYtYVBNMUNrVk5YenhrcE9ad1R2RWFSUFd1MlREWDVTRFpHV0JDTjUwRUpYV0lJbzBGYkQzT08xWXRveUo1UHpuVjlVbFQ2ZTFuSmpRUWNqQUNrUVd0T3lVMkVjYWNSMzNaNU1xbDNNLXBLSjUtNWVYMVM3Y083S1FLcHgydGlVeGJ6c0VCd244UHM0T3J2X0VZWHJWdmxWeVlUR1MtaWhITkFORdIB0AFBVV95cUxPY3J0cGtLTFBibVdPSUVBUFBzajhTcklzanJIc2hYaUMtV0g3NHR0Z1BDU09lQ1JlbnFhOXk2Q1JjYmNrZnhjLU9RdXlyVUtnajNhVF8taWJlMVFZMm54bHpFOGx5bzVWbDB5QkdZX2xzWEcxX3h3ZG4wV1Q5SlY2NU56bnJSRFFfSURLSm5QaFpwWWw0UzEtdFhGMV9NX2lKVU9zV0RnMHpqNFk2ZWxNUUxYdWhVeHVTdE9uc0hHNGdtdW4wbmtvWmc0SzRvQlZY
M&M.NS,"Fri, 31 Jul 2026 07:00:00 GMT","Mahindra & Mahindra Auto Sales Rise 26% to 1,03,860 Units in July 2026 - scanx.trade",scanx.trade,https://news.google.com/rss/articles/CBMisgFBVV95cUxNcldueTJqSHEwVHAzQjNneUZnWU1RQ3RGQWxNVlAxVzB0WTJQd21VeU5vSElMaVktcWo5NnpScUpHd2xnTkJqWFJINVNKcHFja1JrZnZvSlF6QS1oUzVvWDZrZk5FbnhBaHBtbFdEcXFmUHV0YWRnSDY0VGtBRDlvX2FzOTlmd2VxNGZLdUUtSU1RUHhveHRHYmpRa2lsa2lTT1oxN3otQnFOM0NUNHVudXhR?oc=5,CBMisgFBVV95cUxNcldueTJqSHEwVHAzQjNneUZnWU1RQ3RGQWxNVlAxVzB0WTJQd21VeU5vSElMaVktcWo5NnpScUpHd2xnTkJqWFJINVNKcHFja1JrZnZvSlF6QS1oUzVvWDZrZk5FbnhBaHBtbFdEcXFmUHV0YWRnSDY0VGtBRDlvX2FzOTlmd2VxNGZLdUUtSU1RUHhveHRHYmpRa2lsa2lTT1oxN3otQnFOM0NUNHVudXhR
M&M.NS,"Thu, 30 Jul 2026 07:00:00 GMT",Commodity inflation hits M&M’s Q1 margins; doubles down on EV capacity - ET Auto,ET Auto,https://news.google.com/rss/articles/CBMi6wFBVV95cUxOOWtWSzAtU0FmR1NvbTZidFBCZUZWeFluRW0xZzJMeXZMYUZDbFNFWVo1bDRmcEgtTnpYNnpMLUxqUkpLcFRIY3hsUG40X3Y0TVVEclQwZnQzVHZvREhDVXIxZnR6Sl9rWXFFcXB6UnYtSlV2Ylh0eE0xNXdZQ3FSQ3A5dTd4Y3FERGg4OElSTmU1QmpWMnJQRGdHTC1IaU16WHJ3M1MwUlpXUEstXzFLTlRpM3pSM1RINWRJU3dGdWZqMFR3dnp5czQ5eVhGV1RKTHYtRDlnZlNwb2pkTTZfNWpwc1lvc2ZlbHlV0gHwAUFVX3lxTE8zMWZSbHlLekdYQ2NDbGQ3amNmMS0yTVVISjJiUHRWOWotNE9yWjBsQjl2MG5JbGxXYkNJOHFqd1pOSWhrdVNIQld2dFlPd21wa0tRNHFNNjNkZzZ0SXM1UHptcDRhVDQwZUdFc0dLNWhxZkdabExGUHJaZHIxSGc3VUZZYnNLQ19uNDZfbkRBUUowZDRlVkpBYV9LNzExWHBwVVl2V0hlZG9ITnhMdzl5WlFnTTd1T29GSmkxbjhGNWpEdVljeVl2UlJJdW1WcnA0dmpFWGE5UkNHTXF3VkpiTVl3UU9aM0hDUlhTMlVVUg?oc=5,CBMi6wFBVV95cUxOOWtWSzAtU0FmR1NvbTZidFBCZUZWeFluRW0xZzJMeXZMYUZDbFNFWVo1bDRmcEgtTnpYNnpMLUxqUkpLcFRIY3hsUG40X3Y0TVVEclQwZnQzVHZvREhDVXIxZnR6Sl9rWXFFcXB6UnYtSlV2Ylh0eE0xNXdZQ3FSQ3A5dTd4Y3FERGg4OElSTmU1QmpWMnJQRGdHTC1IaU16WHJ3M1MwUlpXUEstXzFLTlRpM3pSM1RINWRJU3dGdWZqMFR3dnp5czQ5eVhGV1RKTHYtRDlnZlNwb2pkTTZfNWpwc1lvc2ZlbHlV0gHwAUFVX3lxTE8zMWZSbHlLekdYQ2NDbGQ3amNmMS0yTVVISjJiUHRWOWotNE9yWjBsQjl2MG5JbGxXYkNJOHFqd1pOSWhrdVNIQld2dFlPd21wa0tRNHFNNjNkZzZ0SXM1UHptcDRhVDQwZUdFc0dLNWhxZkdabExGUHJaZHIxSGc3VUZZYnNLQ19uNDZfbkRBUUowZDRlVkpBYV9LNzExWHBwVVl2V0hlZG9ITnhMdzl5WlFnTTd1T29GSmkxbjhGNWpEdVljeVl2UlJJdW1WcnA0dmpFWGE5UkNHTXF3VkpiTVl3UU9aM0hDUlhTMlVVUg
M&M.NS,"Fri, 08 May 2026 07:00:00 GMT","Hyundai India profit falls for second year as competition, costs weigh - Livemint",Livemint,https://news.google.com/rss/articles/CBMiywFBVV95cUxNVkZmREg0YWdSeWxtWGxrbXh6LTBMRXRST3k1akhXeFpyT3RkemJiWGtIZ1F1ekpTc0RyODNUV01PcXNxb1UtWkd1RklvTGFnaDI1eFc2SWlPX0hHY2cxaTZ3eWRMUGh4WC15S3FxdXVjSlFXMVdwZ0hqdjd1Sm8xMVBMZHJVODVPYWU4dzBTQXp4U3VwYi00NDRiUjJCdWlnQnAzRkV3cTFQb08tQnJxVWpJSUJMeHNxQlVuUElvdzNBaW5pQnR5SE5RRdIB0AFBVV95cUxOY0hDTzNpMFVwQ3ZncXNSZTdRSVEzM2M4UGpjTkhtRFhQYmNMYk5RekRDVzIxSFdZaGFFcV95dExNd2JWNVdrVVg3a0FRVWJXMmFhXzk2RHhNMHowOUUyXzBGNHFPWXZKcHA2NjYxd01iX1ZUSm1OdWpIa1NMTm1VWE1wSmxaQW9QUEN0YkRmbjRDWnI4LVpXM2NOa2U4MGk1WG1PRFFkVXRTY200OEdQa0o4cDgwRnVVd3QyYW80WUpLYjA4X2pCUjFVdi1BS1RI?oc=5,CBMiywFBVV95cUxNVkZmREg0YWdSeWxtWGxrbXh6LTBMRXRST3k1akhXeFpyT3RkemJiWGtIZ1F1ekpTc0RyODNUV01PcXNxb1UtWkd1RklvTGFnaDI1eFc2SWlPX0hHY2cxaTZ3eWRMUGh4WC15S3FxdXVjSlFXMVdwZ0hqdjd1Sm8xMVBMZHJVODVPYWU4dzBTQXp4U3VwYi00NDRiUjJCdWlnQnAzRkV3cTFQb08tQnJxVWpJSUJMeHNxQlVuUElvdzNBaW5pQnR5SE5RRdIB0AFBVV95cUxOY0hDTzNpMFVwQ3ZncXNSZTdRSVEzM2M4UGpjTkhtRFhQYmNMYk5RekRDVzIxSFdZaGFFcV95dExNd2JWNVdrVVg3a0FRVWJXMmFhXzk2RHhNMHowOUUyXzBGNHFPWXZKcHA2NjYxd01iX1ZUSm1OdWpIa1NMTm1VWE1wSmxaQW9QUEN0YkRmbjRDWnI4LVpXM2NOa2U4MGk1WG1PRFFkVXRTY200OEdQa0o4cDgwRnVVd3QyYW80WUpLYjA4X2pCUjFVdi1BS1RI
M&M.NS,"Thu, 30 Jul 2026 07:00:00 GMT","Q1 results today: Swiggy, Tata Steel, Vedanta, 92 more on July 30 - Business Standard",Business Standard,https://news.google.com/rss/articles/CBMi2wFBVV95cUxOVlBSM3MwNTcwSXBFbHgxU0VyamxzYzZLUGZBUy1vdFRFSklVNmFWazJKTDAwUUZ1QWpaY0VMbDI1LUg1SURGUVl6VGdhNUctTDlZdWlJRDE0eUxmVVlMLUdRNGVRQ3dwcFdKOHNoa2twN1p2TGNNVDdyRlo2dmZ3clVoTkZRcjN0eGE5U3BtejJ0dXVhRzdYdFpzczZPTl9lZWxsYk1namxCTHRBQjc4ODNWQ3BMZHZWM1c3bjhzMzFtYUZwa2ZMbk5FM1pLR2RrQmRLR29uUURkVjjSAeABQVVfeXFMUFRkVzJ5MG1ib0JteDF0cGhHVmNDU0pmdU5jZ3BLUFdtb0xaak5jRE5odlFBbkVCM3FrTHhrVkwzWUdiaDdkM2FGSm1NcU81TWdHUTFmOW5ENkpaUmc0MHhaOENka2tUWGl4Y0h0TXdKT3BuaXg2VEFOUnNzOElUNjdmRnFTYTdORHBseEdkY3NyOFZRektxRk4yUjRQMGRTY2pmZ2pETDNxMEwtNHNRTHlFelRjaDBhSFJHSnhDenRkOHNpQWlCcGk3c3cwS3NTN1FpMmJKVFpXVkNKZEdVLVo?oc=5,CBMi2wFBVV95cUxOVlBSM3MwNTcwSXBFbHgxU0VyamxzYzZLUGZBUy1vdFRFSklVNmFWazJKTDAwUUZ1QWpaY0VMbDI1LUg1SURGUVl6VGdhNUctTDlZdWlJRDE0eUxmVVlMLUdRNGVRQ3dwcFdKOHNoa2twN1p2TGNNVDdyRlo2dmZ3clVoTkZRcjN0eGE5U3BtejJ0dXVhRzdYdFpzczZPTl9lZWxsYk1namxCTHRBQjc4ODNWQ3BMZHZWM1c3bjhzMzFtYUZwa2ZMbk5FM1pLR2RrQmRLR29uUURkVjjSAeABQVVfeXFMUFRkVzJ5MG1ib0JteDF0cGhHVmNDU0pmdU5jZ3BLUFdtb0xaak5jRE5odlFBbkVCM3FrTHhrVkwzWUdiaDdkM2FGSm1NcU81TWdHUTFmOW5ENkpaUmc0MHhaOENka2tUWGl4Y0h0TXdKT3BuaXg2VEFOUnNzOElUNjdmRnFTYTdORHBseEdkY3NyOFZRektxRk4yUjRQMGRTY2pmZ2pETDNxMEwtNHNRTHlFelRjaDBhSFJHSnhDenRkOHNpQWlCcGk3c3cwS3NTN1FpMmJKVFpXVkNKZEdVLVo
M&M.NS,"Wed, 11 Feb 2026 08:00:00 GMT",Mahindra & Mahindra announces Q3 FY26 results | Net profit jumps | M&M result | LIVE - The Economic Times,The Economic Times,https://news.google.com/rss/articles/CBMi0AFBVV95cUxNTl9ObDR0cnZNSTFvRWVzNW1XTkFxeGZfT1dReHhiV2c4Zmtaa1dDZG04eV9aUzNWNWx0QWEyTGwzWEZ5V1pzbWx4RG5vNE85WmhMd2FiWktkYU5aektqMnZkVUt1MlkwbGlXekVIS2tXMk55amNNdGlfTE5SbE9sNTdubTdRcUNlUG9rb0R1RWpyODNQTHBDQkNYRGZIRmpwR25peVFRR2VFZzZrX1BJZnBPSDRsaUNqeTlyRXFMc19oRmprOGNkSl9vWWJ6cFh10gHWAUFVX3lxTFBaV2NPTm9ack5YMW9sWXl5SUo2cktyQ2NIVkpQcmVEWHBfd3pDQ08yR2JXWHpRYTI0T3c1Rjh6cW5BU25FT3NDZkZNRElUVFFxU3V4ZmVHSmpIdGtsdDdFb3U2blB3OGZoRHc1Z0RHYi1Ib0l4bUZvU3RCOEcyc0dWOEhlbjhxeEttRTZpa0NYTmx2cXVYWmJoa01sWVZ3QWZXMHNEenpUZmhLVmZfMENNZldSdVRKUUlacEI3YkcyeTRpVU5lakttYlJsXzlmVVh6aXpRa2c?oc=5,CBMi0AFBVV95cUxNTl9ObDR0cnZNSTFvRWVzNW1XTkFxeGZfT1dReHhiV2c4Zmtaa1dDZG04eV9aUzNWNWx0QWEyTGwzWEZ5V1pzbWx4RG5vNE85WmhMd2FiWktkYU5aektqMnZkVUt1MlkwbGlXekVIS2tXMk55amNNdGlfTE5SbE9sNTdubTdRcUNlUG9rb0R1RWpyODNQTHBDQkNYRGZIRmpwR25peVFRR2VFZzZrX1BJZnBPSDRsaUNqeTlyRXFMc19oRmprOGNkSl9vWWJ6cFh10gHWAUFVX3lxTFBaV2NPTm9ack5YMW9sWXl5SUo2cktyQ2NIVkpQcmVEWHBfd3pDQ08yR2JXWHpRYTI0T3c1Rjh6cW5BU25FT3NDZkZNRElUVFFxU3V4ZmVHSmpIdGtsdDdFb3U2blB3OGZoRHc1Z0RHYi1Ib0l4bUZvU3RCOEcyc0dWOEhlbjhxeEttRTZpa0NYTmx2cXVYWmJoa01sWVZ3QWZXMHNEenpUZmhLVmZfMENNZldSdVRKUUlacEI3YkcyeTRpVU5lakttYlJsXzlmVVh6aXpRa2c
M&M.NS,"Mon, 20 Jul 2026 07:00:00 GMT",Mahindra Logistics Q1 results: Net profit at ₹25.39 crore; revenue up 23% - Business Standard,Business Standard,https://news.google.com/rss/articles/CBMi5gFBVV95cUxNc0pHRHJ1cUZvby1ieUI1aDZJdnNvc2UzWGZpUEZWNUZoUG15Qm1NcC1vYTVPcnBIbkVFTVczb3hUUVZDX1dGRjFjWEs0MFdOcm9lRGRBbHdzYk9GbUdRamdZOGJZR2o1MWZjZk1jY3R3V2V2M0dEVkJrTExiUmRUZjNoelZ5TXJ4Ny1mWGVpRkRxczdBVFBfdkV3TllTSWlJcmFyUUFzS0VBSl85ZkFTeUFaQTF1VWJzS3RDNEJaM1F0WmVDRC1qUTQ4V3lrVTByT0EzUVFReUs2bk42cWRpOEJUc3Bud9IB6wFBVV95cUxPLXk2LThYZS02dUlFNlJJOTJNUEk2bk5nUncyMkV1MDRlVld1UHlYY0pQYXFJRFhIOTgxbHBhbG5yRWRhaENfaEVaZWJWS21EMzJyLVRIWWVjVjZEZ2xzV2w0cFdrWlFIZ0pBT2hSQWpicERra2V5TXVDUEdwMVgzcEVzM19DTjlYV2NVRjhaUlBzUTNaSDhDQTd5RGM4a043TDBSbl84Nm85OXRfX2RndDlkcUZFZFFtTUlmdWdrTmJQQVdEcnRTUEdsSkk1UTNtOWsxM0hIQ24wbGhrUmd5Q3ZaNEpWTi1YSWpr?oc=5,CBMi5gFBVV95cUxNc0pHRHJ1cUZvby1ieUI1aDZJdnNvc2UzWGZpUEZWNUZoUG15Qm1NcC1vYTVPcnBIbkVFTVczb3hUUVZDX1dGRjFjWEs0MFdOcm9lRGRBbHdzYk9GbUdRamdZOGJZR2o1MWZjZk1jY3R3V2V2M0dEVkJrTExiUmRUZjNoelZ5TXJ4Ny1mWGVpRkRxczdBVFBfdkV3TllTSWlJcmFyUUFzS0VBSl85ZkFTeUFaQTF1VWJzS3RDNEJaM1F0WmVDRC1qUTQ4V3lrVTByT0EzUVFReUs2bk42cWRpOEJUc3Bud9IB6wFBVV95cUxPLXk2LThYZS02dUlFNlJJOTJNUEk2bk5nUncyMkV1MDRlVld1UHlYY0pQYXFJRFhIOTgxbHBhbG5yRWRhaENfaEVaZWJWS21EMzJyLVRIWWVjVjZEZ2xzV2w0cFdrWlFIZ0pBT2hSQWpicERra2V5TXVDUEdwMVgzcEVzM19DTjlYV2NVRjhaUlBzUTNaSDhDQTd5RGM4a043TDBSbl84Nm85OXRfX2RndDlkcUZFZFFtTUlmdWdrTmJQQVdEcnRTUEdsSkk1UTNtOWsxM0hIQ24wbGhrUmd5Q3ZaNEpWTi1YSWpr
M&M.NS,"Tue, 21 Jul 2026 07:00:00 GMT","Q1 results: Bajaj Auto, TVS Motor, and Crisil among 45 firms on July 21 - Business Standard",Business Standard,https://news.google.com/rss/articles/CBMi5AFBVV95cUxOR2hoYmwyUWxZS0VYdldzWEd3WmtGZURtQklhUm5FR3hOdFl2bjU3MG5HWkpGQUNJM3RwOXdkXzZxc25uY0dNa1ZpTUtnNjh3UDN6NzVXejlfSkVUdTJ0b084ZnNxU1lVd21qRjN0Z0NyTWN3b0dmMXBaZGVWMERTRFA1aFRhbFgxNURCblZRNmJyc0N5MVV5d05jNUM3R05UdjBvWDNPTGplQUcxTkZDZW9zSkN0OEJ3RDBWRjZraWJnSjhfdUVKQWlrck9yWGhpdHJ3R2ViUm1YSWI0ZHYyYy12bEjSAeoBQVVfeXFMUEZqb2M2RXBpREV0TWR3aHlOOVhic1VYNnJ5OEM5S0QtTUNGd2wycERnZXF3cVpWc0hrcjd4bEhCaTNjdElibHJFWHdvdTBWVU5tQXRFMUlnZ09lNTB5Mi1JWWFEeGNQbno1Mi1UTFBDeEdRVTI1YXUwOVZKbkxMMkZjSmEwZ29wUU1UalRseUtpaUxaVHBmSFctcXI1bDMtVFY4dXNOZUMxWngyNmdFbi1Wd2Z3ZHN6aW1ibzhFeF95ZGpmdlIyem9WYllKN1k4ZGllSE40LUJxTVhMVTJIdVV4QXozMEk2SEtB?oc=5,CBMi5AFBVV95cUxOR2hoYmwyUWxZS0VYdldzWEd3WmtGZURtQklhUm5FR3hOdFl2bjU3MG5HWkpGQUNJM3RwOXdkXzZxc25uY0dNa1ZpTUtnNjh3UDN6NzVXejlfSkVUdTJ0b084ZnNxU1lVd21qRjN0Z0NyTWN3b0dmMXBaZGVWMERTRFA1aFRhbFgxNURCblZRNmJyc0N5MVV5d05jNUM3R05UdjBvWDNPTGplQUcxTkZDZW9zSkN0OEJ3RDBWRjZraWJnSjhfdUVKQWlrck9yWGhpdHJ3R2ViUm1YSWI0ZHYyYy12bEjSAeoBQVVfeXFMUEZqb2M2RXBpREV0TWR3aHlOOVhic1VYNnJ5OEM5S0QtTUNGd2wycERnZXF3cVpWc0hrcjd4bEhCaTNjdElibHJFWHdvdTBWVU5tQXRFMUlnZ09lNTB5Mi1JWWFEeGNQbno1Mi1UTFBDeEdRVTI1YXUwOVZKbkxMMkZjSmEwZ29wUU1UalRseUtpaUxaVHBmSFctcXI1bDMtVFY4dXNOZUMxWngyNmdFbi1Wd2Z3ZHN6aW1ibzhFeF95ZGpmdlIyem9WYllKN1k4ZGllSE40LUJxTVhMVTJIdVV4QXozMEk2SEtB
M&M.NS,"Tue, 05 May 2026 07:00:00 GMT","Q4 result: L&T, Hero MotoCorp, M&M, Punjab National Bank, 60 more on May 5 - Business Standard",Business Standard,https://news.google.com/rss/articles/CBMi5gFBVV95cUxOV1hWdzZPSkRreW93cGd6Z3dEQ0twR3gxaW5zTG03cmhWLXhhaDdPcHNvb25PRkFYczBPbnd6YzgxYm5KMWpwbGZQNFJvVlNUX19pQndUbzNScUNMbHRzRXhuTnk3UlNfS2xoQnE3QWRnTTRzUlpKbzdpbzFpSmVRMmpScXo2TzFKYkQ5eExHV1k3WG4zOEJUc0d5NjdGdW9jMWYwelZ4cDFZbkVOWEtnWEZQMGIxS2RhUkxwNng3TGxLemFaTDg5OWRNMnhkVG5sdGswME96Tk9kTDRwTFlFeTBodEY0QdIB6wFBVV95cUxNaE9GbkVZeU1TUDR1NThuOFJmSkZ0bVdoR1RXS1RrRHFvMndWbFBDUmZKTEtaYVVkcnA5TG1XQ0xibXFZWG5aVERUMS1KV1ZKa2c2YXh3U1dEM3FqTU9acEFrNUY5MDV6Q09kMTdheDRwd0RNblktTENwclFMaFcwTXd6T0N4YnZrQ0ZKdHFzM3ZOYWNCZHJEZ3ZzamRfSXowd3JzbmsxbkVrakJ4MGdDeUhSOHZ0bGRJNUhSN1VKM3VnMnJyZGFBM1cxYnhGcGVpbENJT1RLZzh2RE9qV0RxYndlYUpJR3hwaVRB?oc=5,CBMi5gFBVV95cUxOV1hWdzZPSkRreW93cGd6Z3dEQ0twR3gxaW5zTG03cmhWLXhhaDdPcHNvb25PRkFYczBPbnd6YzgxYm5KMWpwbGZQNFJvVlNUX19pQndUbzNScUNMbHRzRXhuTnk3UlNfS2xoQnE3QWRnTTRzUlpKbzdpbzFpSmVRMmpScXo2TzFKYkQ5eExHV1k3WG4zOEJUc0d5NjdGdW9jMWYwelZ4cDFZbkVOWEtnWEZQMGIxS2RhUkxwNng3TGxLemFaTDg5OWRNMnhkVG5sdGswME96Tk9kTDRwTFlFeTBodEY0QdIB6wFBVV95cUxNaE9GbkVZeU1TUDR1NThuOFJmSkZ0bVdoR1RXS1RrRHFvMndWbFBDUmZKTEtaYVVkcnA5TG1XQ0xibXFZWG5aVERUMS1KV1ZKa2c2YXh3U1dEM3FqTU9acEFrNUY5MDV6Q09kMTdheDRwd0RNblktTENwclFMaFcwTXd6T0N4YnZrQ0ZKdHFzM3ZOYWNCZHJEZ3ZzamRfSXowd3JzbmsxbkVrakJ4MGdDeUhSOHZ0bGRJNUhSN1VKM3VnMnJyZGFBM1cxYnhGcGVpbENJT1RLZzh2RE9qV0RxYndlYUpJR3hwaVRB
SUNPHARMA.NS,"Fri, 31 Jul 2026 07:00:00 GMT",Sun Pharmaceutical Q1 FY27 result: Net profit jumps 27% YoY; US formulation sales decline to $427 million - Upstox,Upstox,https://news.google.com/rss/articles/CBMi9wFBVV95cUxPWjc4Z1NiWFdmek1yNlhzZVdwSHA4Z05EU1lIY2R2NDk5eklXSW9SUXdkSklILVZhUzJRLVdkbXhTRl91UURvY2k2VFAwWnRaZmxCeXU1VDk3bGtKM1dBY3dYaVBQUTZCbjNoTkNubEJYSERQb204LXBIblV0ZlVXMjVqdzdZUHpWZFlnUDhPNFZ3N3RiODhrZ0hRb1psSlV2TmFCNXlQa3BYMk9iTU14NzNXZW04aXdvQWlQRjZ2TnM4ZEk0SzZoV3N4a25KeXRxVEUwZUpyM3RubHRPTkFEQUZhYlE4S1lRcXhrY0k1RWp3ZXNQVTVn?oc=5,CBMi9wFBVV95cUxPWjc4Z1NiWFdmek1yNlhzZVdwSHA4Z05EU1lIY2R2NDk5eklXSW9SUXdkSklILVZhUzJRLVdkbXhTRl91UURvY2k2VFAwWnRaZmxCeXU1VDk3bGtKM1dBY3dYaVBQUTZCbjNoTkNubEJYSERQb204LXBIblV0ZlVXMjVqdzdZUHpWZFlnUDhPNFZ3N3RiODhrZ0hRb1psSlV2TmFCNXlQa3BYMk9iTU14NzNXZW04aXdvQWlQRjZ2TnM4ZEk0SzZoV3N4a25KeXRxVEUwZUpyM3RubHRPTkFEQUZhYlE4S1lRcXhrY0k1RWp3ZXNQVTVn
SUNPHARMA.NS,"Wed, 05 Aug 2026 07:00:00 GMT",Results: Sun Pharmaceutical Industries Limited Exceeded Expectations And The Consensus Has Updated Its Estimates - Simply Wall Street,Simply Wall Street,https://news.google.com/rss/articles/CBMiggJBVV95cUxOVjlNRlk1dm4xTVhUb0l4aDBscXQxUUVaeFNTeHZhZC04MW1UV1dhYkNpS3U0YnBxNXY0cWdVUlJLSEJmWmNfWFk4b2NoNVdFc1JVdmkzN2RSTDFLR25CVzVFYjhKQmlkUG9iYlRZQWNGQmtQY3lCQTh1a3RVSHFEdW1pQXhUY21FS0stWldEZWZXckV2NGF5QnpVM1kxZTl2WFFVS3dKOUhHX2JtRFdjTWpGd2tCeGN6bnpsRzlwVW5aRFJFUTBaUjhsQjVTT0wya1pYMnhTVFIwVm9KaWF3SXBRTGtDODlocHBnOVRlVXlEdXZkY1RJcXNNQ09ZMWNtVmfSAYcCQVVfeXFMTWJFRFhRVTVRQUlkc1RUcGROZGFRYU5rVnh1dHFBQUVxYm1KRFI2VjFXVjNUNUU1YmtwWFVCbWxQX1V6eUhoMlVWcnNZUmJEdUdHVWhXYWRMWjJwREZrcnNxX1RWTG1kNUJGUHRKcFRsSWQ4UmY2TUJFVUNjN0VaRWlmcDJWOUNHU19udGV6bi1LYXhWM19tTjhpRW82WjFacDJUZU40VkJCc1JTNXI4ckNEbThpbWxWYlJyTk1XOE1ESUFKanhwdUVDUTg0SmhDeWpLcDZOVDg0WkZJalJVQ1RFdW5ZVk1Hem5nNWpibFZSWkhNbGNWSXZUUGdHWnpGeTZMU0h3Tk0?oc=5,CBMiggJBVV95cUxOVjlNRlk1dm4xTVhUb0l4aDBscXQxUUVaeFNTeHZhZC04MW1UV1dhYkNpS3U0YnBxNXY0cWdVUlJLSEJmWmNfWFk4b2NoNVdFc1JVdmkzN2RSTDFLR25CVzVFYjhKQmlkUG9iYlRZQWNGQmtQY3lCQTh1a3RVSHFEdW1pQXhUY21FS0stWldEZWZXckV2NGF5QnpVM1kxZTl2WFFVS3dKOUhHX2JtRFdjTWpGd2tCeGN6bnpsRzlwVW5aRFJFUTBaUjhsQjVTT0wya1pYMnhTVFIwVm9KaWF3SXBRTGtDODlocHBnOVRlVXlEdXZkY1RJcXNNQ09ZMWNtVmfSAYcCQVVfeXFMTWJFRFhRVTVRQUlkc1RUcGROZGFRYU5rVnh1dHFBQUVxYm1KRFI2VjFXVjNUNUU1YmtwWFVCbWxQX1V6eUhoMlVWcnNZUmJEdUdHVWhXYWRMWjJwREZrcnNxX1RWTG1kNUJGUHRKcFRsSWQ4UmY2TUJFVUNjN0VaRWlmcDJWOUNHU19udGV6bi1LYXhWM19tTjhpRW82WjFacDJUZU40VkJCc1JTNXI4ckNEbThpbWxWYlJyTk1XOE1ESUFKanhwdUVDUTg0SmhDeWpLcDZOVDg0WkZJalJVQ1RFdW5ZVk1Hem5nNWpibFZSWkhNbGNWSXZUUGdHWnpGeTZMU0h3Tk0
SUNPHARMA.NS,"Fri, 31 Jul 2026 07:00:00 GMT",Sun Pharma's quarterly profit jumps on strength in specialty medicines - Reuters,Reuters,https://news.google.com/rss/articles/CBMizgFBVV95cUxQa2dxMXYxWkJfbUloRnR1OXFWN0U4d1czM0JSQllfN0V0NERkWFVWRk81dkw4Z2F0SEY4NnE0bTJCTUZfUHplTXZuWDFPemRvcWlFT2Q3S2dpWnRoakNWV3RqSmo2LUpMUDVrZzl4aVlhd2k3X1l0azBJSG5qOEkxRFhqb19jUnc0NWNhaXBjOGVXLUJFYXY2LVEwUVRPWm8wZmZsXzVvZXRPRlprTFFlVzBmekR4Q3J2dXBJQUdzQW1zZHB5QlpDWlpKMGFsQQ?oc=5,CBMizgFBVV95cUxQa2dxMXYxWkJfbUloRnR1OXFWN0U4d1czM0JSQllfN0V0NERkWFVWRk81dkw4Z2F0SEY4NnE0bTJCTUZfUHplTXZuWDFPemRvcWlFT2Q3S2dpWnRoakNWV3RqSmo2LUpMUDVrZzl4aVlhd2k3X1l0azBJSG5qOEkxRFhqb19jUnc0NWNhaXBjOGVXLUJFYXY2LVEwUVRPWm8wZmZsXzVvZXRPRlprTFFlVzBmekR4Q3J2dXBJQUdzQW1zZHB5QlpDWlpKMGFsQQ
SUNPHARMA.NS,"Fri, 31 Jul 2026 07:00:00 GMT",Sun Pharma Q1 profit rises 27%; US generics remain under pressure - Business Standard,Business Standard,https://news.google.com/rss/articles/CBMigwJBVV95cUxQRVMyRDJNWEkxMUtVcEJEZ3dzdU5rX2tMLVh3Rm5ZVW8xUWJhcGlDdDhMMmVWNDRudnhwNnRNamtINDRFcDNDQ2w1SHprVl9pbm4zSkRMSlJwOWRxR2tUNlZnb21NUS1INGtMZExybjBDRjJTVjh2NjVEOXkyQ29TQk9NLWdCVzZRX0phYzFxel9vM3Q1aEhsV1pvTUVvSlRwMXBsN0hlalZBYmVXbHF1SUFBRjFRbUZ1dXc5MEtSeDdFNlZqWUQ4Vl9LdzVxX2lWZ0FEX3lQel9IVXVTaVJDanFPUl85SHA4b2tvdXBsSkowMFlaT2hoRm8zUFZyWXZSVnlF0gGIAkFVX3lxTE05ZC1SdEF3UGNKNUJFQWRVT3FzSkU3NlNWNXYwYlotNEdEbUE0cm1ubFdEajhsLWdrZjlQZTIxa1IxQVRVVkRuUHRJU3lUeWtBUUc5NF9USzRPNEtfUklyZUJ3LVFMV1dfSVFOZWQ2UVFVNHVacXQ3ZURIVF9GV1JPdl9hVHN1Z0p0NDNVZzgta2dkZERNYUItYmRjdVlJRVQycDloTEVfOVRZZl9oLXBmRXFLOXFQX2kzeE84TEktU092b2drb0l2cUN0bWdyVklmcWNSLTVadV8wQVZCcHM2by1EZVVfdGxDUHJWbklFb29uaGVOV0NTOTBscmxUMF9wNVRFTk9Gaw?oc=5,CBMigwJBVV95cUxQRVMyRDJNWEkxMUtVcEJEZ3dzdU5rX2tMLVh3Rm5ZVW8xUWJhcGlDdDhMMmVWNDRudnhwNnRNamtINDRFcDNDQ2w1SHprVl9pbm4zSkRMSlJwOWRxR2tUNlZnb21NUS1INGtMZExybjBDRjJTVjh2NjVEOXkyQ29TQk9NLWdCVzZRX0phYzFxel9vM3Q1aEhsV1pvTUVvSlRwMXBsN0hlalZBYmVXbHF1SUFBRjFRbUZ1dXc5MEtSeDdFNlZqWUQ4Vl9LdzVxX2lWZ0FEX3lQel9IVXVTaVJDanFPUl85SHA4b2tvdXBsSkowMFlaT2hoRm8zUFZyWXZSVnlF0gGIAkFVX3lxTE05ZC1SdEF3UGNKNUJFQWRVT3FzSkU3NlNWNXYwYlotNEdEbUE0cm1ubFdEajhsLWdrZjlQZTIxa1IxQVRVVkRuUHRJU3lUeWtBUUc5NF9USzRPNEtfUklyZUJ3LVFMV1dfSVFOZWQ2UVFVNHVacXQ3ZURIVF9GV1JPdl9hVHN1Z0p0NDNVZzgta2dkZERNYUItYmRjdVlJRVQycDloTEVfOVRZZl9oLXBmRXFLOXFQX2kzeE84TEktU092b2drb0l2cUN0bWdyVklmcWNSLTVadV8wQVZCcHM2by1EZVVfdGxDUHJWbklFb29uaGVOV0NTOTBscmxUMF9wNVRFTk9Gaw
SUNPHARMA.NS,"Fri, 22 May 2026 07:00:00 GMT","Sun Pharma Q4 Results: Net profit jumps 26% to Rs 2,714 crore; board proposes Rs 5 final dividend - Moneycontrol.com",Moneycontrol.com,https://news.google.com/rss/articles/CBMi8gFBVV95cUxOVHppVXEtWU1LS0FwS3NGUkxQVXZyUTdUNmY1RXNaSEh2QzY2YzZlUjA2TnIwQUFqa1RjNnZUQWVZSFN4Ym4zRlZIb3dvUEg5RVA4MUd2eHhpdGkzSWl0c21pNXpwYzB5T2FFRlhmNWxNbWRkdElITV9weVp2Qjl4dEV0cXpUaTE2aEZWMUR2NWtjSXZQejVOUHBwb0d2bUh1S1N5YzhET1NsZlVydkQzVFM4STVrUHhFamFvazJSdWNualNSNTIxT3FXa29XRDlHclVTTGljV2YxNGhtM1ZNamFGcHI4Szgzd0QwbTZGV3BCUdIB9wFBVV95cUxNMVFhMENkbm9icC1PLXpVcnhnV1YxN3lTaFZmNjROeTFEODg0NFVhVmVuSi12dkYxYWxvUXFabjlHQmI1cjdCeUlFM3ZaR3I0ZWJ4OERZMXVxa0UtVU5aRmdpZExzX2phbEs0Zm8yWVNHUnRoUnA4WTB6RUZlSUFsVEhVWGdzWXRFMllZa2J3NDh4Ym9wdi1mdU5UUy05QlZwaTRDR2ZOczFyd0RiRDc4X19OdzZ2TmR5SUlOR2o4Q0lWWXp1N003TWNKZmNGVjlkMmZNY3Jkckt5VFBDN0xIcnVtZXotaUtUVE0wWjlpU0ZDNlRjbnlZ?oc=5,CBMi8gFBVV95cUxOVHppVXEtWU1LS0FwS3NGUkxQVXZyUTdUNmY1RXNaSEh2QzY2YzZlUjA2TnIwQUFqa1RjNnZUQWVZSFN4Ym4zRlZIb3dvUEg5RVA4MUd2eHhpdGkzSWl0c21pNXpwYzB5T2FFRlhmNWxNbWRkdElITV9weVp2Qjl4dEV0cXpUaTE2aEZWMUR2NWtjSXZQejVOUHBwb0d2bUh1S1N5YzhET1NsZlVydkQzVFM4STVrUHhFamFvazJSdWNualNSNTIxT3FXa29XRDlHclVTTGljV2YxNGhtM1ZNamFGcHI4Szgzd0QwbTZGV3BCUdIB9wFBVV95cUxNMVFhMENkbm9icC1PLXpVcnhnV1YxN3lTaFZmNjROeTFEODg0NFVhVmVuSi12dkYxYWxvUXFabjlHQmI1cjdCeUlFM3ZaR3I0ZWJ4OERZMXVxa0UtVU5aRmdpZExzX2phbEs0Zm8yWVNHUnRoUnA4WTB6RUZlSUFsVEhVWGdzWXRFMllZa2J3NDh4Ym9wdi1mdU5UUy05QlZwaTRDR2ZOczFyd0RiRDc4X19OdzZ2TmR5SUlOR2o4Q0lWWXp1N003TWNKZmNGVjlkMmZNY3Jkckt5VFBDN0xIcnVtZXotaUtUVE0wWjlpU0ZDNlRjbnlZ
SUNPHARMA.NS,"Fri, 31 Jul 2026 07:00:00 GMT",Sun Pharma Q1 FY27 Results: US Sales Slip to $427 Million as Generic Business Weighs on Growth - NiftyTrader,NiftyTrader,https://news.google.com/rss/articles/CBMib0FVX3lxTE9zUW94NW9oakt2cy1YREROQVNIMEpXNlBSWEpnamNudGx3bTU0Zzdfa2Rlazl2ajZVWXNmLUdCRk9QMVI1azhMREVIeHNvSERnbHRwZ2hjUmNNLUZaeUFvaU9iOG5oRUY1c3dFX3NiVQ?oc=5,CBMib0FVX3lxTE9zUW94NW9oakt2cy1YREROQVNIMEpXNlBSWEpnamNudGx3bTU0Zzdfa2Rlazl2ajZVWXNmLUdCRk9QMVI1azhMREVIeHNvSERnbHRwZ2hjUmNNLUZaeUFvaU9iOG5oRUY1c3dFX3NiVQ
SUNPHARMA.NS,"Fri, 31 Jul 2026 07:00:00 GMT",Sun Pharmaceutical Industries vs Cipla: Full Stock Comparison - Univest,Univest,https://news.google.com/rss/articles/CBMif0FVX3lxTE1nMEw4ZXAweDJWOVR4R0cwVlYtd2h2RzhkNU16ekt3ZU9xdWVoWHRkU0FDTzQ4azFjNmFpVHRCaVhuVGhQT3BDUkl4WkpfZVRFVzljQVUzMkppUUFKOW9XbW1Hbl9mMFRDSjRoUWZPbmkzZkhsSXpuSUE4UWRWYWM?oc=5,CBMif0FVX3lxTE1nMEw4ZXAweDJWOVR4R0cwVlYtd2h2RzhkNU16ekt3ZU9xdWVoWHRkU0FDTzQ4azFjNmFpVHRCaVhuVGhQT3BDUkl4WkpfZVRFVzljQVUzMkppUUFKOW9XbW1Hbl9mMFRDSjRoUWZPbmkzZkhsSXpuSUE4UWRWYWM
SUNPHARMA.NS,"Fri, 22 May 2026 07:00:00 GMT","Sun Pharma guides for slower FY27 growth amid regulatory, macro challenges - Livemint",Livemint,https://news.google.com/rss/articles/CBMi8AFBVV95cUxQR1cyZ1g0cjBRdnVNeWJ4cGdMVVBwWElSMjMwelQzemZWbXdXZjdicjBJbDJEOF9OYkloVlNaYWg2Q3gyM3o4YWh3S1VpRFF4WEJoNnQzX1VNcXRlQ21jVTdyQ2xuS1ljRTV3LVRjNHJfUXVJWTRtR3dDV0lrNUJPMmJkVS1qRGJiVXZUVTZoUXEyZnd3ZTVlb3JEQklSam9KNEJCWk14clhaNTRMWWlQQVNOQjl0S25Kbzl4WkJ5ZUdwcFNkbks4cExzaHpLT0NTUC1zLUhnZlZtQ3U1TW9fbWxWdmxMa2E2RVBhazRVVznSAfYBQVVfeXFMTy00RWg1LTl4Y2dEbk4wcnozT2Zhcm9McktvdHE2N25xRjUySlFlcFRwOHN5NzBjd2VaSll3VlMwSDEzc1FpZm1pQVZPTVpmZzItdDZHSkpaMHJMSml0MC1wQkhkZkk2N2ZxOTBndkdIbG5nbS1LVlJ3RG5mN2pUbTRveWxpaE1wTWhNSjhIS3pFWWZUWjJFa2w4NHU4ZEsxWW4tOW9MUFoySG80TzRVa3h6d3lXRmRNNG1hQjd3enZwWjFpLUlsNU9nLXRNT0lqNDBMc0VWSlJpWm5YWHBqa25teUE2U09sRHd3V21SOXdmYjIzYWt3?oc=5,CBMi8AFBVV95cUxQR1cyZ1g0cjBRdnVNeWJ4cGdMVVBwWElSMjMwelQzemZWbXdXZjdicjBJbDJEOF9OYkloVlNaYWg2Q3gyM3o4YWh3S1VpRFF4WEJoNnQzX1VNcXRlQ21jVTdyQ2xuS1ljRTV3LVRjNHJfUXVJWTRtR3dDV0lrNUJPMmJkVS1qRGJiVXZUVTZoUXEyZnd3ZTVlb3JEQklSam9KNEJCWk14clhaNTRMWWlQQVNOQjl0S25Kbzl4WkJ5ZUdwcFNkbks4cExzaHpLT0NTUC1zLUhnZlZtQ3U1TW9fbWxWdmxMa2E2RVBhazRVVznSAfYBQVVfeXFMTy00RWg1LTl4Y2dEbk4wcnozT2Zhcm9McktvdHE2N25xRjUySlFlcFRwOHN5NzBjd2VaSll3VlMwSDEzc1FpZm1pQVZPTVpmZzItdDZHSkpaMHJMSml0MC1wQkhkZkk2N2ZxOTBndkdIbG5nbS1LVlJ3RG5mN2pUbTRveWxpaE1wTWhNSjhIS3pFWWZUWjJFa2w4NHU4ZEsxWW4tOW9MUFoySG80TzRVa3h6d3lXRmRNNG1hQjd3enZwWjFpLUlsNU9nLXRNT0lqNDBMc0VWSlJpWm5YWHBqa25teUE2U09sRHd3V21SOXdmYjIzYWt3
SUNPHARMA.NS,"Fri, 22 May 2026 07:00:00 GMT","Sun Pharma Q4 Results: Net Profit Surges 26%, Revenue Rises on Robust Domestic Demand; Announces 500% Dividend; Check Payout, Recording Date - Goodreturns",Goodreturns,https://news.google.com/rss/articles/CBMi3AFBVV95cUxQbzB5aVY1UmNSb3ZhNlM5QnNweWJ6T29ScklKdHBwazVnWGtPNlE3ZnRTbll6V09JMmNpN0xwTjlKdFJRTUhqMlFzcEJHTU94RW4zWkZCa0gwbVBDSGNVb1VZend5N1BhbVJEMVVwMEtsanhOOWFIYzcxVGEzLWVrRlR1N2Y3M1VpMEh3YVM5amZBOTVoQUh0OGg3Qzh2bnk3c1I3Y3pNbFJaYktrZjdCMjlaTXdfUW5zZ1NWTVdBaEFMTlI3cTY2MFlEZGJQc1BpYS16dFhRTGM4b1FM?oc=5,CBMi3AFBVV95cUxQbzB5aVY1UmNSb3ZhNlM5QnNweWJ6T29ScklKdHBwazVnWGtPNlE3ZnRTbll6V09JMmNpN0xwTjlKdFJRTUhqMlFzcEJHTU94RW4zWkZCa0gwbVBDSGNVb1VZend5N1BhbVJEMVVwMEtsanhOOWFIYzcxVGEzLWVrRlR1N2Y3M1VpMEh3YVM5amZBOTVoQUh0OGg3Qzh2bnk3c1I3Y3pNbFJaYktrZjdCMjlaTXdfUW5zZ1NWTVdBaEFMTlI3cTY2MFlEZGJQc1BpYS16dFhRTGM4b1FM
SUNPHARMA.NS,"Fri, 31 Jul 2026 07:00:00 GMT","Sun Pharma Q1 profit rises 27% to ₹2,895 crore as revenue grows over 10% - Business Standard",Business Standard,https://news.google.com/rss/articles/CBMi4AFBVV95cUxQdC1RNlBpRlM3Q2ZQMFdRcjNWQ2ZkTDlzcFMtbFdlcGNBMlg0eEV3WHVNdHItRkkzdDU2Nktsd1VfZUwzNURfQlJMT051RG4zbS1lT25lNDZaamR5Z3IwNFVtaUZ6ZmlHRXFRZ1Y0Q2RMdnBxQTVXTHRENVVwZ3hVM0pUal82NXFpMENBWVRHdXFzZXpNRWVVRHdKTUpZSGpyRDNSZEtrWFZLZl9tMk14bERTa2lIY1pESm1YV2p6VVNfdzM5Y19rbnl5ekFoamoyS0FSclBuMmc0cVpsNzhzMdIB5gFBVV95cUxQaHRubGtUSlpLNTRqV1lpcHJqeGFvSkRMREwxUXE2RTJIYVdHcDNpVDN4Y0tXLUhhczc5UHhlZjdXN2p3OGFtSTZBOW54ZzlEaUt5UTNJQnQ3bnFZZzJYN1FPU1hXdjNmUTZTM3RPWUFQQmVNbkNXc3RROVA0Q3JSXzdyZ3NJa2VsbEwxa25Sak0xa193dGdwSl9xSzFMQmNPLVcxTTE5NkxzY04yZnlHcWZLSFktTTVka1ZoWGVqU1plN2JBTFptRnVpQnZKLTlKZ1pEeVNiVmJURGY5dFZNeUpfcldGZw?oc=5,CBMi4AFBVV95cUxQdC1RNlBpRlM3Q2ZQMFdRcjNWQ2ZkTDlzcFMtbFdlcGNBMlg0eEV3WHVNdHItRkkzdDU2Nktsd1VfZUwzNURfQlJMT051RG4zbS1lT25lNDZaamR5Z3IwNFVtaUZ6ZmlHRXFRZ1Y0Q2RMdnBxQTVXTHRENVVwZ3hVM0pUal82NXFpMENBWVRHdXFzZXpNRWVVRHdKTUpZSGpyRDNSZEtrWFZLZl9tMk14bERTa2lIY1pESm1YV2p6VVNfdzM5Y19rbnl5ekFoamoyS0FSclBuMmc0cVpsNzhzMdIB5gFBVV95cUxQaHRubGtUSlpLNTRqV1lpcHJqeGFvSkRMREwxUXE2RTJIYVdHcDNpVDN4Y0tXLUhhczc5UHhlZjdXN2p3OGFtSTZBOW54ZzlEaUt5UTNJQnQ3bnFZZzJYN1FPU1hXdjNmUTZTM3RPWUFQQmVNbkNXc3RROVA0Q3JSXzdyZ3NJa2VsbEwxa25Sak0xa193dGdwSl9xSzFMQmNPLVcxTTE5NkxzY04yZnlHcWZLSFktTTVka1ZoWGVqU1plN2JBTFptRnVpQnZKLTlKZ1pEeVNiVmJURGY5dFZNeUpfcldGZw
SUNPHARMA.NS,"Fri, 31 Jul 2026 07:00:00 GMT","Sun Pharma Q1 net profit rises 27 percent to Rs 2,894 crore, misses estimates; revenue also below poll - Moneycontrol.com",Moneycontrol.com,https://news.google.com/rss/articles/CBMi-gFBVV95cUxQM3JyUEVENFd5ekR4R3hZclhzdU1tN0hUZzV2dHVBdGVKZEE1anVsSExfSHZsbGItaTd0aTM2Yk5pMDV6eGdHX0pGdVJkNnh3Q05PbDJJcG5OSS1xVjg2dE1VY3RWRWI5MnYzb281SjNTQW5Gb1RVQ0VPRk9BYjVzaTBXY0haaGRoMWZla3h3MGo5SVpTVkhURXpBa2U1YXlzbUFLVC1ocnJnQWNPNnlxNHN3Ry1QeFAzcWxIZDNfLU5xSnFiV1ZLdEhkWkZXbFpjblJuY2ZvdzBqMFRyM2gzd09tT3BQanBfeV9OQU1yb3NKT0VxeTBjdTNR0gH_AUFVX3lxTE15aHJQWjRlV2R1ZDdiMzl0TWowX2djalU4bkE1TWRmYjVYbGVqd1ZFVjJFUHVnck1JdUZwa01OU3ppQVNiWnE1WHVmblZkZjVsYkVpbmtEQ1YySTRiZG5WYXJFb1pEejVwUFFnS1BIWnFxaVFxZW1ZRDVPUXdfb0NUOXlSY2Y1NlFTXzlLakROZ1lsQUVWMV8xTzlWZmZOdVVTYXZ6YmU4Z0NDZ1lmRl9HOWxlby1wb3NTRk5WbnY4eEZ0M2lJWFB1RHZrVlhOSVFmRHdVZDZFTzFyY0k0dVRaLUJJd0hFMEUtcFBqOTgxM3BZa1BUczE4eGZOZFdzUQ?oc=5,CBMi-gFBVV95cUxQM3JyUEVENFd5ekR4R3hZclhzdU1tN0hUZzV2dHVBdGVKZEE1anVsSExfSHZsbGItaTd0aTM2Yk5pMDV6eGdHX0pGdVJkNnh3Q05PbDJJcG5OSS1xVjg2dE1VY3RWRWI5MnYzb281SjNTQW5Gb1RVQ0VPRk9BYjVzaTBXY0haaGRoMWZla3h3MGo5SVpTVkhURXpBa2U1YXlzbUFLVC1ocnJnQWNPNnlxNHN3Ry1QeFAzcWxIZDNfLU5xSnFiV1ZLdEhkWkZXbFpjblJuY2ZvdzBqMFRyM2gzd09tT3BQanBfeV9OQU1yb3NKT0VxeTBjdTNR0gH_AUFVX3lxTE15aHJQWjRlV2R1ZDdiMzl0TWowX2djalU4bkE1TWRmYjVYbGVqd1ZFVjJFUHVnck1JdUZwa01OU3ppQVNiWnE1WHVmblZkZjVsYkVpbmtEQ1YySTRiZG5WYXJFb1pEejVwUFFnS1BIWnFxaVFxZW1ZRDVPUXdfb0NUOXlSY2Y1NlFTXzlLakROZ1lsQUVWMV8xTzlWZmZOdVVTYXZ6YmU4Z0NDZ1lmRl9HOWxlby1wb3NTRk5WbnY4eEZ0M2lJWFB1RHZrVlhOSVFmRHdVZDZFTzFyY0k0dVRaLUJJd0hFMEUtcFBqOTgxM3BZa1BUczE4eGZOZFdzUQ
TITAN.NS,"Fri, 07 Aug 2026 07:00:00 GMT","Titan Q1 results: Net profit rises 65% to Rs 1,699 crore, beats estimates, revenue up 24% - Moneycontrol.com",Moneycontrol.com,https://news.google.com/rss/articles/CBMi5AFBVV95cUxOcUdIUlJ0UFpXalRRQV9PNzBRUVFnQWpUVzNwdkxtOFpiZkpRZTZRbXo0VUR6UjdfYldLUVpPd1ROTDJqS2hKQlMzcDdXcXVpLUFKS0IxVkhvazZjLWVRSWNTMkVmMk5ieDNUQVFrajZJOWxCbXpzWGdwWERBQ1c0VklHSXU1ZEZqVjlCaHczQ1JUa1l3aXhZSFJta2ZZMzRWcUNvaUFCbHJSU1Btc2FERW9QOTk2Z0VrS1pFWkhoalRhSHBjdy1EM3lYX0d1WkhVX2piaFZKLWlOR2lGYXhBOTBFVGTSAeoBQVVfeXFMTnJaZE1NcEg2cC16dTFBZDFuSHFiRmp1d0dlUFlXZ0ZpWTlEWTAya2M1RzJpT2V4ZkwwWGNodEVBU3NrVEpiZEFGVHJBN3E3ejJKN180cGl4OUpYSnFHNktKT1Itc3YycFlhdHpaMnpBbXNIblVHUjFBZEpXOTBady05SWZIWVB1djFoOUpzYi0tMFBDR1owRkkzZ0hRankzUFY2VWFLWWREVkJoMzNYUTZ0SXNEakNyeW9MTUZpOEZjVHk4QThYSEkweDR4bkdnTTNQSlZSZ1V3ZHRGSEw3cVhGR0FDLXJFRjFR?oc=5,CBMi5AFBVV95cUxOcUdIUlJ0UFpXalRRQV9PNzBRUVFnQWpUVzNwdkxtOFpiZkpRZTZRbXo0VUR6UjdfYldLUVpPd1ROTDJqS2hKQlMzcDdXcXVpLUFKS0IxVkhvazZjLWVRSWNTMkVmMk5ieDNUQVFrajZJOWxCbXpzWGdwWERBQ1c0VklHSXU1ZEZqVjlCaHczQ1JUa1l3aXhZSFJta2ZZMzRWcUNvaUFCbHJSU1Btc2FERW9QOTk2Z0VrS1pFWkhoalRhSHBjdy1EM3lYX0d1WkhVX2piaFZKLWlOR2lGYXhBOTBFVGTSAeoBQVVfeXFMTnJaZE1NcEg2cC16dTFBZDFuSHFiRmp1d0dlUFlXZ0ZpWTlEWTAya2M1RzJpT2V4ZkwwWGNodEVBU3NrVEpiZEFGVHJBN3E3ejJKN180cGl4OUpYSnFHNktKT1Itc3YycFlhdHpaMnpBbXNIblVHUjFBZEpXOTBady05SWZIWVB1djFoOUpzYi0tMFBDR1owRkkzZ0hRankzUFY2VWFLWWREVkJoMzNYUTZ0SXNEakNyeW9MTUZpOEZjVHk4QThYSEkweDR4bkdnTTNQSlZSZ1V3ZHRGSEw3cVhGR0FDLXJFRjFR
TITAN.NS,"Fri, 07 Aug 2026 07:00:00 GMT","Q1 results: SBI, Hindalco, Titan Company, BEML, and 202 more on Aug 7 - Business Standard",Business Standard,https://news.google.com/rss/articles/CBMi3wFBVV95cUxOT1dneTB1M3RYbEo1dnZINmFEZXV0MDVMRTFXVDBxWWhldEhpeWVoaVBCeGZjOHRVaXB2a1VfZWNaVFRsaDZRb1ZrT0NaWm5JSDlBYmNVaDgtSjluNXhuVF9UWVU3cGdrMnoyMmhBNFRHei1xMjE3RmJ2d01qOFVnX1p5MC1MTlp3bkM5NmtXVnZ6c0N4amFDbjdfVy01ZC1EZmIzNVB4bVYxU0k2dU5Td0JCV3dsWDhWYk0tSUpJOXdTa1Q3cG5BaVFWc2tsT25WQkZKQjVvcUczeWVEaGRj0gHkAUFVX3lxTE9ZN1k1RjQxRW1KN2RJWHlPMzMwR1dvUjkxVUdZWDd0NlVjQnRNU01qLUpoajhoQjY2RzhUMkN3MTlZQkx6TGl5OEd4QzZhVUdkaGV6S1ZUU09jS1FiUkJ1ZTB2c1hZTFFUMGlmNWo3WTF6MmEydU1TSng1LU5nOWRJRWE1VlZrVTJMeVZURE12eXM0VXNMSktIcE1XWmQwelR5NE5oVjEyWkNDVUp1RHkycC1CaU04UTZ1aWk4OTRPczlyVnAtSEFRLU5Sa1pQTmRXcDQ4amJONV81d01qUXdKZ2xvZQ?oc=5,CBMi3wFBVV95cUxOT1dneTB1M3RYbEo1dnZINmFEZXV0MDVMRTFXVDBxWWhldEhpeWVoaVBCeGZjOHRVaXB2a1VfZWNaVFRsaDZRb1ZrT0NaWm5JSDlBYmNVaDgtSjluNXhuVF9UWVU3cGdrMnoyMmhBNFRHei1xMjE3RmJ2d01qOFVnX1p5MC1MTlp3bkM5NmtXVnZ6c0N4amFDbjdfVy01ZC1EZmIzNVB4bVYxU0k2dU5Td0JCV3dsWDhWYk0tSUpJOXdTa1Q3cG5BaVFWc2tsT25WQkZKQjVvcUczeWVEaGRj0gHkAUFVX3lxTE9ZN1k1RjQxRW1KN2RJWHlPMzMwR1dvUjkxVUdZWDd0NlVjQnRNU01qLUpoajhoQjY2RzhUMkN3MTlZQkx6TGl5OEd4QzZhVUdkaGV6S1ZUU09jS1FiUkJ1ZTB2c1hZTFFUMGlmNWo3WTF6MmEydU1TSng1LU5nOWRJRWE1VlZrVTJMeVZURE12eXM0VXNMSktIcE1XWmQwelR5NE5oVjEyWkNDVUp1RHkycC1CaU04UTZ1aWk4OTRPczlyVnAtSEFRLU5Sa1pQTmRXcDQ4amJONV81d01qUXdKZ2xvZQ
TITAN.NS,"Thu, 06 Aug 2026 07:00:00 GMT",Titan Q1 results: Revenue and net profit likely to see double digit growth aided by jewellery business - Upstox,Upstox,https://news.google.com/rss/articles/CBMi9AFBVV95cUxNNWIwWVlsQkFDY3RuOERWNFFpZTd2eEVNc1NteHlfTDc3LUZoamhJV3FwME51cUZBazc0ZjhwcFRTRWliS2I5U0MxT201TzBWV1hCbk5JRDFKTFdTakNNZFQwNHVYbEp3ZDZ1dE1PZ3BENVZpWU8zdzFocGVEVl9wZVpuTlZXNTlYUEdJOFhVOVU0b3I4WkVNTUN1U2xaM2l3XzdaV3ZPWVdQNUdIdHNkM1ZoOHNGZl9YWnllRUNRM2M3YTlpaEFZR0VDc2FTZlJCZUhqQUdnUG5qZVRuSHE3VVZmZlp0VzExU19aVHVMclJ1dzJZ?oc=5,CBMi9AFBVV95cUxNNWIwWVlsQkFDY3RuOERWNFFpZTd2eEVNc1NteHlfTDc3LUZoamhJV3FwME51cUZBazc0ZjhwcFRTRWliS2I5U0MxT201TzBWV1hCbk5JRDFKTFdTakNNZFQwNHVYbEp3ZDZ1dE1PZ3BENVZpWU8zdzFocGVEVl9wZVpuTlZXNTlYUEdJOFhVOVU0b3I4WkVNTUN1U2xaM2l3XzdaV3ZPWVdQNUdIdHNkM1ZoOHNGZl9YWnllRUNRM2M3YTlpaEFZR0VDc2FTZlJCZUhqQUdnUG5qZVRuSHE3VVZmZlp0VzExU19aVHVMclJ1dzJZ
TITAN.NS,"Fri, 07 Aug 2026 07:00:00 GMT","Titan Q1 Results Today: Time, Earnings Call, Dividend, What To Watch, Share Price - NDTV Profit",NDTV Profit,https://news.google.com/rss/articles/CBMivAFBVV95cUxQbU5odk10ZXBDcThaVmxWX2V3ZFFCMnRIM05jMDRPU3Z2STdWbU1hMm4ydTVHT3Y1cGhrZUlyZndNdEV4WExaa0V4NXprWEcxZ3JuMkV0YTRjUEg5d0FTZ1FyV29lbE9QcXZnTzMzY1VfaFk4NlJValcwaFd6Q0d1TUlCZG0xSEpMWHBYVk5FcS1TdFhVNkhRelpJQ01fYjExT1JCQWNzNktPVTdSQzFlNnlWSDFFcV9OVHJ0MtIBxAFBVV95cUxNYTU3d0syU1FZQV9YbXQ0cklCaTZ0bEptdkNLdDVlMHhnRlNSeHJIX2toWllfMTFYcWxMeW1FcFllOC0zb3hnZDY4cVhjUFJFczhOSEJWLThtZjY2QTBoeWljcTRPbU4yU2pDT3poZ19ZYUp6RHNrM0FuajB1UmNBN3hVanNEdll2dmhvSV83SEF3dHNpa2U5eGR0emFDTFlHajlteFdIQnNJeGYyWjdmeW01LXhJMllFOVZFbWs3YzZZU3FG?oc=5,CBMivAFBVV95cUxQbU5odk10ZXBDcThaVmxWX2V3ZFFCMnRIM05jMDRPU3Z2STdWbU1hMm4ydTVHT3Y1cGhrZUlyZndNdEV4WExaa0V4NXprWEcxZ3JuMkV0YTRjUEg5d0FTZ1FyV29lbE9QcXZnTzMzY1VfaFk4NlJValcwaFd6Q0d1TUlCZG0xSEpMWHBYVk5FcS1TdFhVNkhRelpJQ01fYjExT1JCQWNzNktPVTdSQzFlNnlWSDFFcV9OVHJ0MtIBxAFBVV95cUxNYTU3d0syU1FZQV9YbXQ0cklCaTZ0bEptdkNLdDVlMHhnRlNSeHJIX2toWllfMTFYcWxMeW1FcFllOC0zb3hnZDY4cVhjUFJFczhOSEJWLThtZjY2QTBoeWljcTRPbU4yU2pDT3poZ19ZYUp6RHNrM0FuajB1UmNBN3hVanNEdll2dmhvSV83SEF3dHNpa2U5eGR0emFDTFlHajlteFdIQnNJeGYyWjdmeW01LXhJMllFOVZFbWs3YzZZU3FG
TITAN.NS,"Fri, 08 May 2026 07:00:00 GMT","Titan Q4 Results: Cons profit jumps 35% YoY to Rs 1,179 crore; Rs 15/share dividend announced - The Economic Times",The Economic Times,https://news.google.com/rss/articles/CBMi-wFBVV95cUxQX2wtdkV6dXJROWVKYVlmaVQzRGNoak9xdjhvOTFoRDlRUzd0X21UcFJyNEFLMEQ0UDRUTVJBWmg5OHhTODdFYXNpLUJraEd4OWg4d0dxd1dJMEtCZlpESDN4WENkZGE0aGlJc1NtazZJdW03c0dpZThnUGV4YUFJc2FRVV9Rd0UwU0d1aHNhWFljNnpKY05XVTQyV3hhRVJHdmNOYWZGTkl6Vk9EUktuMFgzZFFnWi1Da2gtUzhGM2JLcU1UZkhVV2NWTURITlA1eXhzY3hKQXpRZHNUYS1IaVVOTWQya05oN1MtTC15LVR3aFpVZnNMdlRUONIBgAJBVV95cUxNb0pnWkxyN2VzdVFPenNncWQ3dHZ3em5LZW9lS0tiTDRpQi1zY1F0LU1DdVktN2pBcWFBNFBVQUktZHBtM2o0RjlIZklKdEVaRmZzZmZlZWZTY0NSbnduVFNFdEhrQnNpU3BnaGNYNVpJNHZrUlFxVmRadWdQMzdxeHY0NzM3dWNWUUVSQ0QyZTZJdWxISW1RQWY1WmdkTzhrU0RaT2pUdUJUM1gxUjlZSUg5WnNRQ1Z2djBFSjJZQnNLQnlYMnFLdkZwR3dub0pSODM3OE1fTkg2VnE3UTNnMU1mVlNxa3hjLXVyLXRsQ0g4TXRDdzlzYW1UYVE2WjJt?oc=5,CBMi-wFBVV95cUxQX2wtdkV6dXJROWVKYVlmaVQzRGNoak9xdjhvOTFoRDlRUzd0X21UcFJyNEFLMEQ0UDRUTVJBWmg5OHhTODdFYXNpLUJraEd4OWg4d0dxd1dJMEtCZlpESDN4WENkZGE0aGlJc1NtazZJdW03c0dpZThnUGV4YUFJc2FRVV9Rd0UwU0d1aHNhWFljNnpKY05XVTQyV3hhRVJHdmNOYWZGTkl6Vk9EUktuMFgzZFFnWi1Da2gtUzhGM2JLcU1UZkhVV2NWTURITlA1eXhzY3hKQXpRZHNUYS1IaVVOTWQya05oN1MtTC15LVR3aFpVZnNMdlRUONIBgAJBVV95cUxNb0pnWkxyN2VzdVFPenNncWQ3dHZ3em5LZW9lS0tiTDRpQi1zY1F0LU1DdVktN2pBcWFBNFBVQUktZHBtM2o0RjlIZklKdEVaRmZzZmZlZWZTY0NSbnduVFNFdEhrQnNpU3BnaGNYNVpJNHZrUlFxVmRadWdQMzdxeHY0NzM3dWNWUUVSQ0QyZTZJdWxISW1RQWY1WmdkTzhrU0RaT2pUdUJUM1gxUjlZSUg5WnNRQ1Z2djBFSjJZQnNLQnlYMnFLdkZwR3dub0pSODM3OE1fTkg2VnE3UTNnMU1mVlNxa3hjLXVyLXRsQ0g4TXRDdzlzYW1UYVE2WjJt
TITAN.NS,"Fri, 08 May 2026 07:00:00 GMT","Titan Q4 Results 2026: Net profit jumps 35.4% YoY to ₹1,179 crore; co declares ₹15/share dividend - Livemint",Livemint,https://news.google.com/rss/articles/CBMi0AFBVV95cUxOZ0RxOXlfVmYwMFUza2RlSUJ0elg3cGxTd3ViR1M1aU9pNVROLS1QOThnTDIzblk5MUhEaDVmcHhDUENCY2ctSHBmdFBwamp1aG9ZU3JBMm5wZG5EU3VWNVkwLUQ3V3J2Q21HcmgxdDNvUlRudnR0andJSEF2RExwaWp3d3R1UFB4OTBmTXRsVTdGZ0RSaVN3U2NVVnlFLXBJZXpfSTFlZ3hjTUowU1hnRUxnbjdJWld1WHZmRmZkem9YT0wybGM5aVplMHBvYkhi0gHWAUFVX3lxTFBEM042LWI1MURCSnJja1V6b21hV1VmRExSLUM3OXFqVGV3TkE1TmtZeXhJYXRlSzRiZmRPWXlFVjJxWUcyeUtCbTdUd3gyU2VadTZDNVRXcUFfUnRYRW1OYTBWbWI1Z0RQSWxpUmlzVDZQQ1BKRHNQdUUyejZ1eTVpaC11a2hwcVhuMzZGRUhmU3Vpc0hKTmpJcTVoejdUcWpJV0M5b004NEI0YzctQ3YyT3hxTFhTQzRiWFpZMmVydGNIcFJnWG5LemVza05ZSkJGLWcwYWc?oc=5,CBMi0AFBVV95cUxOZ0RxOXlfVmYwMFUza2RlSUJ0elg3cGxTd3ViR1M1aU9pNVROLS1QOThnTDIzblk5MUhEaDVmcHhDUENCY2ctSHBmdFBwamp1aG9ZU3JBMm5wZG5EU3VWNVkwLUQ3V3J2Q21HcmgxdDNvUlRudnR0andJSEF2RExwaWp3d3R1UFB4OTBmTXRsVTdGZ0RSaVN3U2NVVnlFLXBJZXpfSTFlZ3hjTUowU1hnRUxnbjdJWld1WHZmRmZkem9YT0wybGM5aVplMHBvYkhi0gHWAUFVX3lxTFBEM042LWI1MURCSnJja1V6b21hV1VmRExSLUM3OXFqVGV3TkE1TmtZeXhJYXRlSzRiZmRPWXlFVjJxWUcyeUtCbTdUd3gyU2VadTZDNVRXcUFfUnRYRW1OYTBWbWI1Z0RQSWxpUmlzVDZQQ1BKRHNQdUUyejZ1eTVpaC11a2hwcVhuMzZGRUhmU3Vpc0hKTmpJcTVoejdUcWpJV0M5b004NEI0YzctQ3YyT3hxTFhTQzRiWFpZMmVydGNIcFJnWG5LemVza05ZSkJGLWcwYWc
TITAN.NS,"Tue, 12 May 2026 07:00:00 GMT","Titan Reports Robust Q4 Results, Jewellery Business Growth Boosts Overall Performance - Business Today",Business Today,https://news.google.com/rss/articles/CBMi7AFBVV95cUxPUVhkUXlVVjhPMDVyVVpadGNwMlFHbVN5emJGU3Y4Rm9kbWxEQmMwdi14YllvbjF1UUJmZEd2Y1VNLUg3bXdqc3JlYTg2UVNlNERMX2hBajJMWFdqZFRDbWtURnFJWkRDNklpNlVvYzQyVXl5V3Qwc2xlY045UlN5WkE0VURULVE5MmpEeTR5dXQtRXhsSy1aN2JTN1AyRUw0RTRNRGRKMnpwQ3JhcDNobkEzMzlSbmZ0aUFSLU5OcU5Zb1dYRVByRW9mVU1DZmpMMXc0Uk0yeUthTGhQc1dUdDYxTW9aOGRYNENtLdIB8gFBVV95cUxPaDJySHU1TElxWTd0OExKREdaaFhKOWxSS3BFNzFLVGdrTWYtc2o0dDdVVzUwUHhzQV96OU5JU3lsTXBZcXJISVoyem4xaVl6dXpqYkwtUm5GTWFPNk5rV2t6VTFHQXI2bmE2enJKREd4V1M3QXJVQWI2bXRiMmtfal9CMjk1OHRsTDZfMnFiUXZ0X3JFd3NkQ3RjT2Zsbm1VS3JFckVEdlFJeUNyNGdPZHRhZFlETDhsbEtjZm01WURUN0p1MGQ1M2ZpenVKZTh3Q2ZOVElVVlVfU0tsaWE4Vm1CQ09mZzQwQkcxQzJEVVAyZw?oc=5,CBMi7AFBVV95cUxPUVhkUXlVVjhPMDVyVVpadGNwMlFHbVN5emJGU3Y4Rm9kbWxEQmMwdi14YllvbjF1UUJmZEd2Y1VNLUg3bXdqc3JlYTg2UVNlNERMX2hBajJMWFdqZFRDbWtURnFJWkRDNklpNlVvYzQyVXl5V3Qwc2xlY045UlN5WkE0VURULVE5MmpEeTR5dXQtRXhsSy1aN2JTN1AyRUw0RTRNRGRKMnpwQ3JhcDNobkEzMzlSbmZ0aUFSLU5OcU5Zb1dYRVByRW9mVU1DZmpMMXc0Uk0yeUthTGhQc1dUdDYxTW9aOGRYNENtLdIB8gFBVV95cUxPaDJySHU1TElxWTd0OExKREdaaFhKOWxSS3BFNzFLVGdrTWYtc2o0dDdVVzUwUHhzQV96OU5JU3lsTXBZcXJISVoyem4xaVl6dXpqYkwtUm5GTWFPNk5rV2t6VTFHQXI2bmE2enJKREd4V1M3QXJVQWI2bXRiMmtfal9CMjk1OHRsTDZfMnFiUXZ0X3JFd3NkQ3RjT2Zsbm1VS3JFckVEdlFJeUNyNGdPZHRhZFlETDhsbEtjZm01WURUN0p1MGQ1M2ZpenVKZTh3Q2ZOVElVVlVfU0tsaWE4Vm1CQ09mZzQwQkcxQzJEVVAyZw
TITAN.NS,"Fri, 07 Aug 2026 07:00:00 GMT","Titan Q1FY27 results: Net profit soars 62.8% to ₹1,777 cr, sales up 40.31% - Business Standard",Business Standard,https://news.google.com/rss/articles/CBMi1AFBVV95cUxNT1JMYndObnlXVXdtemxpT1FuVEZoWWNXQ1NHNVhUNWtETE43QVhSTFE1SFNtRFZDME5RMGk5TjktTnhxLVlqVDdvajg0WHZTMWttMk9vcTBVQm82dWNxZFR2eHVQaHlvZzFubzJhMUstQTlUVVIyVkM3Q0pzLV9STUtyanQzeDB4cWRKM2VGTW5FaXlka1o5NHBTV1llTXdOQnoyUmx2RHlfVnRRczBrWmxmSjhZY1J1RnJ0dllyaEYtQlh1Q25oNEpvd0xHQjlxcGVIeNIB2gFBVV95cUxOUS1iaE93aDN1aHNiRXZuYVZLdTFjNERPZ1JxdjNZc2c5bUJSRFF1bXFXcFQtOE14T0o3RmVkdVhKaEotSU9RTGppN0s3SXVUaHBUV0E3NnV0a01MaEF6Y05fMDJIVzZ4SlNhVzlId21DN3JIamFia29ZWEtQMVNwRmdWVnl1UVFPNG1NcU9Xb3JBcXhxNnRnRGh6c21fSVI2Q2QtM3BOMXYwLVI4S0NyMVZJTTlSX0FfbDhhYjFqaV9KSklTUWdqU1ZaOUV1RGppZG0zRXkxQ0ItZw?oc=5,CBMi1AFBVV95cUxNT1JMYndObnlXVXdtemxpT1FuVEZoWWNXQ1NHNVhUNWtETE43QVhSTFE1SFNtRFZDME5RMGk5TjktTnhxLVlqVDdvajg0WHZTMWttMk9vcTBVQm82dWNxZFR2eHVQaHlvZzFubzJhMUstQTlUVVIyVkM3Q0pzLV9STUtyanQzeDB4cWRKM2VGTW5FaXlka1o5NHBTV1llTXdOQnoyUmx2RHlfVnRRczBrWmxmSjhZY1J1RnJ0dllyaEYtQlh1Q25oNEpvd0xHQjlxcGVIeNIB2gFBVV95cUxOUS1iaE93aDN1aHNiRXZuYVZLdTFjNERPZ1JxdjNZc2c5bUJSRFF1bXFXcFQtOE14T0o3RmVkdVhKaEotSU9RTGppN0s3SXVUaHBUV0E3NnV0a01MaEF6Y05fMDJIVzZ4SlNhVzlId21DN3JIamFia29ZWEtQMVNwRmdWVnl1UVFPNG1NcU9Xb3JBcXhxNnRnRGh6c21fSVI2Q2QtM3BOMXYwLVI4S0NyMVZJTTlSX0FfbDhhYjFqaV9KSklTUWdqU1ZaOUV1RGppZG0zRXkxQ0ItZw
TITAN.NS,"Fri, 08 May 2026 07:00:00 GMT","Titan Q4 Results: Net profit jumps 35% YoY to Rs 1,179 crore, stock soars 6%; dividend declared - Moneycontrol.com",Moneycontrol.com,https://news.google.com/rss/articles/CBMigAJBVV95cUxQMVIyM29DVGhNVzlYNkhIekc0eVQ3T2FaejFMY3FsR1FOdjZuOC05a3Q4bkVsRHVqWldyOU11aFkzZFZuY0NuVld0Z3psS3l4MTBuaDZYbGN6NGgtY2JJdGs0MWlGeklnQUJlNk0zSDhRcDFVUHlqVERla09DSFU2WUl6OUtzX2dXV1J5WXRPSTUtTW1yVnBrWnFwWTBDVnE4SFdkTlA3OGxMZ1p0WnNKTVRhNU43bE9DeWtud1JEclU2SWg4T2Q1ak9TR2czSXhTN0VfSzBJWnZiZy00aXJjbnJzWGJNNVFHYmRxQmtVNXg2NFA3SDZHV1d1b2dGQzBa0gGGAkFVX3lxTFB0a1dmSTF4RmZDZUl2WkQ0QlNTakI1eTR4MmY0QTE2QXJGbXRnR01nNm5tcFgzVkNWWldOZHptVGxqZkZpZ2Jmd3BYSjlvN09aUGViazk3REI3dGpRM1YtdnhPNTlQX3p6T3hvc1VYeGNwOVpsRENtRzNFZ196RlB0Z2hINnJjOXJubnhWa2c5T1ZlaHZjbWtyUGp0RUZWVUtvcnFSMHJtYVhqTTV2RDRzcHNHX1JEV3BEd09MUjV5UnFmRG1NU2ttcXdjd2NJUDMxRk5oNGxnMlVJTDdHeU1GdGZya1Q0NG5LdHgyc2RBc29HcFh0eDFZV0xJeGJhTDdPRldzaVE?oc=5,CBMigAJBVV95cUxQMVIyM29DVGhNVzlYNkhIekc0eVQ3T2FaejFMY3FsR1FOdjZuOC05a3Q4bkVsRHVqWldyOU11aFkzZFZuY0NuVld0Z3psS3l4MTBuaDZYbGN6NGgtY2JJdGs0MWlGeklnQUJlNk0zSDhRcDFVUHlqVERla09DSFU2WUl6OUtzX2dXV1J5WXRPSTUtTW1yVnBrWnFwWTBDVnE4SFdkTlA3OGxMZ1p0WnNKTVRhNU43bE9DeWtud1JEclU2SWg4T2Q1ak9TR2czSXhTN0VfSzBJWnZiZy00aXJjbnJzWGJNNVFHYmRxQmtVNXg2NFA3SDZHV1d1b2dGQzBa0gGGAkFVX3lxTFB0a1dmSTF4RmZDZUl2WkQ0QlNTakI1eTR4MmY0QTE2QXJGbXRnR01nNm5tcFgzVkNWWldOZHptVGxqZkZpZ2Jmd3BYSjlvN09aUGViazk3REI3dGpRM1YtdnhPNTlQX3p6T3hvc1VYeGNwOVpsRENtRzNFZ196RlB0Z2hINnJjOXJubnhWa2c5T1ZlaHZjbWtyUGp0RUZWVUtvcnFSMHJtYVhqTTV2RDRzcHNHX1JEV3BEd09MUjV5UnFmRG1NU2ttcXdjd2NJUDMxRk5oNGxnMlVJTDdHeU1GdGZya1Q0NG5LdHgyc2RBc29HcFh0eDFZV0xJeGJhTDdPRldzaVE
TITAN.NS,"Tue, 10 Feb 2026 08:00:00 GMT","Titan Company Q3 net profit soars 61% YoY to ₹1,684 crore; jewellery business surges 42% - Upstox",Upstox,https://news.google.com/rss/articles/CBMi3wFBVV95cUxPNHE2YmdNeUVGbUJUakdoZmN1QXlaZGxnaEM0dVAtNmNQNkZMcHhCUXIxOXJzUU1sUy14Y1pmd0s0bFdpeUI2OHFxVDUzcjhLTnhIeHNkT0c4QlBKTTloNzhvNmVCbEZhOTdFeWREMTBhWVZ6RE9OMUFZVGdNbWxwdXB6RXpJT0lFOENndkhyMnJ5UUtQSkloQXNSS2t0NWpCeEhxekFHOTdWSHE4MFBTXzhQSlFvbXRJVGg3c2NmOF9yZklSMGRMcE11ODJlRS1YbEN1TDJCWUpzX1ZuSi0w?oc=5,CBMi3wFBVV95cUxPNHE2YmdNeUVGbUJUakdoZmN1QXlaZGxnaEM0dVAtNmNQNkZMcHhCUXIxOXJzUU1sUy14Y1pmd0s0bFdpeUI2OHFxVDUzcjhLTnhIeHNkT0c4QlBKTTloNzhvNmVCbEZhOTdFeWREMTBhWVZ6RE9OMUFZVGdNbWxwdXB6RXpJT0lFOENndkhyMnJ5UUtQSkloQXNSS2t0NWpCeEhxekFHOTdWSHE4MFBTXzhQSlFvbXRJVGg3c2NmOF9yZklSMGRMcE11ODJlRS1YbEN1TDJCWUpzX1ZuSi0w
TITAN.NS,"Sun, 02 Aug 2026 07:00:00 GMT","Q1 Results This Week: SBI, Airtel, LIC, Titan, Hero MotoCorp, ONGC And 550+ Companies To Report Earnings - NDTV Profit",NDTV Profit,https://news.google.com/rss/articles/CBMi2AFBVV95cUxQalZ6a3gwVE1QNWdSZEdXVnVVTGw1WHExdXFod2FlVDNMTjQ5YUJ6RFRPbktfMV9CM2lCd0VVbENHTGlJQkNkTlNqODJyMXhHMllKYTE0NEZvMlRMSHJON2JiYjhnUFJZcEdfNlV0Mm1ienNJMmhVQnFCS3REZ2ZWYlNpRlVNUkt5RzRQQ25OUzB2NF9ZRDlZRmxzdHdtUEdMRVdVM1FUd3Y3WkdLdl92dnkwbE94eTN2NXdaLXdTSmlGRHRSRlp6TGVwNjMzeUpzWmJxLTVTOTnSAeABQVVfeXFMT0xtczZURURVNmhLOXhWTnFMMGxKRl85T0pnSWh0RXBzdU9nSGtRS3oyaGt4TGVWT3VDZ0F1T2loeF9Hdm5pdUxyT3RwdzRrdzB1UmZKNFpVeVRjdUlVeUV5aVFvMGh5NDhIeW4tN3pWVm9RNWhGOWxkR3pUTUV5cXZCbTlLU3NtUkJOQ0hnc1JhWGlxQzFvZVpVN3VJbjlvRDYyZFdZR2tvVzY3a1JzeUVLeFk3VklGdGlzSWVhb0ZLSzlFa3VvV01sZEtiRFpERGdaV0VOYmx2TVQxbUtlLVk?oc=5,CBMi2AFBVV95cUxQalZ6a3gwVE1QNWdSZEdXVnVVTGw1WHExdXFod2FlVDNMTjQ5YUJ6RFRPbktfMV9CM2lCd0VVbENHTGlJQkNkTlNqODJyMXhHMllKYTE0NEZvMlRMSHJON2JiYjhnUFJZcEdfNlV0Mm1ienNJMmhVQnFCS3REZ2ZWYlNpRlVNUkt5RzRQQ25OUzB2NF9ZRDlZRmxzdHdtUEdMRVdVM1FUd3Y3WkdLdl92dnkwbE94eTN2NXdaLXdTSmlGRHRSRlp6TGVwNjMzeUpzWmJxLTVTOTnSAeABQVVfeXFMT0xtczZURURVNmhLOXhWTnFMMGxKRl85T0pnSWh0RXBzdU9nSGtRS3oyaGt4TGVWT3VDZ0F1T2loeF9Hdm5pdUxyT3RwdzRrdzB1UmZKNFpVeVRjdUlVeUV5aVFvMGh5NDhIeW4tN3pWVm9RNWhGOWxkR3pUTUV5cXZCbTlLU3NtUkJOQ0hnc1JhWGlxQzFvZVpVN3VJbjlvRDYyZFdZR2tvVzY3a1JzeUVLeFk3VklGdGlzSWVhb0ZLSzlFa3VvV01sZEtiRFpERGdaV0VOYmx2TVQxbUtlLVk
NTPC.NS,"Tue, 28 Jul 2026 07:00:00 GMT",Results: NTPC Limited Exceeded Expectations And The Consensus Has Updated Its Estimates - Simply Wall Street,Simply Wall Street,https://news.google.com/rss/articles/CBMixwFBVV95cUxQZzAtVDdBVFJRbnlLTF9BeklwakEtaS15d3JaeUdYU0c3bDJZN19XS1YybDN3YjU0QVJDNmJCMDJrRkxZb2F2UkkzNGkxUFJncy1FNnc1MHdvdDB0SnJKbGdETjRQZGJCR3hNZU16MGZzZG1wcFpvd192UE40QkVNam9nWFBNTElJRXRLSzdnS0hrQTlqUERPR0hVcHBVUUJIeFhaTGxIaWJsVnVtck0zUWk1bXV4TzlzRkg3NDVMZVJneFhRYW930gHMAUFVX3lxTE1yT2xBTHRZd1lRN25NaU9Ic3d6TjRnNUF2UUF2Rjc1b2VQN1RFTHlNZHZucjR2dzYyZ2d6Nm5CVnFXYjNmUTdsWjRjdFprbmJ1MGFZNzFoNDFvRmYyUXJwN1lfbUNGZi14Zk5nWld0Q3h6V19PbkdwMVJOOG9aRGthdlR3Q1g1NGdOUTU2WmFzMFZ1LVVXZ2RJZjdhdEd6ZDZ6YjRPMW95NnczaG54ZnRDRm55c2ZJZUFmY0NEZTNnaHhYTGlUY0dtQTNkbw?oc=5,CBMixwFBVV95cUxQZzAtVDdBVFJRbnlLTF9BeklwakEtaS15d3JaeUdYU0c3bDJZN19XS1YybDN3YjU0QVJDNmJCMDJrRkxZb2F2UkkzNGkxUFJncy1FNnc1MHdvdDB0SnJKbGdETjRQZGJCR3hNZU16MGZzZG1wcFpvd192UE40QkVNam9nWFBNTElJRXRLSzdnS0hrQTlqUERPR0hVcHBVUUJIeFhaTGxIaWJsVnVtck0zUWk1bXV4TzlzRkg3NDVMZVJneFhRYW930gHMAUFVX3lxTE1yT2xBTHRZd1lRN25NaU9Ic3d6TjRnNUF2UUF2Rjc1b2VQN1RFTHlNZHZucjR2dzYyZ2d6Nm5CVnFXYjNmUTdsWjRjdFprbmJ1MGFZNzFoNDFvRmYyUXJwN1lfbUNGZi14Zk5nWld0Q3h6V19PbkdwMVJOOG9aRGthdlR3Q1g1NGdOUTU2WmFzMFZ1LVVXZ2RJZjdhdEd6ZDZ6YjRPMW95NnczaG54ZnRDRm55c2ZJZUFmY0NEZTNnaHhYTGlUY0dtQTNkbw
NTPC.NS,"Fri, 24 Jul 2026 07:00:00 GMT","Q1 results today: NTPC, SAIL, Bank of Baroda among 81 firms on July 24 - Business Standard",Business Standard,https://news.google.com/rss/articles/CBMi4wFBVV95cUxQVkR0NDllNWdsSWFjTWlNYUU1dkYxRzEyTjNoX0xuTjZpRmVBWW9ES05qMHR2TzFCRXFvRUcwRzlSdm1wdHVyNFBJOUxoWktBT1l4S0FFMEVFNVAwS3FaV0xOenVTYTVEYndWNS1fdXM0Ql84b25ZTnRkdkJvVDY4Wk1xU2hIYm1mVm9YMUtYWmlVVGp4X2ota0dMSEZReEhDSFpDVW9oS0hNR3dsUUlqSEgzd1hwSHJqVW1fTDRDUERpWmd3VzBiZUlIV0tZWXFFeGJSQzM4ZjJSUk50Yk5xaEVGY9IB6AFBVV95cUxQWGNiT2ZyQzhHVFgwT1p6X0tlbzEzTHlNSlVxdUlXc3pTN0NEN3RsWVZHelpjTEtmQVJDbXZFM0pzbUtSUW4tRHFBZVdBc29zVG1jUWt3U3Rzbjd0T1JMU05IbUR1UWktMWdvdTE4UXBaMkNkRXlReXBrTm5sdllYYWdKNGtRRFFvMm12OG42Zmc3WjhfUHNmOXZuU0taUmZiUGZQbEJUcGNWczZtUFRZNVM2aHZfTDlGQ2RNa3FRa1dnVG9oczZzVHpqb21uekJyYU0zZmZmc29pd19vdFVWUnRpMmtHckdw?oc=5,CBMi4wFBVV95cUxQVkR0NDllNWdsSWFjTWlNYUU1dkYxRzEyTjNoX0xuTjZpRmVBWW9ES05qMHR2TzFCRXFvRUcwRzlSdm1wdHVyNFBJOUxoWktBT1l4S0FFMEVFNVAwS3FaV0xOenVTYTVEYndWNS1fdXM0Ql84b25ZTnRkdkJvVDY4Wk1xU2hIYm1mVm9YMUtYWmlVVGp4X2ota0dMSEZReEhDSFpDVW9oS0hNR3dsUUlqSEgzd1hwSHJqVW1fTDRDUERpWmd3VzBiZUlIV0tZWXFFeGJSQzM4ZjJSUk50Yk5xaEVGY9IB6AFBVV95cUxQWGNiT2ZyQzhHVFgwT1p6X0tlbzEzTHlNSlVxdUlXc3pTN0NEN3RsWVZHelpjTEtmQVJDbXZFM0pzbUtSUW4tRHFBZVdBc29zVG1jUWt3U3Rzbjd0T1JMU05IbUR1UWktMWdvdTE4UXBaMkNkRXlReXBrTm5sdllYYWdKNGtRRFFvMm12OG42Zmc3WjhfUHNmOXZuU0taUmZiUGZQbEJUcGNWczZtUFRZNVM2aHZfTDlGQ2RNa3FRa1dnVG9oczZzVHpqb21uekJyYU0zZmZmc29pd19vdFVWUnRpMmtHckdw
NTPC.NS,"Fri, 24 Jul 2026 07:00:00 GMT","Q1 results 2026: NTPC, Tata Consumer, Bank of Baroda, REC, Hind Zinc, among 80+ companies to announce earnings today - Livemint",Livemint,https://news.google.com/rss/articles/CBMiiwJBVV95cUxNV1UzNzRScjdYUTFaZmVnN0RyS1ZqOGlqUVFqODJKM1RiRmluekt4YnU2cG5pdmROOGIwNDItRDdKdTNLZEc0TXgzRHRfQTFRdGNiaUwwR2JZZm04cU4yT0VCMUFHSTFiOWlrTFNUOTNTTGVWb1VXZVJrdmNPZkdqT3M1UUZsdGVMSWstV1E5c254dmYycGhjVWhwcHlhVUo5a0MyeGl3clhtUnFvUjlXTkZ0bWxiMmZQblZMRGJiTzI1U0JaZzJqUW43SVhMQm5lZG82dUdoLUZ6eFc1VnQzeDdsXzA4TDBDWlVRT1Y1d1dRdjZkVTFTSmc5cG41dzJlcnplSnh2RUVZWWPSAZACQVVfeXFMTkE0MTdtejk0YTFXUnlMaTRrSnV3QVRZU2RzY0lnWGpHa0xMUk1ScERzaXRnRGFEa2ZFNTV4X2dtbXJNVDdEbHRmMGkwcEVpdXNicmNLWWZLUEZ6U0Y5OXB4NzF4YjVWOWoyWFZDWE0yU0hYOFlycUxfaEZsYklIbXROdmJYaGtPTEhjN3BUcEoxaHVxaS10ZGM2empfUkVwRmJVaF9hY3JqWkpaOHBaNzkybkNITUZsQmRobmxVUmZQcU16SVFnOTMzY1BvUUY5bEpBamdQU2dBcDlBeEZBNlNtSDUzcUZWUUo1bXNDQTJBNDlhTEl4WVBOVUY3SHh1VEpvNjBDTURPN3lOcVF3Z1A?oc=5,CBMiiwJBVV95cUxNV1UzNzRScjdYUTFaZmVnN0RyS1ZqOGlqUVFqODJKM1RiRmluekt4YnU2cG5pdmROOGIwNDItRDdKdTNLZEc0TXgzRHRfQTFRdGNiaUwwR2JZZm04cU4yT0VCMUFHSTFiOWlrTFNUOTNTTGVWb1VXZVJrdmNPZkdqT3M1UUZsdGVMSWstV1E5c254dmYycGhjVWhwcHlhVUo5a0MyeGl3clhtUnFvUjlXTkZ0bWxiMmZQblZMRGJiTzI1U0JaZzJqUW43SVhMQm5lZG82dUdoLUZ6eFc1VnQzeDdsXzA4TDBDWlVRT1Y1d1dRdjZkVTFTSmc5cG41dzJlcnplSnh2RUVZWWPSAZACQVVfeXFMTkE0MTdtejk0YTFXUnlMaTRrSnV3QVRZU2RzY0lnWGpHa0xMUk1ScERzaXRnRGFEa2ZFNTV4X2dtbXJNVDdEbHRmMGkwcEVpdXNicmNLWWZLUEZ6U0Y5OXB4NzF4YjVWOWoyWFZDWE0yU0hYOFlycUxfaEZsYklIbXROdmJYaGtPTEhjN3BUcEoxaHVxaS10ZGM2empfUkVwRmJVaF9hY3JqWkpaOHBaNzkybkNITUZsQmRobmxVUmZQcU16SVFnOTMzY1BvUUY5bEpBamdQU2dBcDlBeEZBNlNtSDUzcUZWUUo1bXNDQTJBNDlhTEl4WVBOVUY3SHh1VEpvNjBDTURPN3lOcVF3Z1A
NTPC.NS,"Mon, 25 May 2026 07:00:00 GMT","Engineers India shares climb 5%; NTPC Green, NTPC drop up to 4%: Targets for three PSUs post Q4 results - Business Today",Business Today,https://news.google.com/rss/articles/CBMi-gFBVV95cUxQLXdfUFhaQWFFeDZVSVBpV2tSVVdHUjNiRVZwUWZabnpHcEtaeVdLbldsX1dRRk9MOUg3VTFtd2pHeE8tN2JIWml2VkxtZnUtZ096cXo0MmJYYURlX2JMbDE1bHNIcFV3b3hVUGIzdEljWnRrYXVmTVc3MFg0OWpocDdvZDhINUVMbGFtOEV1TlBXZlBDTGowcUpNT3FWV3JNMDU0Mnc0X21LN3RyWUFPUUpCbUZhWjFpVjJwT1RzVjItZnNDUzZiU3JsaWd2MlNMUGt3cFoyRWpXd19GbFFkRXVYZjMwYUEtTXF0VDRfVkV1MGduODB3WE1B0gH_AUFVX3lxTE9NVHhxZzY0QWp2YUdHR2FQQU8wTWs4Q29TckhsOG1va2NQLVhLd2s0LWJLYml3cVBYd2s0WXpxd0tXZ29mM2FRT2ZyWDdiU2tyVHlXdldvZEdtSk1URG5wb1psS0s5T1c3OHFJYUhWN1RsWmc4VF9lR0trWlA3S2tmcDB1N3RQbC16UlQ1X0IxcGI4WnVJblMwR050YUdQa19wOWhfWHpOLXpWdVkxWURDWHRZdW9vdTZRdWMxdVd1R1lZcU9ORUZKMXVmeDNYNmctanRqTmNpS01hSVJYem5RN29xc01zM2ptUm5GZ0FvaVdpRG1IR2Y5VXBJV2tLbw?oc=5,CBMi-gFBVV95cUxQLXdfUFhaQWFFeDZVSVBpV2tSVVdHUjNiRVZwUWZabnpHcEtaeVdLbldsX1dRRk9MOUg3VTFtd2pHeE8tN2JIWml2VkxtZnUtZ096cXo0MmJYYURlX2JMbDE1bHNIcFV3b3hVUGIzdEljWnRrYXVmTVc3MFg0OWpocDdvZDhINUVMbGFtOEV1TlBXZlBDTGowcUpNT3FWV3JNMDU0Mnc0X21LN3RyWUFPUUpCbUZhWjFpVjJwT1RzVjItZnNDUzZiU3JsaWd2MlNMUGt3cFoyRWpXd19GbFFkRXVYZjMwYUEtTXF0VDRfVkV1MGduODB3WE1B0gH_AUFVX3lxTE9NVHhxZzY0QWp2YUdHR2FQQU8wTWs4Q29TckhsOG1va2NQLVhLd2s0LWJLYml3cVBYd2s0WXpxd0tXZ29mM2FRT2ZyWDdiU2tyVHlXdldvZEdtSk1URG5wb1psS0s5T1c3OHFJYUhWN1RsWmc4VF9lR0trWlA3S2tmcDB1N3RQbC16UlQ1X0IxcGI4WnVJblMwR050YUdQa19wOWhfWHpOLXpWdVkxWURDWHRZdW9vdTZRdWMxdVd1R1lZcU9ORUZKMXVmeDNYNmctanRqTmNpS01hSVJYem5RN29xc01zM2ptUm5GZ0FvaVdpRG1IR2Y5VXBJV2tLbw
NTPC.NS,"Sat, 23 May 2026 07:00:00 GMT","Q4 results: NTPC, JK Cement, Reliance Infra, Divis Labs among 78 on May 23 - Business Standard",Business Standard,https://news.google.com/rss/articles/CBMi5wFBVV95cUxQZmNlVGVObWdhN0dySkZZNkh3ZG8yVVZhTmxYNWhsMldVTWtJX2RCbnRCaGFTU09qN055VzFyS2JuWWZSNmcxLXFLenVBdXEzVkNhakxIalA4eDctYXdoQnNxaFVwWGkwdkd1RGZ2R0xVcm9WQ3Vla2Q5SWc0OXg4dGgxZzl1dGFvcDVKTm5UdFRMUENiQjBXUUZMZmFrdXd1cV95TUNuT0NEcXhWWVpZME14NHB6encxS2hOU2RwUm90bEVPNGJWOXdyazBIVlNBMTl6bU1ybEZ0UXU2WV9XeGd1M3phbk3SAewBQVVfeXFMTzY1YXU3UnJ4VmdTMXVvbnpUYjBWQllUWnB5MXYzdjRSMy04YXZza3FyWDl0WWR1OVFlalRITFFhczZhZVZRV2NpT2xlckhoU3J6WUpiUTZMMV93Rlg1aUJBaFo3ckpDNGpqUXlzY0VQME5UaV96U2FVcUN3Z3puc3lIY3g1ai1LSFN1QUtkcW5hcWZIOUxuZFZwOTZHNXBUT0h5UWpaZk4zbW1VWXVRREFIWkF4Yi1FUmxtbTJzdHJDdzB3QnlIUFZPLWttRzIyOTJlT0huTzI2V3VHMENLVVBmOHd4QzRkbm9mMWs?oc=5,CBMi5wFBVV95cUxQZmNlVGVObWdhN0dySkZZNkh3ZG8yVVZhTmxYNWhsMldVTWtJX2RCbnRCaGFTU09qN055VzFyS2JuWWZSNmcxLXFLenVBdXEzVkNhakxIalA4eDctYXdoQnNxaFVwWGkwdkd1RGZ2R0xVcm9WQ3Vla2Q5SWc0OXg4dGgxZzl1dGFvcDVKTm5UdFRMUENiQjBXUUZMZmFrdXd1cV95TUNuT0NEcXhWWVpZME14NHB6encxS2hOU2RwUm90bEVPNGJWOXdyazBIVlNBMTl6bU1ybEZ0UXU2WV9XeGd1M3phbk3SAewBQVVfeXFMTzY1YXU3UnJ4VmdTMXVvbnpUYjBWQllUWnB5MXYzdjRSMy04YXZza3FyWDl0WWR1OVFlalRITFFhczZhZVZRV2NpT2xlckhoU3J6WUpiUTZMMV93Rlg1aUJBaFo3ckpDNGpqUXlzY0VQME5UaV96U2FVcUN3Z3puc3lIY3g1ai1LSFN1QUtkcW5hcWZIOUxuZFZwOTZHNXBUT0h5UWpaZk4zbW1VWXVRREFIWkF4Yi1FUmxtbTJzdHJDdzB3QnlIUFZPLWttRzIyOTJlT0huTzI2V3VHMENLVVBmOHd4QzRkbm9mMWs
NTPC.NS,"Mon, 06 Jul 2026 07:00:00 GMT","Suzlon, Waaree Energies, ACME Solar, NTPC Green: Share price targets, Q1 results preview - Business Today",Business Today,https://news.google.com/rss/articles/CBMi5gFBVV95cUxOb2J3UkxJTnBJc1haMUI4X2xGQ002YVlKTzRWNktFNENNSE1LX0tmOVpFdlVuTzllSGtEcGxpbXVDcWMyaDhkTThrQzBpb0drUnF5VFMyc201N3NCaFRIZmZGeGc3VUJwZ0dzZW0zWDFOZzl0TmlxR0JJQmpMZ1hoUnF4WW5VZnhCM1h0NWo0aGZQR19KRkNVRXZQQXl2TU93TWFDYlUzMnJRTnVwQ2VEVmVXR1JqdDJfTnFkdVlKUk9jeU1wRFh5RDF1MlFXdFN2R09kWnlUNS1mQmw2NGdzem1uR19Gd9IB6wFBVV95cUxOanZtdHlEbG1MNTVUZzhQVU1uQWhza1d1bktHX1FFR2ZmQkdBS21UQ0I0UjFhSzhiYTA1Zy1QNHBJSFJrNVZLXzBrV3lpRVFOV0d4enh1MFpyVk9VdkdCVXZiMmpkYk5PM3BZcV9sUG5DWWNnR1kybUlzcmlENGJsYTBnLUJ2Z3BGc25VQ1BlU2l4a1dlX2xuSWh3TmM3V1dsUWlLNFYxQ2xTbGJ1aEhESWg1YUJ3dTQydXg5YkRTdmdGczNmOU9jYXhEanpPdjBlQUgzUGpFU0lYMWk5Y3ZEdzRLclAxYmxfdmFV?oc=5,CBMi5gFBVV95cUxOb2J3UkxJTnBJc1haMUI4X2xGQ002YVlKTzRWNktFNENNSE1LX0tmOVpFdlVuTzllSGtEcGxpbXVDcWMyaDhkTThrQzBpb0drUnF5VFMyc201N3NCaFRIZmZGeGc3VUJwZ0dzZW0zWDFOZzl0TmlxR0JJQmpMZ1hoUnF4WW5VZnhCM1h0NWo0aGZQR19KRkNVRXZQQXl2TU93TWFDYlUzMnJRTnVwQ2VEVmVXR1JqdDJfTnFkdVlKUk9jeU1wRFh5RDF1MlFXdFN2R09kWnlUNS1mQmw2NGdzem1uR19Gd9IB6wFBVV95cUxOanZtdHlEbG1MNTVUZzhQVU1uQWhza1d1bktHX1FFR2ZmQkdBS21UQ0I0UjFhSzhiYTA1Zy1QNHBJSFJrNVZLXzBrV3lpRVFOV0d4enh1MFpyVk9VdkdCVXZiMmpkYk5PM3BZcV9sUG5DWWNnR1kybUlzcmlENGJsYTBnLUJ2Z3BGc25VQ1BlU2l4a1dlX2xuSWh3TmM3V1dsUWlLNFYxQ2xTbGJ1aEhESWg1YUJ3dTQydXg5YkRTdmdGczNmOU9jYXhEanpPdjBlQUgzUGpFU0lYMWk5Y3ZEdzRLclAxYmxfdmFV
NTPC.NS,"Wed, 22 Jul 2026 07:00:00 GMT","Q1 results: Eternal, Nestle India, BPCL, Adani Power among 63 firms today - Business Standard",Business Standard,https://news.google.com/rss/articles/CBMi5gFBVV95cUxQREdqUGtHa29HTXdQaHJZQUowc1dKTUdwWnpIc0REV2FlMWhqOUJaSUpaWDdBcjRQU1ktRVl6MjJ6Z3NJbEd4a3VZZW1CREJpMXJ5cVM4SktaMTR6aUhUU3QtYVhYcmt4bWFfVlI0Q18zSm5fc2JDaTFFWmo2Zk1JbnFkWDhoS2liZ3Z1NmRwTFdpZ0hTV2UtNU5QQzlXa0V1b2dJTTJBNThzMjVQMnVGRnJRQmhQZnROdmt6RFhJQzlaYjVDa2dHX3RENVdIMHJGNGNST0ZQN0x0djFVdjlMeWluSTYzQdIB6wFBVV95cUxNXzNIU0R0UUd4eWZyTnZnVFJYd2Z2dXk1UkQtZHUyc0liQVhIblBfemZaSEZyNVROdXJzT1dzVWw4WUxxVUU0ejBQRzVUOHd2ekVHLVNLWktTaHlxbkpXcjNNUDJsWjMyUHhIMnVVWnVtY0JMdFEwMUVfM01vZ1ltNnRDd1Z6c0NZdjBxSlZYcVZSMkp2WnpPOEJqUFdsODVEVWlXcVdkOWJwdUlYeFNaRTlFR3R4Q2txaGVqX0VNVWRWZFZTNm9TYjQ4TWh3YTZwdXV4a3praFA0TjhSV0paX1VIZTNvXzNnR2hR?oc=5,CBMi5gFBVV95cUxQREdqUGtHa29HTXdQaHJZQUowc1dKTUdwWnpIc0REV2FlMWhqOUJaSUpaWDdBcjRQU1ktRVl6MjJ6Z3NJbEd4a3VZZW1CREJpMXJ5cVM4SktaMTR6aUhUU3QtYVhYcmt4bWFfVlI0Q18zSm5fc2JDaTFFWmo2Zk1JbnFkWDhoS2liZ3Z1NmRwTFdpZ0hTV2UtNU5QQzlXa0V1b2dJTTJBNThzMjVQMnVGRnJRQmhQZnROdmt6RFhJQzlaYjVDa2dHX3RENVdIMHJGNGNST0ZQN0x0djFVdjlMeWluSTYzQdIB6wFBVV95cUxNXzNIU0R0UUd4eWZyTnZnVFJYd2Z2dXk1UkQtZHUyc0liQVhIblBfemZaSEZyNVROdXJzT1dzVWw4WUxxVUU0ejBQRzVUOHd2ekVHLVNLWktTaHlxbkpXcjNNUDJsWjMyUHhIMnVVWnVtY0JMdFEwMUVfM01vZ1ltNnRDd1Z6c0NZdjBxSlZYcVZSMkp2WnpPOEJqUFdsODVEVWlXcVdkOWJwdUlYeFNaRTlFR3R4Q2txaGVqX0VNVWRWZFZTNm9TYjQ4TWh3YTZwdXV4a3praFA0TjhSV0paX1VIZTNvXzNnR2hR
NTPC.NS,"Fri, 22 May 2026 07:00:00 GMT","Q4 Results Highlights: Sun Pharma, Shilpa Medicar, Info Edge, Eicher Motors profit up, Hindalco, Torrent Pharma, Colgate profit down - BusinessLine",BusinessLine,https://news.google.com/rss/articles/CBMi3wJBVV95cUxOWHltLUNLUy0wWURENWh6ZkM5Ui1lNTlqUGNNdFZMNkVfVVE1WjNpZGQyTTFScFZUWGVlZ2lkVEdFaEJpOGVjcXlHZzZEbEdDYjc4dExEWU1iUThVSDNjSUc5VjFOdUpuSFN1MTR6bGRxbDRjMUFqOV81c0REbDlVMGRDWGFSbkJWR3lIWW5fanFiemFCcmI3X0thZ0JfVDMwazZJcXQ0UVdOeDZqSGlqRlpTYlV2Wm5ZdjJZNU44MUx1Zm5FdTBKVGlBcmQ4U28yQXJoUDhyM2dZVzcxYk1rWkpQOGJCdDZJMXA3Zjkyb1dhVUQxRUxNZUQ5YlRTeTN4SG1WWnU2bXRmY056aWs1SEVNN3MtbThzeFQzSld0X19GZUhQRmR6YlBzV2xtV3RDd2NKS3JrblkxbGFsbnRSakN4V2xEQTh6TmdZRHJzbjktdGhJSmNveXl0cENrRGvSAeYCQVVfeXFMTnFBTlppektsOXlTbDE3MjhiLWlIa3hKMEZ0N1lneXZ3N2Z5T25HSnJBeG9XaGxzUlZDMjN3ak5Eb0llM0lZLW52NTBmaFlEdjVPTkhQWmVWVkZhU19sU29lMG4ydFNfbU9wbkdobVZjbHdNNkgzLWhfVWVxWTJzcFBraWRsaG5kbTFxZGV3c2JZaGZRTkxidko4WWJ0TVZzdnQ1Qk9HZXdSWW1jdmtBaFYwUVNfT1hNSmtqRmgzejFzMDU4Q0phWEdsOTR6RFZTQ0xDVnZDWVlBb2JsZmpTVFhIeHFQR2RaNGxkTk96RkdkM0NoeVVnWXFDTGVkWDBTcXF2T285b3hFZ2dTWkJrX3g2MGF5Tno5dTlpbF9zU1VWclRqdF96SEhVVFFnOC1ac0NRUHlpNUFsUTFwQXp6V1VPQUQxYWw1amlxSnRUNl9vVXIybDZCbXJGQW1Gc1IxR2gybExfQQ?oc=5,CBMi3wJBVV95cUxOWHltLUNLUy0wWURENWh6ZkM5Ui1lNTlqUGNNdFZMNkVfVVE1WjNpZGQyTTFScFZUWGVlZ2lkVEdFaEJpOGVjcXlHZzZEbEdDYjc4dExEWU1iUThVSDNjSUc5VjFOdUpuSFN1MTR6bGRxbDRjMUFqOV81c0REbDlVMGRDWGFSbkJWR3lIWW5fanFiemFCcmI3X0thZ0JfVDMwazZJcXQ0UVdOeDZqSGlqRlpTYlV2Wm5ZdjJZNU44MUx1Zm5FdTBKVGlBcmQ4U28yQXJoUDhyM2dZVzcxYk1rWkpQOGJCdDZJMXA3Zjkyb1dhVUQxRUxNZUQ5YlRTeTN4SG1WWnU2bXRmY056aWs1SEVNN3MtbThzeFQzSld0X19GZUhQRmR6YlBzV2xtV3RDd2NKS3JrblkxbGFsbnRSakN4V2xEQTh6TmdZRHJzbjktdGhJSmNveXl0cENrRGvSAeYCQVVfeXFMTnFBTlppektsOXlTbDE3MjhiLWlIa3hKMEZ0N1lneXZ3N2Z5T25HSnJBeG9XaGxzUlZDMjN3ak5Eb0llM0lZLW52NTBmaFlEdjVPTkhQWmVWVkZhU19sU29lMG4ydFNfbU9wbkdobVZjbHdNNkgzLWhfVWVxWTJzcFBraWRsaG5kbTFxZGV3c2JZaGZRTkxidko4WWJ0TVZzdnQ1Qk9HZXdSWW1jdmtBaFYwUVNfT1hNSmtqRmgzejFzMDU4Q0phWEdsOTR6RFZTQ0xDVnZDWVlBb2JsZmpTVFhIeHFQR2RaNGxkTk96RkdkM0NoeVVnWXFDTGVkWDBTcXF2T285b3hFZ2dTWkJrX3g2MGF5Tno5dTlpbF9zU1VWclRqdF96SEhVVFFnOC1ac0NRUHlpNUFsUTFwQXp6V1VPQUQxYWw1amlxSnRUNl9vVXIybDZCbXJGQW1Gc1IxR2gybExfQQ
NTPC.NS,"Tue, 28 Jul 2026 07:00:00 GMT","L&T Q1 results: Profit beats estimates, jumps 14% on higher income - Business Standard",Business Standard,https://news.google.com/rss/articles/CBMi6wFBVV95cUxQcTM2V3ZCOVNwR3NIczJ1VVVuTDdVaVpTMmpaZWVmRE5SOUxLRVl2WTRtbGZPTGpoTHl5SmFtNTZHOU9GX2RPRmRhdWthdTJ0OGVYZXkwNVRaOUxMbUh3XzE2ZENUTEpTU2tjeHY4cVE2LWhlVkxwQy1aVzE0Ymd5TEhLRUcwcFUzbFpvQXpCbGgzOExEZGFlVXo3dXNCdVdTZU9XaUpkSE5nODFvSEE1M2R0ekM5UWlLMUZsMU1UUWg1UmxXQ1lGaW1zV01wWkgwWU9fRE53VXU5TXNFY1ZJelRQVDVPLUliWVhB0gHwAUFVX3lxTE1JeWI5UDBNclZLam9TNzIzWUdibENhbUlsOXFJUUNCMWh5N2gxZnp2VnpXdzZ2YzFpLWFHYzlsaC1ZSm4wZUFoLVZYYkZ4NnR5QkdCRUtqamtSaXZGWE00TzIwaVN4aVFncUNQeE9KbXJCU0pQZm1zRTdrcF9mQndxcXpEYWp0N3lHSC1BQUpSZ1lWak0xN1o5Mk42WGpWNGRyOEVQYjI4d1lyYVp4U1RQWjVDTTNVeV8tejhmQzl4dUNrNTRJcHFOei1PNENjVjVqTmo0endWWkZxeEdjOVhjZzFFb20tb243SFVnNjhwWA?oc=5,CBMi6wFBVV95cUxQcTM2V3ZCOVNwR3NIczJ1VVVuTDdVaVpTMmpaZWVmRE5SOUxLRVl2WTRtbGZPTGpoTHl5SmFtNTZHOU9GX2RPRmRhdWthdTJ0OGVYZXkwNVRaOUxMbUh3XzE2ZENUTEpTU2tjeHY4cVE2LWhlVkxwQy1aVzE0Ymd5TEhLRUcwcFUzbFpvQXpCbGgzOExEZGFlVXo3dXNCdVdTZU9XaUpkSE5nODFvSEE1M2R0ekM5UWlLMUZsMU1UUWg1UmxXQ1lGaW1zV01wWkgwWU9fRE53VXU5TXNFY1ZJelRQVDVPLUliWVhB0gHwAUFVX3lxTE1JeWI5UDBNclZLam9TNzIzWUdibENhbUlsOXFJUUNCMWh5N2gxZnp2VnpXdzZ2YzFpLWFHYzlsaC1ZSm4wZUFoLVZYYkZ4NnR5QkdCRUtqamtSaXZGWE00TzIwaVN4aVFncUNQeE9KbXJCU0pQZm1zRTdrcF9mQndxcXpEYWp0N3lHSC1BQUpSZ1lWak0xN1o5Mk42WGpWNGRyOEVQYjI4d1lyYVp4U1RQWjVDTTNVeV8tejhmQzl4dUNrNTRJcHFOei1PNENjVjVqTmo0endWWkZxeEdjOVhjZzFFb20tb243SFVnNjhwWA
NTPC.NS,"Sat, 25 Jul 2026 07:00:00 GMT","Q1 results: IDFC First Bank, Zen Tech, Birla Corp, and 22 more on July 25 - Business Standard",Business Standard,https://news.google.com/rss/articles/CBMi5gFBVV95cUxQYXZyMUZmcnllaUVobkdFQ2dOdkt4dFp3bzFDc2FqVGR5cTZQZFlNdDZXcndia2lMamdTS1pxbFpleFgwZ2w0RUlRNlU4VGZQVzktSVBfRXNHSVNoSC1OWGxqRlNBRFN0SVhKRDVHNFd5NEFxRHQ0ME42eUpfVmFXU1FMMFV4eE5WOE54UUkxbXhaRkJYUjQ0TVpNVXo4dnZyRERZYWdtZjVTdkRlYWdweFpxbE5nbUc1X1NUbWhDNDRLaS1QbVBSa0szbnJCVC1CSktiUGVSNUNHSDN5R2Y1eGQtNThtd9IB6wFBVV95cUxQbHdnUVA0Qno2eTRjbVVNRnNkeVdVWVBlUzhFTzZqTUsxczhCd3VnOXJNZ1A3UTRRdmVtTGY3OTh4UFBfRlZIQ2RKbDQ5N2RUT3RXZDBweERYMHE3eTRIRkF2N1hEUUstNC1ESU45QVB2YkFHN0hSYU13SV9NT0I4OGtrNTFHa1BLUkN2dnl5Wnc0S1FCdUJiVVhJZFVQekhyS0ZlcEVWbXcwaVpKc2Q5OUo1MF91VzVHd2czVkJGMXJ3UFNoOWVacnJOTEU2OHVpWE5mNWFldkFaQXVtSnNQUDhUOFh1ZGdldmdr?oc=5,CBMi5gFBVV95cUxQYXZyMUZmcnllaUVobkdFQ2dOdkt4dFp3bzFDc2FqVGR5cTZQZFlNdDZXcndia2lMamdTS1pxbFpleFgwZ2w0RUlRNlU4VGZQVzktSVBfRXNHSVNoSC1OWGxqRlNBRFN0SVhKRDVHNFd5NEFxRHQ0ME42eUpfVmFXU1FMMFV4eE5WOE54UUkxbXhaRkJYUjQ0TVpNVXo4dnZyRERZYWdtZjVTdkRlYWdweFpxbE5nbUc1X1NUbWhDNDRLaS1QbVBSa0szbnJCVC1CSktiUGVSNUNHSDN5R2Y1eGQtNThtd9IB6wFBVV95cUxQbHdnUVA0Qno2eTRjbVVNRnNkeVdVWVBlUzhFTzZqTUsxczhCd3VnOXJNZ1A3UTRRdmVtTGY3OTh4UFBfRlZIQ2RKbDQ5N2RUT3RXZDBweERYMHE3eTRIRkF2N1hEUUstNC1ESU45QVB2YkFHN0hSYU13SV9NT0I4OGtrNTFHa1BLUkN2dnl5Wnc0S1FCdUJiVVhJZFVQekhyS0ZlcEVWbXcwaVpKc2Q5OUo1MF91VzVHd2czVkJGMXJ3UFNoOWVacnJOTEU2OHVpWE5mNWFldkFaQXVtSnNQUDhUOFh1ZGdldmdr
NTPC.NS,"Fri, 30 Jan 2026 08:00:00 GMT","Q3 results: Nestle India, NTPC, SAIL, Ambuja Cements, 153 others on Jan 30 - Business Standard",Business Standard,https://news.google.com/rss/articles/CBMi5gFBVV95cUxPbGUzbFVMOG9fWVB1b1J2S0M1cEtZbU13UjFxTmVRbWRneWYzSllIODhJVy1VbU56OFltSy11dlRaYWFlMnlvLWNfQUZQUXpjUGxWVnkyeHA0M3VBbXdleTl1cXBMZ3BhR2t0dUcybDlxVmoxcVA5QjA1NHFCajFXX1p4Mmk2WmI5OEpyYTlZdERTSGUwTF9TLXdqV1hwZWdQLUhRWXpCcGVUdWwwUXJ2WVFVc1NnX2o3Z2ZIYnI1MkFFRlVmVFVaRWktNl9oVVVNQnYwSTJDclBVZHdfaG9ZZkxMWnpfd9IB6wFBVV95cUxNZWhMN1h2UFdBNDJ6enFYQnBfZlpsN0dTZ3ZUS1l5Y3lDclh6VlhoSmZydHktTTV1RUtUS0ZaMU5WZi1aeDhfcGhhZXNyb3EtUHZIclVUOHVSR1QtWXBERGtaRXFjQUVpRHgtaUVmd3pkUVZwV2VwaVBwemVpUXZHeFdHTG9MRkpZaU0zNGgxNDQ5QTk1a0ctZHpwMHZDNnRDUkd2d3Q1NDUxUl9FcXRlRlBnNjZVZUZ0YVpnX0tyOU80UnMtWWVmb3I0SjdiWVZlcFhQZWl2S2I1UWlEci1GbnIxWGpaLXQ1SEpF?oc=5,CBMi5gFBVV95cUxPbGUzbFVMOG9fWVB1b1J2S0M1cEtZbU13UjFxTmVRbWRneWYzSllIODhJVy1VbU56OFltSy11dlRaYWFlMnlvLWNfQUZQUXpjUGxWVnkyeHA0M3VBbXdleTl1cXBMZ3BhR2t0dUcybDlxVmoxcVA5QjA1NHFCajFXX1p4Mmk2WmI5OEpyYTlZdERTSGUwTF9TLXdqV1hwZWdQLUhRWXpCcGVUdWwwUXJ2WVFVc1NnX2o3Z2ZIYnI1MkFFRlVmVFVaRWktNl9oVVVNQnYwSTJDclBVZHdfaG9ZZkxMWnpfd9IB6wFBVV95cUxNZWhMN1h2UFdBNDJ6enFYQnBfZlpsN0dTZ3ZUS1l5Y3lDclh6VlhoSmZydHktTTV1RUtUS0ZaMU5WZi1aeDhfcGhhZXNyb3EtUHZIclVUOHVSR1QtWXBERGtaRXFjQUVpRHgtaUVmd3pkUVZwV2VwaVBwemVpUXZHeFdHTG9MRkpZaU0zNGgxNDQ5QTk1a0ctZHpwMHZDNnRDUkd2d3Q1NDUxUl9FcXRlRlBnNjZVZUZ0YVpnX0tyOU80UnMtWWVmb3I0SjdiWVZlcFhQZWl2S2I1UWlEci1GbnIxWGpaLXQ1SEpF
POWERGRID.NS,"Thu, 06 Aug 2026 07:00:00 GMT",Power Grid posts steady Q1 results as transmission business lifts revenue - CNBC TV18,CNBC TV18,https://news.google.com/rss/articles/CBMixgFBVV95cUxQdmstWFY2TlJJaDA4UHpxS0xFUUcyQXk3TldUWmpTSmlEQ2hsb2dwX2RLTktoUGhLUThtekV5V0xMUjVEam1xVnZicWh1RGRIUEZQcm5wcXNqanRmUDA0elhoOW55OXRpWWxPNzlmNFZOQXY1clhtVnlsbl9LRWR1T2RpNzRoMjRRVVlxZHBkdGtuLWJXT2pvU2w4aDVqOEhrcDBtQkVXamV4eUxsaDFVeEhXdnZ1LW1SazVXQmRuNmpaUWxld0HSAcsBQVVfeXFMTy16bGhRUjRxTzQwODkxSXhxR0hCX3V2WjE4RWZNZEptdTM2S0hZMHFEQV93cGxtbHhJTW9ubUJFdFU5VHRfeFNtRTBwbmZybWdHT3h4dmY5emV3LS1MbVBvcmhUUjNoSmQwR1JIakJ5RFZYRmZuMldNNW9lbVYxbTkzazZWV1dzUUplVFB0RTJDMDdiQmNHRm93Z0FienBvZVBTZnU3dmpNblNJV2JhcFNCeGdSbGhESGI4Y3RkWDdvQnliaVpKUmxYVXc?oc=5,CBMixgFBVV95cUxQdmstWFY2TlJJaDA4UHpxS0xFUUcyQXk3TldUWmpTSmlEQ2hsb2dwX2RLTktoUGhLUThtekV5V0xMUjVEam1xVnZicWh1RGRIUEZQcm5wcXNqanRmUDA0elhoOW55OXRpWWxPNzlmNFZOQXY1clhtVnlsbl9LRWR1T2RpNzRoMjRRVVlxZHBkdGtuLWJXT2pvU2w4aDVqOEhrcDBtQkVXamV4eUxsaDFVeEhXdnZ1LW1SazVXQmRuNmpaUWxld0HSAcsBQVVfeXFMTy16bGhRUjRxTzQwODkxSXhxR0hCX3V2WjE4RWZNZEptdTM2S0hZMHFEQV93cGxtbHhJTW9ubUJFdFU5VHRfeFNtRTBwbmZybWdHT3h4dmY5emV3LS1MbVBvcmhUUjNoSmQwR1JIakJ5RFZYRmZuMldNNW9lbVYxbTkzazZWV1dzUUplVFB0RTJDMDdiQmNHRm93Z0FienBvZVBTZnU3dmpNblNJV2JhcFNCeGdSbGhESGI4Y3RkWDdvQnliaVpKUmxYVXc
POWERGRID.NS,"Thu, 06 Aug 2026 07:00:00 GMT","Power Grid Q1 result: Profit slips marginally to ₹3,598 crore; income rises - Business Standard",Business Standard,https://news.google.com/rss/articles/CBMi6gFBVV95cUxOUU95eTNCTGlJellqVlFSc0tfbWpibE1zaDRpOEJJTW1aN0V3VTE2ZV9BMFRRU3UwNmp2dDYtOFFLVFh4YWZxdDd1bWhXdzFqRVlQd1BLWmtRUjRhOC03b2tJS290LWs1R3labEFpb1g3cWZXY0w5Z29qTlhWRjEzcTFjQnRkQjZqQzdLNzVndHBqcnNxOERoRUI5MXNVZWx2dUgwOExTSUdVdWx4RHVieXVnbnZaSUVnRXoteGJWR0tHMWE1cFhXSUpGSjRGRmNSRlZ0Sml4dFlNVFI2QV8zenJTbFBkaDVyYUHSAe8BQVVfeXFMTnJZd2ExellBUmQxc3NXRHFBQ1prUHdGa1g1QTd2SlVHSmotR2xpSzBDZWxJODU0OGlPbXctUXJxYTZOY3YxTmpaYjEtVUhfcS1zOFd4VG82T3FwejBOa1dsVUo5U0NUTHpQRXFLMExRVDlFekI0ek1uSzNEWDZQUERDV1BHUTRlWU03WmlNLXBpbzhDUGNGcHlRWmJqbHFnbmN3R2ZwR19DZnpPMTdrdEZNdlA4b0J5TVdGczV5Uk04QWdhTU1MckZwcEFwV1NJLTdMZ3NNZ2pFLWxyT1R3eVhHNFNEX2ptbXIwcEhlM3M?oc=5,CBMi6gFBVV95cUxOUU95eTNCTGlJellqVlFSc0tfbWpibE1zaDRpOEJJTW1aN0V3VTE2ZV9BMFRRU3UwNmp2dDYtOFFLVFh4YWZxdDd1bWhXdzFqRVlQd1BLWmtRUjRhOC03b2tJS290LWs1R3labEFpb1g3cWZXY0w5Z29qTlhWRjEzcTFjQnRkQjZqQzdLNzVndHBqcnNxOERoRUI5MXNVZWx2dUgwOExTSUdVdWx4RHVieXVnbnZaSUVnRXoteGJWR0tHMWE1cFhXSUpGSjRGRmNSRlZ0Sml4dFlNVFI2QV8zenJTbFBkaDVyYUHSAe8BQVVfeXFMTnJZd2ExellBUmQxc3NXRHFBQ1prUHdGa1g1QTd2SlVHSmotR2xpSzBDZWxJODU0OGlPbXctUXJxYTZOY3YxTmpaYjEtVUhfcS1zOFd4VG82T3FwejBOa1dsVUo5U0NUTHpQRXFLMExRVDlFekI0ek1uSzNEWDZQUERDV1BHUTRlWU03WmlNLXBpbzhDUGNGcHlRWmJqbHFnbmN3R2ZwR19DZnpPMTdrdEZNdlA4b0J5TVdGczV5Uk04QWdhTU1MckZwcEFwV1NJLTdMZ3NNZ2pFLWxyT1R3eVhHNFNEX2ptbXIwcEhlM3M
POWERGRID.NS,"Sat, 23 May 2026 07:00:00 GMT",Power Grid Corporation of India's (NSE:POWERGRID) Earnings Offer More Than Meets The Eye - Simply Wall Street,Simply Wall Street,https://news.google.com/rss/articles/CBMi8gFBVV95cUxNcXdyU2VmZXBiM0xEYk85dFdYRDhwRmJfcXdIbFNwZnRHS0VLWU9vUW55MG1oZW9jc3hDa2xkSmdNODdnU2VIYURzeURZWTJxRlZlMmd0LXdYN3kzYnl0a25vTXNuY1JkeUlfMVpZR2VsRUpfRXkwWXQ5cjNhT3NLb3gtS0NhdlZ3cTkyMHF5OEhBMm1SWjVfWFdHODRvdlloZWtIWEdxSzlub2k2U1hTc3FzbUhGRWpwcmRnZ2JTTndMNUtuX21CSUdrVUtnY3V4eF9tdGZ6ejdaeFQzV0M3MERUZnhqQTJiV3lkcTdpSHc1d9IB9wFBVV95cUxPbkJwX2VTeTlQSXNGYlgwZUVzUTJEdl9RZmxVUXpBMmhGcklCTWloVmZxcXRvNVpwcVgxbzZINXFfem1JUHFVSnBKcW1kcWd5Qm9CNjloMVY2V2RIUDFWaTVqMjhxM1g5MF90TUp5LVQ3NFpRTkk4b3hnd1dPc1lianNrU25NdHFGWmREWDJkNkRSMUxLalNjekZubEhvX0pGVTZZNEN0WmE0c1lyR2hrcHV2OS1nbXAtdmYtNHAwZVl4djFHbkFqMVRKdHF5cTJmSjBOQWVxNHUzaVNyLS11SmZxZnlZMDhoSTNCdm1ybEhUb2E3OFFF?oc=5,CBMi8gFBVV95cUxNcXdyU2VmZXBiM0xEYk85dFdYRDhwRmJfcXdIbFNwZnRHS0VLWU9vUW55MG1oZW9jc3hDa2xkSmdNODdnU2VIYURzeURZWTJxRlZlMmd0LXdYN3kzYnl0a25vTXNuY1JkeUlfMVpZR2VsRUpfRXkwWXQ5cjNhT3NLb3gtS0NhdlZ3cTkyMHF5OEhBMm1SWjVfWFdHODRvdlloZWtIWEdxSzlub2k2U1hTc3FzbUhGRWpwcmRnZ2JTTndMNUtuX21CSUdrVUtnY3V4eF9tdGZ6ejdaeFQzV0M3MERUZnhqQTJiV3lkcTdpSHc1d9IB9wFBVV95cUxPbkJwX2VTeTlQSXNGYlgwZUVzUTJEdl9RZmxVUXpBMmhGcklCTWloVmZxcXRvNVpwcVgxbzZINXFfem1JUHFVSnBKcW1kcWd5Qm9CNjloMVY2V2RIUDFWaTVqMjhxM1g5MF90TUp5LVQ3NFpRTkk4b3hnd1dPc1lianNrU25NdHFGWmREWDJkNkRSMUxLalNjekZubEhvX0pGVTZZNEN0WmE0c1lyR2hrcHV2OS1nbXAtdmYtNHAwZVl4djFHbkFqMVRKdHF5cTJmSjBOQWVxNHUzaVNyLS11SmZxZnlZMDhoSTNCdm1ybEhUb2E3OFFF
POWERGRID.NS,"Wed, 05 Aug 2026 07:00:00 GMT","Power Grid Q1 Results Today: Time, Earnings Call, Dividend, What To Watch, Share Price - NDTV Profit",NDTV Profit,https://news.google.com/rss/articles/CBMi1wFBVV95cUxPRUpkWkE0ZlVUWjBGb1VjWWhWdEY0enZRLWlLTU8wUGVocEdKQlBXYW1Ra2I1MGJmZkZHRmp5OUZ0T2c4akJTSDBJbElqS01QbTRCUlZ4UmwyNU5hOGNlT0RZdVNVMlU1VkRYV29CamZldXdjbW5PR2Z2MjdyRVAtLXJmQ1RIdC1xRWthbnZSaXcxNGpJU3B3aWpfWUhPUUNBSTJ5SURDaEhZYklCdmtPUnBWOW5kS1dybm11Z29MZm9YODRTV3FKRXpZZnJUdklERnh1aTZSd9IB3wFBVV95cUxQR3RBa29YbDBpYktHOXBhdXJ6V1daVFE3czN4cTFkVVllMnNodTNuYmlRZVBaMG1RMjJNMnE1dW9OWkczQkNTNmRzRHZwaFpYSk9Iei1ndERicEsyRFhIZUE5bUlGdnJucmthWTJWc1JVVXg1OF9BQ3hKUVRRUTdvb3ZpT3JTWV9LcjNHWENXQW10WjBnRzBnVUhSNzIyUm5JeEpIZWZXSTFoYnhibEJIVkxXcFV2WDNZc0k0T1pRTmhpSy1WUVBTaFZLYkw1Zm9yT2RLQ2NwWGpJbUZoYVVn?oc=5,CBMi1wFBVV95cUxPRUpkWkE0ZlVUWjBGb1VjWWhWdEY0enZRLWlLTU8wUGVocEdKQlBXYW1Ra2I1MGJmZkZHRmp5OUZ0T2c4akJTSDBJbElqS01QbTRCUlZ4UmwyNU5hOGNlT0RZdVNVMlU1VkRYV29CamZldXdjbW5PR2Z2MjdyRVAtLXJmQ1RIdC1xRWthbnZSaXcxNGpJU3B3aWpfWUhPUUNBSTJ5SURDaEhZYklCdmtPUnBWOW5kS1dybm11Z29MZm9YODRTV3FKRXpZZnJUdklERnh1aTZSd9IB3wFBVV95cUxQR3RBa29YbDBpYktHOXBhdXJ6V1daVFE3czN4cTFkVVllMnNodTNuYmlRZVBaMG1RMjJNMnE1dW9OWkczQkNTNmRzRHZwaFpYSk9Iei1ndERicEsyRFhIZUE5bUlGdnJucmthWTJWc1JVVXg1OF9BQ3hKUVRRUTdvb3ZpT3JTWV9LcjNHWENXQW10WjBnRzBnVUhSNzIyUm5JeEpIZWZXSTFoYnhibEJIVkxXcFV2WDNZc0k0T1pRTmhpSy1WUVBTaFZLYkw1Zm9yT2RLQ2NwWGpJbUZoYVVn
POWERGRID.NS,"Fri, 07 Aug 2026 07:00:00 GMT",Power Grid releases Q1FY27 results webinar recording for investors - scanx.trade,scanx.trade,https://news.google.com/rss/articles/CBMiuAFBVV95cUxNaFlCMEpHS3llQnN2MUN3QXFpY1hfbXdndG5VZHNWMUJxZmNuM2U4YXc2SmgzdVQ3UE9HZHN5RnBnUmRnaExSNG1hZEM4RjE0TGo3MkVGSzZMeGtUU1NxS2hsOENzQVZhMlB2NHM2N200aFJTcEYtWHVJbnl5MmJ0TE1YNHRNSnUzNmJKX3BhbFZ0bUY5YUk3T3piNTVpXzBaUVU3X2Ita2FwbmRqcVR5d3lOSmNpQlhf?oc=5,CBMiuAFBVV95cUxNaFlCMEpHS3llQnN2MUN3QXFpY1hfbXdndG5VZHNWMUJxZmNuM2U4YXc2SmgzdVQ3UE9HZHN5RnBnUmRnaExSNG1hZEM4RjE0TGo3MkVGSzZMeGtUU1NxS2hsOENzQVZhMlB2NHM2N200aFJTcEYtWHVJbnl5MmJ0TE1YNHRNSnUzNmJKX3BhbFZ0bUY5YUk3T3piNTVpXzBaUVU3X2Ita2FwbmRqcVR5d3lOSmNpQlhf
POWERGRID.NS,"Mon, 03 Aug 2026 07:00:00 GMT",NTPC Green Energy vs Power Grid Corporation of India: Comparison - Univest,Univest,https://news.google.com/rss/articles/CBMikgFBVV95cUxQRUFKWTZTbUZNX1VaNWQ1RWdlS1N5Z3phRXZ5aTNMckpwOHZ4SS01ZWJ6TnJDVDl3RVU2bjFUa0FzWVB5TmRzZkZ2VDROb2FfRVFVNUNZY1RBWTRsUlJxaDZwMS1ycm5WUkI1aFZHSUdqRElMVllEdE9UX01wV09VZEVRLUhfUTI4bTlmRlFlWWpXdw?oc=5,CBMikgFBVV95cUxQRUFKWTZTbUZNX1VaNWQ1RWdlS1N5Z3phRXZ5aTNMckpwOHZ4SS01ZWJ6TnJDVDl3RVU2bjFUa0FzWVB5TmRzZkZ2VDROb2FfRVFVNUNZY1RBWTRsUlJxaDZwMS1ycm5WUkI1aFZHSUdqRElMVllEdE9UX01wV09VZEVRLUhfUTI4bTlmRlFlWWpXdw
POWERGRID.NS,"Wed, 05 Aug 2026 07:00:00 GMT",Q1 results 2026: Power Grid to PB Fintech among companies to declare Q1 results today; full list here - Livemint,Livemint,https://news.google.com/rss/articles/CBMi_gFBVV95cUxNcWNmUWNjcm1Kd1g4Y2hPUDRvWmZlZ1Z5dGkzd04yeFM3VkYtVlZSZmliMTZMd0lBRW9jQkFYeXRjOVY0WmZXM1hEQUQxTy1xR19JYXM2cnN3SW1xWEcyaUhnQUkzc2FvOFBYcWRBUU9oc3h3Qlo3QXpWR0V6TGVfR21FTXpVZ2FyT0VRZi13aGhvcGJWMlVGQXZKN1AtV19WMTJwbE8yRFp6NGt4QUhkcnpWa2U3MV82X2VtTk5nWlB2djBjOFF2VmpvWkhGZmc3TXNkU0J5Ri1qdkJvZ3lzOHJCSjdOeHVzVEJYbk5UN0ZNN0FOSE1fT1hFT1JOZ9IBgwJBVV95cUxPSldJcU1jSjdMdmIwdU5GZFlYTkUzdV8xVHBaNS13bWMxMlROTTFqckFhbDQ3VGxucmkwekYzNnJxcXRnRWFXdjhsNmxoeG5XSEo4UmFiNDVYN0Rqc0twNmtGdXc2VWNSWDUtbXJjTFpQbHVPbXdyR2lzVmhKRXpDZmpkdE5IWEVaNUtCaE5WYUNjNG9pNlE5akJkVnMwZkRDNVNYU3pjYllBQjI2czhNZkE3a2plZl9QR015WURvRWtFd280UTlZd0x2eXRxWGI2bTJ1bHpReU02ZTFqZFdJUHRFSHM2Q0N0eEZraHBxejhFYUV6UHJFZkM4NlVYRENJVWdB?oc=5,CBMi_gFBVV95cUxNcWNmUWNjcm1Kd1g4Y2hPUDRvWmZlZ1Z5dGkzd04yeFM3VkYtVlZSZmliMTZMd0lBRW9jQkFYeXRjOVY0WmZXM1hEQUQxTy1xR19JYXM2cnN3SW1xWEcyaUhnQUkzc2FvOFBYcWRBUU9oc3h3Qlo3QXpWR0V6TGVfR21FTXpVZ2FyT0VRZi13aGhvcGJWMlVGQXZKN1AtV19WMTJwbE8yRFp6NGt4QUhkcnpWa2U3MV82X2VtTk5nWlB2djBjOFF2VmpvWkhGZmc3TXNkU0J5Ri1qdkJvZ3lzOHJCSjdOeHVzVEJYbk5UN0ZNN0FOSE1fT1hFT1JOZ9IBgwJBVV95cUxPSldJcU1jSjdMdmIwdU5GZFlYTkUzdV8xVHBaNS13bWMxMlROTTFqckFhbDQ3VGxucmkwekYzNnJxcXRnRWFXdjhsNmxoeG5XSEo4UmFiNDVYN0Rqc0twNmtGdXc2VWNSWDUtbXJjTFpQbHVPbXdyR2lzVmhKRXpDZmpkdE5IWEVaNUtCaE5WYUNjNG9pNlE5akJkVnMwZkRDNVNYU3pjYllBQjI2czhNZkE3a2plZl9QR015WURvRWtFd280UTlZd0x2eXRxWGI2bTJ1bHpReU02ZTFqZFdJUHRFSHM2Q0N0eEZraHBxejhFYUV6UHJFZkM4NlVYRENJVWdB
POWERGRID.NS,"Fri, 15 May 2026 07:00:00 GMT","Power Grid, Tata Steel, Solar Industries among major companies set to announce Q4 results today - Moneycontrol.com",Moneycontrol.com,https://news.google.com/rss/articles/CBMi8AFBVV95cUxOeVJEdWZnODRvWWZ2cjdqSmxDTWwwX2E4S3VrWGtiWGdaUXl1cjExbEpsOVc5eTRycHlQUkY5eVhzRWRKMFY2Zi0tWHBmYlc3b290MEc0SjN4UkljUjNleEZDS1Y5TDIyY0F3ZGtNTDlacW5fRWJ0c0NzUmstUTZlOF9LVi1VX3Y5YXZXTGVJRGxnUVhLOHhFUUpiSzBKalJDa2NtekQxa2ZQWVVQM29SYXozaFZvUnVvaWtzcHpWUmtaV3E0Ny1zYWY4UGZNR3NVQUJqbkNjVUFUczlxdlpFdUdiaWFIc1BCNUJRQk9FcmTSAfYBQVVfeXFMTmR1d0FNeXRqU2VnbkVoYVNBNkdIbV9FMEZhQ0xaSTZaVmVKSHNjczJlZDNiRVNGTFNCbmFSN3NpRmRpUTczakxhZ21zdXM3NXJPYlNzbmpKTXd6Y0gtSVR4el9mR3Bob0FZVUZoSmhUbUEtRXZpN0FIdnZPc2pTLWJHQUl4dkR4bnFKa3ZXVHRXb3AydkNPbURVWkgzbGhJX2ZSRW1BQzVfWUFIRk42blZkQ1ZiTzExR09wQVdyaDk1MkdxdF9ra1pDN181cnFDRXdPM0pLQm83VXVaUzR0Qjk1bjFqOWI1a3l0V2xvZGo5YmRXS3pB?oc=5,CBMi8AFBVV95cUxOeVJEdWZnODRvWWZ2cjdqSmxDTWwwX2E4S3VrWGtiWGdaUXl1cjExbEpsOVc5eTRycHlQUkY5eVhzRWRKMFY2Zi0tWHBmYlc3b290MEc0SjN4UkljUjNleEZDS1Y5TDIyY0F3ZGtNTDlacW5fRWJ0c0NzUmstUTZlOF9LVi1VX3Y5YXZXTGVJRGxnUVhLOHhFUUpiSzBKalJDa2NtekQxa2ZQWVVQM29SYXozaFZvUnVvaWtzcHpWUmtaV3E0Ny1zYWY4UGZNR3NVQUJqbkNjVUFUczlxdlpFdUdiaWFIc1BCNUJRQk9FcmTSAfYBQVVfeXFMTmR1d0FNeXRqU2VnbkVoYVNBNkdIbV9FMEZhQ0xaSTZaVmVKSHNjczJlZDNiRVNGTFNCbmFSN3NpRmRpUTczakxhZ21zdXM3NXJPYlNzbmpKTXd6Y0gtSVR4el9mR3Bob0FZVUZoSmhUbUEtRXZpN0FIdnZPc2pTLWJHQUl4dkR4bnFKa3ZXVHRXb3AydkNPbURVWkgzbGhJX2ZSRW1BQzVfWUFIRk42blZkQ1ZiTzExR09wQVdyaDk1MkdxdF9ra1pDN181cnFDRXdPM0pLQm83VXVaUzR0Qjk1bjFqOWI1a3l0V2xvZGo5YmRXS3pB
POWERGRID.NS,"Wed, 05 Aug 2026 07:00:00 GMT","Q1 Results: Power Grid, Cummins India, Aurobindo Pharma, PB Fintech, Biocon, Berger Paints, Bikaji Foods, others to post earnings on August 5 - Upstox",Upstox,https://news.google.com/rss/articles/CBMinwJBVV95cUxPWUVMY3lDMU1henEycmpGM1ROLUpiTHgwMDlFZHMzOHZWOGo4NVl1R2lHV3kyUlBrVTFlcmM4WU1OVlBsb090YlliNHRwd0p0eERSZmVuTXNqeGlELTlkcmdpNnhjZGdUOVVYWFU0RlZXT1M1TW9fTm42R25lb3dYTEFRWlhMbG5FdUdsQ1BaZUtGbTBNWDVRZnVaR0loSTVfNlJhTXpVS2JjY2oyVTRwSUhQQ1ZtbThqYzY0Nk16VkRpUEdaOXhuRmVpS0xlbDZDVVpvSFg4N2Q1TF9JT3BGYmpzY211c2FJSmNLZ2RNanA0dmRycXZLUExKNnc3SGt0ODhQVWN1ZURwZVA0Yk1DZzBINnRiMHlPZ1Z1S3g0MA?oc=5,CBMinwJBVV95cUxPWUVMY3lDMU1henEycmpGM1ROLUpiTHgwMDlFZHMzOHZWOGo4NVl1R2lHV3kyUlBrVTFlcmM4WU1OVlBsb090YlliNHRwd0p0eERSZmVuTXNqeGlELTlkcmdpNnhjZGdUOVVYWFU0RlZXT1M1TW9fTm42R25lb3dYTEFRWlhMbG5FdUdsQ1BaZUtGbTBNWDVRZnVaR0loSTVfNlJhTXpVS2JjY2oyVTRwSUhQQ1ZtbThqYzY0Nk16VkRpUEdaOXhuRmVpS0xlbDZDVVpvSFg4N2Q1TF9JT3BGYmpzY211c2FJSmNLZ2RNanA0dmRycXZLUExKNnc3SGt0ODhQVWN1ZURwZVA0Yk1DZzBINnRiMHlPZ1Z1S3g0MA
POWERGRID.NS,"Fri, 21 Aug 2026 07:00:00 GMT",Power Grid Corporation (NSE:POWERGRID) Dividend Stocks Update: Business Trends and Key Factors - Kalkine India,Kalkine India,https://news.google.com/rss/articles/CBMi1gFBVV95cUxPLTNuSVQwTUZMODR3ell2dlJjVlgtcjZTRnYzNzNHenNxNk15Q2RNeW1iNG9zUDE3TDRkTzA5YXdRMXJzTG1oU1E5TlhycDl6bTBqWkdvY0N6WFVwNE15eTdwYmJPeEtFNGd5ZzVQZURDUEdVamxWcUtKNmFIZU5hVkFOMzZ2V1RpTm1tbkVyZ1pneEdHbzNKLXgzVXN3NkRFeDJmX0Z6SlpOZVRKY01jU1plV0NlNUtyVVRyeDV5NTVkZzJhd3BQZTVhY3Z0Rm16cUUxQ1lR?oc=5,CBMi1gFBVV95cUxPLTNuSVQwTUZMODR3ell2dlJjVlgtcjZTRnYzNzNHenNxNk15Q2RNeW1iNG9zUDE3TDRkTzA5YXdRMXJzTG1oU1E5TlhycDl6bTBqWkdvY0N6WFVwNE15eTdwYmJPeEtFNGd5ZzVQZURDUEdVamxWcUtKNmFIZU5hVkFOMzZ2V1RpTm1tbkVyZ1pneEdHbzNKLXgzVXN3NkRFeDJmX0Z6SlpOZVRKY01jU1plV0NlNUtyVVRyeDV5NTVkZzJhd3BQZTVhY3Z0Rm16cUUxQ1lR
POWERGRID.NS,"Sat, 16 May 2026 07:00:00 GMT","Power Grid Q4 FY26 results: Net profit rises 10% to ₹4,546 crore - Business Standard",Business Standard,https://news.google.com/rss/articles/CBMizgFBVV95cUxOTWNvRkVERWhFNDEwTHMtWGxLQ0tsYy1NcWdxMVpnTmNwRmVHZ2hMWU14c1NHQTFIemI4ZW9HYXcxQWFCeTBqMTJlYlNaQUtOZ2lLaEVqSUpCaVAxRF9HR3FoVEtucDlpNnZ2VnhOZTR4dTB5Um5FN2ExTGFRS09mYTc1ZG52YmtyMERxWlprNF9kYV9kWXRkMHhOSC1oSWhBb0NkWkoxMGNjcVIxa1F3SjU3cG53emtLX0FSU3FPVExsc3BEOGI4VlZXa1lSZ9IB0wFBVV95cUxOazBvRWhsdlYxWC12aGFWTG1QdjZNYnltQ282dC0wOG5ac2lzVUdUWnJINC0zQ2xfXy0zQ3UwbXk4ZHI2eEdBb3dIamFXNllXU051c0ZCcnRRN0ZqRndwbC11VjFGWjFkSGp1T1RuVGk5ZnBnVkI5S0pNb3YzLUVRTFR0RG85UGs1bDJma01xcnZrMHpvREVKcDlYRUxfODctTHBOZjdqeWpaeGlhNzhzcXpCbFNZUzhaTW4tcE5mOFlKVjRDX0wxR08yZGpTVTk2Rjln?oc=5,CBMizgFBVV95cUxOTWNvRkVERWhFNDEwTHMtWGxLQ0tsYy1NcWdxMVpnTmNwRmVHZ2hMWU14c1NHQTFIemI4ZW9HYXcxQWFCeTBqMTJlYlNaQUtOZ2lLaEVqSUpCaVAxRF9HR3FoVEtucDlpNnZ2VnhOZTR4dTB5Um5FN2ExTGFRS09mYTc1ZG52YmtyMERxWlprNF9kYV9kWXRkMHhOSC1oSWhBb0NkWkoxMGNjcVIxa1F3SjU3cG53emtLX0FSU3FPVExsc3BEOGI4VlZXa1lSZ9IB0wFBVV95cUxOazBvRWhsdlYxWC12aGFWTG1QdjZNYnltQ282dC0wOG5ac2lzVUdUWnJINC0zQ2xfXy0zQ3UwbXk4ZHI2eEdBb3dIamFXNllXU051c0ZCcnRRN0ZqRndwbC11VjFGWjFkSGp1T1RuVGk5ZnBnVkI5S0pNb3YzLUVRTFR0RG85UGs1bDJma01xcnZrMHpvREVKcDlYRUxfODctTHBOZjdqeWpaeGlhNzhzcXpCbFNZUzhaTW4tcE5mOFlKVjRDX0wxR08yZGpTVTk2Rjln
POWERGRID.NS,"Wed, 04 Feb 2026 08:00:00 GMT",Power Grid Corporation of India Limited Just Recorded A 5.9% Revenue Beat: Here's What Analysts Think - Simply Wall Street,Simply Wall Street,https://news.google.com/rss/articles/CBMi8gFBVV95cUxOdy1qU3lGWm1ERjNmc3lqaW9tSzE3VWM4NmxTN003VDlET01yN3VEdlVhenJYZllkd0h3cElvajNYV1JrTUFxVnp3N0FUUXFSdTZORHhxNUdyZnMyelhjNk8zWl9LaHYtNW9kTEM2aXozZnF5MTlaaWdyZkVQZFYzMmt5WG1JQlJXTmlTSWR0Tlp3c19hemVSV241UjVfdFNERkJCbFFXQkRMNzFReHNUU0wycENFcEJsdEJEWkNfTkZQcU0wdUQyeU9MWk1YTHhqaXQyZm9uZ1UwdlFVZ3pDM0dWVW5qUjlxYmV5bWpvSGRUUdIB9wFBVV95cUxPYkw4TTY5eldMbVZYNmVZWE9ZZkxoUjh3ejUtS1NJN1REeTlYRzJ6cVZkUDR1RnJlNm9tYWVTLUtvR0ZxWlpGX2xYVVJUb2dvNWFXWVVudjU3S0s2a0VjcDNIQlhIQW9YYWlma01oU1JtaVVfR293NWNQYnJkZlRvR296ZU00SUc1SkRLYVJFaHV2VkktWTI1WmpwZjlRVE5kMlVBS0hxZUhmNmdiR0dieThydjNnXzk1ZGVJY1k3NlUxelFUZDdlM25laXB0QWpBdjRFVFFMRVZRcDMwZGNIREtpV3FXYndLbnFJNmt6Ql96YXhCZGtj?oc=5,CBMi8gFBVV95cUxOdy1qU3lGWm1ERjNmc3lqaW9tSzE3VWM4NmxTN003VDlET01yN3VEdlVhenJYZllkd0h3cElvajNYV1JrTUFxVnp3N0FUUXFSdTZORHhxNUdyZnMyelhjNk8zWl9LaHYtNW9kTEM2aXozZnF5MTlaaWdyZkVQZFYzMmt5WG1JQlJXTmlTSWR0Tlp3c19hemVSV241UjVfdFNERkJCbFFXQkRMNzFReHNUU0wycENFcEJsdEJEWkNfTkZQcU0wdUQyeU9MWk1YTHhqaXQyZm9uZ1UwdlFVZ3pDM0dWVW5qUjlxYmV5bWpvSGRUUdIB9wFBVV95cUxPYkw4TTY5eldMbVZYNmVZWE9ZZkxoUjh3ejUtS1NJN1REeTlYRzJ6cVZkUDR1RnJlNm9tYWVTLUtvR0ZxWlpGX2xYVVJUb2dvNWFXWVVudjU3S0s2a0VjcDNIQlhIQW9YYWlma01oU1JtaVVfR293NWNQYnJkZlRvR296ZU00SUc1SkRLYVJFaHV2VkktWTI1WmpwZjlRVE5kMlVBS0hxZUhmNmdiR0dieThydjNnXzk1ZGVJY1k3NlUxelFUZDdlM25laXB0QWpBdjRFVFFMRVZRcDMwZGNIREtpV3FXYndLbnFJNmt6Ql96YXhCZGtj
TATASTEEL.NS,"Fri, 15 May 2026 07:00:00 GMT","Tata Steel Q4 results: Profit more than doubles to Rs 2,965 crore; India operations drive growth despite - The Times of India",The Times of India,https://news.google.com/rss/articles/CBMirAJBVV95cUxQSDY2aGMxaWVGOUdOcWY0bnpGckJjT2J5dUJyZzlJRkJYNEhxOEFvUEVrTzZXUDB3QW1hUTNIN2VVbVc4a0oxcEE5M1RYUHM1akxzTnMzdkJBTWZzdUxDTk0xa0wxRl9US1VWdERMaXZVNl9UVEFOeEowMVA2Y2tRQ0U1cWVxMEl2WG9GMWx5S0tjRDRSMXJaSFVrcC1WSUw5QS1CTmF6SGlVZXlyX1pQOXlzeHBLeUplaTh1ZzJhb0lLYk45ZUVtN1VUZlBYZ0NxVnY0RWxIVzNlZHFIVW9RUXQ2MjNYcXpMSDRUZFVzZUR3eUhYdTlHOGEyc1VPVmhCUXppLV8ycEdGeFU0VVN4LUgxc2VDUzRHbV9Fb0pNeFJGNnZ2a19GZ3FubVHSAbICQVVfeXFMUGdqUi1qbnRmMHVzZG9qRkhjMXVWUXNLMUZsQ0J5dFI0eEdWcFZFTnpwUUQyOWJIWFZvdUVMeC1SSEJ1UERmMHBkX244NGRqeVZIVnVtMHV3bkM1MzY1dy0wRzlZVVFUVU5ZRElqXzBXTm9rdkF4OThkc21FUUxvM2tOTG40SHVEbE9FdktXblE0QjR2dDgzZW5BOXFYTjF0U09GcUZMZy1xMzlCeWRCZkZDTjlYNmtGTWxYN2lYVDE4emtMc0taQUM1SjYzZXNxVkVJdWZMMW5yelRIZGRyMUNwOVd0a3ZSRUVKV1lfa0VBMUszSVp1RzFwRnhobEc1Z2l4M0dKZUI2ZWlDMWFxdzZTZU1kdjVoblZVVWxfc00wejNJYnZ4QlNQbjY0TE1PdWl3?oc=5,CBMirAJBVV95cUxQSDY2aGMxaWVGOUdOcWY0bnpGckJjT2J5dUJyZzlJRkJYNEhxOEFvUEVrTzZXUDB3QW1hUTNIN2VVbVc4a0oxcEE5M1RYUHM1akxzTnMzdkJBTWZzdUxDTk0xa0wxRl9US1VWdERMaXZVNl9UVEFOeEowMVA2Y2tRQ0U1cWVxMEl2WG9GMWx5S0tjRDRSMXJaSFVrcC1WSUw5QS1CTmF6SGlVZXlyX1pQOXlzeHBLeUplaTh1ZzJhb0lLYk45ZUVtN1VUZlBYZ0NxVnY0RWxIVzNlZHFIVW9RUXQ2MjNYcXpMSDRUZFVzZUR3eUhYdTlHOGEyc1VPVmhCUXppLV8ycEdGeFU0VVN4LUgxc2VDUzRHbV9Fb0pNeFJGNnZ2a19GZ3FubVHSAbICQVVfeXFMUGdqUi1qbnRmMHVzZG9qRkhjMXVWUXNLMUZsQ0J5dFI0eEdWcFZFTnpwUUQyOWJIWFZvdUVMeC1SSEJ1UERmMHBkX244NGRqeVZIVnVtMHV3bkM1MzY1dy0wRzlZVVFUVU5ZRElqXzBXTm9rdkF4OThkc21FUUxvM2tOTG40SHVEbE9FdktXblE0QjR2dDgzZW5BOXFYTjF0U09GcUZMZy1xMzlCeWRCZkZDTjlYNmtGTWxYN2lYVDE4emtMc0taQUM1SjYzZXNxVkVJdWZMMW5yelRIZGRyMUNwOVd0a3ZSRUVKV1lfa0VBMUszSVp1RzFwRnhobEc1Z2l4M0dKZUI2ZWlDMWFxdzZTZU1kdjVoblZVVWxfc00wejNJYnZ4QlNQbjY0TE1PdWl3
TATASTEEL.NS,"Fri, 15 May 2026 07:00:00 GMT","Tata Steel Q4 results: Net profit rises 125% to Rs 2,926 crore, misses estimates; firm declares Rs 4... - Moneycontrol.com",Moneycontrol.com,https://news.google.com/rss/articles/CBMihgJBVV95cUxOVmRLR0NtX2wyemtBR1Fza2U0MjBYVmowVTVybXdka2ltUjRIczhZRmkwUExMR1ZxNWNqY2NxeHB2SndEUWthcnUwZTN2RkZvR0NJTzlkMGNRUm85WldfSEZWd2JYZnp6UzdBcm9yVUVTTDZ1dE9qT21oMlpQemxROXFkNEdJbkdSUC1acTFtSTRZMG5Gb19jc2pLMFotbjc4bFJXLXlEY2pCeS1USWlqYVFuNko5MlYwaUVLVVA3MnRPbmtodWNYOEtUWXM1Ri1pZUhhQWxBNzZ3V1FmaXpoU0pNOGxNMjJmZkZGMnhEZjdCaGgxLXRGT1VrYXFxN3pjWG5IdS130gGLAkFVX3lxTE13ZVB0XzY1QmNwcVJBa01CY0tlTnpweVZJdnIza3ctMWVWZ01qWnkzWTdKQk5RRUpNYjF3dEpkRzJldXRwYXFHaVBldDFRVnFTcWVfR2J3b3QzVVhGS1NZVmFKU0RNdlpHZ1dfbVZYNXUtZTVqTVNuSzJhYWxPUHg1QkR5MTlPTlh6ZjJPMkdYYVl0ZGhTbGdhMWpKSTAyWWVaSHZpdWRlV293cGUyVDhvUFF1MzdjejdsUmtGQmJLT2M3Z1B6VUE3VTd5a1Jtd1JJSUhNb25fX2d0d241ZWVGR2ZhUGN3QXBDeGdaZXFrNzRKRlR4ejB2QnByY2ZjUGl4elZ1cFZCSGQ0WQ?oc=5,CBMihgJBVV95cUxOVmRLR0NtX2wyemtBR1Fza2U0MjBYVmowVTVybXdka2ltUjRIczhZRmkwUExMR1ZxNWNqY2NxeHB2SndEUWthcnUwZTN2RkZvR0NJTzlkMGNRUm85WldfSEZWd2JYZnp6UzdBcm9yVUVTTDZ1dE9qT21oMlpQemxROXFkNEdJbkdSUC1acTFtSTRZMG5Gb19jc2pLMFotbjc4bFJXLXlEY2pCeS1USWlqYVFuNko5MlYwaUVLVVA3MnRPbmtodWNYOEtUWXM1Ri1pZUhhQWxBNzZ3V1FmaXpoU0pNOGxNMjJmZkZGMnhEZjdCaGgxLXRGT1VrYXFxN3pjWG5IdS130gGLAkFVX3lxTE13ZVB0XzY1QmNwcVJBa01CY0tlTnpweVZJdnIza3ctMWVWZ01qWnkzWTdKQk5RRUpNYjF3dEpkRzJldXRwYXFHaVBldDFRVnFTcWVfR2J3b3QzVVhGS1NZVmFKU0RNdlpHZ1dfbVZYNXUtZTVqTVNuSzJhYWxPUHg1QkR5MTlPTlh6ZjJPMkdYYVl0ZGhTbGdhMWpKSTAyWWVaSHZpdWRlV293cGUyVDhvUFF1MzdjejdsUmtGQmJLT2M3Z1B6VUE3VTd5a1Jtd1JJSUhNb25fX2d0d241ZWVGR2ZhUGN3QXBDeGdaZXFrNzRKRlR4ejB2QnByY2ZjUGl4elZ1cFZCSGQ0WQ
TATASTEEL.NS,"Fri, 15 May 2026 07:00:00 GMT","Tata Steel Q4 Results: Cons PAT soars 147% YoY to Rs 2,965 crore, revenue jumps 13% - The Economic Times",The Economic Times,https://news.google.com/rss/articles/CBMi7AFBVV95cUxOUW0wYmxRWllsTHBwZDdrcjh3d2ZxZmc0TkZtc05zOW8zS3MzZXlZU0JBMXJ2SVBKTVVCdUEyREd6VVNjcVh2Y1E4X21ucWxDdjhJUDRXUE9RMUVMMXptWUhmandPNXZ3cm1sMXJHX3prTDFYeGZhcFBHQmRTSWVwckJlN2M5bW1saTRSbnI3UVNtSnJpRTJtbWFrWjdnbXdTWFdkUjB3Q2FlTDBxNUI0SkpVTE5uY2hiZERSZ2xqeVNjcjBDaVJfSExnbmxwZm9fczJfS0RfZE10ZWJoVHZPSzdhdC1yaVdrcEVxVdIB8gFBVV95cUxPdG85MEpiUVpBbVNxYlhJc1NNWTQ3MkhqRHNBY2pjdEJYU2FUTk5hMy1IYnE3RGsxQTNvcnBWaXlXLW1OYmVVRHBSRXNEM1c2RS02cUJSQllGZFUxNG9mT1lGa09iQUl4R0ZZZi1lcnJXLTFOdzl5T1ZKLXdXV0RUTlEzcndxbWs0cXJnYjc4Uk5YbkFJRjNWV1dIOWVNbmZJc0ZZZTJySnRKbzBXVFlyRVV4LU05eWhaRmI0MTFYT21HWW1sUllxRzdzakR0ai1WdmZ1RGIzNGZULWZxaTVqclBWTUJLcUsyaWNzeHJjWWNyUQ?oc=5,CBMi7AFBVV95cUxOUW0wYmxRWllsTHBwZDdrcjh3d2ZxZmc0TkZtc05zOW8zS3MzZXlZU0JBMXJ2SVBKTVVCdUEyREd6VVNjcVh2Y1E4X21ucWxDdjhJUDRXUE9RMUVMMXptWUhmandPNXZ3cm1sMXJHX3prTDFYeGZhcFBHQmRTSWVwckJlN2M5bW1saTRSbnI3UVNtSnJpRTJtbWFrWjdnbXdTWFdkUjB3Q2FlTDBxNUI0SkpVTE5uY2hiZERSZ2xqeVNjcjBDaVJfSExnbmxwZm9fczJfS0RfZE10ZWJoVHZPSzdhdC1yaVdrcEVxVdIB8gFBVV95cUxPdG85MEpiUVpBbVNxYlhJc1NNWTQ3MkhqRHNBY2pjdEJYU2FUTk5hMy1IYnE3RGsxQTNvcnBWaXlXLW1OYmVVRHBSRXNEM1c2RS02cUJSQllGZFUxNG9mT1lGa09iQUl4R0ZZZi1lcnJXLTFOdzl5T1ZKLXdXV0RUTlEzcndxbWs0cXJnYjc4Uk5YbkFJRjNWV1dIOWVNbmZJc0ZZZTJySnRKbzBXVFlyRVV4LU05eWhaRmI0MTFYT21HWW1sUllxRzdzakR0ai1WdmZ1RGIzNGZULWZxaTVqclBWTUJLcUsyaWNzeHJjWWNyUQ
TATASTEEL.NS,"Fri, 31 Jul 2026 07:00:00 GMT",Tata Steel warns of softer India margins in Q2 as Europe business returns to profit - CNBC TV18,CNBC TV18,https://news.google.com/rss/articles/CBMi7AFBVV95cUxOQ2FzV3J2dzlWSkFxUzBXOHk2UHNLamtYeXVxMVR5cWRPN2ZEQXJUamRxVVpJcjY5MVdEdnlRWmtJMXJjUjYwVnFpcTY0QktadFItV1BPdVVGeHRMdUtHb2Zrc2Nta3JNcGJUVlZVWkNQQ2gwVXBkN3lXX05INExIb0N0Wlk1RmxUWW1mbXBmekZ0ZnJEcC14bTlRVm1TZ1ZHaGppT1R2WDZLeUpBSEtfdHpSMHN6blBxT0VYdmE2QzVXQWRLSmN1am9MQWdJVl9UWnNXeVpUbWpKWXEwTjBXU1Fnb2lQR0UtRE5vOdIB8gFBVV95cUxONGU1LWZGclprVS1qTG5YM1JfVkpsTUFIaTBMM2xQVTk4czE5V0pMTDJRWWxxc1NSQlR1aFZNY004MTBqUGMxYkc5ZTJGZFdCRjRob1JrbTZYazRrQWF6WTFNWC1ibDZBbEVkZ2I0NUc3VVBodW00MEx1TVJyX3VYYUhMUzFwNkt4MVEzcUl4VjFMZldKX3hRX1N6UFdHcE9kUHhmS3NOSkplaElfUGptR3ZoOE1DcUFIMTZqWkJkc00wdDdEY3p6M2g0ODFMcmN4bDQ1SlFUMU8wODcwTzFTcndxN29wQW5qcTcyRHlmLW5QUQ?oc=5,CBMi7AFBVV95cUxOQ2FzV3J2dzlWSkFxUzBXOHk2UHNLamtYeXVxMVR5cWRPN2ZEQXJUamRxVVpJcjY5MVdEdnlRWmtJMXJjUjYwVnFpcTY0QktadFItV1BPdVVGeHRMdUtHb2Zrc2Nta3JNcGJUVlZVWkNQQ2gwVXBkN3lXX05INExIb0N0Wlk1RmxUWW1mbXBmekZ0ZnJEcC14bTlRVm1TZ1ZHaGppT1R2WDZLeUpBSEtfdHpSMHN6blBxT0VYdmE2QzVXQWRLSmN1am9MQWdJVl9UWnNXeVpUbWpKWXEwTjBXU1Fnb2lQR0UtRE5vOdIB8gFBVV95cUxONGU1LWZGclprVS1qTG5YM1JfVkpsTUFIaTBMM2xQVTk4czE5V0pMTDJRWWxxc1NSQlR1aFZNY004MTBqUGMxYkc5ZTJGZFdCRjRob1JrbTZYazRrQWF6WTFNWC1ibDZBbEVkZ2I0NUc3VVBodW00MEx1TVJyX3VYYUhMUzFwNkt4MVEzcUl4VjFMZldKX3hRX1N6UFdHcE9kUHhmS3NOSkplaElfUGptR3ZoOE1DcUFIMTZqWkJkc00wdDdEY3p6M2g0ODFMcmN4bDQ1SlFUMU8wODcwTzFTcndxN29wQW5qcTcyRHlmLW5QUQ
TATASTEEL.NS,"Thu, 30 Jul 2026 07:00:00 GMT","Tata Steel’s Q1 profit rises 12%, misses estimates on Europe woes - Livemint",Livemint,https://news.google.com/rss/articles/CBMiugFBVV95cUxNOGY2allOMGFPWUtyRk81SmVtRGpGZlRYeTQ1VjZucUdKU3lwcFI4OGZlbVowSHhFbnVZTGRJZEMwNk9NNGJVMnAtNHBXa3NvX25mdDRnSHNaWjVTNE5TMVUzRUhPWTJvaFlUNVZEQzI1Yy0zQ1VBeG1jck42cWY5X0w2bjlKSkhpNV83dXVpaVpvd3dwcktFUG13VENEQWFuR1hpMl84dzM1YXVHRGRmVE5OWndIbl9XVkHSAb8BQVVfeXFMUFV1amJOOTNjZG1pRFpmaUxxSnA4SXJnYXFXUEdnWlFqZ0ZzZzE1R0RmYXhRRGFWLW5ybWxmNkg4Zzc3VE90SXBNM3RXX0pUZWR2ZVByLXlzM1JKYXdFZl9lWHFaYThNVElRX0RHemcxM25LT1drbEtab2dRS0MzcmY4cGNzTUxlS284em9sd21XTVp5TUZTY0RwVVhVR3djU1A5S09PTHAyWEREV0xtRXkzS2luZHRpMVRRQXhhcGc?oc=5,CBMiugFBVV95cUxNOGY2allOMGFPWUtyRk81SmVtRGpGZlRYeTQ1VjZucUdKU3lwcFI4OGZlbVowSHhFbnVZTGRJZEMwNk9NNGJVMnAtNHBXa3NvX25mdDRnSHNaWjVTNE5TMVUzRUhPWTJvaFlUNVZEQzI1Yy0zQ1VBeG1jck42cWY5X0w2bjlKSkhpNV83dXVpaVpvd3dwcktFUG13VENEQWFuR1hpMl84dzM1YXVHRGRmVE5OWndIbl9XVkHSAb8BQVVfeXFMUFV1amJOOTNjZG1pRFpmaUxxSnA4SXJnYXFXUEdnWlFqZ0ZzZzE1R0RmYXhRRGFWLW5ybWxmNkg4Zzc3VE90SXBNM3RXX0pUZWR2ZVByLXlzM1JKYXdFZl9lWHFaYThNVElRX0RHemcxM25LT1drbEtab2dRS0MzcmY4cGNzTUxlS284em9sd21XTVp5TUZTY0RwVVhVR3djU1A5S09PTHAyWEREV0xtRXkzS2luZHRpMVRRQXhhcGc
TATASTEEL.NS,"Thu, 09 Jul 2026 07:00:00 GMT",Tata Steel Share Price in Focus: Q1 India Output Up 11.3 Percent - Univest,Univest,https://news.google.com/rss/articles/CBMihgFBVV95cUxOVDgxcURMTUEwZURnT1Fvb1llNzFNUElaZjZHQ0pfNjJuUTRvZTZ2T3dQUTBBU1hhT3ljWU1LR3A4dGJnODVJWURINWdfQmpsOHhCVkxIUlVYUmhzYWlrQjJwVm9GUEFJTko4NFZQdEFMT1BUMHF4X2NRXzZ5TVpZdmVmWWItQQ?oc=5,CBMihgFBVV95cUxOVDgxcURMTUEwZURnT1Fvb1llNzFNUElaZjZHQ0pfNjJuUTRvZTZ2T3dQUTBBU1hhT3ljWU1LR3A4dGJnODVJWURINWdfQmpsOHhCVkxIUlVYUmhzYWlrQjJwVm9GUEFJTko4NFZQdEFMT1BUMHF4X2NRXzZ5TVpZdmVmWWItQQ
TATASTEEL.NS,"Mon, 18 May 2026 07:00:00 GMT","Tata Steel FY26 results out, strong EBITDA growth recorded - Manufacturing Today India",Manufacturing Today India,https://news.google.com/rss/articles/CBMidkFVX3lxTE5KaHZ6SDluZENpdDZvS3FhdENVdUY1dzFtQzhHM2E3OU1DNWs5TjUwMFdDOW9jbW1HV3NGZ3RVRjhldTd1M3BXSWpwdE1BUUd2cGdhNm5lU2ZkWTFWM1c5ZGd5a1pWX2gzNFB6RGlaQnJ3R0dGbHc?oc=5,CBMidkFVX3lxTE5KaHZ6SDluZENpdDZvS3FhdENVdUY1dzFtQzhHM2E3OU1DNWs5TjUwMFdDOW9jbW1HV3NGZ3RVRjhldTd1M3BXSWpwdE1BUUd2cGdhNm5lU2ZkWTFWM1c5ZGd5a1pWX2gzNFB6RGlaQnJ3R0dGbHc
TATASTEEL.NS,"Wed, 08 Jul 2026 07:00:00 GMT","Vedanta, Tata Steel, Hindalco, HZL: Q1 earnings preview as shares rise up to 68% in a year - Business Today",Business Today,https://news.google.com/rss/articles/CBMi7wFBVV95cUxOR1lBRFl5UXZhemZZWjd3c1B6NWhvaElwSUw1UVY1RnRsT3JTNnZVenZ5RDVvYzdFb1VMRWpxaXREc2FEd2NUeXdncnZ5M2l0LXJZV2FIalRTdWhwdWN6NC1TbjVuRVFScFNkczBDVTl5RDZfa0lUTno0WXgxTUtHOWlkdEpqdkkyY01QNGttMEFYZm1JTTZjenVac0hJbWRtY2U3aW9KZ1hla244aTZDZmpTV096OHNXQkk4YUdRbm5ucUF2THRsRUN2S0lmaXVPdUxBNU1PX1Z2WTJDX09ra28weEVPUWhGWkxrQ3FMSdIB9AFBVV95cUxOc09mb1c2NmhrQ1RPWW8tcXlCelRvdEdNeUZkRFc2SVB3a0tmSTJMTDYtOURVbnhsQUoyY2ZZVGs3dHl5TjVSRUIxMDg2TDBscGpZT0R3YjZPcTJNR2xmSzk2dmVIRkhrUWs1c3RCNGphM2h2NHd2S184ZmJiNGp5bGtXVjhWelIwM1FVN3ZTVVdhUHYtTE5TdTNHZkljTzFfVjV3Z3VXclhiX21FZmdGN0hlUDRpWmF6RzZhX3NkZDA5SllaLUVNOEdqVnlHUlJncUY3c0FDZGc4ZERBQWUwTjVGS1hkd0NRNEdneDJhMWNLNmlE?oc=5,CBMi7wFBVV95cUxOR1lBRFl5UXZhemZZWjd3c1B6NWhvaElwSUw1UVY1RnRsT3JTNnZVenZ5RDVvYzdFb1VMRWpxaXREc2FEd2NUeXdncnZ5M2l0LXJZV2FIalRTdWhwdWN6NC1TbjVuRVFScFNkczBDVTl5RDZfa0lUTno0WXgxTUtHOWlkdEpqdkkyY01QNGttMEFYZm1JTTZjenVac0hJbWRtY2U3aW9KZ1hla244aTZDZmpTV096OHNXQkk4YUdRbm5ucUF2THRsRUN2S0lmaXVPdUxBNU1PX1Z2WTJDX09ra28weEVPUWhGWkxrQ3FMSdIB9AFBVV95cUxOc09mb1c2NmhrQ1RPWW8tcXlCelRvdEdNeUZkRFc2SVB3a0tmSTJMTDYtOURVbnhsQUoyY2ZZVGs3dHl5TjVSRUIxMDg2TDBscGpZT0R3YjZPcTJNR2xmSzk2dmVIRkhrUWs1c3RCNGphM2h2NHd2S184ZmJiNGp5bGtXVjhWelIwM1FVN3ZTVVdhUHYtTE5TdTNHZkljTzFfVjV3Z3VXclhiX21FZmdGN0hlUDRpWmF6RzZhX3NkZDA5SllaLUVNOEdqVnlHUlJncUY3c0FDZGc4ZERBQWUwTjVGS1hkd0NRNEdneDJhMWNLNmlE
TATASTEEL.NS,"Thu, 09 Jul 2026 07:00:00 GMT","Q1 results today: TCS, Anand Rathi Wealth, GM Breweries among 10 on July 9 - Business Standard",Business Standard,https://news.google.com/rss/articles/CBMi6AFBVV95cUxPam45TUVTM3lZRHZVd2JoVF8wRm5SM1pSOTN6c1BQc2xkN2VySURZUGQ1dk4xb2hBeG9LUmJ0RS1ITnFDS1RGMVpUV01GYmVzejZoVjFKYWx4VUNnRzAtUlZjc1Nyd19yT3ZMaUdJUkpVOHVCTlM1dlhKc2RpQWxPZmRtcERKM1h2QVlfTGVjYVFFcTEwXy1YSVNGeTkxOU5QenlGNG5meW15TFBKbExCZTZXcWsxLVh4aV9kdFNQTVlOcmdJQjdlNGFJRS1jQnV2N0hESWlFVXpJNk5ZM1ZyY2RDVTJOamNC0gHuAUFVX3lxTFBwZ1VWMlJHZ1pvXzZ6N1V1VmhNbUtUUno3QldNNzgyRVlsaWVkMlhCZU5rSVhYME9DWkxSWlZpb2Fwbjdua2toSTNjTWlsOTYzWVBqM0F5QndOdUFvZnBjRG1TZF90Y0txNWx0MHVvaFdWMUpBVEJaM2phSTlFSVNUNzQ3b09Jd01fZzEyNWxGdjY0ZnhDNjZ3dmZURDN3MEtVQVUwOGVLVEZta2tuRGtSRkVwVUlfZnlQb2Rhd2NTY1BsR0ctQmhRLS1jWVVVTUlHc3RWbXg2MV9VaTFHdzRHMkVxWG1LOWpKWGNWcnc?oc=5,CBMi6AFBVV95cUxPam45TUVTM3lZRHZVd2JoVF8wRm5SM1pSOTN6c1BQc2xkN2VySURZUGQ1dk4xb2hBeG9LUmJ0RS1ITnFDS1RGMVpUV01GYmVzejZoVjFKYWx4VUNnRzAtUlZjc1Nyd19yT3ZMaUdJUkpVOHVCTlM1dlhKc2RpQWxPZmRtcERKM1h2QVlfTGVjYVFFcTEwXy1YSVNGeTkxOU5QenlGNG5meW15TFBKbExCZTZXcWsxLVh4aV9kdFNQTVlOcmdJQjdlNGFJRS1jQnV2N0hESWlFVXpJNk5ZM1ZyY2RDVTJOamNC0gHuAUFVX3lxTFBwZ1VWMlJHZ1pvXzZ6N1V1VmhNbUtUUno3QldNNzgyRVlsaWVkMlhCZU5rSVhYME9DWkxSWlZpb2Fwbjdua2toSTNjTWlsOTYzWVBqM0F5QndOdUFvZnBjRG1TZF90Y0txNWx0MHVvaFdWMUpBVEJaM2phSTlFSVNUNzQ3b09Jd01fZzEyNWxGdjY0ZnhDNjZ3dmZURDN3MEtVQVUwOGVLVEZta2tuRGtSRkVwVUlfZnlQb2Rhd2NTY1BsR0ctQmhRLS1jWVVVTUlHc3RWbXg2MV9VaTFHdzRHMkVxWG1LOWpKWGNWcnc
TATASTEEL.NS,"Fri, 15 May 2026 07:00:00 GMT","Q4 Results Today: Cochin Shipyard, Godfrey Phillips, ITC Hotels, Premier Energies, NCC, SJVN, Tata Steel And More - NDTV Profit",NDTV Profit,https://news.google.com/rss/articles/CBMi5AFBVV95cUxQMjVVVHVBeW5XMFNFcG9TdUVCT2Jxd2xEaVNGc2lGaXFlM0x4c3VFUWIzRklaTW96M2JLaGpKV29CR3dGUWFTMGZYUDRJYURKRGhtQnZaSzBkSFo1MDZFWTViblU3S2htcWpfTWk3MkxGY19SU3RJaVh6Rl9mLVFKT3BXQnJ1VTJ0bmFDSG8yVVBoV3ZDMl9zLXh3cy01NmdsWTBjR3RmZGtKUVYzNVdlV0xKcU84M2lxRnlQd1NCYkxhcF9pUlk0V08xcXltcjh6czZHMWhCMFpKN1JDMEdneTFGX2HSAewBQVVfeXFMUGVjTngzTlh2eXhQdkk1MW9icDZ6MkZNekZILXRzWnM0WHNuWk10c3FjejJfNEpsSnBweGY2dkYwbXktUXZhS2UyVTRfUGRSbnlSRzNMWGZTNl9aYS10bzdEckEzcGl5Z1p4UTVfOFFKWDVJNk5FblEzV0N5MlZLZnBKbnVBWnJQS0lESkVLS2ZmdzJIZmdSRVdoU0FoWWpBbGp2Wm1tMS05VGJ2UDRDNWNIbWUyWXRMYW5RY1g5QzJ0RFd1X251Z1M2VWl5eC15NjQxeTBSOTlIaWotaWVGcWhLeFNTbWN2TGx2YzY?oc=5,CBMi5AFBVV95cUxQMjVVVHVBeW5XMFNFcG9TdUVCT2Jxd2xEaVNGc2lGaXFlM0x4c3VFUWIzRklaTW96M2JLaGpKV29CR3dGUWFTMGZYUDRJYURKRGhtQnZaSzBkSFo1MDZFWTViblU3S2htcWpfTWk3MkxGY19SU3RJaVh6Rl9mLVFKT3BXQnJ1VTJ0bmFDSG8yVVBoV3ZDMl9zLXh3cy01NmdsWTBjR3RmZGtKUVYzNVdlV0xKcU84M2lxRnlQd1NCYkxhcF9pUlk0V08xcXltcjh6czZHMWhCMFpKN1JDMEdneTFGX2HSAewBQVVfeXFMUGVjTngzTlh2eXhQdkk1MW9icDZ6MkZNekZILXRzWnM0WHNuWk10c3FjejJfNEpsSnBweGY2dkYwbXktUXZhS2UyVTRfUGRSbnlSRzNMWGZTNl9aYS10bzdEckEzcGl5Z1p4UTVfOFFKWDVJNk5FblEzV0N5MlZLZnBKbnVBWnJQS0lESkVLS2ZmdzJIZmdSRVdoU0FoWWpBbGp2Wm1tMS05VGJ2UDRDNWNIbWUyWXRMYW5RY1g5QzJ0RFd1X251Z1M2VWl5eC15NjQxeTBSOTlIaWotaWVGcWhLeFNTbWN2TGx2YzY
TATASTEEL.NS,"Thu, 02 Jul 2026 07:00:00 GMT",Tata Steel to look beyond 40 MTPA as India business drives FY26 performance: N Chandrasekaran at AGM - Moneycontrol.com,Moneycontrol.com,https://news.google.com/rss/articles/CBMi7AFBVV95cUxOV1hPVlNtZTNYZDVGbmF4MDlkbnFGU2lJRUZFbzdLdFRUczBWNDZWem1lRmplbTdKNXExRk15LU1iS2Y3OXFULTRma0N0d1BPc3NKWEUyd3paVVIyQnZfbGM4NDZ0N0ZScy1rcHdZVm9sMVZvVUVJa2pNTEs0ekFQT3lYMHYtXy1ROGJzS1ZLb3NMcW5YcFhxb1FBTnluSDRYNUNySDBEUEpFUGtKQ1c1UTFvSzVONWF1Zy1jRVp2R1I0WURDR1VXcW9McFpXTF84d18xWVZHQWhGWnI3REY1bURnN2tNOFJ3SXF4cdIB8gFBVV95cUxNcEdiak1PVy1OZC00VVRVTExOZjR6dG5aaHFoQWY4SEVnc1BKVUVWVGUta0dBUFN5REg1a1h6NWFzbEZXX0R6eUJvMzRxeVl1ak44V2U4N1NwTTVxeGtvUkZSRjh4OFVwTWhWZE53T0ZONTI5TFRQaEhCUl9CSjVSWGs1VGtybGhFTlFmVkY0Y0p1OHJmQUNTTWZMcGtKczBTZFdPbS1Vc3FqU2RDdDRuUlJ2MlhGYnFyMVJkZlA2YW9ZTy1OeDJhenVJbThrcVVLSW5JSFVoTmNvVFl6NnAtNE9US0dWQ3RxemZGYndsaFo5Zw?oc=5,CBMi7AFBVV95cUxOV1hPVlNtZTNYZDVGbmF4MDlkbnFGU2lJRUZFbzdLdFRUczBWNDZWem1lRmplbTdKNXExRk15LU1iS2Y3OXFULTRma0N0d1BPc3NKWEUyd3paVVIyQnZfbGM4NDZ0N0ZScy1rcHdZVm9sMVZvVUVJa2pNTEs0ekFQT3lYMHYtXy1ROGJzS1ZLb3NMcW5YcFhxb1FBTnluSDRYNUNySDBEUEpFUGtKQ1c1UTFvSzVONWF1Zy1jRVp2R1I0WURDR1VXcW9McFpXTF84d18xWVZHQWhGWnI3REY1bURnN2tNOFJ3SXF4cdIB8gFBVV95cUxNcEdiak1PVy1OZC00VVRVTExOZjR6dG5aaHFoQWY4SEVnc1BKVUVWVGUta0dBUFN5REg1a1h6NWFzbEZXX0R6eUJvMzRxeVl1ak44V2U4N1NwTTVxeGtvUkZSRjh4OFVwTWhWZE53T0ZONTI5TFRQaEhCUl9CSjVSWGs1VGtybGhFTlFmVkY0Y0p1OHJmQUNTTWZMcGtKczBTZFdPbS1Vc3FqU2RDdDRuUlJ2MlhGYnFyMVJkZlA2YW9ZTy1OeDJhenVJbThrcVVLSW5JSFVoTmNvVFl6NnAtNE9US0dWQ3RxemZGYndsaFo5Zw
TATASTEEL.NS,"Mon, 27 Jul 2026 07:00:00 GMT","Q1 Results This Week: Coal India, Bharat Electronics, HUL, L&T, Varun Beverages Reporting Earnings - NDTV Profit",NDTV Profit,https://news.google.com/rss/articles/CBMijAFBVV95cUxQZWxfZGwxM01jZmJxamU2cUxIOVZNNkctZ0hFY2lNbUQ5LVo1SG5aLUtibWZtTWhKSkNZZlBaMmpveGNKbGlsRVBoQzJtaVBPS3dweEFhdDBtdlplc3VrWkRPZktkaTJxNGNKeWp5eUJLRjZ3dFdITUhITVl1VG10S2J0bWpWNE5SdXpJY9IBlAFBVV95cUxNY084dWYtZmdLcElBdTVESTA1Sko0djdOUmd4RnhNeEN3ZmFGWkgzWFB4R0pPZkdhX0htam1WbTd5OWxiZVdoQng5eE5INXp3RHlUd0h4dUhWb2g1S2pyaVVBMlVtamtkX2oycU1xbElvMFFyamdBcjhWNWdBOEhRUEJPcmkwVHI0SkpfXzFOOEJIX3JO?oc=5,CBMijAFBVV95cUxQZWxfZGwxM01jZmJxamU2cUxIOVZNNkctZ0hFY2lNbUQ5LVo1SG5aLUtibWZtTWhKSkNZZlBaMmpveGNKbGlsRVBoQzJtaVBPS3dweEFhdDBtdlplc3VrWkRPZktkaTJxNGNKeWp5eUJLRjZ3dFdITUhITVl1VG10S2J0bWpWNE5SdXpJY9IBlAFBVV95cUxNY084dWYtZmdLcElBdTVESTA1Sko0djdOUmd4RnhNeEN3ZmFGWkgzWFB4R0pPZkdhX0htam1WbTd5OWxiZVdoQng5eE5INXp3RHlUd0h4dUhWb2g1S2pyaVVBMlVtamtkX2oycU1xbElvMFFyamdBcjhWNWdBOEhRUEJPcmkwVHI0SkpfXzFOOEJIX3JO
ADANIPORTS.NS,"Wed, 29 Jul 2026 10:39:38 GMT",Adani Enterprises Ltd announces Q1-FY27 results - Adani,Adani,https://news.google.com/rss/articles/CBMimAFBVV95cUxOME02OHRJTWVCRmlCNGFMVVVVY3E4SjUyUW1kN0loWmthVG9KLTdOam43Rkk1VHZOUmN6SVpkSEJHYmR3Mkk0YVJ2WTAyNDhSXzUwczhZRjFBWU9PdVU2S0c5cExNREc0cUVmWG5jZGYwMXhlaUMzR05OUk1qbjlMSnNrVWFsaTFna0M2ZmNLaTNXUVpiclhYMQ?oc=5,CBMimAFBVV95cUxOME02OHRJTWVCRmlCNGFMVVVVY3E4SjUyUW1kN0loWmthVG9KLTdOam43Rkk1VHZOUmN6SVpkSEJHYmR3Mkk0YVJ2WTAyNDhSXzUwczhZRjFBWU9PdVU2S0c5cExNREc0cUVmWG5jZGYwMXhlaUMzR05OUk1qbjlMSnNrVWFsaTFna0M2ZmNLaTNXUVpiclhYMQ
ADANIPORTS.NS,"Wed, 29 Jul 2026 07:00:00 GMT","Adani Ports Q1 results: PAT rises 9% to ₹3,620 crore on higher revenue - Business Standard",Business Standard,https://news.google.com/rss/articles/CBMizwFBVV95cUxQWDM2eHkwakg5NlJScVR3dzd4TzNyUUVGckNmMEdBdkl3ZDJ4OU9nLV9sRzhyZ2NvYmtRWnFtYlByN19UTWRfVjBScVBISDBrbXBiZ3dPOUp2N3ZUNjBidkstb05pM3RWd0ZUVDFJZVhjM1JmX2ZOb29mcmItYU1uSzNLNDBVYXZnWlJjWXUyZUdnZGhvbjFSM180VXFyWDhfazlLRG1mdm1ZZFRqeGRMWEM2Q0pqN1BLbWp3Vm84M0Z5bDB5TFppSTBYdkVzcTDSAdQBQVVfeXFMTmFZMHBnS1E4SXA4R29zNE5rTjEtTHQxRGdxdzBCTkZWLVl0bnk2LTUyNDlaMGNPbmxLWi1sNEhEWDBzajV5YzVQSDlpWURiMVdyejlBVnhDQVM2VHk5ekhwLXJkMEE0c1AxSkdEQnFHanpqQmlWUUJPa0ZzVVU0VmRCcXZVVzVseVRya3Z2QjFhdTN0b1Q1c2NycTVUODdhRmdoakZzYXYxTGp1T19XbTNScW02bmZRVFhpa2FiTU92Q19HS0F4ZnBSN2lKZ1dDT1pkWWs?oc=5,CBMizwFBVV95cUxQWDM2eHkwakg5NlJScVR3dzd4TzNyUUVGckNmMEdBdkl3ZDJ4OU9nLV9sRzhyZ2NvYmtRWnFtYlByN19UTWRfVjBScVBISDBrbXBiZ3dPOUp2N3ZUNjBidkstb05pM3RWd0ZUVDFJZVhjM1JmX2ZOb29mcmItYU1uSzNLNDBVYXZnWlJjWXUyZUdnZGhvbjFSM180VXFyWDhfazlLRG1mdm1ZZFRqeGRMWEM2Q0pqN1BLbWp3Vm84M0Z5bDB5TFppSTBYdkVzcTDSAdQBQVVfeXFMTmFZMHBnS1E4SXA4R29zNE5rTjEtTHQxRGdxdzBCTkZWLVl0bnk2LTUyNDlaMGNPbmxLWi1sNEhEWDBzajV5YzVQSDlpWURiMVdyejlBVnhDQVM2VHk5ekhwLXJkMEE0c1AxSkdEQnFHanpqQmlWUUJPa0ZzVVU0VmRCcXZVVzVseVRya3Z2QjFhdTN0b1Q1c2NycTVUODdhRmdoakZzYXYxTGp1T19XbTNScW02bmZRVFhpa2FiTU92Q19HS0F4ZnBSN2lKZ1dDT1pkWWs
ADANIPORTS.NS,"Wed, 29 Jul 2026 07:00:00 GMT","Adani Ports Q1 Profit Rises 10% Year-On-Year, EBITDA Up By 19% - NDTV",NDTV,https://news.google.com/rss/articles/CBMiogFBVV95cUxNWHRyM2VwcVJoUUdMRy1JSVF6MnZkUWFCUUh3djdVejZjMGptcG9KSEhMbGVCWk8zZ3RCbThiZUotMXBnLTRzcG93dFRSYlJjNDd6MTJKZkVWN2NWRkhvRm80eW5HNVJkeDhPYVRMMlIwSTR6WDNFY2ZFYUNlYTNMNU5vbjlYdHlGWHlvYVFUTlluZFBXcnNWSE9MU2pXbExxNEHSAaoBQVVfeXFMT19oRURHYzQ3TlQ2X1g1b1dKamRfLUVhMTMxZzltU3hQcHRmbUllR1FUM3p0Y1FQRktBM0dKSDItV2lWR0dEVmRFbFNwX21TY2xxdnBVV05PSjk5bUFJZTdkNEZ5NHd6YkZyMy1ReG5WdXpCUlhNdE1ycnhjZERtRjlLYUtQTmRGTl9kZlFoTlFDb3VGNHU2WmNqSHpCSThzYy1VX2NhWHlIcmc?oc=5,CBMiogFBVV95cUxNWHRyM2VwcVJoUUdMRy1JSVF6MnZkUWFCUUh3djdVejZjMGptcG9KSEhMbGVCWk8zZ3RCbThiZUotMXBnLTRzcG93dFRSYlJjNDd6MTJKZkVWN2NWRkhvRm80eW5HNVJkeDhPYVRMMlIwSTR6WDNFY2ZFYUNlYTNMNU5vbjlYdHlGWHlvYVFUTlluZFBXcnNWSE9MU2pXbExxNEHSAaoBQVVfeXFMT19oRURHYzQ3TlQ2X1g1b1dKamRfLUVhMTMxZzltU3hQcHRmbUllR1FUM3p0Y1FQRktBM0dKSDItV2lWR0dEVmRFbFNwX21TY2xxdnBVV05PSjk5bUFJZTdkNEZ5NHd6YkZyMy1ReG5WdXpCUlhNdE1ycnhjZERtRjlLYUtQTmRGTl9kZlFoTlFDb3VGNHU2WmNqSHpCSThzYy1VX2NhWHlIcmc
ADANIPORTS.NS,"Wed, 29 Jul 2026 07:00:00 GMT","Adani Enterprises Q1 FY27 Results Today, July 29, 2026; Conference Call Scheduled for 5:00 PM IST - NiftyTrader",NiftyTrader,https://news.google.com/rss/articles/CBMibkFVX3lxTE5EOXY0TDFyZnFGZ0VMdlQ1NHo4V3NjeTl1Z0cxX1RVU0kwM2FucU54dXpxVlEwQjE2OEhVdHVock1zNDU0Ukt1cDhPT29ZNlJJdjg0aWNDQnAxZWZRV19jOWpZZklQb0N0ekw0UGRR?oc=5,CBMibkFVX3lxTE5EOXY0TDFyZnFGZ0VMdlQ1NHo4V3NjeTl1Z0cxX1RVU0kwM2FucU54dXpxVlEwQjE2OEhVdHVock1zNDU0Ukt1cDhPT29ZNlJJdjg0aWNDQnAxZWZRV19jOWpZZklQb0N0ekw0UGRR
ADANIPORTS.NS,"Wed, 29 Jul 2026 07:00:00 GMT","Adani Ports' profit increased by 10% to ₹3,650 crore: Revenue increased by 19% in the first quarter, benefi... - Bhaskar English",Bhaskar English,https://news.google.com/rss/articles/CBMirgFBVV95cUxPcEhnalBqNWkxRmhZbmc4b2RfMnlNSkVsOFBlb1hlVXpOSTdGb0Q3akRrSTN0RFlXNzlQMnA5THRmTXdaZG8zNGpWanp3NERJOHRNSmRZbWozeXNVV2NSVG9LNFFlNUVkcEhHMUo3V0tKbmZoUGNYbDhldDU5T2t4QTlEejN2d1RpS2ktRjExN2dhZUNUbkhNTXA1TUoySmhSYnl5WXZIc3Qxd0R6RXfSAbMBQVVfeXFMTk5WZWJEZVpRYk9Gd3VGSk9TdmJUZ0hlY2xDbk1NSEZvM0dNeEprUEd4LVpzdzVHYXVGUlV5MUxpWTUyZy02LS1naGFucHFxVjYzY21kb25Lc2F4YU5uclJER2NfM19uOXd4ci0zVFIzQXdXRDU1cDhBT1M0d2pkX2FNTlRES1ZrV2hmRTlzNnk3SnViRzh1V1NkWThzbEZkOS04dy1XYXBEcVhJNlg1d2kzV2c?oc=5,CBMirgFBVV95cUxPcEhnalBqNWkxRmhZbmc4b2RfMnlNSkVsOFBlb1hlVXpOSTdGb0Q3akRrSTN0RFlXNzlQMnA5THRmTXdaZG8zNGpWanp3NERJOHRNSmRZbWozeXNVV2NSVG9LNFFlNUVkcEhHMUo3V0tKbmZoUGNYbDhldDU5T2t4QTlEejN2d1RpS2ktRjExN2dhZUNUbkhNTXA1TUoySmhSYnl5WXZIc3Qxd0R6RXfSAbMBQVVfeXFMTk5WZWJEZVpRYk9Gd3VGSk9TdmJUZ0hlY2xDbk1NSEZvM0dNeEprUEd4LVpzdzVHYXVGUlV5MUxpWTUyZy02LS1naGFucHFxVjYzY21kb25Lc2F4YU5uclJER2NfM19uOXd4ci0zVFIzQXdXRDU1cDhBT1M0d2pkX2FNTlRES1ZrV2hmRTlzNnk3SnViRzh1V1NkWThzbEZkOS04dy1XYXBEcVhJNlg1d2kzV2c
ADANIPORTS.NS,"Thu, 30 Apr 2026 18:27:42 GMT",Adani Enterprises Ltd announces Q4 and FY26 results - Adani,Adani,https://news.google.com/rss/articles/CBMingFBVV95cUxQWVpyWnpLdHpoZVA2WXV5aE90Vlg0VHlobTRJSlJwUHBEQTF4Mkk0YTRwVTdRcHp3M0trVUJleWdrOUZxWkNySHNzV1BWcHh0WW1mNTg1U1o2cVI3dGEtVGs2Z1pyVVpXZXNLZ3MtVzFfdHh6TGJnQmhtSkc1LXJ5Z09BdklGXzJNelg4NmtIQzJNZm9QeFR5UndwQ2VaZw?oc=5,CBMingFBVV95cUxQWVpyWnpLdHpoZVA2WXV5aE90Vlg0VHlobTRJSlJwUHBEQTF4Mkk0YTRwVTdRcHp3M0trVUJleWdrOUZxWkNySHNzV1BWcHh0WW1mNTg1U1o2cVI3dGEtVGs2Z1pyVVpXZXNLZ3MtVzFfdHh6TGJnQmhtSkc1LXJ5Z09BdklGXzJNelg4NmtIQzJNZm9QeFR5UndwQ2VaZw
ADANIPORTS.NS,"Tue, 03 Feb 2026 08:00:00 GMT",Adani Ports raises FY26 guidance following robust Q3 growth - Livemint,Livemint,https://news.google.com/rss/articles/CBMiygFBVV95cUxQV2FhaTljLVU5RmhrWHdNTUFWNEJLYjFLdUJXZUM2QW1nemhIai1vckFNRnllY1AwcElPckx3T3hoeVRGY0dFWVZnMWs0anFwdG5xZGFHVko1ZVdWSHF1VWFBVXhmNGpsS0J6UFN1QTFHUkR5U1ItcENUcHh4OUxNdTRZMEJMQlM2dDNhU2tXc05ZdDVQeVZOV3ZsNEV1SC0weWEzRlJVdk9DcWNuOWpsZi1SV1V4dGNzMUlQNXVidkxlUnNjZ0FXaDVn0gHPAUFVX3lxTE9vSE4xb2E4Z0ZoVTl0eS10TVVQdGtsVWF1QVJ6Y1hOR0dTTTZtZmhWQjNuQzU3UEZtVklGdlFsaVNMdTQ3OWdTc2h0eEZrTFVNZTdHY2FHY1hkNHNYM0YxdHFGNm4wU0c1eDlMeE55ZkFQNENUcVJUT1RRMlozZDl5bnFuQk1qQVhUTWwtWFUwQ3NuYXZKUUhOdkRUMkYzY0Z4TjlvZGEyTHdUTzVPbktfUVF6Sm91T04zcV9rdUFXV2xwc2QxVE1rdjQtM1l2bw?oc=5,CBMiygFBVV95cUxQV2FhaTljLVU5RmhrWHdNTUFWNEJLYjFLdUJXZUM2QW1nemhIai1vckFNRnllY1AwcElPckx3T3hoeVRGY0dFWVZnMWs0anFwdG5xZGFHVko1ZVdWSHF1VWFBVXhmNGpsS0J6UFN1QTFHUkR5U1ItcENUcHh4OUxNdTRZMEJMQlM2dDNhU2tXc05ZdDVQeVZOV3ZsNEV1SC0weWEzRlJVdk9DcWNuOWpsZi1SV1V4dGNzMUlQNXVidkxlUnNjZ0FXaDVn0gHPAUFVX3lxTE9vSE4xb2E4Z0ZoVTl0eS10TVVQdGtsVWF1QVJ6Y1hOR0dTTTZtZmhWQjNuQzU3UEZtVklGdlFsaVNMdTQ3OWdTc2h0eEZrTFVNZTdHY2FHY1hkNHNYM0YxdHFGNm4wU0c1eDlMeE55ZkFQNENUcVJUT1RRMlozZDl5bnFuQk1qQVhUTWwtWFUwQ3NuYXZKUUhOdkRUMkYzY0Z4TjlvZGEyTHdUTzVPbktfUVF6Sm91T04zcV9rdUFXV2xwc2QxVE1rdjQtM1l2bw
ADANIPORTS.NS,"Wed, 29 Jul 2026 07:00:00 GMT",Adani Ports Q1 FY27 Beat Fails to Impress; Shares Slide Despite Strong Results - NiftyTrader,NiftyTrader,https://news.google.com/rss/articles/CBMifkFVX3lxTE1fTGxHdmZaVFBIS21qekZNQ3pHZ09XQzJ0TnFGQ29XLXYzaHZpWkJ5QjhkOWtsbHhPT0gwTGNzelc0YWNmT3VFajRib3JIVlh4UFd6ZU5neHJXbVJuR2FsbmRnWlN2LTlwdVJ4bUNMbFpDazhld0RWR3NueWd5QQ?oc=5,CBMifkFVX3lxTE1fTGxHdmZaVFBIS21qekZNQ3pHZ09XQzJ0TnFGQ29XLXYzaHZpWkJ5QjhkOWtsbHhPT0gwTGNzelc0YWNmT3VFajRib3JIVlh4UFd6ZU5neHJXbVJuR2FsbmRnWlN2LTlwdVJ4bUNMbFpDazhld0RWR3NueWd5QQ
ADANIPORTS.NS,"Wed, 29 Jul 2026 07:00:00 GMT","Q1 results: Adani Enterprises, Asian Paints, Dabur India, 85 more on Jul 29 - Business Standard",Business Standard,https://news.google.com/rss/articles/CBMi6AFBVV95cUxOWDFsbmd1VFBHSkhHZFkzTHVySHRuYXBNYUxSNGV4WEljTmd0TDNmUHpNTkxrazdMNDNvLV9mU1lMdlVSZmZrNTdybjd1Z3JiODl4YTNsNnR1YWE4dzBNNXJqUFdWMHVlbzE0SWdPWHhDcDl6ZXhVWEk5YmY5eW8zZWp3cDZnZEZlQjRxaW9LaEVkQ1ViWWhXcEppd0lVRWswbFlSZmJPam4yZW1EYlYyaHlobE5oWHFrYU44UFZrQVBNWTAxa1JkRVFPcWpFNm5BS1VNTlM1N0dOd0tSQ1VMX1FxTFEyazFU0gHuAUFVX3lxTE5nUjRlZnRqYy1WeVdtUWtyZlFIVE5Jb2R0cWdBSmNYQk81eGM0Wi1tSlljdFNNQ1hCTzViR1VfVDZlcnFfTEZ1ck55d3dmR0FLQUlmT2NvZWZtbjRHWUZlUTZnbGRJT2J1bkp4MlNwSlpSbk9jQUZVSFM4cGg2OVlGRFFJVUFWSzkyZ2hwMkswc1RUdnA0Ri11Q0tFZ3hHOU9vRVFYVjNaRFpNd0lrYWxmRVp0Rnd5SUR5ZWN0TW1jSnZZbTltMGdMUjNUQW40UFFaSWlJMnRlVU5pNXpPMDR2ZUFLSTVZSE93VTBrUmc?oc=5,CBMi6AFBVV95cUxOWDFsbmd1VFBHSkhHZFkzTHVySHRuYXBNYUxSNGV4WEljTmd0TDNmUHpNTkxrazdMNDNvLV9mU1lMdlVSZmZrNTdybjd1Z3JiODl4YTNsNnR1YWE4dzBNNXJqUFdWMHVlbzE0SWdPWHhDcDl6ZXhVWEk5YmY5eW8zZWp3cDZnZEZlQjRxaW9LaEVkQ1ViWWhXcEppd0lVRWswbFlSZmJPam4yZW1EYlYyaHlobE5oWHFrYU44UFZrQVBNWTAxa1JkRVFPcWpFNm5BS1VNTlM1N0dOd0tSQ1VMX1FxTFEyazFU0gHuAUFVX3lxTE5nUjRlZnRqYy1WeVdtUWtyZlFIVE5Jb2R0cWdBSmNYQk81eGM0Wi1tSlljdFNNQ1hCTzViR1VfVDZlcnFfTEZ1ck55d3dmR0FLQUlmT2NvZWZtbjRHWUZlUTZnbGRJT2J1bkp4MlNwSlpSbk9jQUZVSFM4cGg2OVlGRFFJVUFWSzkyZ2hwMkswc1RUdnA0Ri11Q0tFZ3hHOU9vRVFYVjNaRFpNd0lrYWxmRVp0Rnd5SUR5ZWN0TW1jSnZZbTltMGdMUjNUQW40UFFaSWlJMnRlVU5pNXpPMDR2ZUFLSTVZSE93VTBrUmc
BAJFINANCE.NS,"Thu, 30 Jul 2026 07:00:00 GMT",Bajaj Finance Q1 standalone net profit rises 29%; AUM tops ₹4 trn - Business Standard,Business Standard,https://news.google.com/rss/articles/CBMi4AFBVV95cUxOZFJuTi0wX1NCSUFVQzA3S0dWZU5mSFRYOG9leGFoNFA5MEhhcFJ0WW8yVWZMOXhRdlNpSXNVY2l2LWltbWhrVHpOdVk5cGJtbUdkeVBzSHhKVWhoY0FnSmdhcEhDampIMzNwd1hua0V2YUxEZUtfZTRCbnZwdEpTNnpfNFh3ZkpjMFlabTFST1NkTXMyM2RCTUM2SjMzYk9pWm9hZkp5Q1BxRHdGdFR0U1BCOF9IWnNEOERxY3JqY0xVQk5tcWhJdEZ5OXB3VE1oOHVYZU9kWkc4d1U1YWJNQtIB5gFBVV95cUxQQ0VidDVqSXJuZkJSQU52ZGdvNXVibDFzbFhEMlhHel9KZnpWSDI4UlY3S3BPYWlFRTE1NUhlWnNtWHFFd081RFpxT3gxTHE3NEkybFVlellSbVhNYnoxV2F4eFVnZjliejRDNWlfYVRHVkowUW9meG9Xc0hDVVllMmY0RzhKRUJCTjlZcHR1dDFnMGN4N2hwcWxKTDJhOU04S2UybkVPTm9xbklxa0Nfb0tIWjctYjYwcXlGMlVkSHJCQUlTbGVpNzhpMU5yNmQwVTZ1bE50THkwaHhnX0ZnMEhpMy1wQQ?oc=5,CBMi4AFBVV95cUxOZFJuTi0wX1NCSUFVQzA3S0dWZU5mSFRYOG9leGFoNFA5MEhhcFJ0WW8yVWZMOXhRdlNpSXNVY2l2LWltbWhrVHpOdVk5cGJtbUdkeVBzSHhKVWhoY0FnSmdhcEhDampIMzNwd1hua0V2YUxEZUtfZTRCbnZwdEpTNnpfNFh3ZkpjMFlabTFST1NkTXMyM2RCTUM2SjMzYk9pWm9hZkp5Q1BxRHdGdFR0U1BCOF9IWnNEOERxY3JqY0xVQk5tcWhJdEZ5OXB3VE1oOHVYZU9kWkc4d1U1YWJNQtIB5gFBVV95cUxQQ0VidDVqSXJuZkJSQU52ZGdvNXVibDFzbFhEMlhHel9KZnpWSDI4UlY3S3BPYWlFRTE1NUhlWnNtWHFFd081RFpxT3gxTHE3NEkybFVlellSbVhNYnoxV2F4eFVnZjliejRDNWlfYVRHVkowUW9meG9Xc0hDVVllMmY0RzhKRUJCTjlZcHR1dDFnMGN4N2hwcWxKTDJhOU04S2UybkVPTm9xbklxa0Nfb0tIWjctYjYwcXlGMlVkSHJCQUlTbGVpNzhpMU5yNmQwVTZ1bE50THkwaHhnX0ZnMEhpMy1wQQ
BAJFINANCE.NS,"Fri, 31 Jul 2026 07:00:00 GMT","Bajaj Finance shares hit record high, rally 7% post Q1 results: Should you buy? - indiatoday.in",indiatoday.in,https://news.google.com/rss/articles/CBMi7gFBVV95cUxQcXpfc19hY0owRzVSVnJCbGtzSU1qd2xPWWNsYVdSLThQU3FqNVJjWU0tdExMS2ljMFFvTExBZGVLUUREbjh6MnBmeU9VSHBJRGMwb09yUDFfVmFWM0xwcm1ESy0yTmNCRXNuQnN4S00wdjY4d1ZGYmNicW1HM3B5RmpwMWY4Yld3QWl5ZGdFRkxWYmxCNEhNWmc4dGdNbmFpVFQ4cGFqM1N1eDA5WFBTSGF4LVBaaW5NVy1OM1VRS0FFMzNMa25wbTNMV1FiNGZWVVVRRUpkTlh0eTFmaWJVLW13dzZGSjNtMTF0QURn0gHzAUFVX3lxTE1ra2ZZUlZFemF2aS1OdTRRampyRUNLT3BlTm90UFFhX1dmTTIxSVk2N0s3bUhoZ2Itcmw3U0RuMWlqYUtxQzlQaC1hNUZrRmFnRWk3SnlqWUtVdkk3RUhUYTVZODZ1VEZVTHFyMEowVGtkNWZJbG13cVFYUFVEdndOWERHQ0N3V2dOSURRWHl3RmdxWXZwYWdnZndKSl9zdVJ5Y296MWotR1F1QnY1MG1mV0k4X1FRS2dJU2Jnc2tNSXA3REZiRVdOREpJeWhJUXYyZ2ttT21pVGZMblRKaDBGVHBvazZXTi1mZnUzazROLV9NSQ?oc=5,CBMi7gFBVV95cUxQcXpfc19hY0owRzVSVnJCbGtzSU1qd2xPWWNsYVdSLThQU3FqNVJjWU0tdExMS2ljMFFvTExBZGVLUUREbjh6MnBmeU9VSHBJRGMwb09yUDFfVmFWM0xwcm1ESy0yTmNCRXNuQnN4S00wdjY4d1ZGYmNicW1HM3B5RmpwMWY4Yld3QWl5ZGdFRkxWYmxCNEhNWmc4dGdNbmFpVFQ4cGFqM1N1eDA5WFBTSGF4LVBaaW5NVy1OM1VRS0FFMzNMa25wbTNMV1FiNGZWVVVRRUpkTlh0eTFmaWJVLW13dzZGSjNtMTF0QURn0gHzAUFVX3lxTE1ra2ZZUlZFemF2aS1OdTRRampyRUNLT3BlTm90UFFhX1dmTTIxSVk2N0s3bUhoZ2Itcmw3U0RuMWlqYUtxQzlQaC1hNUZrRmFnRWk3SnlqWUtVdkk3RUhUYTVZODZ1VEZVTHFyMEowVGtkNWZJbG13cVFYUFVEdndOWERHQ0N3V2dOSURRWHl3RmdxWXZwYWdnZndKSl9zdVJ5Y296MWotR1F1QnY1MG1mV0k4X1FRS2dJU2Jnc2tNSXA3REZiRVdOREpJeWhJUXYyZ2ttT21pVGZMblRKaDBGVHBvazZXTi1mZnUzazROLV9NSQ
BAJFINANCE.NS,"Thu, 30 Jul 2026 03:21:33 GMT","Q1 Results: Bajaj Finance, Tata Steel, M&M, Vedanta Aluminium, Torrent Pharma, Hyundai, IRFC, Swiggy, others to post earnings on July 30 - Upstox",Upstox,https://news.google.com/rss/articles/CBMirwJBVV95cUxPUVc3WGtjSUJjUkRNWktHRXNRNE1KOHZPZnRWRENFUnJmeUtoLVlvVkxPX1I2VGhjbTBiN0xSQ3czc2FjMXY1RDl4dFlITTJTS2YxZkFqNEs5ZnJaUFdVdzhvR0NhS0hXMkJ2dUEzcmxYMTZpM2ttazdFM0xid1FWeDR3cUtSZkZPb3RzRGdhREk2Q1lSUUZpYl8tRVV0azJQdFo2TUFPMFJybVotVVB3aURDdlo2T0JUUlFLWTdhbDUzQ1NkQ2V0MlJYUXdVeG9aY2Z4dzI1ZDFxc1VielJBNjlfQTdIUm44d05HZ2tJbVJMbjBxSkotN1NFWFhHbmVsSG1WcDZyTDR4cF9FWm82dlpZaVFLeTlWUUV6WHVEMm9iWlBJSUNZekZkMmhrTk0?oc=5,CBMirwJBVV95cUxPUVc3WGtjSUJjUkRNWktHRXNRNE1KOHZPZnRWRENFUnJmeUtoLVlvVkxPX1I2VGhjbTBiN0xSQ3czc2FjMXY1RDl4dFlITTJTS2YxZkFqNEs5ZnJaUFdVdzhvR0NhS0hXMkJ2dUEzcmxYMTZpM2ttazdFM0xid1FWeDR3cUtSZkZPb3RzRGdhREk2Q1lSUUZpYl8tRVV0azJQdFo2TUFPMFJybVotVVB3aURDdlo2T0JUUlFLWTdhbDUzQ1NkQ2V0MlJYUXdVeG9aY2Z4dzI1ZDFxc1VielJBNjlfQTdIUm44d05HZ2tJbVJMbjBxSkotN1NFWFhHbmVsSG1WcDZyTDR4cF9FWm82dlpZaVFLeTlWUUV6WHVEMm9iWlBJSUNZekZkMmhrTk0
BAJFINANCE.NS,"Fri, 31 Jul 2026 07:00:00 GMT","Bajaj Finserv Q1 net profit rises 18% YoY to Rs 6,297 crore; board approves plan to pursue re-insurance... - Moneycontrol.com",Moneycontrol.com,https://news.google.com/rss/articles/CBMi_wFBVV95cUxQMktfYUduMTF4dk1aclUwTUlxNVJoa204bGNLYlJrWV85c1pnb09jeXAzNHhmRFJ6eXhLNWE5dmFoSXF3cHFxM2M1a3VSV3RrSUxDOU9YbVQ5LXNyYjFVN0l0QmhDakZ5WHppcmhvamRwNzU3c3RVYlN3bW54NFZ4c0pGLWQ1YkN0TWs2X3VPck04dHNERFNya0ozeHo0bGFPMFZTempMZmZRTUZHaXZxY2dZdk5LSm80ajFnRFZLVm5nQXhNOTlDZUhpLXNGMFBJTmdOMFZ0OWdhMjZEWTlWbkowMWF2ZlJ4Z3REWm9SZDdkbHVKVi1fTkJ3aVI2OXPSAYQCQVVfeXFMTXVIOFl2ZGF6eFUzbElraW51UUxrVG41WmUycDN5M1p3OVNsaVp1Znh1ank4ZDZJTHpENVM4OUVBRlROclVSemdMcWtlTWRFUFFmLWpYWENNVGZILWNFSmhacDJmdVEzZi1jX091SVRrUE5jamdJcDZIbnVmckVJVW9FS01jRVlWQ2lReWdISzhESDVFeVVMYzR2QWlIVWZmTmFNRlBlWDZpQmZmRmxDLWdsWmNmd0w0MERDYkVtR1JETG9UbkVSMnlSNEt4NUluQ0tiTDgzYzVEQ3p3NFhtN3JYYkx4VlpZNVQ3YndCQUw4YkQzX1JfY3c5Sk03ZmhJbHhjSGw?oc=5,CBMi_wFBVV95cUxQMktfYUduMTF4dk1aclUwTUlxNVJoa204bGNLYlJrWV85c1pnb09jeXAzNHhmRFJ6eXhLNWE5dmFoSXF3cHFxM2M1a3VSV3RrSUxDOU9YbVQ5LXNyYjFVN0l0QmhDakZ5WHppcmhvamRwNzU3c3RVYlN3bW54NFZ4c0pGLWQ1YkN0TWs2X3VPck04dHNERFNya0ozeHo0bGFPMFZTempMZmZRTUZHaXZxY2dZdk5LSm80ajFnRFZLVm5nQXhNOTlDZUhpLXNGMFBJTmdOMFZ0OWdhMjZEWTlWbkowMWF2ZlJ4Z3REWm9SZDdkbHVKVi1fTkJ3aVI2OXPSAYQCQVVfeXFMTXVIOFl2ZGF6eFUzbElraW51UUxrVG41WmUycDN5M1p3OVNsaVp1Znh1ank4ZDZJTHpENVM4OUVBRlROclVSemdMcWtlTWRFUFFmLWpYWENNVGZILWNFSmhacDJmdVEzZi1jX091SVRrUE5jamdJcDZIbnVmckVJVW9FS01jRVlWQ2lReWdISzhESDVFeVVMYzR2QWlIVWZmTmFNRlBlWDZpQmZmRmxDLWdsWmNmd0w0MERDYkVtR1JETG9UbkVSMnlSNEt4NUluQ0tiTDgzYzVEQ3p3NFhtN3JYYkx4VlpZNVQ3YndCQUw4YkQzX1JfY3c5Sk03ZmhJbHhjSGw
BAJFINANCE.NS,"Tue, 28 Jul 2026 07:00:00 GMT",Bajaj Finance vs Bajaj Housing Finance: Full Stock Comparison - Univest,Univest,https://news.google.com/rss/articles/CBMif0FVX3lxTE5zOHo4eHNQMERacVMwaHhHTHNFOVZBTVRHOEJmZnlCS2NRdWE0S2pkbW1mSE51bzJ4dUM0dFQ5dmVhY0VXVmtUWXloZUxXMGhEaFBVSmhRc01pejgyNldBMm1sZ0pyeTgtQkY5U3ZOWXpQeHZ3UzRlc21kdFFHOHM?oc=5,CBMif0FVX3lxTE5zOHo4eHNQMERacVMwaHhHTHNFOVZBTVRHOEJmZnlCS2NRdWE0S2pkbW1mSE51bzJ4dUM0dFQ5dmVhY0VXVmtUWXloZUxXMGhEaFBVSmhRc01pejgyNldBMm1sZ0pyeTgtQkY5U3ZOWXpQeHZ3UzRlc21kdFFHOHM
BAJFINANCE.NS,"Fri, 31 Jul 2026 07:00:00 GMT",Bajaj Finserv Q1 profit rises 18% as lending businesses drive growth - Business Standard,Business Standard,https://news.google.com/rss/articles/CBMi4wFBVV95cUxOZC1iUElWLS1hb21lYW9UZzVyWDhoSjBDb0dDaHo1dEVaLUxqSF9vWmVnaGwyZUtPMzZjR0tNYWJBNklrV1BJYUw1cmtoNzhlb1doendHTWlrd044S0N0blZDLUw3eElXZWxYU3RHT3VlaWNHVnpkSDRNXzZQeVhoajlBXzREUkV0YTlaQXlucU1QSHdnZEJkVXd5Mlp0QnVWZHplc0w1RDZ6WWFTSzd2RU5uM2Jua2F3Y3d3d3QyWF82NDZKVWhZYlQ4RWgxUHZYVFpjSS1RSnFmWnE2M2RuRjY4RdIB6AFBVV95cUxNZUhibkZWbGhlY0p3NFRlbTVZMHU5bElVRUZyRmtZOEZuQ19XMHBUZHVTc09TOHhGUzExbEJUZUhxeGZEdlROdEdua1R0WVFwVVM4blJiUlVleUswd2xUeTFDM1RWQ0NoZUJQTkg3Ry1keUkzSXJMbVdmLW9STGIxTnFEMWJxbWZ4eEJXUEZ1dUlaRmR4VjhtQVdPbFF4WDNEVHA2RjU2eW5yVXdjU0pINWhfTFgwZm8xOEZpU3JFeGxJbk9oQWw3MXoycDJVc2tUdUFhc3VRQU81VGptclhKRHE5VzNPcGFH?oc=5,CBMi4wFBVV95cUxOZC1iUElWLS1hb21lYW9UZzVyWDhoSjBDb0dDaHo1dEVaLUxqSF9vWmVnaGwyZUtPMzZjR0tNYWJBNklrV1BJYUw1cmtoNzhlb1doendHTWlrd044S0N0blZDLUw3eElXZWxYU3RHT3VlaWNHVnpkSDRNXzZQeVhoajlBXzREUkV0YTlaQXlucU1QSHdnZEJkVXd5Mlp0QnVWZHplc0w1RDZ6WWFTSzd2RU5uM2Jua2F3Y3d3d3QyWF82NDZKVWhZYlQ4RWgxUHZYVFpjSS1RSnFmWnE2M2RuRjY4RdIB6AFBVV95cUxNZUhibkZWbGhlY0p3NFRlbTVZMHU5bElVRUZyRmtZOEZuQ19XMHBUZHVTc09TOHhGUzExbEJUZUhxeGZEdlROdEdua1R0WVFwVVM4blJiUlVleUswd2xUeTFDM1RWQ0NoZUJQTkg3Ry1keUkzSXJMbVdmLW9STGIxTnFEMWJxbWZ4eEJXUEZ1dUlaRmR4VjhtQVdPbFF4WDNEVHA2RjU2eW5yVXdjU0pINWhfTFgwZm8xOEZpU3JFeGxJbk9oQWw3MXoycDJVc2tUdUFhc3VRQU81VGptclhKRHE5VzNPcGFH
BAJFINANCE.NS,"Wed, 29 Apr 2026 07:00:00 GMT","Q4 results: Vedanta, Adani Power, Bajaj Finance among 53 firms on Apr 29 - Business Standard",Business Standard,https://news.google.com/rss/articles/CBMi5gFBVV95cUxPenNTV2Vadk9SOVZpei1yX2Z0TGcxaWZyQ0IwYVh4cmVDbjdDQk1OQjNyR2xZWVdiS0tqbTJydWppMXAyV1Z3UUo1LUh6SWxLajhTX21JbnNnaG5hOG5fV0FWanc5QUxjaGxMdklfekgzNDVqb2w2emd5NnFENFNFZ0ROTGNBbHdDVlJvYWpIMllNY3JWYU1BaVpyUlk0elEyc283MENKZEw0bTF4YThfa2NLX1JELVA3RmcxbENocE5raTJ1Y0Q4Y25UQ01jZnFtcUp4UUNjeFpjdjFnWEhsWEV4Z28yd9IB6wFBVV95cUxOaXJ3UV9VUGlEOEMwSVZyNUhPSTVwcmZ4d0x1MTR5THdRSFVqd1JtLVB4V0NVYVFQUmRvNkpfeHpGUUkyYlpJQ2hoRXZ4UnJpR0FuQTNxd3ltTENOZU12NWJpZE1RVUs5RGtNTHZxTGUtUW03Slg1dmEzNnVsS2ZjdmZzQUszYjRlZ2RGQXZTNWxLcF9odDgtUHl3c2xMZnVXU3NIMHRiYVcyc1FYYmRGR3hoLU1zN0pvUE1lSENYZzJFbnpoOHZvUXZ3Q3VteE9JRmhERW1JY2tUaVdsaGVqTFVtb09uR0dfdkdr?oc=5,CBMi5gFBVV95cUxPenNTV2Vadk9SOVZpei1yX2Z0TGcxaWZyQ0IwYVh4cmVDbjdDQk1OQjNyR2xZWVdiS0tqbTJydWppMXAyV1Z3UUo1LUh6SWxLajhTX21JbnNnaG5hOG5fV0FWanc5QUxjaGxMdklfekgzNDVqb2w2emd5NnFENFNFZ0ROTGNBbHdDVlJvYWpIMllNY3JWYU1BaVpyUlk0elEyc283MENKZEw0bTF4YThfa2NLX1JELVA3RmcxbENocE5raTJ1Y0Q4Y25UQ01jZnFtcUp4UUNjeFpjdjFnWEhsWEV4Z28yd9IB6wFBVV95cUxOaXJ3UV9VUGlEOEMwSVZyNUhPSTVwcmZ4d0x1MTR5THdRSFVqd1JtLVB4V0NVYVFQUmRvNkpfeHpGUUkyYlpJQ2hoRXZ4UnJpR0FuQTNxd3ltTENOZU12NWJpZE1RVUs5RGtNTHZxTGUtUW03Slg1dmEzNnVsS2ZjdmZzQUszYjRlZ2RGQXZTNWxLcF9odDgtUHl3c2xMZnVXU3NIMHRiYVcyc1FYYmRGR3hoLU1zN0pvUE1lSENYZzJFbnpoOHZvUXZ3Q3VteE9JRmhERW1JY2tUaVdsaGVqTFVtb09uR0dfdkdr
BAJFINANCE.NS,"Wed, 29 Apr 2026 02:28:13 GMT","Q4 results: Vedanta, Waaree Energies, Bajaj Finance, Adani Power, Indian Bank, Mphasis, others to post earnings on April 29 - Upstox",Upstox,https://news.google.com/rss/articles/CBMiiAJBVV95cUxPc000Zm15TW03XzNVX2plZWktd2pzOUZJN1J3VjhGVkhaUDRMd1VTcjJuLWYyYnp2TXNOQV93aDJ5ZERsVFdlejBiWmZhdEZFNU1Fdk41djVub1NQaVhVSXRmSnpkbVNtbnEyZGdkZEFLekIweGkyalJqUUhrVTlVN0VmZlY2QVVsMXBqakUzcldaa0dVZGkwV3BSc2REYmNUQWtYZS1xZ1FrVHBVVkJJWl96Q0hlWTJMcTBudGRjZ1ZHN1ZBdzZmSnpzNGZPOVkwU3ktWlhvSzIwUGFBVlJEeGREWklwcXpKZDl4M0s1ZnE1VTVGNURvU1psWWEtaWVaU2c5V3J1M0I?oc=5,CBMiiAJBVV95cUxPc000Zm15TW03XzNVX2plZWktd2pzOUZJN1J3VjhGVkhaUDRMd1VTcjJuLWYyYnp2TXNOQV93aDJ5ZERsVFdlejBiWmZhdEZFNU1Fdk41djVub1NQaVhVSXRmSnpkbVNtbnEyZGdkZEFLekIweGkyalJqUUhrVTlVN0VmZlY2QVVsMXBqakUzcldaa0dVZGkwV3BSc2REYmNUQWtYZS1xZ1FrVHBVVkJJWl96Q0hlWTJMcTBudGRjZ1ZHN1ZBdzZmSnpzNGZPOVkwU3ktWlhvSzIwUGFBVlJEeGREWklwcXpKZDl4M0s1ZnE1VTVGNURvU1psWWEtaWVaU2c5V3J1M0I
BAJFINANCE.NS,"Wed, 29 Apr 2026 07:00:00 GMT","Bajaj Finance Q4 profit rises 23% on strong NII, lower provisions - Business Standard",Business Standard,https://news.google.com/rss/articles/CBMiwwFBVV95cUxQOG9qVFM0dktkT2xBUnlEUGpGRGM4cUl5NTdMNUhlTlY1Sml6bnBHQ0RWanlYSkdHbFFwS3NSeGV4Y2dIWlN4dW9LbXFhU04xZV9xdnctR1JLWlYwQktieHVsd1A0M2tMUWlzME1aR0d6S0doLXBfQkVvZTBYV1B1bEktY3dxb0R5MExrZmx3QWVHVV9xcU5nYXMybWxZZGFYOW1vbV9EclNvc3lQb3dKa2JGSG5fSkE2alFpWGRuMC1tMGfSAcgBQVVfeXFMUEpDVlE4am42V0EzNHdqb1p6NVZTZnRMZlRoX252eFFOT3VBbHhPZVd1RDZqdmNhTk1hN2doVW1fWjgyeEtvYWhocGxsdVFweXg5b1hmbGtNbVRNSlpzSUY5RUozQ3FfaWdVUm9TbTlKYXMyNnhnWV9nRUZMMjJIX0M4N1lSbUZDUXRBWXFWeDFWQWlfZ083WFBxdjZaMUZYQ2RvSll0S1Q3dUthR0NUVjF1OXl0S3RHcXRUN2JRaURiTk1XLWlxdmQ?oc=5,CBMiwwFBVV95cUxQOG9qVFM0dktkT2xBUnlEUGpGRGM4cUl5NTdMNUhlTlY1Sml6bnBHQ0RWanlYSkdHbFFwS3NSeGV4Y2dIWlN4dW9LbXFhU04xZV9xdnctR1JLWlYwQktieHVsd1A0M2tMUWlzME1aR0d6S0doLXBfQkVvZTBYV1B1bEktY3dxb0R5MExrZmx3QWVHVV9xcU5nYXMybWxZZGFYOW1vbV9EclNvc3lQb3dKa2JGSG5fSkE2alFpWGRuMC1tMGfSAcgBQVVfeXFMUEpDVlE4am42V0EzNHdqb1p6NVZTZnRMZlRoX252eFFOT3VBbHhPZVd1RDZqdmNhTk1hN2doVW1fWjgyeEtvYWhocGxsdVFweXg5b1hmbGtNbVRNSlpzSUY5RUozQ3FfaWdVUm9TbTlKYXMyNnhnWV9nRUZMMjJIX0M4N1lSbUZDUXRBWXFWeDFWQWlfZ083WFBxdjZaMUZYQ2RvSll0S1Q3dUthR0NUVjF1OXl0S3RHcXRUN2JRaURiTk1XLWlxdmQ
ASIANPAINT.NS,"Wed, 29 Jul 2026 07:00:00 GMT","Asian Paints Q1 Results: Net profit surges 40% YoY to Rs 1,539 crore - The Economic Times",The Economic Times,https://news.google.com/rss/articles/CBMi2wFBVV95cUxNdFR0VDVmWjA2WnhJVkVCZXhEQXFZY1FFS2FvS0U0aGJNSUhWTWllTFJFVjktOGx3Z3I4WUZtNVd0LXZLZHBmc003d1Z5RFl5QzJUcERLU2VvYmxpaDNUeWxHQWlPVzJRZnJ1ZXh3QXFKRjhnSlYwa2I3ZHZ4N0ZZaGZBcWtCcVR0dVNHZlo4dm9CcGc2cWN0LVN1NklUMXJwTzQxeXQ3eWJGbWYzSTMyaFJwNzVBOUN2c0FBMUFJa1JQN3dMMENRbU9BbUpDUTFoOWhOZUVJMU56Q1nSAeABQVVfeXFMTmFuMmp4Rl9KcWFmYkZ0OVhSV0tiV1E1SzVxa0ZYenBDRWxoY1YxN0V0eHFCbWtGN1o4bXlyMkszZFBmTXF1Q2FxNFJscC1GR0FJaDRzNmVBRzlFeE5HVGZlZ0cyNkJpNjdzOTM2VkZ4T1U5MnVPTDFZZG1OZ0ttWUlBOFRVOHBpMWwxSUhOTHU0c1RHUFZnSFRFX1pPR0t0elR1bUF4X1JNZE1jNkVXT1VpcTJCOVNWZV9pd05iTm1TRTZMcnZOaW9UUWNtTzZyZXFMeFdVbk9BUnZXcVZoM0E?oc=5,CBMi2wFBVV95cUxNdFR0VDVmWjA2WnhJVkVCZXhEQXFZY1FFS2FvS0U0aGJNSUhWTWllTFJFVjktOGx3Z3I4WUZtNVd0LXZLZHBmc003d1Z5RFl5QzJUcERLU2VvYmxpaDNUeWxHQWlPVzJRZnJ1ZXh3QXFKRjhnSlYwa2I3ZHZ4N0ZZaGZBcWtCcVR0dVNHZlo4dm9CcGc2cWN0LVN1NklUMXJwTzQxeXQ3eWJGbWYzSTMyaFJwNzVBOUN2c0FBMUFJa1JQN3dMMENRbU9BbUpDUTFoOWhOZUVJMU56Q1nSAeABQVVfeXFMTmFuMmp4Rl9KcWFmYkZ0OVhSV0tiV1E1SzVxa0ZYenBDRWxoY1YxN0V0eHFCbWtGN1o4bXlyMkszZFBmTXF1Q2FxNFJscC1GR0FJaDRzNmVBRzlFeE5HVGZlZ0cyNkJpNjdzOTM2VkZ4T1U5MnVPTDFZZG1OZ0ttWUlBOFRVOHBpMWwxSUhOTHU0c1RHUFZnSFRFX1pPR0t0elR1bUF4X1JNZE1jNkVXT1VpcTJCOVNWZV9pd05iTm1TRTZMcnZOaW9UUWNtTzZyZXFMeFdVbk9BUnZXcVZoM0E
ASIANPAINT.NS,"Wed, 29 Jul 2026 07:00:00 GMT","Asian Paints Q1 result: Net profit surges to ₹1,539 crore, revenue up 18% - Business Standard",Business Standard,https://news.google.com/rss/articles/CBMi5gFBVV95cUxQTEhhcko4YzVEVURGUUhOenFpTGZTV3VFVUNqdjJWS3hodTFvaXdEVTFmVkpfRVF6UlFvdU1KNHFjYnliRjBMVk0yVTQ2X2dHRmhvTTc4eG1ldkxQQU15Z25xMnd2bVFfTWhMc25uaUY1LVhUZ1J2WGRyLW9EenJsSy1FSjdTejZfUmxRdzNpYjFjc296RFMwYUpmd2lXV1R4NkYwZTlXT2VpelVFbDBhTE45NkExakQ1VWhfNThXbktfdERMVngyT1NteDc0ZTZoMllxWm9DY182SXNkZDZwUml3VEtrZ9IB6wFBVV95cUxQZmFiNUVHNUZLaUJtZkVDbVNCbmo0cHk2akMtcko4SGw0QjU2YmV2MXVIMEJKSHU0ZEZsWEpaOS0tc29Kb3dIZDlmOXpJY183ZXRjQWZ0UmRzMXg1SGo0SU9Db0VYbHZVeGZXZmNhSE9WRGVLSzNZZlFIOFBRWFgyVjFMRS1jd1dKNldqRGZKdE85S2FzWDVhbEpJbE5iZ2FlLWlyY0dzNEhTYTV0S3YxR1FQLXRDTlZ3ZGR2QXloVTRjemJKbUI2QVVpNnZkakU0V2lyY0ZzNC1vcHBrNU5BeVBLVU51ZmtfdVB3?oc=5,CBMi5gFBVV95cUxQTEhhcko4YzVEVURGUUhOenFpTGZTV3VFVUNqdjJWS3hodTFvaXdEVTFmVkpfRVF6UlFvdU1KNHFjYnliRjBMVk0yVTQ2X2dHRmhvTTc4eG1ldkxQQU15Z25xMnd2bVFfTWhMc25uaUY1LVhUZ1J2WGRyLW9EenJsSy1FSjdTejZfUmxRdzNpYjFjc296RFMwYUpmd2lXV1R4NkYwZTlXT2VpelVFbDBhTE45NkExakQ1VWhfNThXbktfdERMVngyT1NteDc0ZTZoMllxWm9DY182SXNkZDZwUml3VEtrZ9IB6wFBVV95cUxQZmFiNUVHNUZLaUJtZkVDbVNCbmo0cHk2akMtcko4SGw0QjU2YmV2MXVIMEJKSHU0ZEZsWEpaOS0tc29Kb3dIZDlmOXpJY183ZXRjQWZ0UmRzMXg1SGo0SU9Db0VYbHZVeGZXZmNhSE9WRGVLSzNZZlFIOFBRWFgyVjFMRS1jd1dKNldqRGZKdE85S2FzWDVhbEpJbE5iZ2FlLWlyY0dzNEhTYTV0S3YxR1FQLXRDTlZ3ZGR2QXloVTRjemJKbUI2QVVpNnZkakU0V2lyY0ZzNC1vcHBrNU5BeVBLVU51ZmtfdVB3
ASIANPAINT.NS,"Fri, 29 May 2026 07:00:00 GMT",India's Asian Paints beats quarterly profit view on decorative business boost - Yahoo Finance Singapore,Yahoo Finance Singapore,https://news.google.com/rss/articles/CBMijAFBVV95cUxQMEVZc2U3Wm9TbTlUQUhfWGtkamJrRHJpTV8zRDNtZzh1dHBLcWZRSzBZNWIxR3FsdlBvQy0wTTlXQWZYYmFJYkJJMUhZdkJaeHBVY2dFOUV3OXNGSVhyaE8zRmt4d1dPV0dSeFVGVWo5STZtaUthY1czRW5VcUZCTjZuSWU2ZlFsNlBrZg?oc=5,CBMijAFBVV95cUxQMEVZc2U3Wm9TbTlUQUhfWGtkamJrRHJpTV8zRDNtZzh1dHBLcWZRSzBZNWIxR3FsdlBvQy0wTTlXQWZYYmFJYkJJMUhZdkJaeHBVY2dFOUV3OXNGSVhyaE8zRmt4d1dPV0dSeFVGVWo5STZtaUthY1czRW5VcUZCTjZuSWU2ZlFsNlBrZg
ASIANPAINT.NS,"Thu, 13 Aug 2026 07:00:00 GMT","Asian Paints vs Berger Paints India: Share Price, PE and ROE Compared - Univest",Univest,https://news.google.com/rss/articles/CBMibEFVX3lxTE4zRS03Q0JCdURGa3ZONGE4WmpJSXJVd1o5TUdxWFAwXzZfajdaNEU3THUyTG90aEFWOGdqQlBIb2I1TWdGaFpiMWlHSW92TUt1NURSMG9tcW9MdlZtUTlqSFFYaTd0S2NRUTJpVA?oc=5,CBMibEFVX3lxTE4zRS03Q0JCdURGa3ZONGE4WmpJSXJVd1o5TUdxWFAwXzZfajdaNEU3THUyTG90aEFWOGdqQlBIb2I1TWdGaFpiMWlHSW92TUt1NURSMG9tcW9MdlZtUTlqSFFYaTd0S2NRUTJpVA
ASIANPAINT.NS,"Wed, 29 Jul 2026 07:00:00 GMT","Asian Paints Q1 Results: Stock jumps 5% after strong earnings beat, volume growth of 9% - CNBC TV18",CNBC TV18,https://news.google.com/rss/articles/CBMizgFBVV95cUxQSXVJSmhjSXlBcTE5dnZDOU9rcFRmRF85QlhZWjFjQlRubWY0MGNVQXV2NlJOMExWMGxCX0tKbVlZVld2UTZmdmlyY0t5NzYxUTRlTzNwTFhKNFZCZUVGcldGM2p0eGVLZ0ZOdWZTY1JGU3NwdjJEYW5jM2VlUjZITXhabm9kRHg5Mm5GdXYzekRIRFVYMTFlcGpvbm5NdDBtR0pwRENURE9hd1VlQUVHOURmZlMybzFXcHNyQ09oX3BVM2ZNSXYtSkdLeWw2QdIB0wFBVV95cUxPVWFRS0VwTXVET3U1NnVhMFB0bjVBNkNLUlpPcURYaFhSTGduT29VLWVkZ0RUcU92eHRDaS1fRE5XWGRsUjg0aWY4M3BScDBYRl9CdTNoM0wwZl93U0ZkTjMxcUVzOXhpNXh0c05XaUJ0bkFVaHJKSjVpVkF5dWpuVEJ1bjVCc2VLOGRTQXp3dnYwaWx5bmloZGZYLWZhek5OZDFrREVVeEczZ2dLZDF5ZFcwMFpXRl9zSUF4czBEbEtTYXlNYS15NGREQjYyLUwybE1V?oc=5,CBMizgFBVV95cUxQSXVJSmhjSXlBcTE5dnZDOU9rcFRmRF85QlhZWjFjQlRubWY0MGNVQXV2NlJOMExWMGxCX0tKbVlZVld2UTZmdmlyY0t5NzYxUTRlTzNwTFhKNFZCZUVGcldGM2p0eGVLZ0ZOdWZTY1JGU3NwdjJEYW5jM2VlUjZITXhabm9kRHg5Mm5GdXYzekRIRFVYMTFlcGpvbm5NdDBtR0pwRENURE9hd1VlQUVHOURmZlMybzFXcHNyQ09oX3BVM2ZNSXYtSkdLeWw2QdIB0wFBVV95cUxPVWFRS0VwTXVET3U1NnVhMFB0bjVBNkNLUlpPcURYaFhSTGduT29VLWVkZ0RUcU92eHRDaS1fRE5XWGRsUjg0aWY4M3BScDBYRl9CdTNoM0wwZl93U0ZkTjMxcUVzOXhpNXh0c05XaUJ0bkFVaHJKSjVpVkF5dWpuVEJ1bjVCc2VLOGRTQXp3dnYwaWx5bmloZGZYLWZhek5OZDFrREVVeEczZ2dLZDF5ZFcwMFpXRl9zSUF4czBEbEtTYXlNYS15NGREQjYyLUwybE1V
ASIANPAINT.NS,"Wed, 29 Jul 2026 07:00:00 GMT",India's Largest Paint Company Reports 40% YoY Growth in Q1 Profit; International Business Surges 27%; Check Details - Dalal Street Investment Journal,Dalal Street Investment Journal,https://news.google.com/rss/articles/CBMi6AFBVV95cUxOQXF6LXJfeG5KTzVoQ2xWY1dOMEZhcWFLcXppeTVDV1I1LU5yUDVkWkIwdHpNZ2FZaHhGM0MtR0RjaWNLNmJMSVk2M0lYalJkLXdZQlZHSHhUdjVfa1hzY1hQYzJxTDgyX0ZyN3BQQkhzeWI1LXdvMm4wRUU3R0hXWXV5WDd1bjRRYWZ4QjNwSHN1RFpmVXYyUkttRWkwVXFkVUNHS01hb3VhTE9hWWNnTk90WEk0cDAxNEJ4SGFTSVk0QndVTWE0eFI1WWExWUR5STlnTXBiTWdsVjkyTnVnQlF6RUpXQmZK?oc=5,CBMi6AFBVV95cUxOQXF6LXJfeG5KTzVoQ2xWY1dOMEZhcWFLcXppeTVDV1I1LU5yUDVkWkIwdHpNZ2FZaHhGM0MtR0RjaWNLNmJMSVk2M0lYalJkLXdZQlZHSHhUdjVfa1hzY1hQYzJxTDgyX0ZyN3BQQkhzeWI1LXdvMm4wRUU3R0hXWXV5WDd1bjRRYWZ4QjNwSHN1RFpmVXYyUkttRWkwVXFkVUNHS01hb3VhTE9hWWNnTk90WEk0cDAxNEJ4SGFTSVk0QndVTWE0eFI1WWExWUR5STlnTXBiTWdsVjkyTnVnQlF6RUpXQmZK
ASIANPAINT.NS,"Wed, 29 Jul 2026 07:00:00 GMT","Asian Paints Q1 Results FY27: Net Profit Jumps 40% To Rs 1,539 Crore; Revenue Rises 18% - Goodreturns",Goodreturns,https://news.google.com/rss/articles/CBMixwFBVV95cUxQWmN0ZUJhRDdhNnJwVHFqdTRlT3oyMGpJTllWZ2tVZGVHTUlTZ0dTZE1PMUtIdkxYcG93SGl4bU9IVTVRbjVybGRucGZrMlRfMm5NcXMxUldNblRuZUdYVm5VX1BuR1Q3LWxtRno0aHQ3UlQ5aHdpR1NMbEhmOHhpcVFaS3pWV2NOVFIxdktJWkVhNEFFM1pfdmVmclB3cWI3UlFWdDZWTXpLMXl1OE1zY1pMdnVhVEtvZThlcFJEOElCeURkeFFz?oc=5,CBMixwFBVV95cUxQWmN0ZUJhRDdhNnJwVHFqdTRlT3oyMGpJTllWZ2tVZGVHTUlTZ0dTZE1PMUtIdkxYcG93SGl4bU9IVTVRbjVybGRucGZrMlRfMm5NcXMxUldNblRuZUdYVm5VX1BuR1Q3LWxtRno0aHQ3UlQ5aHdpR1NMbEhmOHhpcVFaS3pWV2NOVFIxdktJWkVhNEFFM1pfdmVmclB3cWI3UlFWdDZWTXpLMXl1OE1zY1pMdnVhVEtvZThlcFJEOElCeURkeFFz
ASIANPAINT.NS,"Fri, 29 May 2026 07:00:00 GMT",Asian Paints Q4 results: Net profit rises 69% YoY; board recommends final dividend of ₹23 per share for FY26 - Upstox,Upstox,https://news.google.com/rss/articles/CBMiqgJBVV95cUxONzNOZUpUaUFhUDlWd0hUR0JOOW8wUGdaMnJ3cHczMFFtWF9EUUhiU2VNMWVlQmFneG42aHdpR1BQdTRIdDd0N2RaX3AtbERTVHZXaHA0S3hVT3NnbFRuQ3NuYzFGc2pyLXN1NTNkaXFWQTdjR0ZmVnQ0akdCNVREX2RyY0psWHVac3B5bHdTS19iaEZHYktUQ3JJQjNhNEJxMXhYSjJGY181ZENMYVdpeE4yeERaekx4eDh2bHFjQ0NXS1dfelRqYmhCQU84bWNHV1J6eWxzTzZHVmlqQmI4ZExycDYwU0d5cFN6UTFmUmNYVkJFT3FiMW1UNEJsT2RINHo1N085ejJ0QzBlVG5WbVE0aUhxMFJsSDYwakhIcVBEQlFTSnNPNTln?oc=5,CBMiqgJBVV95cUxONzNOZUpUaUFhUDlWd0hUR0JOOW8wUGdaMnJ3cHczMFFtWF9EUUhiU2VNMWVlQmFneG42aHdpR1BQdTRIdDd0N2RaX3AtbERTVHZXaHA0S3hVT3NnbFRuQ3NuYzFGc2pyLXN1NTNkaXFWQTdjR0ZmVnQ0akdCNVREX2RyY0psWHVac3B5bHdTS19iaEZHYktUQ3JJQjNhNEJxMXhYSjJGY181ZENMYVdpeE4yeERaekx4eDh2bHFjQ0NXS1dfelRqYmhCQU84bWNHV1J6eWxzTzZHVmlqQmI4ZExycDYwU0d5cFN6UTFmUmNYVkJFT3FiMW1UNEJsT2RINHo1N085ejJ0QzBlVG5WbVE0aUhxMFJsSDYwakhIcVBEQlFTSnNPNTln
ASIANPAINT.NS,"Wed, 29 Jul 2026 07:00:00 GMT",Q1 results 2026: Adani Enterprises to Asian Paints among companies to declare Q1 results today; full list here - Livemint,Livemint,https://news.google.com/rss/articles/CBMiigJBVV95cUxQdGlhb0RUeFN6cG1Ra3F5SU5NZ0pZd3poa3NJVmJzb1lRV0wxU0RTMnhQNnpqNHU0UVRQMHpKTHpDTVNReDIxZjIzVklYSnFMM2t3cFJMQnZtc0lBblpmRzdVVDl2Y1JyLVVtcnlTekRjbWNjRWg3eGdSNGFiQ2x3cE5wak5xdnM0UEI5SjNBdFRzb2tZLWw5RTNiSmhEU3VZWmhqaXpGVFBra1pzcUdSQ1JFaDlhOElJV3FCeV9hVXFhenhfYndUNVVFM2dNRnowS1pYZnlESTNpdm55YmdYUTQ4THVUX0tmZTdUYTktS21CLXhEQ3V0LXpkRTdkY1ViYzE3Z3hXbEVuUdIBjwJBVV95cUxQV01vZTdDVFNoRExZMV9aZVJlbU9LaDVvR3hnb1pQLXFMMlY4cUxNUHhlXzF1b19sa2poODlHWVk4UzFEZlREd0FQNV9UY19wZjdwSDZoYUdoOHJXSU5ibk5ZZ2oySlpqMjZjYU1vVnhCVTVSckdPNl9XUWZDejI5UTNvam1Hb0dWR3RKNENZODh5djVzRElzUTFMVTRVQ2YxeE4zM1Jlek5aMmRUSkxrNHBnMXduUERlRzd3QXp2YUgycURteWhDMTViS1hQUUkwUkVrRHNEdXFGYlJvSU9vMVZLNU1RckZoYXVlLUhHVWktaGpvVXVnRGVkYlZrVGJFalU1eC00T1RXZWZSZjdR?oc=5,CBMiigJBVV95cUxQdGlhb0RUeFN6cG1Ra3F5SU5NZ0pZd3poa3NJVmJzb1lRV0wxU0RTMnhQNnpqNHU0UVRQMHpKTHpDTVNReDIxZjIzVklYSnFMM2t3cFJMQnZtc0lBblpmRzdVVDl2Y1JyLVVtcnlTekRjbWNjRWg3eGdSNGFiQ2x3cE5wak5xdnM0UEI5SjNBdFRzb2tZLWw5RTNiSmhEU3VZWmhqaXpGVFBra1pzcUdSQ1JFaDlhOElJV3FCeV9hVXFhenhfYndUNVVFM2dNRnowS1pYZnlESTNpdm55YmdYUTQ4THVUX0tmZTdUYTktS21CLXhEQ3V0LXpkRTdkY1ViYzE3Z3hXbEVuUdIBjwJBVV95cUxQV01vZTdDVFNoRExZMV9aZVJlbU9LaDVvR3hnb1pQLXFMMlY4cUxNUHhlXzF1b19sa2poODlHWVk4UzFEZlREd0FQNV9UY19wZjdwSDZoYUdoOHJXSU5ibk5ZZ2oySlpqMjZjYU1vVnhCVTVSckdPNl9XUWZDejI5UTNvam1Hb0dWR3RKNENZODh5djVzRElzUTFMVTRVQ2YxeE4zM1Jlek5aMmRUSkxrNHBnMXduUERlRzd3QXp2YUgycURteWhDMTViS1hQUUkwUkVrRHNEdXFGYlJvSU9vMVZLNU1RckZoYXVlLUhHVWktaGpvVXVnRGVkYlZrVGJFalU1eC00T1RXZWZSZjdR
ASIANPAINT.NS,"Fri, 29 May 2026 07:00:00 GMT","Asian Paints Q4 Results: Net profit surges 69% YoY to Rs 1,172 crore, revenue rises 11% - The Economic Times",The Economic Times,https://news.google.com/rss/articles/CBMi8gFBVV95cUxONHBkbkVQLUxBREkzcGdwZHRkUnVuV2oyaGszREtEUmhfTUF1MWQ2T19hamU0b2pMbDVPUGZKTUxEV0lvV2kxSjE1TGRmajhjSHgtZ0RENWxFUjEwbnhSOHVpZUZsZTRFWGxSQUNVcjJFVlRzMnlYc2F6OW5IQ1BneEhXbFZpc3NUTUFPdzV2dnc3b19ncDNSc01DSVpKSV9QTmE1QXkyTnVOM1lxRXdnVUhGMmJENnBxSkZLb1NqamN3dC0tQWJEMVd1WXV0WjBDSC1XdlM1Q3hTRVkxLXViLS1WTHNjSnhJcmpTeXB3SGV1QdIB9wFBVV95cUxPM0hCSTdoTWRaRmRLTVdyaDB4QkYwVTRHOXZFUXpkdHIzaVlWaGJUaHo2NzBmR0VoU1c4aEttelZKTTA2UzIxMHV6Sl9hQ3RLQlpaU083c3BlYldMWV8wYThQRGNDend2cTBNLTBtZnJidGRTa0FrOVdaOHRUbE9HTE9aSnlKUExpTGE3RE94dHRJWjJmM2hBaGtEMnVhZkE2dktrZk1wYTRMUWxYOU5JQl9iS0MzeXh3VGx3Mk1ReTNFYXpuZTRabmduOWR3Z3YwdVp6SU9Gb3l3aU92c3FOd0kzX3JFRnRrOUFKZ2tWQ1ZxMW9VSXZF?oc=5,CBMi8gFBVV95cUxONHBkbkVQLUxBREkzcGdwZHRkUnVuV2oyaGszREtEUmhfTUF1MWQ2T19hamU0b2pMbDVPUGZKTUxEV0lvV2kxSjE1TGRmajhjSHgtZ0RENWxFUjEwbnhSOHVpZUZsZTRFWGxSQUNVcjJFVlRzMnlYc2F6OW5IQ1BneEhXbFZpc3NUTUFPdzV2dnc3b19ncDNSc01DSVpKSV9QTmE1QXkyTnVOM1lxRXdnVUhGMmJENnBxSkZLb1NqamN3dC0tQWJEMVd1WXV0WjBDSC1XdlM1Q3hTRVkxLXViLS1WTHNjSnhJcmpTeXB3SGV1QdIB9wFBVV95cUxPM0hCSTdoTWRaRmRLTVdyaDB4QkYwVTRHOXZFUXpkdHIzaVlWaGJUaHo2NzBmR0VoU1c4aEttelZKTTA2UzIxMHV6Sl9hQ3RLQlpaU083c3BlYldMWV8wYThQRGNDend2cTBNLTBtZnJidGRTa0FrOVdaOHRUbE9HTE9aSnlKUExpTGE3RE94dHRJWjJmM2hBaGtEMnVhZkE2dktrZk1wYTRMUWxYOU5JQl9iS0MzeXh3VGx3Mk1ReTNFYXpuZTRabmduOWR3Z3YwdVp6SU9Gb3l3aU92c3FOd0kzX3JFRnRrOUFKZ2tWQ1ZxMW9VSXZF
ASIANPAINT.NS,"Fri, 29 May 2026 07:00:00 GMT","Asian Paints Q4FY26 profit jumps 69.3% on strong demand, margin expansion - Business Standard",Business Standard,https://news.google.com/rss/articles/CBMi6AFBVV95cUxPcVFmT2diVkE4c1ktbVZ1eXhpak9BTGE4eHdwYkdVeGhqTmR2bkk2MmVjdFdPUlB5b2lrTTZsQ0VRTlctczNES28xem51RFpKbVBPa3NkRVJPcjdXd3hnYTNHRXJ1aTM2Z1F1WFB1TlFZUnpxd3M0UGhhUWZJeS1kUlV4YlFLbnNMYWNCMHJ2QkFVdm1LNERqTUF4TmdKaFhmN05KUWk1Nk01WTU5Nm1lVVRNcVNJOFFfWWZGS2N2Ti1BTmhneXgtWnNfc2JkZ3k4SmJhLVZlLTVFb1hJZW9GR1haZHV1MzJu0gHuAUFVX3lxTE1EUm4zQ1ZNLWFhSHpqYnNkd2U5bzV4LVJRYnpTYjJHOWJPV29BQ3NEUFp1LXd4LTZ1RFBzSk5uUFFmTjd4RXFjZEhrVmlWbER4U0VZQXFkaDBBLURLS0NZdzM4ZjY1NlhOclBfVEZ3aU00OVNSeHdKS2N6SGxUVlNwdnlKLS12NFJTV2YwU21rT2E1a2xGLUZpUmRUWjhsVkxvb2FVaXJTV0wxMV92RUg4bVhzbUNQMjVjTk4zVm5WNkppYlhBcHFOSVJDMDJ4SDctbXppektqUjNSWEh2cXdFQnBVWUpZb1NvS0J2RkE?oc=5,CBMi6AFBVV95cUxPcVFmT2diVkE4c1ktbVZ1eXhpak9BTGE4eHdwYkdVeGhqTmR2bkk2MmVjdFdPUlB5b2lrTTZsQ0VRTlctczNES28xem51RFpKbVBPa3NkRVJPcjdXd3hnYTNHRXJ1aTM2Z1F1WFB1TlFZUnpxd3M0UGhhUWZJeS1kUlV4YlFLbnNMYWNCMHJ2QkFVdm1LNERqTUF4TmdKaFhmN05KUWk1Nk01WTU5Nm1lVVRNcVNJOFFfWWZGS2N2Ti1BTmhneXgtWnNfc2JkZ3k4SmJhLVZlLTVFb1hJZW9GR1haZHV1MzJu0gHuAUFVX3lxTE1EUm4zQ1ZNLWFhSHpqYnNkd2U5bzV4LVJRYnpTYjJHOWJPV29BQ3NEUFp1LXd4LTZ1RFBzSk5uUFFmTjd4RXFjZEhrVmlWbER4U0VZQXFkaDBBLURLS0NZdzM4ZjY1NlhOclBfVEZ3aU00OVNSeHdKS2N6SGxUVlNwdnlKLS12NFJTV2YwU21rT2E1a2xGLUZpUmRUWjhsVkxvb2FVaXJTV0wxMV92RUg4bVhzbUNQMjVjTk4zVm5WNkppYlhBcHFOSVJDMDJ4SDctbXppektqUjNSWEh2cXdFQnBVWUpZb1NvS0J2RkE
ASIANPAINT.NS,"Tue, 28 Jul 2026 07:00:00 GMT",Pidilite Industries vs Asian Paints: Full Stock Comparison - Univest,Univest,https://news.google.com/rss/articles/CBMie0FVX3lxTE1najJ1di1ubS1WQmI2VGFxTzVsV2ZHNTZ2V3BKNk0xaTRxM0p6bzcwczJwVjZtWmpxdGYzbFkyNmV6OUh3V3hlTnpvTUZNM3B4MEJudTAyY1VNYkZyUWw0eTc5Wk1rRjA5REJRN1A0dXRDZDFBQkx3RkNxNA?oc=5,CBMie0FVX3lxTE1najJ1di1ubS1WQmI2VGFxTzVsV2ZHNTZ2V3BKNk0xaTRxM0p6bzcwczJwVjZtWmpxdGYzbFkyNmV6OUh3V3hlTnpvTUZNM3B4MEJudTAyY1VNYkZyUWw0eTc5Wk1rRjA5REJRN1A0dXRDZDFBQkx3RkNxNA
WIPRO.NS,"Thu, 16 Apr 2026 12:22:39 GMT",Wipro Announces Financial Results for Q4 and Full Year FY26 - Wipro,Wipro,https://news.google.com/rss/articles/CBMivAFBVV95cUxPdDFGeXRnUXFRZURJSE5zMUd6WndTcEJsa19PVEZ6WmUxcjJyV1YwT0VNLTFWVExGT1h3YmpyYW82ZFVYMkRsd0o5amxNVk02b0FqWkdPcnBTWEdQQzhoYWd2LUxpMzVoUzJsbElmQTFpckRteUhRd1Q3LVlBVlhRMHV4bmdXVTNtTlM3Szc1T1QwWE91aGp3b0NHTnhaazdzQUpTWUs2SkNxUERsZ0hnX0pRUnVHUVhJLU0xUw?oc=5,CBMivAFBVV95cUxPdDFGeXRnUXFRZURJSE5zMUd6WndTcEJsa19PVEZ6WmUxcjJyV1YwT0VNLTFWVExGT1h3YmpyYW82ZFVYMkRsd0o5amxNVk02b0FqWkdPcnBTWEdQQzhoYWd2LUxpMzVoUzJsbElmQTFpckRteUhRd1Q3LVlBVlhRMHV4bmdXVTNtTlM3Szc1T1QwWE91aGp3b0NHTnhaazdzQUpTWUs2SkNxUERsZ0hnX0pRUnVHUVhJLU0xUw
WIPRO.NS,"Thu, 16 Jul 2026 07:00:00 GMT","Wipro Q1 Results: Profit rises 1%, revenue up 11%; declares Rs 2 interim dividend - indiatoday.in",indiatoday.in,https://news.google.com/rss/articles/CBMisgFBVV95cUxOSDNKNTJ4VHM5M1k4M0J5bThmMzdqekxjWVBtdFd3eUNGbGx5aVBBcHZzaUNua1F2YVBreWNyRmZRMXVvUkowYkRrTnhpRllUZnUtU0pBWXRzNGlNN19RdXYzX3U5UkdRQmpaTGJudGs5eGFaU1FJaGp5cmhFR0ctVWFDa0xHZjQwb0xFMTFaVFJJZ3Q4UWVhMnZTUU9QMlRTVmxnUjNadks4LVVSS1lvYlhB0gG3AUFVX3lxTFB3bXd4NjVNVnZMWnhjV0hidlk5X2k3ZmUtbFExcHRfNTdYVzdBZnd4ejhyeXBsRHVkbmNBWGNtTXREYTJCQm5RRUZzeGQ0YndxSkdXaGdBOS1OSTBoNmNJQjVfNTNfTG1MYVRtdjUyS19OX2I2S2d1eDFoN3JIUllzNGM5a2RmTmZlUXpudGREQ1R5bkxwNGp5akhMaS0xVUFhX2twbERJTkdnb0Z1dk9BWG5seXBNUQ?oc=5,CBMisgFBVV95cUxOSDNKNTJ4VHM5M1k4M0J5bThmMzdqekxjWVBtdFd3eUNGbGx5aVBBcHZzaUNua1F2YVBreWNyRmZRMXVvUkowYkRrTnhpRllUZnUtU0pBWXRzNGlNN19RdXYzX3U5UkdRQmpaTGJudGs5eGFaU1FJaGp5cmhFR0ctVWFDa0xHZjQwb0xFMTFaVFJJZ3Q4UWVhMnZTUU9QMlRTVmxnUjNadks4LVVSS1lvYlhB0gG3AUFVX3lxTFB3bXd4NjVNVnZMWnhjV0hidlk5X2k3ZmUtbFExcHRfNTdYVzdBZnd4ejhyeXBsRHVkbmNBWGNtTXREYTJCQm5RRUZzeGQ0YndxSkdXaGdBOS1OSTBoNmNJQjVfNTNfTG1MYVRtdjUyS19OX2I2S2d1eDFoN3JIUllzNGM5a2RmTmZlUXpudGREQ1R5bkxwNGp5akhMaS0xVUFhX2twbERJTkdnb0Z1dk9BWG5seXBNUQ
WIPRO.NS,"Thu, 16 Jul 2026 07:00:00 GMT","Wipro Announces Results for the Quarter Ended June 30, 2026 - Business Wire",Business Wire,https://news.google.com/rss/articles/CBMitgFBVV95cUxPZWNwZVVKWGlrVHoxWllFTnlrTWxsUC1JbmdJUnFtcExMYXpIb2tzSVBHMlhxaVQ1LWVkeVdfbzBQUENwN05QUmVmeU1RVlJ3WHpBRzdVYk51LVZOaWxDc09mWk1vcGZ2TVpIRFR4anVVbDJzVG0xZmM0Zm0yWmlxMTU3WDdzM2xpR1V4elFLeXBhczhrZUVFcTl3c24zLTJqaGlQRnF2MHRPT09ucWhDREktRF8zUQ?oc=5,CBMitgFBVV95cUxPZWNwZVVKWGlrVHoxWllFTnlrTWxsUC1JbmdJUnFtcExMYXpIb2tzSVBHMlhxaVQ1LWVkeVdfbzBQUENwN05QUmVmeU1RVlJ3WHpBRzdVYk51LVZOaWxDc09mWk1vcGZ2TVpIRFR4anVVbDJzVG0xZmM0Zm0yWmlxMTU3WDdzM2xpR1V4elFLeXBhczhrZUVFcTl3c24zLTJqaGlQRnF2MHRPT09ucWhDREktRF8zUQ
WIPRO.NS,"Thu, 16 Jul 2026 07:00:00 GMT","Wipro Q1 net profit nearly flat at ₹3,325 crore; revenue rises 10.6% - Business Standard",Business Standard,https://news.google.com/rss/articles/CBMixAFBVV95cUxNZEpVYzVIaVB2RGFSUlR0SG5oM3B1akRVTTFjQlVTX3F5WHNrSzk0QmhWdjY1TmF3UlkzaEttYjBZemRZWmlwXzRQaTJqc1BUZHVidm1zVnJVOHNOd1F1SF9YeFJmNFlCRHBpdElxaC1tdEVNMkJybS1fSXBZbUs0ZDBRZWNDak9OLXlEYk43N2hFOURpbUhjdFlWXzBneXdPU0VMOGhLb2h5ZEswVjZFb1ZGN0taY1FDRGRXTFpiM09iVWtl0gHKAUFVX3lxTFBoeXlIQjJKbk1odlh0ekdWLVVTSWZrU19qLWNZZS03YmJXSlhJcHRQUXdmR0Frb0t5bTQ0cm1IT3d2UjM1TXFkNG5YT3VtSWVlRkxGczRNSFk0TlB4SlBYUXFqLWVFR2NFMjY3RDF0N2tQb2t6SFRKRVJrNG5YckNwMTFqMzhWQS1pNURxUld3ekhDakFVRDVZZzBnXzFLQ2xtS19hTWsyVVpnMjQtT0R5TVZEc0RoLW5rek9uTGhjY2pUMW94QTlRcGc?oc=5,CBMixAFBVV95cUxNZEpVYzVIaVB2RGFSUlR0SG5oM3B1akRVTTFjQlVTX3F5WHNrSzk0QmhWdjY1TmF3UlkzaEttYjBZemRZWmlwXzRQaTJqc1BUZHVidm1zVnJVOHNOd1F1SF9YeFJmNFlCRHBpdElxaC1tdEVNMkJybS1fSXBZbUs0ZDBRZWNDak9OLXlEYk43N2hFOURpbUhjdFlWXzBneXdPU0VMOGhLb2h5ZEswVjZFb1ZGN0taY1FDRGRXTFpiM09iVWtl0gHKAUFVX3lxTFBoeXlIQjJKbk1odlh0ekdWLVVTSWZrU19qLWNZZS03YmJXSlhJcHRQUXdmR0Frb0t5bTQ0cm1IT3d2UjM1TXFkNG5YT3VtSWVlRkxGczRNSFk0TlB4SlBYUXFqLWVFR2NFMjY3RDF0N2tQb2t6SFRKRVJrNG5YckNwMTFqMzhWQS1pNURxUld3ekhDakFVRDVZZzBnXzFLQ2xtS19hTWsyVVpnMjQtT0R5TVZEc0RoLW5rek9uTGhjY2pUMW94QTlRcGc
WIPRO.NS,"Thu, 16 Apr 2026 07:00:00 GMT",LIVE | Wipro Q4 results: Profit drops 1.89% on yearly basis | Earnings under pressure - The Economic Times,The Economic Times,https://news.google.com/rss/articles/CBMi5gFBVV95cUxPenJCU2lPOXRWc1p6ZHdIX3BVSnlOb2xqQS1YQXBIM2NLWWdCUTgtTGtON01wYk5WWDlUMWIzckt6d0VvUHEyTHFJM1lBT1liOE9tdndMMW8zX1RVcmM4ZTYyUEpnS0Z5Zl82QWIzYTE5MUlKSGF5QkxqWndYM3BfNTdFMHpQOUhFWTlHUnQ0b3phRDBUOE85RW0tU0k3aVhmRHZPZUlMU3RiTWRXNlVyOWpETXZRcHA0WjM4QUdkTV9HLTQweTZtVnhOdXBkUmMzdHVNRlhVc1RmWHZNRmZQSDY4bXVDUdIB6wFBVV95cUxPeUhFbHZEOE5nNXRHdXo4VUl1VUdGdzNFS0Q4dEZ4SnVxLWhuTjRJQU5pQVBockFQZHQ4cjhPRDl0U0V6WXhSYmlwY25EN3Nzb3dPWG8wZlJXbGRIaVFtUV9DSVlVZEN5RWd3b01KTlBfMkV4OGpicW50dHp5TVZONllHX1k1dXY2ZjM2QkFlTF80aXR1a1lPR0drdW9ZVkhQQTFYUlNuMzQ1R3J5Z1BXNVRuU0xoakxoWnF5cjU3T25CTDhLNlJNbm14X3dvZlRfM18xWGNzQ3RvMXpYYTZ2WUhNYi13djdOT0ZF?oc=5,CBMi5gFBVV95cUxPenJCU2lPOXRWc1p6ZHdIX3BVSnlOb2xqQS1YQXBIM2NLWWdCUTgtTGtON01wYk5WWDlUMWIzckt6d0VvUHEyTHFJM1lBT1liOE9tdndMMW8zX1RVcmM4ZTYyUEpnS0Z5Zl82QWIzYTE5MUlKSGF5QkxqWndYM3BfNTdFMHpQOUhFWTlHUnQ0b3phRDBUOE85RW0tU0k3aVhmRHZPZUlMU3RiTWRXNlVyOWpETXZRcHA0WjM4QUdkTV9HLTQweTZtVnhOdXBkUmMzdHVNRlhVc1RmWHZNRmZQSDY4bXVDUdIB6wFBVV95cUxPeUhFbHZEOE5nNXRHdXo4VUl1VUdGdzNFS0Q4dEZ4SnVxLWhuTjRJQU5pQVBockFQZHQ4cjhPRDl0U0V6WXhSYmlwY25EN3Nzb3dPWG8wZlJXbGRIaVFtUV9DSVlVZEN5RWd3b01KTlBfMkV4OGpicW50dHp5TVZONllHX1k1dXY2ZjM2QkFlTF80aXR1a1lPR0drdW9ZVkhQQTFYUlNuMzQ1R3J5Z1BXNVRuU0xoakxoWnF5cjU3T25CTDhLNlJNbm14X3dvZlRfM18xWGNzQ3RvMXpYYTZ2WUhNYi13djdOT0ZF
WIPRO.NS,"Thu, 16 Jul 2026 07:00:00 GMT","Q1 results today: Wipro, BHEL, Tech Mahindra among 40 firms on July 16 - Business Standard",Business Standard,https://news.google.com/rss/articles/CBMi4wFBVV95cUxQY3U3WnFBc1h0bVZLNHFoTGl2UlIzN2sxM3JMTDRJZ0dfR2YzeTRpNndPYmZsaEVseEZQb2VtQUtPS0V3enktVUtwNTlGOS1STWNpOUVuN1VNSFRuMnVjTFFrODAzM181VUhBdnpya3hpSlNnbXo5SHdDbEVfZHNsREh4OUFrb0xwR09xdVBaVHhLRHVtYTRRN21lYWl2VTlTWnZyVVZmYy1XS1JnR2M1YzdhTW9rNFVHenBmbko2b2JsVk55czV5ZlhHWllsd05qdExYU1dCT0lqaFhYLWNFaVdGRdIB6AFBVV95cUxQakdWNmJVZ3FmUk1rUUhDYjd2eldRNTYyTW9UQnBLM0RzenBkTjZuSXNHeVR1RWQ0MXlzWnZuaGZGSWlCV29PSkpYaUt0dFhZQUlnZi0yZG9zZW1zejNaR1I1TFBuVTAtVTIxbkJGYWdIS2lkX0t0LWF5LTNEZlBWaE5Uc085dXlxaG10cFdBQ2xnZG13SU0zZ2ExcHZaUEJlU1puekNMR0FVV3Y4WFNmMGNqT003U2lvVTVuSlBUWHk5LWZIYkFMV2JmMFkybVBmZjI1aS1GSE9KTTc3aTdPVzF4c1F6c0lt?oc=5,CBMi4wFBVV95cUxQY3U3WnFBc1h0bVZLNHFoTGl2UlIzN2sxM3JMTDRJZ0dfR2YzeTRpNndPYmZsaEVseEZQb2VtQUtPS0V3enktVUtwNTlGOS1STWNpOUVuN1VNSFRuMnVjTFFrODAzM181VUhBdnpya3hpSlNnbXo5SHdDbEVfZHNsREh4OUFrb0xwR09xdVBaVHhLRHVtYTRRN21lYWl2VTlTWnZyVVZmYy1XS1JnR2M1YzdhTW9rNFVHenBmbko2b2JsVk55czV5ZlhHWllsd05qdExYU1dCT0lqaFhYLWNFaVdGRdIB6AFBVV95cUxQakdWNmJVZ3FmUk1rUUhDYjd2eldRNTYyTW9UQnBLM0RzenBkTjZuSXNHeVR1RWQ0MXlzWnZuaGZGSWlCV29PSkpYaUt0dFhZQUlnZi0yZG9zZW1zejNaR1I1TFBuVTAtVTIxbkJGYWdIS2lkX0t0LWF5LTNEZlBWaE5Uc085dXlxaG10cFdBQ2xnZG13SU0zZ2ExcHZaUEJlU1puekNMR0FVV3Y4WFNmMGNqT003U2lvVTVuSlBUWHk5LWZIYkFMV2JmMFkybVBmZjI1aS1GSE9KTTc3aTdPVzF4c1F6c0lt
WIPRO.NS,"Thu, 16 Apr 2026 07:00:00 GMT","IT Stocks Q4 Results Date: Key earnings schedule for Wipro, HCLTech, Infosys, Coforge - Full List - Moneycontrol.com",Moneycontrol.com,https://news.google.com/rss/articles/CBMitwJBVV95cUxPdkI3YmFEeXAxVGl2NnF5MWxxbUJxRDZmRUFjMV9vSEg1TDZ4WnJFdExUY0dYWUxsQzV4bWpVT1RlakRocUg1TnVMMEtaNmcxUkVuU3VqdlBQTXVWZUthWjhZR1RQY0RjTmZzNHQwc3RvaUN3Y0hFZFVQbG84azIyRkh2UGRPdkFCSmRyZkhjaldDNkh2WDJjSDAxeGxISWtHbFRXbDJUOGtXSE83S09nTnlSZVVyVDdYcVViVVhrUkhtckJTbklCQ3RHd3N5Ykl4RzdLRHktVjVWazlkX3FSd1FVRWdDaV9hUUdzaDY5NkRCZnFNTURkbzYtVDZRU19uQzJPeGRJVHl4bmJLN0VxbXhvR1ZqWTliZDN1dlloY3B2SDRkMlJKcThSaUIyY3VOX3NzYkMxSdIBvAJBVV95cUxNN09Sdkl0czc2cFozQ1d4a3N3bFNrTkwwQ3QzVWlwOXdvT21vQkgxY3NvTUp4SnhtRzlOajZoWmg5Z1RNUFBRZ09mQWVyakJTaWJackJGSEV0bks2SHBWY1dvb09VbGY3S0c1RUREdHFNWktCMGNPNGNkYnF1aHpkejVKTVVMS05NZFlfMlRrMWQzcWc2dE40Mm12Z3VydE84bERvc1RzVDBVV0t1dWpOcG9VZGc4TG5UVWtwd1I5RDdwNVdLbXFVX3VkOTgwTDRBMjE2YnJJbTktSk9PcWdiMHd6UTFobjFtWkc2bFl6VFd2VTJoajU3Mkhma3o2LWMwYjB2Qk9UTUNld1pSWkFiZTFpZ3FhQ3N6WWxxeXZaNmRFNDR3SnZZSVNqLUwwZXYtTk5ZMmY4T3V2Wk5O?oc=5,CBMitwJBVV95cUxPdkI3YmFEeXAxVGl2NnF5MWxxbUJxRDZmRUFjMV9vSEg1TDZ4WnJFdExUY0dYWUxsQzV4bWpVT1RlakRocUg1TnVMMEtaNmcxUkVuU3VqdlBQTXVWZUthWjhZR1RQY0RjTmZzNHQwc3RvaUN3Y0hFZFVQbG84azIyRkh2UGRPdkFCSmRyZkhjaldDNkh2WDJjSDAxeGxISWtHbFRXbDJUOGtXSE83S09nTnlSZVVyVDdYcVViVVhrUkhtckJTbklCQ3RHd3N5Ykl4RzdLRHktVjVWazlkX3FSd1FVRWdDaV9hUUdzaDY5NkRCZnFNTURkbzYtVDZRU19uQzJPeGRJVHl4bmJLN0VxbXhvR1ZqWTliZDN1dlloY3B2SDRkMlJKcThSaUIyY3VOX3NzYkMxSdIBvAJBVV95cUxNN09Sdkl0czc2cFozQ1d4a3N3bFNrTkwwQ3QzVWlwOXdvT21vQkgxY3NvTUp4SnhtRzlOajZoWmg5Z1RNUFBRZ09mQWVyakJTaWJackJGSEV0bks2SHBWY1dvb09VbGY3S0c1RUREdHFNWktCMGNPNGNkYnF1aHpkejVKTVVMS05NZFlfMlRrMWQzcWc2dE40Mm12Z3VydE84bERvc1RzVDBVV0t1dWpOcG9VZGc4TG5UVWtwd1I5RDdwNVdLbXFVX3VkOTgwTDRBMjE2YnJJbTktSk9PcWdiMHd6UTFobjFtWkc2bFl6VFd2VTJoajU3Mkhma3o2LWMwYjB2Qk9UTUNld1pSWkFiZTFpZ3FhQ3N6WWxxeXZaNmRFNDR3SnZZSVNqLUwwZXYtTk5ZMmY4T3V2Wk5O
WIPRO.NS,"Sat, 11 Jul 2026 07:00:00 GMT","Q1 Results This Week: Reliance, HCLTech, Wipro, Tech Mahindra, BHEL Among 140+ Companies Reporting - NDTV Profit",NDTV Profit,https://news.google.com/rss/articles/CBMi0gFBVV95cUxQdzVZUlIwNHdiMXRNSWd5RFc2UnFDQkdDS2ZzZmVDbnhidkxQR0loUkhCZHVFblZELXNNeXNudnh1S2xlTHVFZ2Z5YkQ4WW4tWkJOSXBWN3JCRWJSbkt5UEp6YkZCYlc2Ym9YZG5sTW1xZTF4OGhkSTljdDlWM2llQmxnSlJXWUF2UlVpbjFYUlpoN0tzVTdSS1VRYWVpM0ZDbEhra2g1Z3AwWUk0VEQ1T29iT1kzUE0xdW0xajYwUXFaRW5hYXlwaGpqTGx5R0dKaVHSAdoBQVVfeXFMTkg0aWFBUWU3LTZRRUIxTFhNUFFaT2JDWThaMXBRS2dQZjRsVzk3X0hsX2ZWTDdTZzIyQkxCOWo4MFp3eHdrb3RXSHlwbVVnNm05Sm1zeWtFVFNxV1ZKcXpVM2IzMHBQQVlqRVFnLUtuNWlteXVnZUpXaGtMQ1BjUnE0djhETXRhVTJzdl83c2ZMVy00VUpva0RSclNtWnE2a2lxLTBNVVZGVzZoTThNZWNQdk9TSGFqdTJyUkRjb1Y0R0dLclItRVB6MWtTejhCQ2h6ZUZaTVUyU3c?oc=5,CBMi0gFBVV95cUxQdzVZUlIwNHdiMXRNSWd5RFc2UnFDQkdDS2ZzZmVDbnhidkxQR0loUkhCZHVFblZELXNNeXNudnh1S2xlTHVFZ2Z5YkQ4WW4tWkJOSXBWN3JCRWJSbkt5UEp6YkZCYlc2Ym9YZG5sTW1xZTF4OGhkSTljdDlWM2llQmxnSlJXWUF2UlVpbjFYUlpoN0tzVTdSS1VRYWVpM0ZDbEhra2g1Z3AwWUk0VEQ1T29iT1kzUE0xdW0xajYwUXFaRW5hYXlwaGpqTGx5R0dKaVHSAdoBQVVfeXFMTkg0aWFBUWU3LTZRRUIxTFhNUFFaT2JDWThaMXBRS2dQZjRsVzk3X0hsX2ZWTDdTZzIyQkxCOWo4MFp3eHdrb3RXSHlwbVVnNm05Sm1zeWtFVFNxV1ZKcXpVM2IzMHBQQVlqRVFnLUtuNWlteXVnZUpXaGtMQ1BjUnE0djhETXRhVTJzdl83c2ZMVy00VUpva0RSclNtWnE2a2lxLTBNVVZGVzZoTThNZWNQdk9TSGFqdTJyUkRjb1Y0R0dLclItRVB6MWtTejhCQ2h6ZUZaTVUyU3c
WIPRO.NS,"Tue, 14 Jul 2026 07:00:00 GMT","Wipro Q1 preview, dividend: Wages, AI spends to hurt margins; guidance eyed - Business Standard",Business Standard,https://news.google.com/rss/articles/CBMi1AFBVV95cUxNOEVNZE12TFlyWjMxdEVUb2xsZXpRakVnSGhwRHhVeHRVTlFZNDdZY2h4UTBjQVdQRVoyYWFueDV3OVNWSDJXS1AzLWppelcxSlV6RnhtY2k3QU5YcEF0YlVNYmRnRkJLZ3gtVjkzSzNUdWEwNDJkTDRsNVhIUThxWl96Snhob0Jsdzh2UGVmeWRlc0VUNzMzdEhPRjRzTnRtbUVidzhUUEYtajdSTUMtSEpEdGJtVlh0UkFnT29WcEZXV09UNk9kWHYyd0JzNXVlSFBwedIB2gFBVV95cUxQVnNNcHB2RDNESk0zT3pLRTZVTUN4WnZmZGsxc25BUG9HTVkyWDdaeUlrWktzaDI5R3VSRkNyU2IwNjZRRU5qVnpSSmt4SWJlTE9vV0lxYWJ0Vzg1OEMxdnVGSkhiMmhOb1hIQ1NLVUQySHNkSFd0VlpsVHNWOGFOZm44ZTE3OVhHaHA5X2ViSWo2UE5XOVpndWFFR2w5NmtmaHBHbG45QVlLeEhRLUJ2clFVTHNFdU5XaGpmcmdhU0tBdUt1c0VGZzI2bUxRdWE1aUJLLUhpOFZIdw?oc=5,CBMi1AFBVV95cUxNOEVNZE12TFlyWjMxdEVUb2xsZXpRakVnSGhwRHhVeHRVTlFZNDdZY2h4UTBjQVdQRVoyYWFueDV3OVNWSDJXS1AzLWppelcxSlV6RnhtY2k3QU5YcEF0YlVNYmRnRkJLZ3gtVjkzSzNUdWEwNDJkTDRsNVhIUThxWl96Snhob0Jsdzh2UGVmeWRlc0VUNzMzdEhPRjRzTnRtbUVidzhUUEYtajdSTUMtSEpEdGJtVlh0UkFnT29WcEZXV09UNk9kWHYyd0JzNXVlSFBwedIB2gFBVV95cUxQVnNNcHB2RDNESk0zT3pLRTZVTUN4WnZmZGsxc25BUG9HTVkyWDdaeUlrWktzaDI5R3VSRkNyU2IwNjZRRU5qVnpSSmt4SWJlTE9vV0lxYWJ0Vzg1OEMxdnVGSkhiMmhOb1hIQ1NLVUQySHNkSFd0VlpsVHNWOGFOZm44ZTE3OVhHaHA5X2ViSWo2UE5XOVpndWFFR2w5NmtmaHBHbG45QVlLeEhRLUJ2clFVTHNFdU5XaGpmcmdhU0tBdUt1c0VGZzI2bUxRdWE1aUJLLUhpOFZIdw
WIPRO.NS,"Fri, 16 Jan 2026 08:00:00 GMT","Q3 results: RIL, Wipro, Tech Mahindra, Polycab among 42 firms on Jan 16 - Business Standard",Business Standard,https://news.google.com/rss/articles/CBMi4wFBVV95cUxOenQxV2F4R2xsTFh4ODhBbkctY3N1cHd3NTdCTENTeVM1VEZ3N1pLRlZLb2ktZ3pPWmpDWW5mS0hhdGFxYV8yVTR2ZUg0cXdJN01PZVR4Zlp2T2swX3FUTThOd3ZJVEFmTWVLcTZLUkVlTzR4Zl94V29ZLUp4WUdRSkRZeHpXTlpza2Z6eUZXWkgtX1RmSDdmTXVhSmQ2d1NBdWktdE15QTNPNU1wYnYxZVk2M3hyN3FqbVc4N19BTXBzdk9TU2QzQThFQjBobTdtY0pBSDgwelo5dWpCTjAteG45Y9IB6AFBVV95cUxPSU1MUWFGaW16MmlxcS1IU09ISW5IQXRBdUFOVkd6cVR3SUxkeTI5LThJelE5Vm9PVDhsVDFjbWxpdnAxT1ctZXRHSTRBbnlFY3QyT2tFR2RYYWRxdGdHWVE2aWdqWmRZcGhTWDYzRnlTd2ZtbWM1VFFaa3pRWThRaHhRc2ZnOUdFRUpCSm1yX0YzM1NqVGcxcTRsb1FWdlJmOGpyVjg1UlIzMmowZFRlTVFIQVlQUTNYd090eVJjblhnZFU5U0k2aUo4cmdSX2NjaEJHTEFCb0hwRVdLSnhZLUNXQmtFSHRL?oc=5,CBMi4wFBVV95cUxOenQxV2F4R2xsTFh4ODhBbkctY3N1cHd3NTdCTENTeVM1VEZ3N1pLRlZLb2ktZ3pPWmpDWW5mS0hhdGFxYV8yVTR2ZUg0cXdJN01PZVR4Zlp2T2swX3FUTThOd3ZJVEFmTWVLcTZLUkVlTzR4Zl94V29ZLUp4WUdRSkRZeHpXTlpza2Z6eUZXWkgtX1RmSDdmTXVhSmQ2d1NBdWktdE15QTNPNU1wYnYxZVk2M3hyN3FqbVc4N19BTXBzdk9TU2QzQThFQjBobTdtY0pBSDgwelo5dWpCTjAteG45Y9IB6AFBVV95cUxPSU1MUWFGaW16MmlxcS1IU09ISW5IQXRBdUFOVkd6cVR3SUxkeTI5LThJelE5Vm9PVDhsVDFjbWxpdnAxT1ctZXRHSTRBbnlFY3QyT2tFR2RYYWRxdGdHWVE2aWdqWmRZcGhTWDYzRnlTd2ZtbWM1VFFaa3pRWThRaHhRc2ZnOUdFRUpCSm1yX0YzM1NqVGcxcTRsb1FWdlJmOGpyVjg1UlIzMmowZFRlTVFIQVlQUTNYd090eVJjblhnZFU5U0k2aUo4cmdSX2NjaEJHTEFCb0hwRVdLSnhZLUNXQmtFSHRL
WIPRO.NS,"Fri, 16 Jan 2026 08:00:00 GMT","Wipro Q3 FY26 net profit falls 7% on-year to Rs 3,119 crore; Rs 6 per share interim dividend declared - Moneycontrol.com",Moneycontrol.com,https://news.google.com/rss/articles/CBMi-AFBVV95cUxPTlJGMDlxUy13aWVXQ085X3ZBeUNNdVNQZFZySzJDN2pfcFc4cTYyXzlEcUFLeEU0bjNNTWJHYzZ3anoyVGYwMkF3eTBaRFppeThMRmZabjJ4bGNhVHdfOUdmekhVQkNBMWdDNWpvMGZRaFZDMlpEM2cyQ3RpWmNUQ0dYRzNBVi1YWC1wY2ZQbUR6Q29leWJZanN5aTNmYWpVWlZmT3Ezd1pyZVl4Vk1oYnZ5cjY4RmJMRlNUUGZneHM5RFR3SUptTzFKQmI2RUoyS0tpNHplUjY3NFJ6ZUphTm11bDAzQzJJXzI2OTRDLXRfTVNZeV91UdIB_gFBVV95cUxNU0NLeWtPZlRmNEdWTEFIM3VhbUU2ZjF1OXE5YW9UczJqaFJ0a3ZIb0k1ckdxQVhFRHR1QzE1UnBZSGFXTnM0UDdTcVFSYlc5SGlkdjFVR3c0LWZocDRMSVRRakNmWlBZVWY2OGJndzVNWVhiVDQ2VmlCWFROaGNsRFY5eWRVSkZ1aEN6MHZWSlZER051TElPbFVpeTVGcjE1YzgxUXY2ZnQydHFHVDVid2J3UkJJWHVLUnpWX2txTnNOVG1VLVJuNFUybmhhaHVvbFJGTmFlWjB1RFA3VFRiSmpCWFlQYTM5N24tVHU4eTNQb1lzTDRyMDJ2ZTJEdw?oc=5,CBMi-AFBVV95cUxPTlJGMDlxUy13aWVXQ085X3ZBeUNNdVNQZFZySzJDN2pfcFc4cTYyXzlEcUFLeEU0bjNNTWJHYzZ3anoyVGYwMkF3eTBaRFppeThMRmZabjJ4bGNhVHdfOUdmekhVQkNBMWdDNWpvMGZRaFZDMlpEM2cyQ3RpWmNUQ0dYRzNBVi1YWC1wY2ZQbUR6Q29leWJZanN5aTNmYWpVWlZmT3Ezd1pyZVl4Vk1oYnZ5cjY4RmJMRlNUUGZneHM5RFR3SUptTzFKQmI2RUoyS0tpNHplUjY3NFJ6ZUphTm11bDAzQzJJXzI2OTRDLXRfTVNZeV91UdIB_gFBVV95cUxNU0NLeWtPZlRmNEdWTEFIM3VhbUU2ZjF1OXE5YW9UczJqaFJ0a3ZIb0k1ckdxQVhFRHR1QzE1UnBZSGFXTnM0UDdTcVFSYlc5SGlkdjFVR3c0LWZocDRMSVRRakNmWlBZVWY2OGJndzVNWVhiVDQ2VmlCWFROaGNsRFY5eWRVSkZ1aEN6MHZWSlZER051TElPbFVpeTVGcjE1YzgxUXY2ZnQydHFHVDVid2J3UkJJWHVLUnpWX2txTnNOVG1VLVJuNFUybmhhaHVvbFJGTmFlWjB1RFA3VFRiSmpCWFlQYTM5N24tVHU4eTNQb1lzTDRyMDJ2ZTJEdw
TMPV.NS,"Thu, 13 Aug 2026 07:00:00 GMT",Tata Motors Passenger Vehicles Q1 net profit plunges 78.54% to ₹859 cr - Business Standard,Business Standard,https://news.google.com/rss/articles/CBMi5AFBVV95cUxQdHJGRV9iQ0RaSVFoZVF1akEwNFBXX29wT1Y0Wm9RTjdid1k0QXV6WXZncjdMWmJDNUQ4Yk9mNU1zWHJlZ3FVZWVzUFVPUTgtYzlpSGF5YzBqOXNvcHYwX2dldm9zY2E4d0Z4QU1zR05LbTh0WUJWbHNFRjh6YjZaNXZ2TkgzY3U1WWlQbUswV2t4b3pDOWpWYldPZVdOSTdOTXJtbU5RSmJhQU9Db2xoZExzSzFqY1NYb3ZkbHZxNFZpeVh1MmdMLU8wNE96QV83c05pWUdab1o3Tkp4dG1oRGswSy3SAeoBQVVfeXFMT0tzNDdTUVdqSi02TTRockxjUmtlQ3FJYU1Wb2owcVM0WWRPNHZ4TjUtdEVoaGVXSWlZY2dYazRmYTczRDF1STB1dmFGV3JSU1NZRWExQjlCdktPQ1l1MjRfRW5ET2EyVFBWVU1zRXhhUTNQbTNnQ3RmSmdWcnIzR1JUdXAzTk5QLS1nRjEyNGNHQWpSd0VhT25zNS0zYkUyd3BjS1V1eW4zc3d2T2Q5Z1FNbjdRR21oU0tEZk1nRF9OSmwtNk1QaEZDT2I4TVhfdnBqTU85bkttaUVBa2l1djV6Z3QySVBSLXRR?oc=5,CBMi5AFBVV95cUxQdHJGRV9iQ0RaSVFoZVF1akEwNFBXX29wT1Y0Wm9RTjdid1k0QXV6WXZncjdMWmJDNUQ4Yk9mNU1zWHJlZ3FVZWVzUFVPUTgtYzlpSGF5YzBqOXNvcHYwX2dldm9zY2E4d0Z4QU1zR05LbTh0WUJWbHNFRjh6YjZaNXZ2TkgzY3U1WWlQbUswV2t4b3pDOWpWYldPZVdOSTdOTXJtbU5RSmJhQU9Db2xoZExzSzFqY1NYb3ZkbHZxNFZpeVh1MmdMLU8wNE96QV83c05pWUdab1o3Tkp4dG1oRGswSy3SAeoBQVVfeXFMT0tzNDdTUVdqSi02TTRockxjUmtlQ3FJYU1Wb2owcVM0WWRPNHZ4TjUtdEVoaGVXSWlZY2dYazRmYTczRDF1STB1dmFGV3JSU1NZRWExQjlCdktPQ1l1MjRfRW5ET2EyVFBWVU1zRXhhUTNQbTNnQ3RmSmdWcnIzR1JUdXAzTk5QLS1nRjEyNGNHQWpSd0VhT25zNS0zYkUyd3BjS1V1eW4zc3d2T2Q5Z1FNbjdRR21oU0tEZk1nRF9OSmwtNk1QaEZDT2I4TVhfdnBqTU85bkttaUVBa2l1djV6Z3QySVBSLXRR
TMPV.NS,"Thu, 13 Aug 2026 07:00:00 GMT",Earnings call transcript: Tata Motors Q1 2026 profit slips as India EVs surge - Investing.com,Investing.com,https://news.google.com/rss/articles/CBMizAFBVV95cUxNcHg0V2YtazRNVzVzdGg3YkZXSmFqYkpMSkdQLXBpcXpMWGpmWHRLUlpTbm1oQVBZLVhYUHpVd2t3MDZWNXNnallFQjBpalNiRTNXeUp2OHZ0SGJiZzNWWkdQdVA5WEpjc19NMDd4R3ZrbUthU19OS0JXR1dpbTBHUld5aF9DWEMyT3lvT1lObm9ZZEVQcWctSEpFSWpOcDVOeURxUFBlLW9jZmNhV0xrdDM0R0RvN1VLcTVuM0ZfbDh5dndzdkR6MGd0aXo?oc=5,CBMizAFBVV95cUxNcHg0V2YtazRNVzVzdGg3YkZXSmFqYkpMSkdQLXBpcXpMWGpmWHRLUlpTbm1oQVBZLVhYUHpVd2t3MDZWNXNnallFQjBpalNiRTNXeUp2OHZ0SGJiZzNWWkdQdVA5WEpjc19NMDd4R3ZrbUthU19OS0JXR1dpbTBHUld5aF9DWEMyT3lvT1lObm9ZZEVQcWctSEpFSWpOcDVOeURxUFBlLW9jZmNhV0xrdDM0R0RvN1VLcTVuM0ZfbDh5dndzdkR6MGd0aXo
TMPV.NS,"Fri, 07 Aug 2026 07:00:00 GMT","Tata Motors PV Q1 FY27 Results on Aug 13: Sales Seen Up 46%, EV Volumes Double - NiftyTrader",NiftyTrader,https://news.google.com/rss/articles/CBMiggFBVV95cUxPcjNBTGdrZnZlTlNxdXNpdEpTaEVXTXRzQno1eXk5a1VSbHh5anp1UTIwbkx3N2V2VkM3aHNwU0c2UG9uSXhQODRZcTJhWkh5OTFzUkVtUWc0TXJWVU1POGY0bGVhbVU2MTFjMUxiaXg2NktsQWt2SThQdUt0VWdHRkFB?oc=5,CBMiggFBVV95cUxPcjNBTGdrZnZlTlNxdXNpdEpTaEVXTXRzQno1eXk5a1VSbHh5anp1UTIwbkx3N2V2VkM3aHNwU0c2UG9uSXhQODRZcTJhWkh5OTFzUkVtUWc0TXJWVU1POGY0bGVhbVU2MTFjMUxiaXg2NktsQWt2SThQdUt0VWdHRkFB
TMPV.NS,"Wed, 12 Aug 2026 07:00:00 GMT",Tata Motors Passenger Vehicles Shares Fall 2.17%; Stock Part of Nifty 50 - Moneycontrol.com,Moneycontrol.com,https://news.google.com/rss/articles/CBMi4gFBVV95cUxQNnlLS1NOazZKTFR1cVVmWFZiQlhKYWpia0h3VUswNEVna18xUlQ4dTFwdkN0TU12ZG1pNWUyN0l0djdYXzZuWkdfcWluLTdDT1RPQ0REZ0UwMGh5cDdfR2d2VXpDMWxzSlBhalBhOWhESDRUdVpTTks2RjFfMF81X0NRWlB6eFNfMERqeGV5eE5xbWdxdmt6aGI4MHVCOFJmVzNCVm5fQVdzLV9aelZGY1dUbzQ3bGh3bVJJc2g2SS16V194d1E4Ymoyb3ZISVVVRTVwc2c0ZS1STkdHM0pDME5R0gHnAUFVX3lxTFBqZGpWLTM2NlRwbTVjT1lZbHNSeFFTMFZoUmtacGFINDR5eHNLd0cwNTFvUl8xeVpPdUpyUmU4djBlbkFrb25TUjhrUXBNZW0ydFVGbXNGcDRFUXVuTEhJdGRXZ1dvX0dXcEgzNHF0M1ZtclBZdjNmZEkwSWZNeVRnemppZnoxTTRlR3ZTSldnWkstOExDUTZuX2JnY3dmdW1zREIxVVFYZlBPWmVaN2poV3NUOHA1WmxxbVFTaXA1b0FMREdMSGZYekZkY0drYzFwYXhJT2VCWmRHWFBTb00zWFZURmh2Yw?oc=5,CBMi4gFBVV95cUxQNnlLS1NOazZKTFR1cVVmWFZiQlhKYWpia0h3VUswNEVna18xUlQ4dTFwdkN0TU12ZG1pNWUyN0l0djdYXzZuWkdfcWluLTdDT1RPQ0REZ0UwMGh5cDdfR2d2VXpDMWxzSlBhalBhOWhESDRUdVpTTks2RjFfMF81X0NRWlB6eFNfMERqeGV5eE5xbWdxdmt6aGI4MHVCOFJmVzNCVm5fQVdzLV9aelZGY1dUbzQ3bGh3bVJJc2g2SS16V194d1E4Ymoyb3ZISVVVRTVwc2c0ZS1STkdHM0pDME5R0gHnAUFVX3lxTFBqZGpWLTM2NlRwbTVjT1lZbHNSeFFTMFZoUmtacGFINDR5eHNLd0cwNTFvUl8xeVpPdUpyUmU4djBlbkFrb25TUjhrUXBNZW0ydFVGbXNGcDRFUXVuTEhJdGRXZ1dvX0dXcEgzNHF0M1ZtclBZdjNmZEkwSWZNeVRnemppZnoxTTRlR3ZTSldnWkstOExDUTZuX2JnY3dmdW1zREIxVVFYZlBPWmVaN2poV3NUOHA1WmxxbVFTaXA1b0FMREdMSGZYekZkY0drYzFwYXhJT2VCWmRHWFBTb00zWFZURmh2Yw
TMPV.NS,"Thu, 13 Aug 2026 07:00:00 GMT",Q1 results 2026: Tata Motors PV to Brainbees Solutions among companies to declare Q1 results today; full list here - Livemint,Livemint,https://news.google.com/rss/articles/CBMijwJBVV95cUxNVlBBZWY0SGhnMEJQSHNuaEkyZWw1QmVWeVpwRG1COXEzRkxTcTU1alp1ZklnX0JmeEZqUnEweFVfcGJLUGtjYTNMeVViMjJUUF9yNlhkdXNQN3BUaW1tcEJVUjVKc2dmYmdjeXc5VWhmUU9LT2c1M2lJSGZjVlVMbzlocC1idERlVk8yWW1yQ1RJcU55WTZ0VGhkMVpaRGRKVkR4RTZkelFrYnBxVHRhVl9kYUxaZlN6Qm1wYWlEMXZyRVBhdi1UeTRSQXpqTFBHand6T3pNckQ3aUNHT05tV0VzYmdFMFEyVmlkeEVNOWVlaTJaN3lnVEJQMXNOSVBiNDF2YWprRkljTmxpdzlZ0gGUAkFVX3lxTE9TcUFoRm1ZWFhHNDNfbERuUHNhbEhFVGdMeXM2SDBWRDgyUzZURnR2Z0VtNDdIM3lQMW1jU2NHVGZCZk1RN2swMlBfZlJzMHZoV0gzRWN2VmhYbHlNN0hHYzU0Z2lIODBoTEJrcWlMNHhxUGNES242SlBfb2RHOXJrVWpzWUlOZXE5SUJsZUhkRTM0TmpaWTlWdUZMVW00dS1aYWc1VDdfcU9uSDVlc0VOSHhkdVRCNDQ2STVjY0pDRHNQTTlXZ2VlVnRidEllR2xhNklGdGFmbHlUTWxnYkVHSmQteHE4VjFDQ0RDVHo4YnhvM1pZU2VHUllUYUxyOVJwZGY1MjdqTkZQa0hLVDNvRnlzTg?oc=5,CBMijwJBVV95cUxNVlBBZWY0SGhnMEJQSHNuaEkyZWw1QmVWeVpwRG1COXEzRkxTcTU1alp1ZklnX0JmeEZqUnEweFVfcGJLUGtjYTNMeVViMjJUUF9yNlhkdXNQN3BUaW1tcEJVUjVKc2dmYmdjeXc5VWhmUU9LT2c1M2lJSGZjVlVMbzlocC1idERlVk8yWW1yQ1RJcU55WTZ0VGhkMVpaRGRKVkR4RTZkelFrYnBxVHRhVl9kYUxaZlN6Qm1wYWlEMXZyRVBhdi1UeTRSQXpqTFBHand6T3pNckQ3aUNHT05tV0VzYmdFMFEyVmlkeEVNOWVlaTJaN3lnVEJQMXNOSVBiNDF2YWprRkljTmxpdzlZ0gGUAkFVX3lxTE9TcUFoRm1ZWFhHNDNfbERuUHNhbEhFVGdMeXM2SDBWRDgyUzZURnR2Z0VtNDdIM3lQMW1jU2NHVGZCZk1RN2swMlBfZlJzMHZoV0gzRWN2VmhYbHlNN0hHYzU0Z2lIODBoTEJrcWlMNHhxUGNES242SlBfb2RHOXJrVWpzWUlOZXE5SUJsZUhkRTM0TmpaWTlWdUZMVW00dS1aYWc1VDdfcU9uSDVlc0VOSHhkdVRCNDQ2STVjY0pDRHNQTTlXZ2VlVnRidEllR2xhNklGdGFmbHlUTWxnYkVHSmQteHE4VjFDQ0RDVHo4YnhvM1pZU2VHUllUYUxyOVJwZGY1MjdqTkZQa0hLVDNvRnlzTg
TMPV.NS,"Thu, 13 Aug 2026 07:00:00 GMT","Tata Motors PV Q1 Results: Net profit plunges 80% YoY to Rs 775 crore, revenue rises 9% - The Economic Times",The Economic Times,https://news.google.com/rss/articles/CBMi8wFBVV95cUxPR2N3UVktMzJKNmQtVnZydkplcDVsdGVnN3FuUC1QaFZJc1VEdXdMYUMzWThnRW1yOVJIaHZUVUxKOVZqZnE5TjNESFFiaS1FRzFWWHVQTmdKSWVOa3hicXo3bDJPQUxWVF9PZzJ0NGMtYl96YVgwNF9hS2lkNWxBRUlsekxLNW93cFkwZ0w0SS1oUW1qTTNfYkJKYUJUeTdHWHZiaC14alc5UGlhU1piUFMzalJWTkZOSWJRUXVYQU95WUN5Z3VqSUlHdl9sSS1Hbnp4TGItaVp2X3NsQlZZMktNUWlMOTdNTEZ5VjZEQ1FmSUXSAfgBQVVfeXFMTmRZaVJNbmtPa3dKRldScnBwMDdQSHEyblFhWGdHLXRxYkZDYWZQQWtRX0U5eTFWaGc3VDBubVN0cl9ENS0tMWM2UnZ6TGpmckdYcWljUUprS2dCYUhZQUlWVm01S2VJX2VWc1BHb0lmVTNZQnpyMWE0bzlyZ1k5LWd4Vk9JcE1pNEJmcW5DVzlnaG14c3hNTUQwTmd5dXR0cFJQaEhBTWRiT2g5NldZbmVLQjdtNDctYXdZZTdOY3RvYWtNbXFZbTJFRWlXR2RIdk1MZHE3cVczN2N3QXBBRU1qLXhvTW1ERmxlb1ZZYjRxcGNLcEhuZFU?oc=5,CBMi8wFBVV95cUxPR2N3UVktMzJKNmQtVnZydkplcDVsdGVnN3FuUC1QaFZJc1VEdXdMYUMzWThnRW1yOVJIaHZUVUxKOVZqZnE5TjNESFFiaS1FRzFWWHVQTmdKSWVOa3hicXo3bDJPQUxWVF9PZzJ0NGMtYl96YVgwNF9hS2lkNWxBRUlsekxLNW93cFkwZ0w0SS1oUW1qTTNfYkJKYUJUeTdHWHZiaC14alc5UGlhU1piUFMzalJWTkZOSWJRUXVYQU95WUN5Z3VqSUlHdl9sSS1Hbnp4TGItaVp2X3NsQlZZMktNUWlMOTdNTEZ5VjZEQ1FmSUXSAfgBQVVfeXFMTmRZaVJNbmtPa3dKRldScnBwMDdQSHEyblFhWGdHLXRxYkZDYWZQQWtRX0U5eTFWaGc3VDBubVN0cl9ENS0tMWM2UnZ6TGpmckdYcWljUUprS2dCYUhZQUlWVm01S2VJX2VWc1BHb0lmVTNZQnpyMWE0bzlyZ1k5LWd4Vk9JcE1pNEJmcW5DVzlnaG14c3hNTUQwTmd5dXR0cFJQaEhBTWRiT2g5NldZbmVLQjdtNDctYXdZZTdOY3RvYWtNbXFZbTJFRWlXR2RIdk1MZHE3cVczN2N3QXBBRU1qLXhvTW1ERmxlb1ZZYjRxcGNLcEhuZFU
TMPV.NS,"Tue, 28 Jul 2026 07:00:00 GMT",Tata Motors Passenger Vehicles vs Tata Motors Commercial Vehicles: Comparison - Univest,Univest,https://news.google.com/rss/articles/CBMiowFBVV95cUxQWGUtNGRqUHhYUGVpbC1rMWZXQnBpYTBaMF9COUtVdkl4SEtQeWIyOGRIalFuaDlOTHZubnVOZzFkakpmTllSUmhlUFFuZXNkQ0l5cm9OSzhIN3VEa1JMWDZyd1VoQVJaU0lEUG55alNhU0Z1SG1Cdm5qNnNJQWQ0WjgwczNTQlY5MUVvTUdOMTdSTFBUUUl3MDJaNFdtMTZxOC1R?oc=5,CBMiowFBVV95cUxQWGUtNGRqUHhYUGVpbC1rMWZXQnBpYTBaMF9COUtVdkl4SEtQeWIyOGRIalFuaDlOTHZubnVOZzFkakpmTllSUmhlUFFuZXNkQ0l5cm9OSzhIN3VEa1JMWDZyd1VoQVJaU0lEUG55alNhU0Z1SG1Cdm5qNnNJQWQ0WjgwczNTQlY5MUVvTUdOMTdSTFBUUUl3MDJaNFdtMTZxOC1R
TMPV.NS,"Mon, 17 Aug 2026 07:00:00 GMT","Tata Motors Passenger Vehicles: Business outlook, valuation and price targets - Business Today",Business Today,https://news.google.com/rss/articles/CBMi2wFBVV95cUxQdnp6VEVkV0laNjBsZ3B0TGtNQ3l4cTl2bHE1RXZleWp6UDEtaUgtN1p1SHI0YUhheUdxTF9pOW1KZUl5MW1wdWVmZHlhT0NtM2ZRTzJCajdDVFdPZFI3MkNkTndSd18xWkdEc0lCV29DcF9zWUxrUFdBTEF1V3VxMC1yZTJ1Ui1aekFWSHBtX2VPbEJqNExfTWhEMzVnRFhjT09IdmtWV3NaQ0ZRelhOeWhGd0J4aVFGUkVoTkdweWdDQVItZXlDUVVCRk1VSGtsbFpKa3lyVXJFaDTSAeABQVVfeXFMTkRlYlhvNTBIX2l6VFVsb0V6QVpwc0ZMcnNKdUVvMGRVeV9CTWV1TzlyTGZ3cW95RUpKbWNuMnJ1dTZ3ekNVSXZKNFl2dkY0dzB1dFZZMHlLV0JFSEFianBkWU5HNkF1cHhkU3FnaGcwcEk2UEUweTlHTXJLVXh5eGhXLWJzcE9vWlhqTG40b2pKeEJVcFNXT1Yza2ZmYlg2TmhlR29MN1E1bmE3WFRxVkN3WlVONGhjZ3hONUpsV1Q0UndwczBkY3dYREtjaHprOEluN1pscmNYcnNQRUQxX2s?oc=5,CBMi2wFBVV95cUxQdnp6VEVkV0laNjBsZ3B0TGtNQ3l4cTl2bHE1RXZleWp6UDEtaUgtN1p1SHI0YUhheUdxTF9pOW1KZUl5MW1wdWVmZHlhT0NtM2ZRTzJCajdDVFdPZFI3MkNkTndSd18xWkdEc0lCV29DcF9zWUxrUFdBTEF1V3VxMC1yZTJ1Ui1aekFWSHBtX2VPbEJqNExfTWhEMzVnRFhjT09IdmtWV3NaQ0ZRelhOeWhGd0J4aVFGUkVoTkdweWdDQVItZXlDUVVCRk1VSGtsbFpKa3lyVXJFaDTSAeABQVVfeXFMTkRlYlhvNTBIX2l6VFVsb0V6QVpwc0ZMcnNKdUVvMGRVeV9CTWV1TzlyTGZ3cW95RUpKbWNuMnJ1dTZ3ekNVSXZKNFl2dkY0dzB1dFZZMHlLV0JFSEFianBkWU5HNkF1cHhkU3FnaGcwcEk2UEUweTlHTXJLVXh5eGhXLWJzcE9vWlhqTG40b2pKeEJVcFNXT1Yza2ZmYlg2TmhlR29MN1E1bmE3WFRxVkN3WlVONGhjZ3hONUpsV1Q0UndwczBkY3dYREtjaHprOEluN1pscmNYcnNQRUQxX2s
TMPV.NS,"Tue, 28 Apr 2026 07:00:00 GMT",Tata Motors Passenger Vehicles dividend 2025-26: When will the carmaker release its Q4 results? - Upstox,Upstox,https://news.google.com/rss/articles/CBMi6gFBVV95cUxOZkZVLTNaanVmcHlJS2tQR2ppS2RuMkY4T2pEM1hSMGx2S01vRmliUS12b2hRUE04M0RDZnVZTkFzbW1Ja18zU241UGRScTV0Ml85WmJ4ZDlQWVRHUlE4d25iNUcxcVlqNjRoalhiVFRVSGtFYVRvUnFYSzl1eW50dUtMZzFHalpaWVVoLTJKZ3BFV0JLekxnOTVYdW5McmhYMkRsOFNNNG03QVVqbW9KNnVmU3lKR0VuLUg2Tmc2OUtuYzVOWXRVdG52T1BoZWZEaUdMTHhtSWMwZm5EOFc2dXRNUml3QlJ1ekE?oc=5,CBMi6gFBVV95cUxOZkZVLTNaanVmcHlJS2tQR2ppS2RuMkY4T2pEM1hSMGx2S01vRmliUS12b2hRUE04M0RDZnVZTkFzbW1Ja18zU241UGRScTV0Ml85WmJ4ZDlQWVRHUlE4d25iNUcxcVlqNjRoalhiVFRVSGtFYVRvUnFYSzl1eW50dUtMZzFHalpaWVVoLTJKZ3BFV0JLekxnOTVYdW5McmhYMkRsOFNNNG03QVVqbW9KNnVmU3lKR0VuLUg2Tmc2OUtuYzVOWXRVdG52T1BoZWZEaUdMTHhtSWMwZm5EOFc2dXRNUml3QlJ1ekE
TMPV.NS,"Thu, 13 Aug 2026 07:00:00 GMT",Tata Motors revenue rises in Q1 as India PV growth offsets JLR slowdown - CNBC TV18,CNBC TV18,https://news.google.com/rss/articles/CBMi2gFBVV95cUxQUVZsencyQ0I4TF9JYlpaZmpCN1NzZHRIQXdUbUI4Z0wxMmhKYml6c2lMZVNMbFJyN2trTFBaSlVLX29wdGttdFJFamhDb2lBWlRuRFdDS1NsZ3RPWjMwRVJwbmV2NmstYmRHZjMyMmpDQnd4bHBhYVZKVEtoYWVfc0F4aGJubFpRSzNVTjIwTEs3ek9UMXBiN2NGVU0tQjlhYmNVRTloUzB3VE4xR2hYRExzcHgwbWdZaFhtWXJoVmtrcDhXalJzdWlIVUx5ci1DdkhYX21mMUZKUdIB3wFBVV95cUxNQ2l3b2t2dXBQY3A1dkFPdGZqLU1LekpfTk81X0V5bUdIOVhXbFJlYXlqbGI2QnNMUS1KRXZ5MUJyeUNBR2ZQZmYyUmtTS01ENU9kYWctejJqQUJzcDVBQm42TnNnS3BSMHdRa1paa2dkNE1VZ2ZMYTlna3RHUk9aRjNISjhEV1dJQkJ5aWVwanVhTkIxVDdZQWtvMnRKazhfWTRsREdtdEt4SHloX25ZWVpIdXRfZFZwemo3VlljS05JUkFwd18yTkYzUjFlbVFIVWdyZWpEbVpZWlNnWWpR?oc=5,CBMi2gFBVV95cUxQUVZsencyQ0I4TF9JYlpaZmpCN1NzZHRIQXdUbUI4Z0wxMmhKYml6c2lMZVNMbFJyN2trTFBaSlVLX29wdGttdFJFamhDb2lBWlRuRFdDS1NsZ3RPWjMwRVJwbmV2NmstYmRHZjMyMmpDQnd4bHBhYVZKVEtoYWVfc0F4aGJubFpRSzNVTjIwTEs3ek9UMXBiN2NGVU0tQjlhYmNVRTloUzB3VE4xR2hYRExzcHgwbWdZaFhtWXJoVmtrcDhXalJzdWlIVUx5ci1DdkhYX21mMUZKUdIB3wFBVV95cUxNQ2l3b2t2dXBQY3A1dkFPdGZqLU1LekpfTk81X0V5bUdIOVhXbFJlYXlqbGI2QnNMUS1KRXZ5MUJyeUNBR2ZQZmYyUmtTS01ENU9kYWctejJqQUJzcDVBQm42TnNnS3BSMHdRa1paa2dkNE1VZ2ZMYTlna3RHUk9aRjNISjhEV1dJQkJ5aWVwanVhTkIxVDdZQWtvMnRKazhfWTRsREdtdEt4SHloX25ZWVpIdXRfZFZwemo3VlljS05JUkFwd18yTkYzUjFlbVFIVWdyZWpEbVpZWlNnWWpR
TMPV.NS,"Sat, 01 Aug 2026 07:00:00 GMT","Tata Motors July 2026 Sales Jump 59%; EV Volumes Hit Record 15,217 Units - Autopunditz",Autopunditz,https://news.google.com/rss/articles/CBMipgFBVV95cUxQMWw2alFUZV9PbmJBWjlsMmJleGpKU3J4enlkSUtCaVFmN2lENm1PQ3F5dkgwVFFxYkVQS0VtdU9MT3NPYXg1aUlaSHk0ZFdYazEyb3Fzd0tPWmRJNnRYcnUwSWN1dlVaR1I0NGItME9pdHNjaVRwOTVlbDZ4N21hWGgyak9WWUlOaEJqdV9UYThPbUh2aEtrRkQzb3Y2TW5TSFBSRmx3?oc=5,CBMipgFBVV95cUxQMWw2alFUZV9PbmJBWjlsMmJleGpKU3J4enlkSUtCaVFmN2lENm1PQ3F5dkgwVFFxYkVQS0VtdU9MT3NPYXg1aUlaSHk0ZFdYazEyb3Fzd0tPWmRJNnRYcnUwSWN1dlVaR1I0NGItME9pdHNjaVRwOTVlbDZ4N21hWGgyak9WWUlOaEJqdV9UYThPbUh2aEtrRkQzb3Y2TW5TSFBSRmx3
TMPV.NS,"Thu, 14 May 2026 07:00:00 GMT","Tata Motors PV profit slumps 32% to ₹5,783 crore on JLR headwinds - Business Standard",Business Standard,https://news.google.com/rss/articles/CBMi4gFBVV95cUxPWFlJN1lhUTY3ek5MM213WUVrMk5mZjBSbUJYNFpRcGxxTTFUbUZpUVRzYk9QcjdfcWJnQllNdGFGenRTQ0pyaDN0QXZsM2pZVllRclBOb1Z0bWpLUjVBU3ZCLXFMZFRZcC1KV1JXZXhYUWR2R0FTTzZodUh2UTl0cFhLSzhlUkwxa3lBcFg4UW9QeVFwUi1VVnZYTXkzVU5CTmJYMlVTMDJSbGc2SXFxbXloOTBibTlVNmpjaU9GNGdXbm8taTk1eE1EbXA4T1M4VUJiZlVZLWt3dXo3UmJub3pB0gHnAUFVX3lxTE44NS0yZ2xDOEc4ZklOaWlZeG5KcEJUbmw3RkU0bFpwVHdBRTRvUDhvWVZneVB5eWIybVBQMWdsTldRaEFrTFB3bVdNakxNZldsd2VIUk1ZazZNSjhiWHdnaWx0aFlEWW5MWk13elROV3p3YnhKMHZmOXp1MGdlTFI3MmNZel93Q2pIYWE2TkVoRzJOdDh2YS1SS05MbHdZT3hDd05SeWVMZlRQMFVwa2dmbkE2MlZzY0tXOGwteXdhWDZ3SXVsZGNrMTZSNmpERURVUUxxNmowRGNZa1lJcmM4VFM5QWJtaw?oc=5,CBMi4gFBVV95cUxPWFlJN1lhUTY3ek5MM213WUVrMk5mZjBSbUJYNFpRcGxxTTFUbUZpUVRzYk9QcjdfcWJnQllNdGFGenRTQ0pyaDN0QXZsM2pZVllRclBOb1Z0bWpLUjVBU3ZCLXFMZFRZcC1KV1JXZXhYUWR2R0FTTzZodUh2UTl0cFhLSzhlUkwxa3lBcFg4UW9QeVFwUi1VVnZYTXkzVU5CTmJYMlVTMDJSbGc2SXFxbXloOTBibTlVNmpjaU9GNGdXbm8taTk1eE1EbXA4T1M4VUJiZlVZLWt3dXo3UmJub3pB0gHnAUFVX3lxTE44NS0yZ2xDOEc4ZklOaWlZeG5KcEJUbmw3RkU0bFpwVHdBRTRvUDhvWVZneVB5eWIybVBQMWdsTldRaEFrTFB3bVdNakxNZldsd2VIUk1ZazZNSjhiWHdnaWx0aFlEWW5MWk13elROV3p3YnhKMHZmOXp1MGdlTFI3MmNZel93Q2pIYWE2TkVoRzJOdDh2YS1SS05MbHdZT3hDd05SeWVMZlRQMFVwa2dmbkE2MlZzY0tXOGwteXdhWDZ3SXVsZGNrMTZSNmpERURVUUxxNmowRGNZa1lJcmM4VFM5QWJtaw
TMCV.NS,"Wed, 12 Aug 2026 07:00:00 GMT","Q1 results: Tata Motors, IRCTC, HAL, Abbott India, and 545 more on Aug 12 - Business Standard",Business Standard,https://news.google.com/rss/articles/CBMi5AFBVV95cUxPZEVqbVA0dFFyXzJ2R0VQN1I1eW1hUmhpbGUybzNqeVl0aFZLVlVLM3hocURxLVBGcWVLbmhjNFlhUGo2eGZhZzdHTzBQYTJTcGw4TDk1TWY2N09MaDhhaHExQUF5VG0tRVVuTlM3S1BpaDczR3h1azQ1N1JmNDNrbWd5d0hHXzZSNGZ4VUNITUs4SHBrQlByQkVkbmJXNGZQZXl1blRjYllTS2lNWjZ4cXRkTHpPbzVsY3VRZzRRWHVtOGVCN2VjMUYxMmo3N0NWZU5BOUJGZy0yczk4aGxvVWxBNFTSAeoBQVVfeXFMTXZ5MzhFc25Pckx3RlR5ZzNMY0Q1QmFUclhpNTFxMEYyTDFLZDI5OVlQaEt0SkJpQl9DU2xmSVZlenZIQ2pOcURIWko5RkNDZGVzWXJBUXp5WERaRHBkUWhEU1J0eGZYNVBkM24xZVZuMklGOUR1TE5wdW9BQlJ0UkcwM3pqbzVMRE0wZ184M2tpZ21neEZJek1CTUZxYnk0emlQTTJPbUZ3d1NFVlVYVm9uV3R0MWZGU2M2MkVkRy1XYVNleDUzemVoZUt3TzBiT2NLUUIydXZzS3FRVzFVU2xvajlMSGVSeUVn?oc=5,CBMi5AFBVV95cUxPZEVqbVA0dFFyXzJ2R0VQN1I1eW1hUmhpbGUybzNqeVl0aFZLVlVLM3hocURxLVBGcWVLbmhjNFlhUGo2eGZhZzdHTzBQYTJTcGw4TDk1TWY2N09MaDhhaHExQUF5VG0tRVVuTlM3S1BpaDczR3h1azQ1N1JmNDNrbWd5d0hHXzZSNGZ4VUNITUs4SHBrQlByQkVkbmJXNGZQZXl1blRjYllTS2lNWjZ4cXRkTHpPbzVsY3VRZzRRWHVtOGVCN2VjMUYxMmo3N0NWZU5BOUJGZy0yczk4aGxvVWxBNFTSAeoBQVVfeXFMTXZ5MzhFc25Pckx3RlR5ZzNMY0Q1QmFUclhpNTFxMEYyTDFLZDI5OVlQaEt0SkJpQl9DU2xmSVZlenZIQ2pOcURIWko5RkNDZGVzWXJBUXp5WERaRHBkUWhEU1J0eGZYNVBkM24xZVZuMklGOUR1TE5wdW9BQlJ0UkcwM3pqbzVMRE0wZ184M2tpZ21neEZJek1CTUZxYnk0emlQTTJPbUZ3d1NFVlVYVm9uV3R0MWZGU2M2MkVkRy1XYVNleDUzemVoZUt3TzBiT2NLUUIydXZzS3FRVzFVU2xvajlMSGVSeUVn
TMCV.NS,"Wed, 12 Aug 2026 07:00:00 GMT","Tata Motors CV Q1 results: Net profit rises 83% to Rs 2,560 crore - Moneycontrol.com",Moneycontrol.com,https://news.google.com/rss/articles/CBMixwFBVV95cUxNRnYwZlMtaS0wcUV6b09MVnduVEliemNYbmI2S3pvZDZoc0xXYl82T01XTlFuUS1ob0lrZkZpZkJOU1p2QmkzZlNnUFFINFlaVGExZ0pQNmN5WWJ0ME5OZHhJZk5EeGk2Tkt0Um5CRE9HY2VwTmp4Nk5lWG43RzBhT1hDWDBBRnJwUW1zVm12Sk02cWo5eWNJVFk2N3h0Y0YzUFZ2UUd6WmRpOTNFSTVLNkVkVWRDNkhNd1FWVFFOcGJuMjh0alVJ0gHMAUFVX3lxTE1mejEzaS1yNERScjg2X05JOV9vWVhWMmM3WnFWZkRzQ1NkVHJKQ0trOHpmMHNuZnVJQU8xZzN6YXcxOTJjNGtfM1EwRUsxMUtyUWpBelZqaW1faWc3WmdCRi1xYTRlUjQ4Snd1Q1ZDTjJ6Zml4akN2OFZVUmE3ek16NEdmUHVTY3FJNzN6QmNYMHVJRmJjR2ZWZmFweWVCUDItZUhDMVFtSGZYd1NQTTJVZlNKV1BNQjg2cUEwQXExOEl4MEMtUWZBLWZiWg?oc=5,CBMixwFBVV95cUxNRnYwZlMtaS0wcUV6b09MVnduVEliemNYbmI2S3pvZDZoc0xXYl82T01XTlFuUS1ob0lrZkZpZkJOU1p2QmkzZlNnUFFINFlaVGExZ0pQNmN5WWJ0ME5OZHhJZk5EeGk2Tkt0Um5CRE9HY2VwTmp4Nk5lWG43RzBhT1hDWDBBRnJwUW1zVm12Sk02cWo5eWNJVFk2N3h0Y0YzUFZ2UUd6WmRpOTNFSTVLNkVkVWRDNkhNd1FWVFFOcGJuMjh0alVJ0gHMAUFVX3lxTE1mejEzaS1yNERScjg2X05JOV9vWVhWMmM3WnFWZkRzQ1NkVHJKQ0trOHpmMHNuZnVJQU8xZzN6YXcxOTJjNGtfM1EwRUsxMUtyUWpBelZqaW1faWc3WmdCRi1xYTRlUjQ4Snd1Q1ZDTjJ6Zml4akN2OFZVUmE3ek16NEdmUHVTY3FJNzN6QmNYMHVJRmJjR2ZWZmFweWVCUDItZUhDMVFtSGZYd1NQTTJVZlNKV1BNQjg2cUEwQXExOEl4MEMtUWZBLWZiWg
TMCV.NS,"Wed, 13 May 2026 07:00:00 GMT","Tata Motors Q4 results: Net profit rises 34% to Rs 1,793 crore; revenue climbs on strong volume growth - The Times of India",The Times of India,https://news.google.com/rss/articles/CBMikgJBVV95cUxOQTlGb3p3enVNOUpoUm83Slc2UG5Uc0cweF9wSmZCWGRuY0lxLUNwamVTTFVqZ2VHQW5aNDNjVXp3TUJTeHU5ZlhDNjBmdjdFaXhkaV9SMTk3VEtMcmxaNm42Y2RwMXFJSEItTmpsUkJfY3QyRF9GOEN3MkRlNUk3azhoYnZVaXNEaFI4bHVISVBsd29obDh6NEJTWnBmc3FPYWdyMlVyMUR4cVpuVjNhdkdmWWFSbVhDNDBORUZHMTB5WEpJblhERXFmQUNFMWE4RmsycnlZbURPc0pDalNyV212VW9OcXlfRkV5UDRFcWRGZThnSEJRck5LSVlKbW1KSTNGUXg1bnVYeEpwOW1iVlRn0gGXAkFVX3lxTE1YRldyZEtXY210R3JBWUZvV3N0d0tTeVFFR3pNbVpjcWVURU5PRzYxUFF4cTNuMEhvQ2Q2U2pZQ2pobWFLdmI5MDB3eHYzYkZ1Z19Xb0JuT3NOUGQ4MlFiVWx0ZG9GRXFPT3VUZllOam9yTXl0OWFGRzk2MnlzUmpsckNyWEVMWmFCSktEdXctZVBBNFZDQzlCQjRVM2lvbDlQb210QXhFUnVDWjRxLXpUMWNjaGFBQnJwWl92NmhJeU16Xy1JczUyTW5Rak1USlZLc1hHdGtCcGx0YzFXWTQ5SzBQR21ielVFMWhSSzk5OGVVRXBqQXRSQ1BHVEo1MDFIbm1KeU9pWDEyUjdTaUV1VHptZlhlYw?oc=5,CBMikgJBVV95cUxOQTlGb3p3enVNOUpoUm83Slc2UG5Uc0cweF9wSmZCWGRuY0lxLUNwamVTTFVqZ2VHQW5aNDNjVXp3TUJTeHU5ZlhDNjBmdjdFaXhkaV9SMTk3VEtMcmxaNm42Y2RwMXFJSEItTmpsUkJfY3QyRF9GOEN3MkRlNUk3azhoYnZVaXNEaFI4bHVISVBsd29obDh6NEJTWnBmc3FPYWdyMlVyMUR4cVpuVjNhdkdmWWFSbVhDNDBORUZHMTB5WEpJblhERXFmQUNFMWE4RmsycnlZbURPc0pDalNyV212VW9OcXlfRkV5UDRFcWRGZThnSEJRck5LSVlKbW1KSTNGUXg1bnVYeEpwOW1iVlRn0gGXAkFVX3lxTE1YRldyZEtXY210R3JBWUZvV3N0d0tTeVFFR3pNbVpjcWVURU5PRzYxUFF4cTNuMEhvQ2Q2U2pZQ2pobWFLdmI5MDB3eHYzYkZ1Z19Xb0JuT3NOUGQ4MlFiVWx0ZG9GRXFPT3VUZllOam9yTXl0OWFGRzk2MnlzUmpsckNyWEVMWmFCSktEdXctZVBBNFZDQzlCQjRVM2lvbDlQb210QXhFUnVDWjRxLXpUMWNjaGFBQnJwWl92NmhJeU16Xy1JczUyTW5Rak1USlZLc1hHdGtCcGx0YzFXWTQ5SzBQR21ielVFMWhSSzk5OGVVRXBqQXRSQ1BHVEo1MDFIbm1KeU9pWDEyUjdTaUV1VHptZlhlYw
TMCV.NS,"Fri, 15 May 2026 07:00:00 GMT",Tata Motors reports strong Q4 and FY26 financial results - Manufacturing Today India,Manufacturing Today India,https://news.google.com/rss/articles/CBMieEFVX3lxTE1MZk1WLTZna2o5cURYTllfbzh3aTlkclhVMjZWMGwyNHN2OFhna2Y1dFRCZ2ZRbnIybGRkNXc1RHJBREVhWmVSZ09GdVVBamhpZ0o5NWppVlNoQXJ1SkFaaTg1SXFYVnl5Z3BkRks2R0RqeGVvWFNHVw?oc=5,CBMieEFVX3lxTE1MZk1WLTZna2o5cURYTllfbzh3aTlkclhVMjZWMGwyNHN2OFhna2Y1dFRCZ2ZRbnIybGRkNXc1RHJBREVhWmVSZ09GdVVBamhpZ0o5NWppVlNoQXJ1SkFaaTg1SXFYVnl5Z3BkRks2R0RqeGVvWFNHVw
TMCV.NS,"Wed, 13 May 2026 07:00:00 GMT",Can Tata Motors PV business in India offset JLR pressure? Here's what the Q4 could hold - The Economic Times,The Economic Times,https://news.google.com/rss/articles/CBMi8AFBVV95cUxNR3FqN1VnWjRkV3JJbHdwWm4xM3FBN0YxeGh6N1laWHZtSjJqZXBEUlBzVTQ0dFVMVWdsMHptQWJsSVBhZVBVaVl6Q19pRDAzTWc0ckFGQWJIdXZ5ekh5VmxiS0cydFlEQW92MF81WGpOZk9ub25LUHpkRS1PTjB3b0RnR09iQU9oV01UM3hFZlMxV21BbzZMeFVHX3JCMVo2aVg0MVBWLUYtbjhBbVVDc1EyM2F3Nkd6blotZnJ1Y2JxUVpHVmJ3bm4xTHZhU1VRNlpiRmtqaVBJT0hzVDVaSjZFdEdvcThna0pwNkdOVGHSAfYBQVVfeXFMTVNSdGYzVUNydVZlUE9TRU5pYUlkQmJhYkpuRUVwVlkzd3ByVlFBRHlhd1N6cnNZc3hOT2o3MXNTMDBaaEpJLXc1VmxUM1JKSEZxclFhbm85aGRBUXpwTGhYZTAxYS1rQW53dC1GUFk1UWU4cEZDcUJlVzlkbkNJalNjd2t4czl1dGVKQlY0YzNSdTNJakJBeUpzZzhnWjdXZGJGa2oxeFNTZmV1SFM1OEJvRHM3cWphMG53el9oSDVIdU1rSUJIZXQxY2kwZDB1UDFDelVLUDQwZnE1ZG9mckZpd1M3LVdFbE11MDBpSzZGcXVoMi1n?oc=5,CBMi8AFBVV95cUxNR3FqN1VnWjRkV3JJbHdwWm4xM3FBN0YxeGh6N1laWHZtSjJqZXBEUlBzVTQ0dFVMVWdsMHptQWJsSVBhZVBVaVl6Q19pRDAzTWc0ckFGQWJIdXZ5ekh5VmxiS0cydFlEQW92MF81WGpOZk9ub25LUHpkRS1PTjB3b0RnR09iQU9oV01UM3hFZlMxV21BbzZMeFVHX3JCMVo2aVg0MVBWLUYtbjhBbVVDc1EyM2F3Nkd6blotZnJ1Y2JxUVpHVmJ3bm4xTHZhU1VRNlpiRmtqaVBJT0hzVDVaSjZFdEdvcThna0pwNkdOVGHSAfYBQVVfeXFMTVNSdGYzVUNydVZlUE9TRU5pYUlkQmJhYkpuRUVwVlkzd3ByVlFBRHlhd1N6cnNZc3hOT2o3MXNTMDBaaEpJLXc1VmxUM1JKSEZxclFhbm85aGRBUXpwTGhYZTAxYS1rQW53dC1GUFk1UWU4cEZDcUJlVzlkbkNJalNjd2t4czl1dGVKQlY0YzNSdTNJakJBeUpzZzhnWjdXZGJGa2oxeFNTZmV1SFM1OEJvRHM3cWphMG53el9oSDVIdU1rSUJIZXQxY2kwZDB1UDFDelVLUDQwZnE1ZG9mckZpd1M3LVdFbE11MDBpSzZGcXVoMi1n
TMCV.NS,"Wed, 12 Aug 2026 07:00:00 GMT","Tata Motors Q1 profit jumps 83% on strong CV demand, flags price hikes - Business Standard",Business Standard,https://news.google.com/rss/articles/CBMi5AFBVV95cUxNczNNRFROaTl2bnptWlhCazNPQkliQ0VXdlp0LVFMU2xjOGJpTHBxcXB6Rm0xTE1JenRydVV1dVdsRDlQUVZ3b0JoT2VYNjhhUDVZMDdZeE1NdEg1S1RpUnNQeXBTenBaOWU5d2NRbGJ0RXNlb0FGemdZeHEzel9HTDdKYi1hci0yWDVTbnVmdGdzb3MzbnVIRDdWMUw4MnBnOGJRTWM0RTdHS0o4N25lU3p2TGlheE5YX1hOeG9heFQ3S0xJS2hDUVdfQXR0MnlzMV9OOG5laVhMWXhINWtSYmlITDnSAeoBQVVfeXFMUFUxbTZDYUlCbWZFWkZGbmVMd2tKNGtuRkJSajFqekF2U2wzUVQzLVJZWDJKQmxCdFJmN3ZVX2VQanMwdzZmOTJienpYOE4zOWZfNlB3YlY2Zjk3VmMycUNLYnhZRHpGRGlVQm1DRkI4dnlGUVN2SmJzZGdvdEpYVW00STBQWURoWGdVUzVsWUc3NENCYmJrRWlVLVdCcGJraW8yRnVwYXVXZnpfUmdJdHZKYjl6NUlZWkZCZmlUWElENWlHeEdzSjZhY3BiU3RnWjEyYV95VkE0U2JZcVpHbGdIazcyMkdEZzVR?oc=5,CBMi5AFBVV95cUxNczNNRFROaTl2bnptWlhCazNPQkliQ0VXdlp0LVFMU2xjOGJpTHBxcXB6Rm0xTE1JenRydVV1dVdsRDlQUVZ3b0JoT2VYNjhhUDVZMDdZeE1NdEg1S1RpUnNQeXBTenBaOWU5d2NRbGJ0RXNlb0FGemdZeHEzel9HTDdKYi1hci0yWDVTbnVmdGdzb3MzbnVIRDdWMUw4MnBnOGJRTWM0RTdHS0o4N25lU3p2TGlheE5YX1hOeG9heFQ3S0xJS2hDUVdfQXR0MnlzMV9OOG5laVhMWXhINWtSYmlITDnSAeoBQVVfeXFMUFUxbTZDYUlCbWZFWkZGbmVMd2tKNGtuRkJSajFqekF2U2wzUVQzLVJZWDJKQmxCdFJmN3ZVX2VQanMwdzZmOTJienpYOE4zOWZfNlB3YlY2Zjk3VmMycUNLYnhZRHpGRGlVQm1DRkI4dnlGUVN2SmJzZGdvdEpYVW00STBQWURoWGdVUzVsWUc3NENCYmJrRWlVLVdCcGJraW8yRnVwYXVXZnpfUmdJdHZKYjl6NUlZWkZCZmlUWElENWlHeEdzSjZhY3BiU3RnWjEyYV95VkE0U2JZcVpHbGdIazcyMkdEZzVR
TMCV.NS,"Thu, 13 Aug 2026 07:00:00 GMT",Tata Motors PV profit plunges 79% as JLR weighs on India gains - Livemint,Livemint,https://news.google.com/rss/articles/CBMizAFBVV95cUxOVWVLYmw5aUFxVWVHVzZMdWYtTWV3ZU9Hd0c5Zk1RWG9mOFhweWZQS1VycXpQMGJkN0lfVEJWeXV2aERtR0dZV2IzbkdOdFVybkhscUstQm41Z1JmZTRSUFU1YWNxRzdlNGRFczRITl9BLU1uWDUxUWtGZVplZEh1RF9peGVpVWtMUTNLTTZUelBtWWdCNC1uLW91QldFSkdTRzhNd2FDaFhORV81TjQzS1U4MHBHS0hSVnBCa1RFeG5ZZm11d0NuR3I2ZWvSAdIBQVVfeXFMUHB1Rk82Z01yWVJoUEhyRklTd203dy1kYTJRZkx1bmRscW1ERkFzVWJyekpqd3d3Sm41eEhibWlNSU5QU00wLVlVN2tpS2o3dGNSb3NSTm4yVDZacmQteG1hVHpnZXVRR1ZycTBoX3VtQWVRelJzSEVJV3Q4TENmZjh0UFN0MjBsd24xck5CQzlYNEJZYWZYTFVCdWFOWldNVFZGWS1SdERidWpaUHFPNnFZUXlzZGptV2tOZGtNZjJobTBJX2JzSzR5bW5meDg2U0d3?oc=5,CBMizAFBVV95cUxOVWVLYmw5aUFxVWVHVzZMdWYtTWV3ZU9Hd0c5Zk1RWG9mOFhweWZQS1VycXpQMGJkN0lfVEJWeXV2aERtR0dZV2IzbkdOdFVybkhscUstQm41Z1JmZTRSUFU1YWNxRzdlNGRFczRITl9BLU1uWDUxUWtGZVplZEh1RF9peGVpVWtMUTNLTTZUelBtWWdCNC1uLW91QldFSkdTRzhNd2FDaFhORV81TjQzS1U4MHBHS0hSVnBCa1RFeG5ZZm11d0NuR3I2ZWvSAdIBQVVfeXFMUHB1Rk82Z01yWVJoUEhyRklTd203dy1kYTJRZkx1bmRscW1ERkFzVWJyekpqd3d3Sm41eEhibWlNSU5QU00wLVlVN2tpS2o3dGNSb3NSTm4yVDZacmQteG1hVHpnZXVRR1ZycTBoX3VtQWVRelJzSEVJV3Q4TENmZjh0UFN0MjBsd24xck5CQzlYNEJZYWZYTFVCdWFOWldNVFZGWS1SdERidWpaUHFPNnFZUXlzZGptV2tOZGtNZjJobTBJX2JzSzR5bW5meDg2U0d3
TMCV.NS,"Wed, 12 Aug 2026 07:00:00 GMT",Q1 results 2026: HAL to Lenskart among companies to declare Q1 results today; full list here - Livemint,Livemint,https://news.google.com/rss/articles/CBMi8gFBVV95cUxPNFhKcUw2bTRYVjBJaWVielN6aDkwVDZTeG5wTmpkcjNWNFlwY3dWSnRZUUF2NjJJR29PbVl2bzJ3cDJZQXpZRk9RN0VEcG1yTTNVd25QVi15TEE0NUd5SGJGcnc3d1l0a2JEckVSU1BZMC1qTGRXcmVJcUNKMC0tTmk3bjRhMGVYclZGTnJKVkctT2lmdDFGMWlrRTkzdzdPSy03R2R2VDJvTVdjbDZtV1NHellmRE4zWlB3czZOcVdfM3gycDRJdlZZd3VRd2RwcVF4cWFraGlnaTNXejJyZHFNQkhqWWRjQVRScnVhdFpMQdIB9wFBVV95cUxORVZaNlg1R1NmU21YVDVQYmhPR2NFQTM1VWF5dnU1MzRDME42eTJuN2FZLWs3UU1paDA1M3plQXFZWjdfc2xtQ21taS1la1N0N0NBdTFUZmpQUkhJdmlVTWREQndtbWplMV9BcDFoOUtQS1R2N2FxaGRuLTNTSmU0TWFna1BweW1sLVNFS3FfV1FtZzFVOU9DejJ5cjZ1eVhZb0VBZFFkejdJaFRGRGJKWjlrS241TnVZZmVTOE1XUEFEN2hJN1JTSkFORVBpb2NqeGhSR0cwS3JlXy1nalp4b2ZSdjB3eTlxMExBTzliSGt0b0dITTFZ?oc=5,CBMi8gFBVV95cUxPNFhKcUw2bTRYVjBJaWVielN6aDkwVDZTeG5wTmpkcjNWNFlwY3dWSnRZUUF2NjJJR29PbVl2bzJ3cDJZQXpZRk9RN0VEcG1yTTNVd25QVi15TEE0NUd5SGJGcnc3d1l0a2JEckVSU1BZMC1qTGRXcmVJcUNKMC0tTmk3bjRhMGVYclZGTnJKVkctT2lmdDFGMWlrRTkzdzdPSy03R2R2VDJvTVdjbDZtV1NHellmRE4zWlB3czZOcVdfM3gycDRJdlZZd3VRd2RwcVF4cWFraGlnaTNXejJyZHFNQkhqWWRjQVRScnVhdFpMQdIB9wFBVV95cUxORVZaNlg1R1NmU21YVDVQYmhPR2NFQTM1VWF5dnU1MzRDME42eTJuN2FZLWs3UU1paDA1M3plQXFZWjdfc2xtQ21taS1la1N0N0NBdTFUZmpQUkhJdmlVTWREQndtbWplMV9BcDFoOUtQS1R2N2FxaGRuLTNTSmU0TWFna1BweW1sLVNFS3FfV1FtZzFVOU9DejJ5cjZ1eVhZb0VBZFFkejdJaFRGRGJKWjlrS241TnVZZmVTOE1XUEFEN2hJN1JTSkFORVBpb2NqeGhSR0cwS3JlXy1nalp4b2ZSdjB3eTlxMExBTzliSGt0b0dITTFZ
TMCV.NS,"Wed, 13 May 2026 07:00:00 GMT",Tata Motors PV Q4 preview: Mixed outlook as PV momentum meets JLR headwinds - Business Standard,Business Standard,https://news.google.com/rss/articles/CBMi2AFBVV95cUxPWlJuNTdnQ2pLclVkMFFyaTEwM21nSDNHSFVDcER6SkJqV0RNR2ZIM2V0NnRfelM4dk52ZWxBazJhY2IwNm0tcC0wQkswN0lzUlpRYjBJd1VOamtWQW5sMFQxeXEtNWlQdzE3VFhOc0VoLTNUUlppT0hWVE4yMjUwU3VVamI5LWFDcy1HNVJaVGlmc0RMbUtXUFZBUHpYb0djbk1fUml2Wm9wNlRUSHU3Qy13LXA2dHlRWXVFbmRjUmZwbVA4TzI1Z1pjakFZZjhHNHJKdG1zWFbSAd4BQVVfeXFMT1kxclhTY21WZi16eUpUTU84bjlmcTJmRVk2TGJ3Nl94TUNnal9RZzNPeFNWTlZPLVlEU3NmS0Q1RG5PMUwwOHpjRVYzNGZGMURRZDFSX1A3QllkdVBvRlJJVUo5R2FoaEV3WU9BNS00alFTVkFNLTdQX0Q4eTJwZDlZWkZLX19idjEzWlprcmZ5dS1xdHNzSlZZQzJRRkNDN2IwanRpeFRQbHg2aldUYmxWRWs3UkR2WUxRVHpwRlJ6VG40WXlOaUVRMXpFY0lNSVlKaEVrZm4wd3Nnc3Z3?oc=5,CBMi2AFBVV95cUxPWlJuNTdnQ2pLclVkMFFyaTEwM21nSDNHSFVDcER6SkJqV0RNR2ZIM2V0NnRfelM4dk52ZWxBazJhY2IwNm0tcC0wQkswN0lzUlpRYjBJd1VOamtWQW5sMFQxeXEtNWlQdzE3VFhOc0VoLTNUUlppT0hWVE4yMjUwU3VVamI5LWFDcy1HNVJaVGlmc0RMbUtXUFZBUHpYb0djbk1fUml2Wm9wNlRUSHU3Qy13LXA2dHlRWXVFbmRjUmZwbVA4TzI1Z1pjakFZZjhHNHJKdG1zWFbSAd4BQVVfeXFMT1kxclhTY21WZi16eUpUTU84bjlmcTJmRVk2TGJ3Nl94TUNnal9RZzNPeFNWTlZPLVlEU3NmS0Q1RG5PMUwwOHpjRVYzNGZGMURRZDFSX1A3QllkdVBvRlJJVUo5R2FoaEV3WU9BNS00alFTVkFNLTdQX0Q4eTJwZDlZWkZLX19idjEzWlprcmZ5dS1xdHNzSlZZQzJRRkNDN2IwanRpeFRQbHg2aldUYmxWRWs3UkR2WUxRVHpwRlJ6VG40WXlOaUVRMXpFY0lNSVlKaEVrZm4wd3Nnc3Z3
