ticker,trade_date,open,high,low,close,volume,return_30d,volatility_30d,max_drawdown_90d,market_score
ADANIPORTS.NS,2025-10-06,1403.73449950043,1410.4555320683446,1398.5522674701308,1403.4812485496132,2673725,,,0.0,0
ADANIPORTS.NS,2025-10-07,1398.3298841642404,1411.6150666541348,1396.745358817826,1396.9057952234396,1831757,,,-0.4685102371669636,0
ADANIPORTS.NS,2025-10-08,1409.3757244240835,1418.8125486732572,1405.1419442347178,1406.5177986071656,3255356,,,0.0,0
ADANIPORTS.NS,2025-10-09,1417.0689005299323,1422.442025021901,1414.8509183270207,1416.6390135498948,3944857,,,0.0,0
ADANIPORTS.NS,2025-10-10,1436.6879255805668,1439.3172405976163,1431.88833506578,1439.132196056394,3816341,,,0.0,0
ADANIPORTS.NS,2025-10-13,1461.0444130160445,1467.7416127565762,1460.5272552273618,1460.5896977025914,2807174,,,0.0,0
ADANIPORTS.NS,2025-10-14,1465.7229522376615,1466.1159492614465,1445.5106226037803,1457.6036213263133,3398906,,,-0.20444320406853844,0
ADANIPORTS.NS,2025-10-15,1449.6601975161175,1460.071055934634,1429.8515637240855,1439.3767863561636,2785017,,,-1.452352524449152,0
ADANIPORTS.NS,2025-10-16,1423.204971602056,1423.5380792538679,1419.9518507472899,1423.379666845157,2724719,,,-2.547603267088838,0
ADANIPORTS.NS,2025-10-17,1421.548630611084,1434.9222092803477,1411.9654076571712,1426.7741843874146,2358306,,,-2.3151959354749896,0
ADANIPORTS.NS,2025-10-20,1421.2393640687183,1432.9355802237515,1420.3314367722126,1427.6912780971254,3706802,,,-2.2524066585717373,0
ADANIPORTS.NS,2025-10-21,1425.834399662598,1441.0800411379782,1422.0368241484828,1430.326732195458,2854002,,,-2.071968983126138,0
ADANIPORTS.NS,2025-10-22,1420.5821446265968,1434.9219977137031,1415.317934510115,1419.3949836252234,2284609,,,-2.820416585312391,0
ADANIPORTS.NS,2025-10-23,1438.5471417711408,1452.4390879043056,1419.703352279438,1442.282165955641,3258001,,,-1.253434265334541,0
ADANIPORTS.NS,2025-10-24,1417.0506825453447,1424.0122414071702,1411.4506369653047,1415.2463644056047,3976837,,,-3.104453863279244,0
ADANIPORTS.NS,2025-10-27,1414.5171092632056,1423.5535469955043,1387.6163833481778,1403.497277860757,2446934,,,-3.90886091635706,0
ADANIPORTS.NS,2025-10-28,1374.9957390322113,1384.1783376778146,1368.3556758611999,1383.7414503031055,1516199,,,-5.261453474604327,0
ADANIPORTS.NS,2025-10-29,1373.4416892448255,1385.2947381224003,1370.5033736761377,1378.5503589335271,3182095,,,-5.616864126736387,0
ADANIPORTS.NS,2025-10-30,1393.2441571428728,1399.085346865,1383.6741983344425,1397.5775463101932,2658860,,,-4.314158280830826,0
ADANIPORTS.NS,2025-10-31,1383.981518618739,1392.2728035963405,1377.3343445780706,1391.0189016471106,3552300,,,-4.763199149282715,0
ADANIPORTS.NS,2025-11-03,1390.8271054116906,1392.8651654368857,1376.0721736228707,1390.9728074248249,3306630,,,-4.766355013134027,0
ADANIPORTS.NS,2025-11-04,1398.2895096070151,1405.2562990605131,1388.379782023562,1400.3516903803527,2947292,,,-4.124225127493986,0
ADANIPORTS.NS,2025-11-05,1394.6987587058434,1410.7186256284672,1381.5847052529061,1392.984754806233,2587117,,,-4.628606035130634,0
ADANIPORTS.NS,2025-11-06,1391.5065619997545,1398.0087856097439,1389.985767421835,1397.6460336871155,2902154,,,-4.3094692585112675,0
ADANIPORTS.NS,2025-11-07,1403.186749715294,1408.1111966610686,1399.7199113541906,1400.1055412511976,2197349,,,-4.141077850030794,0
ADANIPORTS.NS,2025-11-10,1381.0787190328645,1381.7077298617237,1369.5878452669915,1379.5081781773424,2875952,,,-5.551286555887991,0
ADANIPORTS.NS,2025-11-11,1369.921027131714,1372.4384445939604,1367.3062437440847,1370.1283104089775,2423051,,,-6.193483867228656,0
ADANIPORTS.NS,2025-11-12,1378.4483428497615,1382.7743742520463,1368.276062813693,1374.25058637398,2085842,,,-5.91125019328953,0
ADANIPORTS.NS,2025-11-13,1390.200553666471,1406.1213879804727,1388.4655290569606,1393.8141654447409,3946847,,,-4.571820023301809,0
ADANIPORTS.NS,2025-11-14,1421.6786623076441,1430.9708230045135,1406.9668923792954,1413.6404423152524,3067600,,,-3.2144041178153615,0
ADANIPORTS.NS,2025-11-17,1433.9505371476619,1450.713677287004,1430.1332197469258,1447.8261575678857,3968654,3.1596367293185823,17.101423727321897,-0.8738621225921173,0
ADANIPORTS.NS,2025-11-18,1449.3974950706427,1459.3783279370393,1448.466213683754,1454.4645850245527,1843352,4.120448923465614,17.040176377398023,-0.4193588855017305,0
ADANIPORTS.NS,2025-11-19,1442.2667757568613,1458.7428883297123,1440.7664962631436,1445.4594215837228,3724693,2.768654830754369,17.096067111685727,-1.0359018787184038,0
ADANIPORTS.NS,2025-11-20,1447.455738614241,1451.348791117396,1431.4366341048878,1442.5450021768843,2078545,1.828693716550478,17.01267160151295,-1.235439052739462,0
ADANIPORTS.NS,2025-11-21,1447.130669488228,1448.4481726632016,1423.8086904806237,1438.7761736766467,3667168,-0.024738684932679167,16.408727006348716,-1.4934737702351208,0
ADANIPORTS.NS,2025-11-24,1419.7408778164177,1437.0493457496852,1419.0483761531432,1429.9613911141887,5016335,-2.096982241938228,15.876600046371895,-2.096982241938228,0
ADANIPORTS.NS,2025-11-25,1439.4350816737694,1443.6012939160485,1434.5083008462389,1434.752044810827,3735767,-1.56774970788649,15.91260864062167,-1.7689877542204413,0
ADANIPORTS.NS,2025-11-26,1448.5548151847224,1450.707131497483,1438.4734928955786,1440.3628191128134,2335961,0.06850414471015753,15.54142429330928,-1.3848433014140404,0
ADANIPORTS.NS,2025-11-27,1422.2159529622975,1430.9708753746886,1401.94252430181,1418.44199693348,2682555,-0.3468976005974067,15.84075782078775,-2.8856632930799764,0
ADANIPORTS.NS,2025-11-28,1428.3224689652834,1436.5886227458573,1417.7133505187455,1435.289052126863,1943887,0.5967915478582997,16.203223917126074,-1.7322212812759474,0
ADANIPORTS.NS,2025-12-01,1408.5457075502804,1409.945189001564,1401.739896942363,1402.2439152501079,3345348,-1.7824135537855668,17.549085014853606,-3.994673010788552,0
ADANIPORTS.NS,2025-12-02,1402.180964831202,1405.702622242312,1393.4356411003553,1396.7569722155333,2686346,-2.3469994109945214,17.56040993802401,-4.370339294290693,0
ADANIPORTS.NS,2025-12-03,1420.5025592330692,1421.0832759888704,1411.9135356577544,1414.3838842242742,3312717,-0.3530447450328822,17.84714725294044,-3.1635039978027857,0
ADANIPORTS.NS,2025-12-04,1433.3726579650693,1434.0115105326654,1420.649069954293,1422.9495287625905,4554398,-1.3404199018325125,17.28355672594976,-2.5770528848181207,0
ADANIPORTS.NS,2025-12-05,1422.6230818950407,1432.7364383085437,1410.8447758951595,1415.0958945171533,2520137,-0.010632063239013334,16.469059899679696,-3.1147558590202795,0
ADANIPORTS.NS,2025-12-08,1436.4986392684777,1455.4936506919917,1435.8350014580597,1447.115573160674,1559289,3.1078289917598534,17.512852510080112,-0.9225126374033166,0
ADANIPORTS.NS,2025-12-09,1444.605739241255,1447.5297739890239,1435.8474887960165,1437.694182020519,1789624,3.899047159828539,17.07573246355748,-1.5675528670430428,0
ADANIPORTS.NS,2025-12-10,1404.572728507171,1408.8013634723018,1401.4092307051712,1401.8128481157125,2665409,1.6874602390428262,18.657137885719425,-4.0241862365132945,0
ADANIPORTS.NS,2025-12-11,1422.476502662625,1432.7470766334634,1401.5941726976928,1407.687519799113,3566605,0.7233926672342239,18.27120048244637,-3.6219739182530075,0
ADANIPORTS.NS,2025-12-12,1370.6557268749682,1385.225983363466,1361.350191798203,1376.2401788745312,3484153,-1.062438673915922,19.373210647339523,-5.775031753321014,0
ADANIPORTS.NS,2025-12-15,1363.5092457136595,1364.9967648902389,1355.2222421617726,1360.8738428761772,2797863,-2.163878717684742,19.627688538622284,-6.8270955890802565,0
ADANIPORTS.NS,2025-12-16,1368.934654973941,1376.3204734713104,1365.436829538977,1369.3677849924416,2257725,-2.2125802825642693,19.61180650746566,-6.245553618078759,0
ADANIPORTS.NS,2025-12-17,1364.4087673072604,1378.1497775303194,1357.4984396588138,1360.1132997684456,2086361,-2.35978569933164,19.647025361571405,-6.879166551166859,0
ADANIPORTS.NS,2025-12-18,1363.2208190538752,1383.722969089437,1351.1916973671996,1367.910582541974,2344644,-2.1275380481491912,19.70206210413216,-6.3453217085123415,0
ADANIPORTS.NS,2025-12-19,1350.0962978951252,1353.9035918120182,1346.08800758293,1347.3455476786735,4143639,-3.768286891099326,20.120925415542594,-7.753317047357189,0
ADANIPORTS.NS,2025-12-22,1363.1557001883484,1366.9890222906981,1358.5047571297782,1359.5955836115952,3424484,-1.4434560722979217,19.913790451366054,-6.914612245304285,0
ADANIPORTS.NS,2025-12-23,1333.9998110620766,1334.165915968394,1327.7410890198603,1330.6200905016128,3289265,-2.8835416075427056,20.74535083653719,-8.898433790503379,0
ADANIPORTS.NS,2025-12-24,1349.6547330696908,1355.0557923751808,1343.6412470879309,1350.1528128349232,3233436,-1.7535210665356016,21.206669759254808,-7.561116242390176,0
ADANIPORTS.NS,2025-12-25,1329.6342230716482,1347.4385472294346,1325.7995185332322,1340.7948909560373,2839094,-3.803898382090709,20.811979398692635,-8.201811017494043,0
ADANIPORTS.NS,2025-12-26,1370.5195449847151,1396.8526464276963,1343.8287883673872,1363.951057200409,3243525,-3.514994593212284,21.02588263452711,-6.616412580082443,0
ADANIPORTS.NS,2025-12-29,1348.9506172753638,1350.411448146415,1344.1820798027452,1348.5752487975578,3119830,-6.855167538694939,19.795193911073408,-7.66912494872617,1
ADANIPORTS.NS,2025-12-30,1376.36807442281,1378.6026618000171,1371.7718308910505,1378.360820147172,3369177,-5.232424746601572,20.94010442100694,-5.6298409940012455,1
ADANIPORTS.NS,2025-12-31,1361.9349247806078,1366.7026309867097,1337.8885138860935,1360.908079854363,3287610,-5.849444160578432,21.14354172997145,-6.82475153734281,1
ADANIPORTS.NS,2026-01-01,1334.3164583237779,1338.3818733463559,1328.7462698457873,1330.259362935546,3145286,-7.783856938389633,21.970535343554655,-8.923131182702859,1
ADANIPORTS.NS,2026-01-02,1319.117712011704,1334.9996808559488,1313.2992683055134,1329.283807590367,2519634,-7.610104204497858,21.97722713577701,-8.989923064551242,1
ADANIPORTS.NS,2026-01-05,1341.6614987593084,1347.7821789746263,1330.4128052459455,1347.4276219664152,3104390,-5.771748080797156,22.439479608700537,-7.747697790431662,1
ADANIPORTS.NS,2026-01-06,1352.1550131874253,1366.9777461728347,1349.0960235776352,1358.5743883345137,1867514,-5.309464917776607,22.584119225057606,-6.984528887786956,1
ADANIPORTS.NS,2026-01-07,1377.6205655288488,1388.8049065099563,1371.1904260507567,1375.9449008400466,3060907,-4.472339706216855,22.920345665566554,-5.795248110792873,0
ADANIPORTS.NS,2026-01-08,1385.2751109736046,1392.8983522630733,1383.6994209224292,1387.6561106515094,2469355,-2.170401493224705,22.71009089527728,-4.993434307102229,0
ADANIPORTS.NS,2026-01-09,1367.9088009775796,1385.6797952677127,1367.3786961466003,1372.3464228544137,3853607,-4.385362598507847,22.583857535261863,-6.0416196955913275,0
ADANIPORTS.NS,2026-01-12,1387.2083824909332,1399.6266164211434,1377.6963944624245,1383.2947164505745,3680647,-1.3513482635546747,21.77694312006794,-5.29203932997725,0
ADANIPORTS.NS,2026-01-13,1377.0051856416912,1388.9912910578612,1363.4208591856757,1383.1054142199298,3398705,-0.9773753249249562,21.750926965852184,-5.305000001337756,0
ADANIPORTS.NS,2026-01-14,1378.7659785809892,1383.7190464363991,1368.5583942703408,1369.6615010063772,2267453,-3.161969230328532,21.566411180749096,-6.225444205120578,0
ADANIPORTS.NS,2026-01-15,1371.0874209489825,1373.3058992467538,1370.6824995219536,1370.896647802482,2620688,-3.6580974875035865,21.47179384968362,-6.14087926549054,0
ADANIPORTS.NS,2026-01-16,1365.5720785258138,1371.091475247354,1364.2669718184522,1368.2577811575063,2078557,-3.309889707200986,21.43351575693034,-6.321550582639112,0
ADANIPORTS.NS,2026-01-19,1379.4173422907108,1394.9322471168834,1367.976989487913,1389.965994634701,2331544,-3.9492062407394,20.86701384745301,-4.835286951494777,0
ADANIPORTS.NS,2026-01-20,1377.3415553870057,1380.8870731555703,1371.837650336452,1379.6776545704404,4752960,-4.0353872315559425,20.8880983096159,-5.539683270354445,0
ADANIPORTS.NS,2026-01-21,1361.7932985145885,1378.6278501006684,1360.4649943576733,1368.6975731609543,2473978,-2.3623178371685705,19.765095032137776,-6.291440004415827,0
ADANIPORTS.NS,2026-01-22,1358.7601482640594,1362.4522600763003,1349.0107341415498,1355.574136891482,4431847,-3.7020561860964585,19.8706785878425,-7.189942594849985,0
ADANIPORTS.NS,2026-01-23,1372.8924691185277,1387.0851938587173,1371.3267817403105,1385.0502185855726,4126418,0.6401527761125347,19.89927143316424,-5.171848003298751,0
ADANIPORTS.NS,2026-01-26,1370.5036503547956,1394.6078564323836,1364.2613976870055,1372.691340928519,1106165,0.8683757215412147,19.797464168426266,-6.018004708121016,0
ADANIPORTS.NS,2026-01-27,1384.3805539177447,1394.4569870105142,1374.879276699939,1392.477435511666,3438266,1.6876145891917549,20.146933894098318,-4.663339902921493,0
ADANIPORTS.NS,2026-01-28,1371.1371124934738,1383.4875276169757,1363.2016067598806,1373.630140116518,3681530,0.993802527361054,20.456421537067236,-5.953729354852689,0
ADANIPORTS.NS,2026-01-29,1369.1099572306448,1388.9355425701117,1360.2830024388084,1380.278917743567,2734874,0.904177170601983,20.43786770156152,-5.498517488199983,0
ADANIPORTS.NS,2026-01-30,1375.134068385723,1387.5151369574126,1371.1212127865676,1382.902899598137,1787905,2.639067014451113,19.910568026304606,-5.318865265628691,0
ADANIPORTS.NS,2026-02-02,1412.4728267026442,1419.9680851910312,1389.3864536732856,1401.7681389255408,3228040,3.10184556512898,20.114965609918478,-4.027247273452151,0
ADANIPORTS.NS,2026-02-03,1418.0357648869585,1431.068951890759,1414.7982167309701,1418.4207097218637,2704034,6.598473888001499,19.18051769598588,-2.8871207326093495,0
ADANIPORTS.NS,2026-02-04,1419.9418301169217,1421.641653170123,1416.0831448763427,1418.0403614626978,3217561,5.028138147209482,18.821491127413637,-2.9131614653191695,0
ADANIPORTS.NS,2026-02-05,1408.0958956096847,1411.6145833365854,1400.1390133845382,1407.1693236083127,2712082,4.9503792936552715,18.851985470304538,-3.6574524781535445,0
ADANIPORTS.NS,2026-02-06,1437.6948396172118,1449.6659099748185,1427.2581953488736,1433.0840333423787,4923586,5.068581880340295,18.93705334772375,-1.8831889889047715,0
ADANIPORTS.NS,2026-02-09,1416.345597840664,1426.4059396126256,1411.7567160183005,1420.3943632554417,3353249,5.325554841816982,18.805410892614596,-2.7519935619410574,0
ADANIPORTS.NS,2026-02-10,1380.93143226833,1387.7111241495825,1378.4422710995552,1380.5348585795566,4652593,0.15772636602893186,19.69964541919525,-5.480994371585368,0
ADANIPORTS.NS,2026-02-11,1348.1110998027714,1355.311361872933,1343.6485072409894,1348.398176028285,3377059,-0.9192320929872655,20.52170381100578,-7.681248323932177,0
ADANIPORTS.NS,2026-02-12,1323.4310834552775,1325.0706242470485,1314.1311099411191,1320.8635799172673,3886918,-0.7063121132667383,20.331558310195415,-9.566418139543487,0
ADANIPORTS.NS,2026-02-13,1338.9708977367973,1339.205688869766,1314.2421149903369,1328.6763629337363,3693004,-0.045697138049982655,20.40634234648938,-9.03151206504782,0
ADANIPORTS.NS,2026-02-16,1374.845795401527,1378.7446718453643,1361.6347799242521,1362.751716380086,3673920,1.1372851620265134,21.373613300819425,-6.507386751682109,0
ADANIPORTS.NS,2026-02-17,1325.831403625216,1331.379081725013,1315.2455696997206,1328.1348410018488,3655608,-2.2405506532462316,22.50314336918239,-8.685652804710353,0
ADANIPORTS.NS,2026-02-18,1313.9136733502125,1315.6565646711176,1307.9405420526182,1314.0763962612348,3579557,-4.496437651030916,22.308481807429846,-9.652224619889804,0
ADANIPORTS.NS,2026-02-19,1317.778373477441,1320.4621986441778,1307.336624359766,1313.8365255451818,2467877,-5.3197319234712275,22.113034347284643,-9.668716648538888,1
ADANIPORTS.NS,2026-02-20,1339.2231248704943,1345.9041829624819,1331.1273427695182,1336.7572528002486,2459826,-2.5933080351636995,22.606468562194635,-8.092829033875514,0
ADANIPORTS.NS,2026-02-23,1321.7224235655651,1331.8401693161723,1310.6879286458095,1322.522112318127,3065183,-4.393322941938593,22.624207703619497,-9.07154935671386,0
ADANIPORTS.NS,2026-02-24,1337.4933916427217,1338.2943147911349,1315.036579283971,1330.2665517069165,2868716,-3.8203062449013947,22.719706374990054,-8.539089545142797,0
ADANIPORTS.NS,2026-02-25,1324.7877546370087,1332.6649974009072,1321.8625477418525,1324.622350590471,2048049,-3.288341709452536,22.59631147681772,-8.927149947201352,0
ADANIPORTS.NS,2026-02-26,1356.5733730332386,1374.6173669973434,1355.8792815346528,1365.0109824920476,2410634,-0.42932961575689044,24.372048914279254,-6.150277115959824,0
ADANIPORTS.NS,2026-02-27,1362.9406380134126,1369.0297766342287,1350.2751165614213,1365.671285826359,3064828,-0.18903567491201922,24.3657690116076,-6.104878737676156,0
ADANIPORTS.NS,2026-03-02,1374.4450543090134,1382.1520583318445,1365.552729243676,1369.7982851973252,2958254,-1.4509498444727154,23.921670333663762,-5.821131755215491,0
ADANIPORTS.NS,2026-03-03,1366.0531049742708,1370.146598467145,1352.5007935154783,1369.4698714798524,3218452,-0.7398672477424539,23.828798635451022,-5.843711453673206,0
ADANIPORTS.NS,2026-03-04,1360.3866849730302,1365.5715451506214,1359.9808197366358,1360.968536423532,3180634,-0.564700112645955,23.784235933604,-6.42821073566685,0
ADANIPORTS.NS,2026-03-05,1373.4925862489097,1378.2722434481632,1365.2845924092178,1374.849381959715,1439720,1.4219248172168353,23.788285001152794,-5.473849544675835,0
ADANIPORTS.NS,2026-03-06,1356.7573689788458,1360.6383977445553,1338.685114596989,1354.1649461984691,2220312,-2.229902712021792,23.329135490027898,-6.895983570778408,0
ADANIPORTS.NS,2026-03-09,1320.177740372019,1321.17205643248,1314.3161159123492,1320.3681168001958,3646414,-3.8117253725029276,24.267439237110867,-9.219644782350834,0
ADANIPORTS.NS,2026-03-10,1308.1988862877135,1319.3244604524546,1302.4804037998538,1316.3429154238102,3175138,-5.467558622225022,23.81581315731425,-9.49639276355504,1
ADANIPORTS.NS,2026-03-11,1330.2953976941765,1345.7203389029726,1319.7393598191575,1327.6271778100977,4092837,-3.3490064729154945,23.72803749545404,-8.720556589716743,0
ADANIPORTS.NS,2026-03-12,1315.285331270592,1334.3223113038084,1305.1963897998664,1316.7585645856545,4251017,-4.601994013047261,23.748508433055136,-9.467815294833981,0
ADANIPORTS.NS,2026-03-13,1314.8390906517209,1324.8793228691256,1312.5088085722423,1318.0588744632366,3092542,-4.688978897487573,23.738744340053834,-9.378414020236415,0
ADANIPORTS.NS,2026-03-16,1300.3587962816946,1305.144272134143,1291.0329775998334,1297.2684780416052,2787301,-7.4548463459894965,23.639932816285704,-10.807833246781584,2
ADANIPORTS.NS,2026-03-17,1313.2092146175978,1334.0511953186083,1309.6185538860275,1312.2746129861725,4010833,-7.483400094779014,23.623630343536203,-9.776104107476758,1
ADANIPORTS.NS,2026-03-18,1324.5978216916285,1331.6437200291682,1320.5047766366683,1320.9273493100013,4341019,-6.848395489429171,23.76281755119451,-9.18119540960134,1
ADANIPORTS.NS,2026-03-19,1321.1109234564478,1326.3433160315276,1312.8178377803833,1319.5884418701598,3738078,-6.223904989171802,23.709303941058614,-9.273250414145762,1
ADANIPORTS.NS,2026-03-20,1323.9358338864865,1327.136585560286,1318.3797659910995,1320.6100558764088,4114659,-7.848386755356362,22.92554211824002,-9.203010546034317,1
ADANIPORTS.NS,2026-03-23,1299.5634527349862,1311.0861298420227,1292.192396800278,1297.0857595456575,2459787,-8.6812935125404,23.28151500438156,-10.820395841830576,2
ADANIPORTS.NS,2026-03-24,1270.8177415906314,1290.810842238079,1256.402264805665,1274.6637765062112,2298969,-7.668845260617108,22.46540539068567,-11.916933232762295,2
ADANIPORTS.NS,2026-03-25,1267.1201174157727,1286.017952324406,1260.532899834868,1271.2080596984608,2927308,-5.7245788152271215,21.590923763436187,-12.155733565772508,2
ADANIPORTS.NS,2026-03-26,1275.676961767929,1279.7542151883717,1271.1778706404834,1277.4700883042187,2615982,-3.2852364371925957,20.938837086925354,-11.723008721820971,1
ADANIPORTS.NS,2026-03-27,1274.3240588520912,1294.4975812468053,1264.0519507009762,1284.5433776072393,3220254,-3.321575257728726,20.928229546075137,-11.234223345296302,1
ADANIPORTS.NS,2026-03-30,1282.1141828702018,1293.390163994527,1264.8321828982569,1277.3622978356168,3496216,-6.2659556776264,19.366798299780974,-11.730457364527958,2
ADANIPORTS.NS,2026-03-31,1284.0608631810883,1309.806749393958,1273.4014569135174,1287.2278101564145,4361516,-3.0800359709392877,18.24817431719715,-11.048721053774957,1
ADANIPORTS.NS,2026-04-01,1311.9232277144813,1314.929275686556,1304.5669341877115,1307.7257428743055,2520543,-0.48327885692170947,18.648510606929943,-9.632252798021135,0
ADANIPORTS.NS,2026-04-02,1300.5264279841774,1309.5365361482302,1288.3503575124616,1304.7020228860779,2714553,-0.6952541264837686,18.659592367898664,-9.84120086300695,0
ADANIPORTS.NS,2026-04-03,1304.1431087133558,1319.5640552688508,1302.228430994786,1307.9222129295956,3983413,-2.157088716762079,17.921532369663158,-9.6186761315175,0
ADANIPORTS.NS,2026-04-06,1309.701077719306,1320.533133941413,1299.7853232759687,1303.0330545628685,3072150,-1.4736281211281899,17.697509197923154,-9.956531549384962,0
ADANIPORTS.NS,2026-04-07,1306.0979460845242,1314.797038491677,1295.9960506957195,1299.4331417431758,4368678,-2.3178369721599923,17.60735856687955,-10.205296256673002,1
ADANIPORTS.NS,2026-04-08,1294.8622825411082,1300.7210418222019,1289.9573654062397,1300.4521748997627,3066158,-1.824684271704613,17.58026642462414,-10.134878027784676,1
ADANIPORTS.NS,2026-04-09,1331.7414807115179,1343.9323341334944,1321.831402857742,1325.6465950955433,4112050,-2.883814701962195,16.107944658813064,-8.393868486939715,0
ADANIPORTS.NS,2026-04-10,1333.6388305719565,1339.876675592639,1314.3928924569573,1338.611372725165,4554344,-1.9814367763337892,16.401253574898544,-7.497963704344834,0
ADANIPORTS.NS,2026-04-13,1343.3456946081922,1350.345798596027,1342.2489230260785,1350.2424045251123,3333220,-1.427646747958644,16.59158661695727,-6.082780231641682,0
ADANIPORTS.NS,2026-04-14,1348.0668245418187,1362.942680610398,1340.9305764684489,1341.231679028546,3897588,-2.0619798244113308,16.689792712606216,-6.4094185809610575,0
ADANIPORTS.NS,2026-04-15,1328.6306385032015,1328.7990884976884,1311.692353243836,1325.194694461988,3814778,-2.628557604685955,16.937769468730224,-7.528472606645442,0
ADANIPORTS.NS,2026-04-16,1332.9583521981567,1336.074189507393,1321.9103852821006,1329.7393526177807,4567309,-3.2810888184445552,16.666092705708078,-7.211348275478824,0
ADANIPORTS.NS,2026-04-17,1348.8693558377818,1358.1067550614052,1337.5136626232097,1348.0471986617422,3541977,-0.45177269976609535,16.656974220063457,-5.93383449275513,0
ADANIPORTS.NS,2026-04-20,1378.3843022434546,1382.213537833661,1370.6805967011157,1374.4958549008436,3534085,4.099442981993673,15.86751870279994,-4.088258404839662,0
ADANIPORTS.NS,2026-04-21,1333.709350200373,1339.321661464474,1325.2745763388184,1332.963289468934,3670105,1.2626173507207072,18.29557833368623,-6.9863833204486525,0
ADANIPORTS.NS,2026-04-22,1374.0717894144198,1380.9454341253165,1360.00998212922,1370.958725796954,3061219,3.263834057565096,19.90284607759718,-4.33507778329858,0
ADANIPORTS.NS,2026-04-23,1381.2303521580284,1389.8523197625084,1371.288515756954,1376.1135703901205,2639636,4.507660508222577,19.716311063854235,-3.975374899641171,0
ADANIPORTS.NS,2026-04-24,1384.9964227412802,1389.6067137456341,1384.9350619321328,1389.4660984148252,3885836,5.417605035334128,19.856198367238548,-3.0436411203203173,0
ADANIPORTS.NS,2026-04-27,1356.4468567853708,1362.2890975406767,1339.7219394732494,1359.054689184529,4240977,4.762792913630198,20.39897851508018,-5.165736442209267,0
ADANIPORTS.NS,2026-04-28,1348.7230690546178,1365.4302067888948,1339.644422300525,1353.5024510179228,2652753,3.1417081168653826,20.24034550569725,-5.553169281974901,0
ADANIPORTS.NS,2026-04-29,1363.4757734175512,1365.8601705587835,1358.4056369104053,1365.224590610378,3085178,3.353495657691985,20.297786283124957,-4.7352033204732695,0
ADANIPORTS.NS,2026-04-30,1347.737152689827,1350.9866078494751,1341.412618168236,1344.4313178611005,3063173,1.8826230362955165,20.84218783531492,-6.186149131430463,0
ADANIPORTS.NS,2026-05-01,1289.8058617736249,1300.767376036407,1289.0625051096542,1297.0085657682523,2428872,-1.7871657120234197,23.30489227470733,-9.49528879034106,0
ADANIPORTS.NS,2026-05-04,1298.4028005708187,1303.736995628207,1296.4947835721903,1300.6130213878964,4407166,0.2719374425538712,22.732434781649406,-9.243771395981604,0
ADANIPORTS.NS,2026-05-05,1309.065742003832,1330.4771251142954,1294.4088523320183,1298.2113736577298,3763961,1.847357521687898,22.13351688514318,-9.411357362630412,0
ADANIPORTS.NS,2026-05-06,1318.0692142298835,1326.5554873848566,1304.987369195887,1319.209416310684,1902526,3.7760425011472476,22.55307064729677,-7.946122794076849,0
ADANIPORTS.NS,2026-05-07,1315.7378978252748,1331.1852963296164,1305.2680690586699,1315.0342919559046,2907814,2.9405153197403333,22.563010797813867,-8.237461212316145,0
ADANIPORTS.NS,2026-05-08,1309.6711199170081,1320.305005847546,1300.310277434441,1312.024352500329,3129861,2.13935748470242,22.542210930777102,-8.447493519253191,0
ADANIPORTS.NS,2026-05-11,1321.5712175562355,1335.203075424424,1310.118830483913,1321.400971971261,2717466,3.447625956258782,22.530525223856696,-7.793196963519266,0
ADANIPORTS.NS,2026-05-12,1335.458172646127,1344.0085023824945,1333.8748560369168,1336.2188823683011,3803073,3.805936433733015,22.64040408958394,-6.759209419712753,0
ADANIPORTS.NS,2026-05-13,1326.4401587012856,1328.0620267491831,1320.781564555371,1323.246317739274,2101781,1.1868371445265868,22.423883543815805,-7.66442951338523,0
ADANIPORTS.NS,2026-05-14,1335.8597210380826,1345.3502515951736,1328.6569787398705,1336.6562619300764,2427779,2.449159921842825,22.578330656556048,-6.728689258187048,0
ADANIPORTS.NS,2026-05-15,1321.9855294111212,1327.8742527619938,1310.8607923234515,1326.6533554607058,3437727,1.4321297051110182,22.70235310502908,-7.4266878567787025,0
ADANIPORTS.NS,2026-05-18,1313.7175011840432,1330.4152178501292,1310.2328125331835,1325.2576464036176,3407505,1.7056046094091393,22.67135123115451,-7.524079846684062,0
ADANIPORTS.NS,2026-05-19,1333.5000236705528,1341.1865672070417,1332.928179455672,1334.2979347713426,2646823,2.683077097864084,22.71563538546964,-6.893252333614896,0
ADANIPORTS.NS,2026-05-20,1347.8707638767912,1355.0360856736113,1337.128679529649,1346.2137634826875,3585665,3.518898231413403,22.831856874735987,-6.061770827010326,0
ADANIPORTS.NS,2026-05-21,1355.6628142840632,1360.3809909640186,1344.422714991095,1349.676515745164,2407944,1.812694328829667,22.183265137078624,-5.820141433205672,0
ADANIPORTS.NS,2026-05-22,1326.9906723326105,1337.7318973988495,1320.4216794987758,1330.623216407067,3707232,-0.5967494734364531,22.412747443984927,-7.149672632688708,0
ADANIPORTS.NS,2026-05-25,1302.7766445011089,1312.4515353239751,1291.1769198676984,1299.4661082317418,3434124,-3.7605318958434553,23.234818913196985,-9.323802512752867,0
ADANIPORTS.NS,2026-05-26,1287.3104351335362,1299.6581165660482,1286.418534518275,1294.917720292745,2701397,-3.453091621676163,23.187692913002365,-9.641187106619897,0
ADANIPORTS.NS,2026-05-27,1315.590763877359,1316.785338731672,1304.3045143035993,1308.4610941586384,3899244,-1.2627276862244963,23.183017530324896,-8.696136184916003,0
ADANIPORTS.NS,2026-05-28,1311.767583491897,1318.4649480733021,1302.8961982144358,1313.8965830982734,2343859,-1.1914191670960639,23.194150276765033,-8.31685005701478,0
ADANIPORTS.NS,2026-05-29,1312.2049144488926,1320.9750039625694,1304.181524325323,1316.0709483525752,1513728,-2.37204233953463,22.81857469770065,-8.165123765763694,0
ADANIPORTS.NS,2026-06-01,1315.9090814931408,1320.9144150686407,1314.1866445668431,1314.3149236844056,4025932,-4.378400342340749,21.99029347881356,-8.28765842718715,0
ADANIPORTS.NS,2026-06-02,1317.9270082561386,1329.8644308976359,1317.0112317079283,1317.549953148341,3805565,-1.1563211412021435,20.23869917762869,-8.061919434311038,0
ADANIPORTS.NS,2026-06-03,1297.4513578843305,1301.138813444596,1290.1884742731552,1300.298633411431,2348640,-5.154064163707595,18.618682133435968,-9.265709256508337,1
ADANIPORTS.NS,2026-06-04,1309.7109219117035,1321.338336745825,1308.4586289386918,1310.8889728923884,2757792,-4.739768497395258,18.773039474442335,-8.526719829889872,0
ADANIPORTS.NS,2026-06-05,1323.855356255385,1334.2862057672871,1317.0455939279013,1322.6143211499862,4358090,-4.811328418959415,18.73478242841901,-7.708529969086619,0
ADANIPORTS.NS,2026-06-08,1323.162621663177,1338.2776893933035,1315.006559918751,1315.341427388634,2718137,-3.2164461183033177,17.76789754929032,-8.216029431235372,0
ADANIPORTS.NS,2026-06-09,1323.180003869533,1325.0712496800272,1306.8138104527757,1320.6043840282034,3655439,-2.430587913969262,17.801529436167414,-7.848782534534227,0
ADANIPORTS.NS,2026-06-10,1290.8513887815016,1303.438308549657,1286.9146875735123,1292.0628366112276,2830671,-5.358953721046045,18.55588323134379,-9.840399686977719,1
ADANIPORTS.NS,2026-06-11,1293.2999821940302,1293.4850146013569,1282.6159566155143,1293.2387731085587,1969167,-3.8077471174939426,18.1228835388944,-9.75834333368848,0
ADANIPORTS.NS,2026-06-12,1288.7755970062292,1296.3612551557956,1279.0620830786106,1289.560393404066,2550836,-0.5742577621123623,14.996913330966647,-9.211101735965332,0
ADANIPORTS.NS,2026-06-15,1305.7597343596258,1315.7932699530647,1295.380708638182,1307.5580442391915,4178098,0.5339807257876084,15.527039540236268,-5.894930021616118,0
ADANIPORTS.NS,2026-06-16,1294.2515631082701,1306.5891319552184,1292.15396744109,1302.8142477147921,2959019,0.3545550555525967,15.55623879569302,-6.236341483890106,0
ADANIPORTS.NS,2026-06-17,1315.1701858424442,1325.3162551439518,1306.6267376266258,1314.8200854843412,3717530,-0.3327243402050595,15.056597064879357,-5.372280260428375,0
ADANIPORTS.NS,2026-06-18,1308.1085225305103,1325.9295974210645,1303.8850043089442,1307.026752958576,1707230,-0.608922447597815,15.127101405819118,-5.933167102839009,0
ADANIPORTS.NS,2026-06-19,1268.7209791207406,1270.5084767269439,1258.8007170941535,1270.0684913839154,2591217,-3.1977959125879196,17.180716072300303,-8.593056510491671,0
ADANIPORTS.NS,2026-06-22,1267.538106278481,1278.7728867388244,1256.844077437013,1265.0523791829744,3054655,-4.264306897264191,17.022324390201234,-8.954066556484419,0
ADANIPORTS.NS,2026-06-23,1265.036397891153,1282.6555325051015,1256.9155695027437,1266.4576474203168,2168126,-5.220793978329374,16.619071231875317,-8.852929275125376,1
ADANIPORTS.NS,2026-06-24,1266.6115587139213,1287.9702558681208,1251.5732054274597,1267.1660288766518,3738370,-4.238083878323851,16.45649998093091,-8.801946998037568,0
ADANIPORTS.NS,2026-06-25,1258.7357619703896,1278.240600777327,1253.9385802912932,1268.104764138648,4058814,-5.128580903249036,16.106360730921978,-8.734386136850148,1
ADANIPORTS.NS,2026-06-26,1255.206747583192,1262.5378256459267,1250.3846251449538,1258.845659929627,2709375,-5.111184112411293,16.100770321449044,-9.400764699060804,1
ADANIPORTS.NS,2026-06-29,1255.514258362065,1265.4496330170564,1234.5700490244012,1252.3973087916615,2178222,-5.497824352093261,16.129791530548918,-9.864853110093064,1
ADANIPORTS.NS,2026-06-30,1228.6924511162156,1238.6676867052165,1219.1680611850877,1234.039049819309,2741037,-7.513980374196927,16.328492064156766,-11.186098658530453,2
ADANIPORTS.NS,2026-07-01,1198.160361890988,1209.9771219329316,1190.7555901593305,1203.3176331015816,3246543,-10.614668654956416,17.182750055372317,-13.397121781208721,3
ADANIPORTS.NS,2026-07-02,1199.9430279946305,1203.3457472153873,1197.316092839915,1200.2790394865938,3659449,-11.069132085778865,17.084904508751002,-13.615809636814157,3
ADANIPORTS.NS,2026-07-03,1186.1581488413856,1193.368771806565,1185.045811944527,1188.1063772586892,2956007,-10.710533033776459,16.91524410669109,-14.49187723153933,3
ADANIPORTS.NS,2026-07-06,1203.313760404174,1208.4522442565415,1197.4654218324547,1202.09746849972,2057301,-7.492972622773286,16.421266528397215,-13.484937137283525,2
ADANIPORTS.NS,2026-07-07,1167.506361795103,1177.4895327382771,1159.5814573239843,1169.566598547669,3840194,-9.680238348791582,17.89467420734257,-15.826186771885187,2
ADANIPORTS.NS,2026-07-08,1165.5840241187834,1183.3400829170657,1155.136692211661,1172.190958296796,3093444,-10.414534789776553,17.498780029974466,-15.637311364840635,3
ADANIPORTS.NS,2026-07-09,1204.41711262949,1213.758047379938,1192.173081202319,1200.9123903229547,3690158,-8.599169388879368,19.19397742156212,-13.570227320190275,2
ADANIPORTS.NS,2026-07-10,1192.8004829549884,1202.8177366381317,1187.162408585528,1196.7823379316576,4137046,-9.06399541531101,19.145152261286082,-13.867467562036328,2
ADANIPORTS.NS,2026-07-13,1190.3169720284097,1204.5267353121212,1176.6021103452492,1195.2468435563085,3311940,-9.059326496446896,19.145566956714692,-13.977977230253558,2
ADANIPORTS.NS,2026-07-14,1199.3775429843956,1201.3457802435914,1199.152507632966,1199.8757662842695,2317015,-8.931288455734387,19.18545543217872,-13.644833245435073,2
ADANIPORTS.NS,2026-07-15,1207.8043369104441,1208.2439908357355,1198.887108181287,1205.6530751708176,4272312,-7.278755495751287,19.07196195305451,-13.229039805556319,2
ADANIPORTS.NS,2026-07-16,1198.86583985409,1204.755040743118,1190.0765461319368,1198.257523272158,4358601,-8.591990012069184,18.830441140188217,-13.761298340478245,2
ADANIPORTS.NS,2026-07-17,1189.7936194973456,1196.128353979001,1181.9419777190042,1182.366593245103,3652132,-10.603826501964718,18.713952942065283,-14.904970002937956,3
ADANIPORTS.NS,2026-07-20,1196.3845059066548,1200.8203908231108,1189.9615713802964,1190.1743410055856,2115011,-9.515938886798725,18.938097960506596,-14.343045694788948,2
ADANIPORTS.NS,2026-07-21,1161.1789432447006,1172.543332187834,1153.6646213574913,1161.778707439106,3108005,-12.026741582110745,19.715443323462186,-16.386681995010655,3
ADANIPORTS.NS,2026-07-22,1159.346741696516,1176.5837452562507,1158.634397566329,1171.9723203564938,2827269,-9.294479560274526,19.345201810431934,-15.653046757057233,2
ADANIPORTS.NS,2026-07-23,1165.1696599562729,1166.8656104525346,1161.286454765736,1165.016937507126,2993975,-9.914784359057371,19.321327500224896,-16.153626285935474,2
ADANIPORTS.NS,2026-07-24,1162.9080754280378,1168.513142040865,1150.0253495652578,1163.603646909293,2618833,-9.767417419069735,19.331203364404953,-16.255340937300144,2
ADANIPORTS.NS,2026-07-27,1144.429073841613,1167.1984395233878,1138.6180567946274,1154.8420966152828,3719926,-11.679477503636726,18.65092522014833,-16.88591049952306,3
ADANIPORTS.NS,2026-07-28,1170.1782484508656,1177.3818430752394,1169.8402024905454,1173.373986144128,3800264,-9.935434909290375,19.541391145260157,-15.5521687443275,2
ADANIPORTS.NS,2026-07-29,1174.4094529220965,1180.035850937725,1172.5983736601634,1175.4142169217753,2694006,-10.602657359863265,19.23950532217619,-15.405333151866852,3
ADANIPORTS.NS,2026-07-30,1160.3970951415652,1173.6416034217514,1140.423628023092,1169.4211573453285,1542901,-10.528139175557383,19.232508616203127,-15.83665418829112,3
ADANIPORTS.NS,2026-07-31,1164.1869233404752,1165.883581619511,1150.2502367101265,1163.0654964121877,2111169,-8.424978313975274,17.77288705986948,-16.294071676950374,2
ADANIPORTS.NS,2026-08-03,1160.018054453623,1164.7940646668353,1158.3007847315341,1159.5481895890716,2385957,-8.33990681571951,17.77002019567773,-16.547212565175627,2
ADANIPORTS.NS,2026-08-04,1191.787243151182,1194.1063835410193,1189.5540543337931,1191.8930649808365,3744569,-5.887649112574989,19.85979967029984,-14.219348975796553,2
ADANIPORTS.NS,2026-08-05,1173.625210469879,1177.5106155749886,1169.4144865871363,1171.7366073593146,3767904,-7.53093275408715,20.308780576085987,-15.67001104265211,2
ADANIPORTS.NS,2026-08-06,1191.7634797479313,1193.8136459251357,1179.7490047244553,1185.5782719002689,1963049,-6.507860751902051,20.713113905956547,-14.673825201432555,2
ADANIPORTS.NS,2026-08-07,1181.4517358959727,1205.2606712746792,1179.0886544486361,1192.1960738107323,3201978,-5.2945002108217505,20.77160649242902,-14.197541403071924,2
ADANIPORTS.NS,2026-08-10,1206.9674936186004,1222.163975262444,1201.8044930072401,1212.9118084455472,3514318,-3.152793452120295,21.464151525634186,-12.706628119297058,1
ADANIPORTS.NS,2026-08-11,1218.0528379546288,1223.033898437964,1212.6117149605886,1220.57475436253,3932630,-1.0910753155461639,21.161301073181775,-12.155125212840757,1
ADANIPORTS.NS,2026-08-12,1223.3334240676347,1226.8870724697806,1214.0941016626487,1219.0981308250753,2803810,1.3114158131979803,19.83932759540803,-12.261397941562912,1
ADANIPORTS.NS,2026-08-13,1230.9050415767583,1232.9368846960438,1226.1544819950873,1232.5692528614668,2286240,2.690225548609493,20.047906733760893,-11.291880077704263,1
ADANIPORTS.NS,2026-08-14,1236.9080239857356,1255.4454728106282,1233.071046614171,1234.4273453694518,3028574,3.898722285931888,19.769605589259996,-11.158152992883352,1
ADANIPORTS.NS,2026-08-17,1243.6853820159147,1247.673906360114,1231.6683675403604,1244.1042354378058,4360867,3.494455985379652,19.621577817285438,-10.461706344822353,1
ADANIPORTS.NS,2026-08-18,1268.989120494974,1273.8964222684704,1263.7888693377893,1264.0281288553495,2554121,8.076626882554594,18.142518041738914,-9.027781944631963,0
ADANIPORTS.NS,2026-08-19,1265.3631394453294,1265.8289261727173,1262.1166345949975,1263.8503862432358,2177342,7.819496243139579,18.160370901505864,-9.040574096402809,0
ADANIPORTS.NS,2026-08-20,1253.4395425546163,1264.4942643967427,1249.4250913735673,1255.8585446611892,885204,4.575367427382293,17.09242930100864,-9.615747653437712,0
ADANIPORTS.NS,2026-08-21,1243.8857222151232,1262.6442087184653,1237.550281387275,1244.635641999786,2532683,3.9984968487110972,17.304757993744822,-10.423460966789278,1
ADANIPORTS.NS,2026-08-24,1249.565663524597,1254.9168411623343,1236.3983520155139,1249.8186357006966,2315152,4.565734052224446,17.304341522568834,-10.05044044424298,1
ADANIPORTS.NS,2026-08-25,1237.1392802324985,1248.9748920660872,1231.9153379417446,1235.1711739219818,4253613,2.941588506867987,17.707602093988015,-11.10461958509611,1
ADANIPORTS.NS,2026-08-26,1224.7529890588087,1253.4134068004907,1219.287081759466,1228.4596133478594,3432319,1.8916335591654843,17.76612059476365,-11.5876512029081,1
ADANIPORTS.NS,2026-08-27,1216.3319808123972,1221.4194465116948,1211.3654376842196,1212.7607192878097,2792947,1.2103571839922056,18.08922626460083,-12.717502019560612,1
ADANIPORTS.NS,2026-08-28,1217.580152383646,1222.022350554892,1214.6551053018527,1218.655925178252,1551172,3.069211540690575,17.651591968138092,-10.735864739046107,1
ADANIPORTS.NS,2026-08-31,1200.337478610579,1207.3789623399564,1184.198698881649,1206.19625339481,1393728,1.3461819699194022,17.865489583984846,-11.648511044213484,1
ADANIPORTS.NS,2026-09-01,1184.6437919776731,1187.143313906323,1182.4165051570887,1186.229934060005,1096074,2.104637179553448,17.109186333594494,-13.111004429706785,1
ADANIPORTS.NS,2026-09-02,1176.3193462810636,1186.4561418031462,1163.321097647135,1169.059973804842,1990585,-0.2484996020013397,17.48446525395597,-13.382209724572592,1
ADANIPORTS.NS,2026-09-03,1165.6498340111523,1168.5972037829852,1156.3315777876107,1159.6242830781118,2565075,-0.46288206251774433,17.558028359090496,-14.081317297139396,1
ADANIPORTS.NS,2026-09-04,1152.3458086627522,1160.9645784084696,1148.8880178783202,1151.5185888728467,2561084,-1.038588875906843,17.669448193104973,-14.681882996453643,1
ADANIPORTS.NS,2026-09-07,1155.9523492102394,1159.3211816795433,1149.4460399421228,1153.554620492944,1357830,-0.11148503558298106,17.543369781608625,-14.5310296922474,1
ADANIPORTS.NS,2026-09-08,1148.744969714187,1159.880570152692,1148.2029825149966,1149.880247579345,2794742,-2.0022378919432704,16.89010543637421,-14.80327069746118,1
ADANIPORTS.NS,2026-09-09,1150.8443824660067,1162.5245598576853,1142.6495245068425,1153.5575261420804,2637054,-1.8594883799290862,16.91308832033893,-14.530814407391912,1
ADANIPORTS.NS,2026-09-10,1169.2663800006712,1169.5114321086955,1155.9186417435328,1158.3622488054766,3031369,-0.9456737181800623,16.91069091870424,-14.174823723154262,1
ADANIPORTS.NS,2026-09-11,1168.8351282473332,1176.498156281772,1159.5069579083233,1167.240343034848,1586713,0.358951979535016,16.988486847523347,-13.517029494255661,1
ADANIPORTS.NS,2026-09-14,1143.294113621978,1146.7043730475164,1139.1497430095255,1139.395115388588,4370040,-1.738010923687927,18.347784624934533,-15.58013330627438,1
ADANIPORTS.NS,2026-09-15,1130.5526444026063,1136.6888066328459,1119.0201560850678,1122.6814492353788,2046013,-5.806864540030743,16.692310495599532,-16.818479380924835,2
ADANIPORTS.NS,2026-09-16,1132.1752777354964,1141.410659440954,1115.0297862752966,1128.7691034920554,3869035,-3.666993383785544,16.199259240387804,-16.36743394998944,1
ADANIPORTS.NS,2026-09-17,1129.0695093128722,1142.489173436887,1125.889623992919,1130.2217275845833,3727509,-4.669159820798585,15.74574754448177,-16.259806375857288,1
ADANIPORTS.NS,2026-09-18,1140.5148454778835,1149.365729828009,1128.798854764298,1142.119974757074,2465090,-4.200324103869524,16.00338692978188,-15.378243495145705,1
ADANIPORTS.NS,2026-09-21,1124.9451204890977,1135.1577119713415,1116.9569009726474,1119.7518354666895,3310005,-7.680688103634703,15.823400226953858,-17.035539819816137,2
ADANIPORTS.NS,2026-09-22,1115.8784476638602,1125.87437561124,1106.5650101379142,1111.9935159201052,3416619,-8.895910558066033,15.638457907219014,-17.610367895734825,2
ADANIPORTS.NS,2026-09-23,1100.6112152431554,1115.8098243866261,1096.7920860833829,1106.6605199335409,3327461,-9.223015608713759,15.636253880686668,-18.005499316067784,2
ADANIPORTS.NS,2026-09-24,1114.9169480750595,1127.3523677369908,1105.1302723667918,1107.4885007626212,3244427,-10.147969520452083,15.097746643684301,-16.769188519568413,3
ADANIPORTS.NS,2026-09-25,1110.7544047011309,1115.8553178561685,1105.4552543691352,1106.5803593943629,3060884,-10.356784986549828,15.045422638375442,-16.33385925897023,3
ADANIPORTS.NS,2026-09-28,1110.9458278647792,1112.8252292994182,1108.6700969291473,1111.4356638881889,2904273,-10.663782645425224,14.849483124601836,-15.966760217610664,3
ADANIPORTS.NS,2026-09-29,1106.720659901196,1116.0718717218704,1100.9928473807624,1108.5200721210965,3413006,-12.302578810099307,13.630772381073708,-16.187201787043936,3
ADANIPORTS.NS,2026-09-30,1133.966166541462,1136.4802921389385,1122.7018333889635,1125.5176093275015,2498851,-10.945344355744913,14.737013324053427,-14.902054867447156,3
ADANIPORTS.NS,2026-10-01,1147.3743052982124,1151.1804338371805,1145.4726312061348,1147.1569600428932,1823794,-8.65555958355342,16.151577328379656,-13.265950496780976,2
ADANIPORTS.NS,2026-10-02,1127.1142746854255,1130.5782080206866,1122.1079690036324,1130.4559491025432,1811340,-9.173744431244756,16.41234804704054,-14.528677708582894,2
ASIANPAINT.NS,2025-10-06,1493.7425415976845,1500.3211315123726,1491.163600270037,1496.3744391181528,3845985,,,0.0,0
ASIANPAINT.NS,2025-10-07,1524.8114311921868,1532.4035971047929,1505.2296773134583,1511.1338011105029,3433867,,,0.0,0
ASIANPAINT.NS,2025-10-08,1518.0931931268192,1529.4559896145456,1515.5849409834782,1520.0981808563831,4695903,,,0.0,0
ASIANPAINT.NS,2025-10-09,1482.8035452248555,1489.8074041325358,1479.811818644638,1481.2094847326441,2087860,,,-2.5583016027181937,0
ASIANPAINT.NS,2025-10-10,1470.576614508998,1476.606637690925,1464.3570629118835,1470.4677393959857,395511,,,-3.2649497305783814,0
ASIANPAINT.NS,2025-10-13,1470.1276902525085,1474.5517680945309,1461.887131681276,1468.5012894030579,2392558,,,-3.3943130847151615,0
ASIANPAINT.NS,2025-10-14,1454.4105551696837,1457.970131156106,1443.9792336012001,1452.0857546913148,3761961,,,-4.474212720046278,0
ASIANPAINT.NS,2025-10-15,1423.8014575972688,1429.7989133898507,1422.7104682607094,1425.3444328832995,2883685,,,-6.233396577035688,0
ASIANPAINT.NS,2025-10-16,1401.2787013522864,1427.3778552079762,1395.2728005415202,1411.1710879623795,2629211,,,-7.165793253738184,0
ASIANPAINT.NS,2025-10-17,1403.612612809136,1415.9864420161266,1398.6608627252897,1414.455165340355,2951541,,,-6.949749486346446,0
ASIANPAINT.NS,2025-10-20,1405.4799210480153,1421.7684108849232,1402.0112929982065,1417.7512413084885,2846179,,,-6.732916389008182,0
ASIANPAINT.NS,2025-10-21,1434.4073408427325,1436.2140138391037,1421.315412852247,1435.7638946832687,2587988,,,-5.547949943970243,0
ASIANPAINT.NS,2025-10-22,1468.9365241231776,1489.5895630004125,1464.4317850432806,1474.3098406861823,1878999,,,-3.0121962348777287,0
ASIANPAINT.NS,2025-10-23,1494.7917874482646,1495.6537366864172,1480.6795802690926,1489.073172905436,4172557,,,-2.0409871113370115,0
ASIANPAINT.NS,2025-10-24,1483.3689932026782,1491.6219265191419,1471.5166957423335,1488.51961561921,3151374,,,-2.0774030016523337,0
ASIANPAINT.NS,2025-10-27,1526.8467263509901,1536.309916891346,1515.47234801162,1523.66829372752,3328287,,,0.0,0
ASIANPAINT.NS,2025-10-28,1505.9775579088766,1506.5942946506623,1492.9454333363574,1497.6127230044133,2858593,,,-1.7100553204637547,0
ASIANPAINT.NS,2025-10-29,1469.2247534781204,1475.402237992492,1448.4768066568013,1463.2514586047039,3523939,,,-3.965222310625871,0
ASIANPAINT.NS,2025-10-30,1444.3598076118737,1460.0170207830104,1433.397723871022,1450.277744451822,3773023,,,-4.8167012188823914,0
ASIANPAINT.NS,2025-10-31,1465.0145497990816,1493.8309893756214,1460.3273224239308,1467.0243774849073,3530003,,,-3.7176015590662637,0
ASIANPAINT.NS,2025-11-03,1475.5912127794015,1479.7599364214482,1470.9444720638596,1472.5470966567107,2671624,,,-3.355139519622463,0
ASIANPAINT.NS,2025-11-04,1448.8266926769732,1461.3551154182467,1446.0320393373136,1455.2657305220048,3270341,,,-4.489334291926128,0
ASIANPAINT.NS,2025-11-05,1449.693973184046,1461.9273426716925,1430.7416172695505,1445.128381694268,2696235,,,-5.154659472575296,0
ASIANPAINT.NS,2025-11-06,1420.4120510831167,1427.8223401662578,1409.2486638852026,1426.2307739621742,3944185,,,-6.394929931039872,0
ASIANPAINT.NS,2025-11-07,1402.9514026735137,1421.0307622696525,1398.537982573914,1407.5798651072835,2155814,,,-7.61900927505923,0
ASIANPAINT.NS,2025-11-10,1448.5504509573273,1450.8575773776083,1435.0821323396488,1436.5139293850643,2947830,,,-5.720035305666182,0
ASIANPAINT.NS,2025-11-11,1439.2142882114192,1443.7514453195324,1429.0780265862459,1436.5334104725018,2829158,,,-5.718756740802844,0
ASIANPAINT.NS,2025-11-12,1470.592410783657,1475.734253012317,1464.6231865638692,1469.9121298187406,3131633,,,-3.528075246435014,0
ASIANPAINT.NS,2025-11-13,1453.6149363958305,1462.080299723622,1443.223144360902,1456.8218263690414,3474080,,,-4.387206036488722,0
ASIANPAINT.NS,2025-11-14,1464.3604056814638,1469.6663149883589,1462.2715490970447,1467.9773674134817,3003147,,,-3.655055798122264,0
ASIANPAINT.NS,2025-11-17,1474.5057370082297,1482.545242382708,1472.1271006993788,1474.5388334259226,2749737,-1.459234074133109,22.14646181233736,-3.224419678735091,0
ASIANPAINT.NS,2025-11-18,1492.2582607941486,1503.1456789103468,1487.7338692987908,1492.7741662178014,2543355,-1.214957595363786,22.25883525711763,-2.0276150417318783,0
ASIANPAINT.NS,2025-11-19,1499.0473032367845,1514.3351150537992,1496.2826182227325,1499.9407514986156,3031904,-1.3260610144544382,22.23365478695129,-1.5572642895165245,0
ASIANPAINT.NS,2025-11-20,1524.4511592991996,1526.4194527784339,1517.011036589902,1520.4120595716083,2405263,2.6466597225469624,21.250371749918727,-0.21371017361958566,0
ASIANPAINT.NS,2025-11-21,1533.1526111797718,1539.2678555414209,1521.0017615742472,1533.2145465572526,1827716,4.267132523902961,21.209668451770007,0.0,0
ASIANPAINT.NS,2025-11-24,1526.5838399694687,1529.2255235646044,1507.4834147404163,1515.8950557836092,2409971,3.227356129855141,21.518762315467406,-1.1296195181902835,0
ASIANPAINT.NS,2025-11-25,1522.0668984019485,1544.0058316945806,1519.0444685207758,1531.9377211121273,3419274,5.499121946677832,21.359257619555283,-0.08327767617338777,0
ASIANPAINT.NS,2025-11-26,1532.8914262980252,1535.1929214174222,1522.4186242320066,1532.7001915588903,3001588,7.531916931714755,20.48353681559885,-0.03354749010940905,0
ASIANPAINT.NS,2025-11-27,1522.819681307124,1551.2448831157917,1521.0439749819966,1521.1173400532637,2443323,7.791135534787497,20.368865976123434,-0.7890093745296478,0
ASIANPAINT.NS,2025-11-28,1539.4568540333278,1546.2374436255536,1533.7261055424074,1536.5008736219734,3125529,8.628460715631858,20.485030488286757,0.0,0
ASIANPAINT.NS,2025-12-01,1565.5114435319883,1578.2601597871046,1555.1908959744678,1556.2843521183493,2485204,9.77132706877435,20.689085710068245,0.0,0
ASIANPAINT.NS,2025-12-02,1552.6272451232155,1558.6753495234877,1541.7344212019154,1549.9662454459112,3339245,7.9541177477398195,20.58972527264721,-0.40597379674467415,0
ASIANPAINT.NS,2025-12-03,1562.6524250745601,1576.4659308747157,1536.1321641139225,1546.1394636436055,2584969,4.872084617165129,19.307340950432174,-0.651865994857237,0
ASIANPAINT.NS,2025-12-04,1511.5947741141144,1542.7945440560081,1510.5624135273938,1523.256523443827,2046093,2.295612543451675,19.70943952581099,-2.1222232704175226,0
ASIANPAINT.NS,2025-12-05,1503.0131154690494,1513.4552881740588,1490.7781817786565,1493.2105719291771,2737350,0.31514239118815013,20.590522838520204,-4.052844205708217,0
ASIANPAINT.NS,2025-12-08,1500.3216826003895,1515.7564575872786,1483.1145882209826,1491.4601841060048,2151053,-2.11385311055603,19.35612222251207,-4.165316442596656,0
ASIANPAINT.NS,2025-12-09,1506.5013469473465,1512.2201566632734,1501.8582646943942,1508.3179116279177,3361771,0.7148168855048542,19.004537316727628,-3.082112881565735,0
ASIANPAINT.NS,2025-12-10,1512.2847386392536,1525.0426557683866,1496.5658046419226,1500.5784343278544,1890406,2.5509611149640676,17.772082094625542,-3.5794177146785677,0
ASIANPAINT.NS,2025-12-11,1524.043516148391,1531.8642524015474,1517.393707385244,1529.1606063013155,3415982,5.43915551012677,18.273390307617127,-1.7428528263561893,0
ASIANPAINT.NS,2025-12-12,1528.9733504870337,1531.7165037204722,1525.2387765904,1528.0506750856898,2828313,4.159869361230872,18.051179278660282,-1.8141721334040906,0
ASIANPAINT.NS,2025-12-15,1524.8739890743423,1529.2942554614438,1521.0403706753045,1527.0160294245543,1461207,3.698960317908373,18.046989975193366,-1.880653921242359,0
ASIANPAINT.NS,2025-12-16,1526.1257072201138,1534.0804594944836,1521.270724244847,1524.3699907510672,1750773,4.748566449391656,17.648868637505174,-2.050676749646785,0
ASIANPAINT.NS,2025-12-17,1542.8932362960643,1547.686153591836,1538.661842119366,1545.1099852259995,2050934,6.918527433148403,17.787063314194874,-0.7180157583117519,0
ASIANPAINT.NS,2025-12-18,1532.5867107280287,1543.067545034846,1525.552155425721,1530.0844802311074,3000730,7.28169018400997,17.560446709990547,-1.6834887436592005,0
ASIANPAINT.NS,2025-12-19,1517.708454030951,1538.6077985633844,1515.2450291071837,1530.3710289788266,3764373,8.723566379104476,16.954620394247925,-1.6650763791495105,0
ASIANPAINT.NS,2025-12-22,1519.340770609447,1547.3842652531991,1516.4793386424665,1522.9915506568393,1981314,6.019963990797761,16.231218905145877,-2.139249258414322,0
ASIANPAINT.NS,2025-12-23,1523.1918157195512,1534.6426520555826,1512.403313983915,1515.3894831455273,2256607,5.4893309197095785,16.348866784791888,-2.6277247417644256,0
ASIANPAINT.NS,2025-12-24,1510.4152169404904,1527.4282476783699,1508.0609904688934,1518.6611487815192,4380537,3.3164580367664565,15.040181081999945,-2.417501871404093,0
ASIANPAINT.NS,2025-12-25,1513.0447002832666,1533.4473270295737,1508.6901683701856,1519.2306037211233,5312407,4.2838991167251095,14.739511801692986,-2.3809111970309216,0
ASIANPAINT.NS,2025-12-26,1546.337099849635,1551.4761317485654,1535.7686587780709,1541.1961896234684,2612125,4.987735086065759,15.115757159212425,-0.9694990812150417,0
ASIANPAINT.NS,2025-12-29,1560.525445230323,1564.8145689910193,1540.2982425271673,1543.6725528122465,3787890,4.6884977064795,15.092394355304883,-0.8103788545413382,0
ASIANPAINT.NS,2025-12-30,1548.757839029611,1564.8992008479288,1546.476389657762,1556.685998625998,3793062,4.281413348016883,14.889488159545841,0.0,0
ASIANPAINT.NS,2025-12-31,1554.5114341142676,1563.2564121835212,1552.5634803097573,1562.6249140239818,1740491,4.179109238997447,14.872890354520413,0.0,0
ASIANPAINT.NS,2026-01-01,1588.6889746186423,1597.1090717384836,1574.5502498236629,1591.9297082009562,4129067,4.7038332917129555,15.305325282267122,0.0,0
ASIANPAINT.NS,2026-01-02,1591.8924454876546,1595.1972777337123,1588.8396420005415,1588.9177030925966,2126142,3.633096011280501,15.196161764513802,-0.18920465475598114,0
ASIANPAINT.NS,2026-01-05,1581.8433570011132,1589.4082760485717,1575.65845826356,1585.964942713462,3150999,4.622344182898042,14.75981809366119,-0.3746877426035966,0
ASIANPAINT.NS,2026-01-06,1597.2226193571844,1607.328012262294,1592.1810123728403,1602.9861967462346,1697849,4.637817494468965,14.767828751689166,0.0,0
ASIANPAINT.NS,2026-01-07,1600.1225297467904,1614.7316605520532,1581.829285712905,1599.6918380808952,2524886,4.370825220154018,14.80219127741092,-0.20551385108782405,0
ASIANPAINT.NS,2026-01-08,1630.1174081396869,1637.701248541413,1598.6168517353874,1612.0819666825391,3486733,5.98011897136681,14.655038171624254,0.0,0
ASIANPAINT.NS,2026-01-09,1662.192776596482,1671.1226574618472,1654.4546440967943,1660.827952135556,3376411,8.091572263184466,16.6505197005011,0.0,0
ASIANPAINT.NS,2026-01-12,1652.023557133595,1658.9563241003814,1632.0207542236353,1644.2816358672364,3146080,5.654319124208174,16.747109913561495,-0.9962691347435215,0
ASIANPAINT.NS,2026-01-13,1689.0461142595725,1691.156392467476,1656.3739599198477,1677.6909606028246,3458885,8.24048365776948,17.469546323846878,0.0,0
ASIANPAINT.NS,2026-01-14,1668.140871350508,1682.5266020239485,1660.0538141548097,1670.706717705899,2232510,8.056663515252405,17.5199398479038,-0.4163009195934375,0
ASIANPAINT.NS,2026-01-15,1700.0857758741877,1713.6889550441047,1686.8989743725933,1700.6893110981139,3088578,11.64825391675599,17.25523273858731,0.0,0
ASIANPAINT.NS,2026-01-16,1718.207397360732,1730.2216549846696,1709.7994322094576,1717.7254058183964,1223706,15.035711513825788,15.836005312277027,0.0,0
ASIANPAINT.NS,2026-01-19,1744.364074600384,1759.2021584884103,1719.194177801226,1733.1484884649865,4130538,16.204811025770162,15.780564864030211,0.0,0
ASIANPAINT.NS,2026-01-20,1735.7020499898672,1736.9594285268893,1729.4772847529507,1733.015427857759,3763120,14.89722521343837,15.734336318336014,-0.007677392220750701,0
ASIANPAINT.NS,2026-01-21,1731.5051795906015,1747.541010015471,1723.1996267866002,1730.813717317636,3337875,15.343102214640947,15.56386378749363,-0.13471270135765323,0
ASIANPAINT.NS,2026-01-22,1726.916782718827,1739.8593214624923,1711.3400017086099,1718.861829398657,3313671,12.405578741410594,15.317292457322745,-0.8243182370936353,0
ASIANPAINT.NS,2026-01-23,1715.4702426153626,1746.2851766022618,1713.4391542006756,1721.9759474139205,3716006,12.69102363489063,15.267550666628418,-0.6446384210830769,0
ASIANPAINT.NS,2026-01-26,1720.275446490862,1726.823676979984,1716.1120271061031,1721.1630972599305,3008396,12.714147336654946,15.26216602972893,-0.6915386237720034,0
ASIANPAINT.NS,2026-01-27,1729.0480316896928,1743.0443792718404,1718.1102195666554,1728.1081955081913,3618435,13.365403805721797,15.16376437180981,-0.2908171452325581,0
ASIANPAINT.NS,2026-01-28,1694.0116936271443,1710.1678923825525,1681.8563061325974,1702.0513519696392,2032134,10.157294189040167,15.88501992810462,-1.7942569088750915,0
ASIANPAINT.NS,2026-01-29,1703.8218781696992,1729.6332243270185,1693.337744256444,1705.4699846560313,2410262,11.462471954387343,15.407275058605965,-1.5970070650708879,0
ASIANPAINT.NS,2026-01-30,1730.5884136225577,1736.2845541929628,1716.965800709226,1734.514141213066,2198682,13.339452222279613,15.843660849043959,0.0,0
ASIANPAINT.NS,2026-02-02,1749.8550861195674,1764.8429183086587,1732.2046096836405,1757.3213748606004,2271138,15.386153922042368,15.8075064472942,0.0,0
ASIANPAINT.NS,2026-02-03,1760.259237019579,1761.2158713220776,1745.8467283483674,1760.8585556643795,3282992,16.19841468144063,15.55773869569857,0.0,0
ASIANPAINT.NS,2026-02-04,1823.026285542458,1830.2726982740062,1800.8716212527065,1818.9970976281484,3271684,19.776363482242253,17.505904762899814,0.0,0
ASIANPAINT.NS,2026-02-05,1802.3012303091175,1827.1722406309843,1796.6421012086125,1809.5746998080178,3143098,19.11125903965738,17.73605319197915,-0.5179996071690618,0
ASIANPAINT.NS,2026-02-06,1807.3063611722635,1817.6136972505096,1802.0847463464686,1810.8322777770045,2663314,17.495247520655454,17.607485013032477,-0.4488638196174288,0
ASIANPAINT.NS,2026-02-09,1781.5344563943452,1788.0440947549346,1770.0776086731923,1782.6752091000876,1993765,15.482730184742133,18.606419911559556,-1.9968084927360241,0
ASIANPAINT.NS,2026-02-10,1776.8776910601077,1778.0957104694305,1775.548931809521,1777.1417578070573,3774638,14.161864330741292,18.714936404930246,-2.30101190791715,0
ASIANPAINT.NS,2026-02-11,1807.8908875723798,1825.0302845726185,1794.3864606245547,1818.8326061715097,2592978,16.395981521103266,19.502725216373914,-0.009042975211626114,0
ASIANPAINT.NS,2026-02-12,1804.2383458138127,1817.6317934373171,1797.9789600771826,1814.0172786571422,4310617,13.950840248290097,19.18899383859657,-0.27376728514297843,0
ASIANPAINT.NS,2026-02-13,1785.8771288377416,1790.5895516075084,1772.2988435048055,1784.1545889374065,3592061,12.287413342101349,20.05156223671698,-1.915479070097148,0
ASIANPAINT.NS,2026-02-16,1817.887254989067,1827.375635732275,1791.8349868460036,1806.0523673486255,2628686,13.877193543673872,20.114239747126316,-0.7116410628912995,0
ASIANPAINT.NS,2026-02-17,1818.4466015504386,1824.7438440440383,1790.0331463175858,1817.6578099594988,2614178,13.391981393789166,20.0353325856014,-0.07362780679507352,0
ASIANPAINT.NS,2026-02-18,1838.7350602359763,1845.6770720808645,1836.1790304307801,1839.0539621292062,4105880,14.963014647587801,20.056496993558156,0.0,0
ASIANPAINT.NS,2026-02-19,1836.5352361109012,1838.9485894683999,1823.863667111993,1835.6918792231115,3967069,13.870877359960376,20.123465474163552,-0.1828158920471279,0
ASIANPAINT.NS,2026-02-20,1815.7449238212344,1818.8242969119817,1790.2634439438352,1816.7891701833369,2898226,9.390570398772491,19.001786587419478,-1.2106655054369253,0
ASIANPAINT.NS,2026-02-23,1813.0243160811115,1835.8333059713325,1802.2591785624436,1815.937842910624,2571806,10.439586704552095,18.631787430249656,-1.2569570928641416,0
ASIANPAINT.NS,2026-02-24,1845.1279919127717,1860.7869459795986,1823.3330922373482,1831.243002937204,4095450,9.152582086942008,18.000557333092903,-0.42472702557128095,0
ASIANPAINT.NS,2026-02-25,1844.6385255199386,1850.825836657045,1821.474968617391,1832.8311181156193,1275716,9.70394137352475,17.885647919796707,-0.33837201853403887,0
ASIANPAINT.NS,2026-02-26,1847.3878773132442,1858.1765398183609,1840.0377317768196,1844.5808561509866,2545719,8.460777880703185,17.361365819428336,0.0,0
ASIANPAINT.NS,2026-02-27,1830.192649998847,1842.103859108303,1815.9191577647175,1835.918745376369,2550437,6.880805229847575,17.351242771943856,-0.4695977812917529,0
ASIANPAINT.NS,2026-03-02,1843.06541925151,1848.668969791779,1841.9124924115567,1848.511968590248,2143059,6.656295227619902,17.290886554797595,0.0,0
ASIANPAINT.NS,2026-03-03,1859.8077882262387,1861.5883901535317,1834.9625525900456,1851.6545444910696,3192865,6.8458199924950724,17.278154716573045,0.0,0
ASIANPAINT.NS,2026-03-04,1839.7326453699732,1845.1522560081735,1832.4392889391788,1839.2242540727157,3026853,6.263558907026168,17.446159689526112,-0.6713072076719562,0
ASIANPAINT.NS,2026-03-05,1851.85167703706,1869.6812575490414,1837.4659288532594,1845.5144336092799,3490770,7.368399370118794,17.239222710240405,-0.3316013184023636,0
ASIANPAINT.NS,2026-03-06,1844.4668575968394,1849.5366909879626,1835.377093110726,1840.1600279985394,2669626,6.863282890920108,17.30787422923874,-0.6207700311447462,0
ASIANPAINT.NS,2026-03-09,1852.7203783897335,1863.7844137540117,1843.38128407901,1857.0575896530008,2916402,7.8955034888566145,17.400799308930885,0.0,0
ASIANPAINT.NS,2026-03-10,1874.1778455525919,1884.7900019374065,1873.5373929961374,1879.876264498369,3135298,8.782324473934144,17.623146119173185,0.0,0
ASIANPAINT.NS,2026-03-11,1892.435524916159,1895.2912045100643,1889.6272738530133,1894.5080342850385,3623634,11.307337002064344,16.827654207683977,0.0,0
ASIANPAINT.NS,2026-03-12,1857.6328197693408,1865.1187734356668,1843.0722745299247,1860.9258343239167,3569659,9.115132548007798,17.929007563719914,-1.7726079464104982,0
ASIANPAINT.NS,2026-03-13,1838.5773746891061,1852.7858266000887,1826.0147472457475,1842.6995739039246,2025662,6.2372182572807855,17.786517564158267,-2.734665646359513,0
ASIANPAINT.NS,2026-03-16,1828.324131965386,1848.3236544485594,1821.266915742489,1831.8520689890358,1232663,4.241153336813408,17.611821059954448,-3.307241994339083,0
ASIANPAINT.NS,2026-03-17,1820.238114455362,1832.4073878236843,1808.6951831406502,1817.5810560590767,2663138,3.2212979408386078,17.812384532627224,-4.060525309674556,0
ASIANPAINT.NS,2026-03-18,1806.9322377249118,1821.9098668507684,1800.2350655217033,1808.9148664310999,2002898,-0.5542741772482818,15.090832387932124,-4.51796278004386,0
ASIANPAINT.NS,2026-03-19,1824.2303590725933,1851.8946201169954,1795.737110805359,1832.2869879044747,2309834,1.2551174648311791,15.472704502333567,-3.284285168209655,0
ASIANPAINT.NS,2026-03-20,1859.5822750571463,1865.5211251434444,1838.9289816426408,1850.9213477519097,3017248,2.2138477686138414,15.726724352126634,-2.300686286061482,0
ASIANPAINT.NS,2026-03-23,1842.3180613930765,1853.6039347609126,1833.3159362246301,1844.728488332711,2527887,3.480907734390315,15.007078062540616,-2.627571118805705,0
ASIANPAINT.NS,2026-03-24,1850.3816984454527,1874.4695640542814,1825.0411877889105,1861.101302615196,2780432,4.72441460785562,15.11088660599247,-1.7633460014567781,0
ASIANPAINT.NS,2026-03-25,1871.6157471331148,1884.5383083376619,1857.425331261372,1871.7040941754458,2987132,2.9068913667226415,13.68615297872729,-1.2036866403788427,0
ASIANPAINT.NS,2026-03-26,1869.4770744955,1876.609196920087,1865.3579638773904,1874.2147493883506,3198984,3.3184618161834933,13.64274812720858,-1.07116383406346,0
ASIANPAINT.NS,2026-03-27,1899.2129669793155,1909.0990374569274,1877.7693470703675,1903.5170399458052,2959733,6.690140627303354,13.212078199229198,0.0,0
ASIANPAINT.NS,2026-03-30,1892.4214098066884,1894.4391032640367,1870.0500032141163,1891.7502786877362,3130222,4.7450402263207625,13.070629836825166,-0.6181589663312947,0
ASIANPAINT.NS,2026-03-31,1895.048183548974,1901.9140301254638,1871.0243142941094,1896.2350530065596,3202178,4.32299427408791,12.992574916491478,-0.38255433423664,0
ASIANPAINT.NS,2026-04-01,1859.0416414510144,1880.5867437464992,1849.234429829339,1875.7242076361701,1462019,1.9939733287928085,13.081447673107146,-1.4600779360728122,0
ASIANPAINT.NS,2026-04-02,1869.108821943747,1885.7227302817557,1846.4199265525858,1856.502713696265,2281095,1.1336779722510348,13.444886562806843,-2.4698663191835113,0
ASIANPAINT.NS,2026-04-03,1830.7770984251335,1840.5004893345258,1828.1221391204615,1829.6049275445446,2429454,0.7054069658459339,13.785494944526688,-3.8829236014280677,0
ASIANPAINT.NS,2026-04-06,1808.3261869580542,1826.4887018229074,1799.3543755611292,1811.2270649908774,3963031,-0.2594129495201325,14.10579368008245,-4.848392371499621,0
ASIANPAINT.NS,2026-04-07,1815.454125608506,1816.5770182830806,1808.6008913776902,1816.1820803665782,3001520,-0.8224426002703566,13.903571854619642,-4.5880839386504,0
ASIANPAINT.NS,2026-04-08,1825.2846445500334,1839.7010660004403,1803.3796189383422,1812.7436212122254,2908638,-1.0959818777000252,13.907519584816447,-4.768721100398665,0
ASIANPAINT.NS,2026-04-09,1801.902225335954,1834.4235449631171,1776.1148381813039,1810.0198930073336,2833704,-1.8736485867998254,13.762581367876756,-4.911810347709499,0
ASIANPAINT.NS,2026-04-10,1809.8789784876283,1814.995719156409,1803.3015062515135,1806.6650994270744,2094000,-1.5934063543371901,13.713530058157186,-5.088052194241888,0
ASIANPAINT.NS,2026-04-13,1839.246810008319,1869.1700024576735,1838.8189877682591,1848.7141654003756,3040467,0.010938355475276218,15.221289543984856,-2.879032516934543,0
ASIANPAINT.NS,2026-04-14,1820.901359624849,1828.9063091627763,1804.4717945121529,1826.8240563497639,2381009,-1.3409892366359588,15.594918078280513,-4.02901481765694,0
ASIANPAINT.NS,2026-04-15,1794.2264471205758,1816.8641188936585,1776.4431687276399,1802.8786399244045,2056627,-1.9761382587157983,15.926346613196849,-5.286971322529688,0
ASIANPAINT.NS,2026-04-16,1773.1369380385759,1797.3263652167077,1768.2481762882107,1787.7794904563136,3782224,-3.1283929348660644,16.033101576334637,-6.080195084189355,0
ASIANPAINT.NS,2026-04-17,1787.7502730594658,1793.7472662804157,1784.5333080798314,1789.339190797208,2645677,-2.7617618265845634,16.031718029024024,-5.998257265500917,0
ASIANPAINT.NS,2026-04-20,1820.9382456275412,1827.3953300478283,1799.0757567353205,1803.5526626574797,3661164,-2.8811668142999736,15.967997205763124,-5.251561987129449,0
ASIANPAINT.NS,2026-04-21,1815.633277319676,1821.9511649893973,1810.1771673055923,1820.1451550891395,3219216,-3.177395796588145,15.769832911443638,-4.379886447406811,0
ASIANPAINT.NS,2026-04-22,1844.8358612547497,1846.3886558027775,1831.30561856863,1844.091407520605,4490955,-2.661198889212424,16.10404921740675,-3.1218860235100454,0
ASIANPAINT.NS,2026-04-23,1849.2228300887853,1866.8492968550927,1840.242221284837,1844.8954489456826,1744483,-0.8614198955466668,15.289777633924034,-3.079646242714573,0
ASIANPAINT.NS,2026-04-24,1844.9371739385076,1845.1783002437683,1839.285294306075,1839.330296558471,2326106,-0.1828446369212311,15.04613817714586,-3.3720078171278978,0
ASIANPAINT.NS,2026-04-27,1876.6247022373473,1887.8711736202608,1864.7362980519035,1878.9964767108138,3677136,2.5735925143669514,16.176829764696553,-1.2881714594837335,0
ASIANPAINT.NS,2026-04-28,1809.108358579982,1822.4435287669232,1806.3587296225664,1820.4106831487604,2412179,0.1556809298958628,18.519054926824904,-4.365937107629514,0
ASIANPAINT.NS,2026-04-29,1812.8348498151252,1839.033483861778,1796.5217860096618,1824.9453016398043,2046830,0.8861906940005326,18.472085895095386,-4.127713945142197,0
ASIANPAINT.NS,2026-04-30,1837.9211145080978,1839.6451028376966,1835.8760207700593,1837.5715297668526,2744110,0.2884123446415865,18.197304841645774,-3.4644034592319795,0
ASIANPAINT.NS,2026-05-01,1888.5615311293282,1888.965074262925,1875.5517380055303,1882.6189539342324,3041075,1.712531233205672,19.32310372056758,-1.09786703102841,0
ASIANPAINT.NS,2026-05-04,1839.2328891304217,1853.959185821617,1831.7181493651465,1848.6799703579568,2501303,0.21420398992249012,20.04128966086853,-2.880828930714996,0
ASIANPAINT.NS,2026-05-05,1846.358039295491,1850.870345376294,1838.6960763285003,1842.5767215000974,3934104,-0.9953558728408862,19.89069648402337,-3.201459044855348,0
ASIANPAINT.NS,2026-05-06,1808.880408731193,1821.3796994515499,1798.5749562673502,1815.9494476401157,3933517,-2.978817362682107,20.221003300397424,-4.600305144007677,0
ASIANPAINT.NS,2026-05-07,1795.7671419472465,1802.685947991934,1770.997036033795,1780.2679863028775,3653772,-5.012593306937352,20.919277392167867,-6.474806952420908,1
ASIANPAINT.NS,2026-05-08,1785.678204146937,1794.1501899015227,1773.812728644279,1778.9874954099755,5179365,-6.542076688705412,20.273544714592006,-6.542076688705412,1
ASIANPAINT.NS,2026-05-11,1800.7348933421804,1810.7127524740004,1782.9527304188516,1799.9813174383708,5002996,-4.851008205640306,20.63140648623318,-5.4391802297909635,0
ASIANPAINT.NS,2026-05-12,1831.1881482234762,1844.955389294404,1820.7354456289188,1829.3902262071763,3019904,-3.525134011914721,21.251354893193543,-3.894202793201129,0
ASIANPAINT.NS,2026-05-13,1817.6557155743044,1841.5056961132839,1800.17313457773,1820.9075102323316,3344026,-2.9224284242148735,21.08084277462811,-4.339836627668204,0
ASIANPAINT.NS,2026-05-14,1842.024510991817,1853.5367432467344,1821.5355614501034,1838.7171081056952,2112014,-0.9580166761598119,21.108534711924214,-3.4042212641266945,0
ASIANPAINT.NS,2026-05-15,1839.435641156018,1844.0184787007493,1836.3655377063837,1837.544668336525,3718826,0.43395930304124253,20.673060786831428,-3.4658146065852047,0
ASIANPAINT.NS,2026-05-18,1858.684010597648,1866.5779411838314,1846.6199631226984,1853.0703783707645,1981804,2.310219087858978,20.569222816883936,-2.6501817696613306,0
ASIANPAINT.NS,2026-05-19,1890.7248300902243,1902.7531127835268,1880.985805817802,1882.1832593734193,2718938,3.634061789306897,21.011959599591464,-1.1207559546193124,0
ASIANPAINT.NS,2026-05-20,1883.6962560281097,1889.1745937971336,1879.2728321737573,1881.0618417654462,4295094,3.768774566561972,20.998318436368386,-1.1796688818188072,0
ASIANPAINT.NS,2026-05-21,1898.9487030444182,1908.8666687748575,1886.2546810427432,1908.8384206572955,3539479,5.4595271594377826,21.33508473690729,0.0,0
ASIANPAINT.NS,2026-05-22,1879.042249431615,1884.9561267380911,1864.1076411683753,1884.5203904935024,4033231,4.309337192106999,21.729429698758995,-1.2739700699978207,0
ASIANPAINT.NS,2026-05-25,1903.2774583084408,1904.850694296955,1893.258611991183,1902.7234619775468,1998873,2.921451979326095,20.8856818254079,-0.3203497275396927,0
ASIANPAINT.NS,2026-05-26,1925.0693649252946,1931.7859270296904,1904.717666240101,1929.816886673695,1676298,5.637807864744482,20.85532317677728,0.0,0
ASIANPAINT.NS,2026-05-27,1948.445656511052,1968.2504878115858,1944.4256622426083,1954.867492602784,3417945,8.430342969993387,20.59149248143392,0.0,0
ASIANPAINT.NS,2026-05-28,1936.4026919956366,1957.4251778989708,1930.3497067127023,1930.6117808209226,3123487,7.989368438730238,20.813366742170764,-1.240785468766814,0
ASIANPAINT.NS,2026-05-29,1929.0013991956384,1932.900553388958,1924.3906914673234,1929.1933968603696,3737694,7.81596953682393,20.830490021090085,-1.3133419957907733,0
ASIANPAINT.NS,2026-06-01,1946.6870393881616,1952.7532659000624,1921.9888919927841,1939.5633471088624,3021405,7.5412649304609225,20.78644401508797,-0.7828738035612348,0
ASIANPAINT.NS,2026-06-02,1948.5100650216932,1958.5393042883811,1947.2727434347112,1953.2883372395747,2133091,7.314976048924771,20.736101588303136,-0.08078068560579688,0
ASIANPAINT.NS,2026-06-03,1954.5951477978624,1972.8028875675047,1950.5613294473005,1959.402483488321,3283056,6.25300218294238,20.487922689854685,0.0,0
ASIANPAINT.NS,2026-06-04,1982.6290686285156,2004.593705967692,1960.9170338585675,1996.757445630255,3503824,8.231468984942115,21.05950359918645,0.0,0
ASIANPAINT.NS,2026-06-05,1972.9449265410392,1980.8081371038163,1965.9713204568923,1969.36590726295,2988392,7.069725918601222,21.536058409084806,-1.3718009880092974,0
ASIANPAINT.NS,2026-06-08,1960.836783820744,1972.9339390573125,1955.292477592961,1967.1059217362388,1809061,4.689175638033172,20.769189085317574,-1.484983764998915,0
ASIANPAINT.NS,2026-06-09,1920.7900190561966,1933.3243844195817,1911.0170614355525,1931.0133231535713,2759265,6.075697150573833,19.28900741566956,-3.2925442507080405,0
ASIANPAINT.NS,2026-06-10,1936.3240278012718,1958.2106143606898,1912.1531338094971,1948.8406740660116,3821916,6.788991007833567,19.401342325890518,-2.399729204421175,0
ASIANPAINT.NS,2026-06-11,1974.1478335428783,1981.5641837806413,1962.1289797135855,1965.2606521337955,3069218,6.948797382768768,19.437636948686542,-1.5773970727084419,0
ASIANPAINT.NS,2026-06-12,2041.8945778918082,2057.8766363937107,2034.1675369165462,2049.3914700506552,2629592,8.858538036489394,21.829325635697142,0.0,0
ASIANPAINT.NS,2026-06-15,2082.7638964023436,2091.4358417073963,2070.5314257037226,2078.3909279464037,3620084,12.425674604132176,21.12643803899192,0.0,0
ASIANPAINT.NS,2026-06-16,2093.8946341377296,2096.8086361503983,2085.93456813703,2090.2949169139474,3139818,13.44411836551236,21.01718832828383,0.0,0
ASIANPAINT.NS,2026-06-17,2084.9189925641895,2109.8882800999486,2069.0930924598333,2100.3388448375376,3009482,15.660645045322985,20.25154014832123,0.0,0
ASIANPAINT.NS,2026-06-18,2105.1340712699584,2111.160969736618,2089.5744432144334,2096.007063338643,2434722,17.73548024595264,18.998742972892106,-0.20624203135326535,0
ASIANPAINT.NS,2026-06-19,2096.5953105076846,2128.16705233388,2095.7391159575814,2102.9366436001173,3159800,18.209748467933238,18.919419197227487,0.0,0
ASIANPAINT.NS,2026-06-22,2095.734655047065,2128.5589136804874,2095.1791569133425,2113.582844486289,2601470,17.42248788971976,18.829945369299672,0.0,0
ASIANPAINT.NS,2026-06-23,2069.0184117798576,2070.5066013277406,2060.4676837555585,2067.9177990902613,1504670,13.03863820119,20.089946040925156,-2.160551478507422,0
ASIANPAINT.NS,2026-06-24,2067.229356042847,2077.649997868565,2059.1993705382756,2076.4089822736287,2751777,14.031545842144254,19.915928397820927,-1.7588079080806285,0
ASIANPAINT.NS,2026-06-25,2083.4451823844574,2092.757345269171,2080.1345100139592,2082.5369678426327,3435187,13.26032474827672,19.85571236364219,-1.4688743677422345,0
ASIANPAINT.NS,2026-06-26,2131.082505527628,2140.298087698119,2102.750821062347,2130.5278944479182,2531172,15.944277772394088,20.52578889399583,0.0,0
ASIANPAINT.NS,2026-06-29,2138.463274988673,2149.5535988076995,2118.071654339692,2130.857554754361,2898985,14.990643616451816,20.54626987915813,0.0,0
ASIANPAINT.NS,2026-06-30,2114.891402173991,2121.8233495042905,2091.497651462993,2115.037923801575,3229192,12.371519259270913,20.567628125423795,-0.7424067797253464,0
ASIANPAINT.NS,2026-07-01,2117.872061978249,2143.9070052279876,2112.7183066144444,2125.548547564549,2258737,12.99727102909296,20.523328725893208,-0.24914885455230573,0
ASIANPAINT.NS,2026-07-02,2149.489743426537,2155.008895437439,2123.979343639928,2131.1396143466222,3198949,11.645888477704624,20.27835184112598,0.0,0
ASIANPAINT.NS,2026-07-03,2141.0592531266043,2171.830754046777,2116.108169501063,2131.496766621895,3827310,13.105529522220571,19.702798381734183,0.0,0
ASIANPAINT.NS,2026-07-06,2115.2980677074565,2130.976005805747,2079.7331625363054,2102.6771274731864,3134017,10.508813786729831,20.280309831716504,-1.352084582064994,0
ASIANPAINT.NS,2026-07-07,2106.4702290939317,2108.332968632844,2101.63594710066,2102.388127868709,1518515,8.942363515766738,20.040128970094813,-1.365643110935555,0
ASIANPAINT.NS,2026-07-08,2088.314359566732,2094.286388286879,2081.4449722548616,2091.4516218210792,1465009,6.986874032901436,19.940772516908822,-1.8787335466748711,0
ASIANPAINT.NS,2026-07-09,2094.535056653549,2105.415275864078,2079.684321711078,2089.64748375147,2851222,8.237580673154476,19.474626469237595,-1.963375386055577,0
ASIANPAINT.NS,2026-07-10,2107.550513616181,2117.920884811014,2101.31428152313,2111.7479212755134,3413855,9.462738402082383,19.576211357812603,-0.9265247621126127,0
ASIANPAINT.NS,2026-07-13,2107.3821339441756,2120.7083210676233,2096.1980339722904,2098.361101310195,5273683,8.187294033888538,19.751080059038756,-1.5545726285203343,0
ASIANPAINT.NS,2026-07-14,2109.4289504901944,2117.7587471034662,2094.8390441059946,2096.431478193873,1411349,7.3283159595674885,19.733098360405986,-1.6451016476837221,0
ASIANPAINT.NS,2026-07-15,2113.9851615256553,2135.2141568835796,2078.4807253875924,2113.7546977279076,2902977,7.877514473942782,19.80477901985616,-0.8323760641732458,0
ASIANPAINT.NS,2026-07-16,2113.4177638835663,2121.0934270509765,2085.520503391035,2110.59056547399,2213620,5.70089872922972,19.207455030180746,-0.9808225597751297,0
ASIANPAINT.NS,2026-07-17,2204.6722192567267,2208.8664567383116,2166.1840637792006,2181.5002101612577,2747791,10.771705863088421,20.697520855302795,0.0,0
ASIANPAINT.NS,2026-07-20,2184.7257674293705,2197.3374212068316,2163.065599126742,2191.8238135536008,3113312,11.423781980129366,20.6529712830131,0.0,0
ASIANPAINT.NS,2026-07-21,2168.896169511613,2188.1928473098665,2154.3175860427677,2163.151108921808,4137019,12.021552776711463,20.216366568396165,-1.3081664892264255,0
ASIANPAINT.NS,2026-07-22,2139.9951083420237,2150.265885801765,2111.3718991608393,2145.1922026175084,2908809,10.07529918501926,20.44952420894108,-2.1275255176869567,0
ASIANPAINT.NS,2026-07-23,2128.102050728354,2134.1956480438557,2104.747214851208,2124.8149510994704,2687867,8.118734723174637,20.71606007623666,-3.057219382313814,0
ASIANPAINT.NS,2026-07-24,2105.421399367986,2112.961091432729,2096.262742422895,2107.53534584358,2826538,2.8371288083622215,17.08577125746185,-3.8455859083565525,0
ASIANPAINT.NS,2026-07-27,2125.6867560033324,2131.9314233892046,2111.2670337724976,2124.8425393985767,3911387,2.2349795136024087,16.772075030271193,-3.05596069085623,0
ASIANPAINT.NS,2026-07-28,2097.8651653910906,2136.381018310022,2088.217362959632,2100.4557982108395,3805757,0.4860979766383,17.070581932581028,-4.168583933515457,0
ASIANPAINT.NS,2026-07-29,2087.7844322853257,2105.477120882289,2079.078321177714,2095.7566964135667,2190609,-0.21816234248266397,17.02808153699133,-4.382976247724979,0
ASIANPAINT.NS,2026-07-30,2127.2708672571002,2152.2343462721046,2116.877427211797,2128.382759649151,3321492,1.5446367942547834,17.601107932344963,-2.8944413101157473,0
ASIANPAINT.NS,2026-07-31,2121.664611231228,2122.202872721425,2096.8135541074057,2118.821289628876,3662900,0.7553554253334482,17.64084554895947,-3.3306748230993,0
ASIANPAINT.NS,2026-08-03,2139.7714457981656,2153.9433105042685,2136.6967076582,2139.6720256647413,3051575,1.2343581064972797,17.806281973381502,-2.3793786510744153,0
ASIANPAINT.NS,2026-08-04,2103.6643465502448,2116.128946743032,2080.8970732616463,2100.5342058217366,2699668,1.5772583777664773,17.47203764164369,-4.165006656436332,0
ASIANPAINT.NS,2026-08-05,2091.8059788980836,2111.0869736042287,2088.7016275977153,2094.844018343493,2810839,0.887832610398287,17.464162694953966,-4.4246163679038775,0
ASIANPAINT.NS,2026-08-06,2079.726603617555,2087.53785806812,2074.8155177908366,2076.2897619234636,3737864,-0.29998055331718065,17.64587864831202,-5.271137712607565,0
ASIANPAINT.NS,2026-08-07,2076.781602907735,2090.6691688197934,2066.8096907632107,2087.390173733431,3497436,-2.0247432961052914,16.330390452892903,-4.764691357689543,0
ASIANPAINT.NS,2026-08-10,2046.6972376624938,2066.778831785273,2031.7886416907777,2065.21019037095,4028617,-3.080795534029901,16.582285266705853,-5.776633249429497,0
ASIANPAINT.NS,2026-08-11,2117.505518979401,2135.7677251687182,2102.042936668895,2120.819714632789,3312514,0.27336582319157365,18.321589163975723,-3.2394984707138974,0
ASIANPAINT.NS,2026-08-12,2083.18213212822,2117.730490295297,2068.3934075016173,2083.1159673484976,3891107,-1.9963119762505865,18.976621179992005,-4.9596981989558415,0
ASIANPAINT.NS,2026-08-13,2132.5266563038645,2136.157508019281,2114.105460101575,2115.368414511582,2829180,-0.7400359755348696,19.52461857510099,-3.4882091603002374,0
ASIANPAINT.NS,2026-08-14,2144.3007363295774,2179.940592149035,2141.462779113061,2141.492668453578,3181433,0.468961623034736,19.85955614561666,-2.296313453152099,0
ASIANPAINT.NS,2026-08-17,2146.4871302639544,2167.55482787803,2144.5573964436894,2147.8260891493146,1773040,2.1472132400272237,19.437793117763274,-2.007356801774718,0
ASIANPAINT.NS,2026-08-18,2162.822688643235,2166.1623057452534,2121.006503084632,2147.5855030144235,2834791,2.1498111859836744,19.43769017165288,-2.018333328875266,0
ASIANPAINT.NS,2026-08-19,2202.1048854788355,2204.4313398009176,2182.2146380531995,2194.2459882092407,2457401,4.914977010018329,20.266624299610474,0.0,0
ASIANPAINT.NS,2026-08-20,2255.962641780742,2264.512103622349,2238.9134368209247,2258.554081842637,2945921,8.083018758165593,21.76856543636975,0.0,0
ASIANPAINT.NS,2026-08-21,2239.2101315631357,2264.039303477884,2224.8195451501406,2251.2202496287473,2197450,6.60459171987684,21.70167486839632,-0.3247135976441329,0
ASIANPAINT.NS,2026-08-24,2247.300512312952,2259.4811364480133,2246.875532581098,2253.7610889768353,3205478,7.405779089671949,21.55304413235263,-0.21221510276572264,0
ASIANPAINT.NS,2026-08-25,2241.301875988481,2247.215172586603,2216.300729030037,2237.1581872909132,3048291,6.712678690470719,21.721561006925345,-0.9473270852238369,0
ASIANPAINT.NS,2026-08-26,2192.8151635052045,2225.5821064217007,2171.293293922864,2204.2994003900844,3407724,4.283595573294474,22.183754625022683,-2.4021865090026573,0
ASIANPAINT.NS,2026-08-27,2216.7171244323727,2222.6891126032024,2212.7581828672915,2214.888049225592,3346551,4.9416256026985295,22.18512647142282,-1.9333622766925296,0
ASIANPAINT.NS,2026-08-28,2216.5249785061524,2233.8874785065527,2209.54471695626,2219.8333152437003,2277370,1.7571900705711574,20.023978612779032,-1.7144051103414992,0
ASIANPAINT.NS,2026-08-31,2160.971483459739,2178.7897613192863,2144.537262117319,2175.6864747150066,2634119,-0.7362516429835986,20.843198592796504,-3.6690556933674623,0
ASIANPAINT.NS,2026-09-01,2173.8973908096964,2189.686865748975,2165.405263308335,2185.9511440273654,4238613,1.054019527878558,20.520481582626953,-3.2145760156444325,0
ASIANPAINT.NS,2026-09-02,2201.1339921003914,2217.918450500682,2189.4263876093187,2191.713151878649,2395782,2.168614504769173,20.36026937679449,-2.959456694056928,0
ASIANPAINT.NS,2026-09-03,2164.199436601265,2175.0222501597887,2153.574523282557,2174.2925424693353,2934634,2.3285600162151976,20.29700784511413,-3.730773597617687,0
ASIANPAINT.NS,2026-09-04,2150.871510063068,2183.852290037546,2142.2790108500967,2155.3213974109694,3441443,2.2673902794385636,20.320513014958923,-4.570742195708033,0
ASIANPAINT.NS,2026-09-07,2153.0334806077553,2181.3106358000277,2145.49396821972,2164.6528255251924,3154975,1.8735640589106373,20.228840311323477,-4.157582812488403,0
ASIANPAINT.NS,2026-09-08,2201.642161915172,2220.72664894087,2195.8259157680195,2205.162829232578,2521589,4.984967125274786,20.540095639695828,-2.3639572343780113,0
ASIANPAINT.NS,2026-09-09,2206.658083310882,2245.6007990997687,2189.410577520892,2214.035525675584,3004918,5.643729038987488,20.51585707148546,-1.971108707334246,0
ASIANPAINT.NS,2026-09-10,2243.0442477601487,2251.39096182625,2218.334621798067,2233.15966327653,2548684,4.9228412113548,20.21108473234421,-1.1243661938521776,0
ASIANPAINT.NS,2026-09-11,2197.149743530543,2219.388293940215,2195.4333467130245,2209.2782890749113,2626906,4.26921325969305,20.45415326471521,-2.1817406615972756,0
ASIANPAINT.NS,2026-09-14,2203.1669715505022,2207.2401504502354,2188.2199614742017,2196.641072444497,2182084,2.662513043888426,20.398198468898578,-2.7412675169429024,0
ASIANPAINT.NS,2026-09-15,2219.6804196505523,2219.74209137561,2196.6421351353342,2211.034245743846,3774602,5.260568459959036,19.617063242544134,-2.103993722391717,0
ASIANPAINT.NS,2026-09-16,2179.5892980267577,2181.042555029972,2164.3682747088815,2173.622287576612,3888628,3.7605792385159598,20.319728499591967,-3.76044988024965,0
ASIANPAINT.NS,2026-09-17,2182.651070464901,2185.304266346441,2168.0670145642493,2177.366750594585,2579436,4.868154268481506,20.08977869824623,-3.5946596054859836,0
ASIANPAINT.NS,2026-09-18,2201.8761359035016,2224.0951893980464,2188.170165667378,2188.6219329633077,2675233,4.849680740271833,20.087022399756147,-3.0963238578850083,0
ASIANPAINT.NS,2026-09-21,2180.3329723984803,2189.939602211485,2165.609502960948,2185.9367672635913,4721545,5.8457283164459195,19.76982167427748,-3.2152125628889583,0
ASIANPAINT.NS,2026-09-22,2180.7930786263996,2205.1666622985535,2167.110560790143,2192.651864668653,3158798,3.386999354082376,18.307948117105017,-2.917894138723376,0
ASIANPAINT.NS,2026-09-23,2201.3928896919533,2208.3405768613557,2173.126708580442,2192.495356724994,2338185,5.250758531495503,17.412449690261973,-2.924823702417134,0
ASIANPAINT.NS,2026-09-24,2180.252268824797,2184.2229874581585,2171.546935812072,2174.5226498639317,3886944,2.796403451358498,17.14183554521599,-3.7205853361788166,0
ASIANPAINT.NS,2026-09-25,2127.8553050256537,2167.9498022381204,2126.000955754139,2142.357094312978,1714697,0.04036557641002858,17.380224700980786,-5.144751169069195,0
ASIANPAINT.NS,2026-09-28,2132.4732408709606,2139.712197002955,2123.605444120536,2138.399580211134,1361685,-0.43888604323240044,17.36667047613455,-5.319974518098558,0
ASIANPAINT.NS,2026-09-29,2171.316495989907,2180.7193763895234,2161.9963935835613,2170.4760957909557,2145290,1.0658757355366033,17.90878863224834,-3.8997510291993165,0
ASIANPAINT.NS,2026-09-30,2215.50271986367,2222.3303995892657,2193.048155271436,2195.6406946022053,3498498,0.06356198896837473,17.082683638530145,-2.7855603612158775,0
ASIANPAINT.NS,2026-10-01,2168.9690516348523,2191.4030428536425,2145.765150414227,2184.8882552722653,2743893,-3.2616366002744424,14.70824026535188,-3.2616366002744424,0
ASIANPAINT.NS,2026-10-02,2173.100344927557,2179.730619472215,2154.005207071263,2173.6465894217845,2804292,-3.445849432979986,14.742977115854769,-3.759373888960893,0
AXISBANK.NS,2025-10-06,1032.776488205233,1034.8610211284022,1029.1883801139668,1031.8188073304916,3875562,,,0.0,0
AXISBANK.NS,2025-10-07,1014.0375215175192,1019.0071364730194,1012.9310408519268,1013.8087459954155,3603024,,,-1.745467441291515,0
AXISBANK.NS,2025-10-08,1034.9327118177491,1053.5190288081642,1029.230587838689,1042.3816879329515,4216098,,,0.0,0
AXISBANK.NS,2025-10-09,1037.8713558373845,1043.7792970478495,1035.3832972690163,1043.1505321968486,2791335,,,0.0,0
AXISBANK.NS,2025-10-10,1050.5752226784339,1058.7247672508574,1042.3220841743268,1049.2928566585308,2758999,,,0.0,0
AXISBANK.NS,2025-10-13,1041.779444041105,1049.4276700451123,1036.8436117473236,1042.3855937568196,2665951,,,-0.658277892380521,0
AXISBANK.NS,2025-10-14,1032.3881058993588,1035.8868085126182,1031.5896056735744,1034.132967870807,3669981,,,-1.4447719425061512,0
AXISBANK.NS,2025-10-15,1054.0689510373738,1066.8900388150762,1052.109726322868,1058.0192671549328,3048188,,,0.0,0
AXISBANK.NS,2025-10-16,1028.7098757388505,1042.44915042215,1027.5846865647522,1033.8408524706658,2393775,,,-2.285252777039115,0
AXISBANK.NS,2025-10-17,1031.1560883365805,1043.1895739588736,1027.2472147951762,1037.1821653278175,3919849,,,-1.9694444585255266,0
AXISBANK.NS,2025-10-20,1022.2094114857275,1024.017243183198,1020.7959778236054,1022.0930122991373,875870,,,-3.3956144250948284,0
AXISBANK.NS,2025-10-21,1012.3941112819886,1017.7857366875126,1010.17861349714,1017.0186435023213,1568260,,,-3.875224669855415,0
AXISBANK.NS,2025-10-22,1008.9264555097742,1015.9379711170553,1007.5061685604442,1009.1428226248454,2984479,,,-4.619617623932182,0
AXISBANK.NS,2025-10-23,1000.1221129905138,1006.523832209269,994.4104542382987,997.1565629807164,3688314,,,-5.752513783409563,0
AXISBANK.NS,2025-10-24,996.0661834520289,1014.3597473852016,988.7820365374442,997.4639994809211,2577795,,,-5.723456042237096,0
AXISBANK.NS,2025-10-27,970.5681511135207,974.9515550644969,964.2533334861087,967.0814026236419,3540254,,,-8.595104773075391,0
AXISBANK.NS,2025-10-28,955.2858576990873,972.5003049715167,954.1172128019793,963.3143396370285,3996715,,,-8.951153391806422,0
AXISBANK.NS,2025-10-29,954.3322603862401,963.6397179010709,951.1056499635055,962.1585604093359,3457696,,,-9.06039329542374,0
AXISBANK.NS,2025-10-30,947.6814147191049,949.762794886638,940.4674008785403,946.4810100706397,2954424,,,-10.542176361705113,1
AXISBANK.NS,2025-10-31,963.0174852406926,966.5760192172967,957.3012234125016,963.7120018263852,3120380,,,-8.91356785799795,0
AXISBANK.NS,2025-11-03,951.8659332825307,957.3673998885265,936.953566216371,956.74984383301,4316804,,,-9.571604834214542,0
AXISBANK.NS,2025-11-04,942.5662173161056,954.2780650545214,937.2947110660671,953.915520949789,2854138,,,-9.83949436810201,0
AXISBANK.NS,2025-11-05,945.3066675355007,948.5665532838437,942.1747371215544,947.0495831921115,2081224,,,-10.488436969699455,1
AXISBANK.NS,2025-11-06,950.5104042071929,950.8297357342232,940.705080587594,946.0123476395072,3899480,,,-10.58647257120542,1
AXISBANK.NS,2025-11-07,954.9286382435147,964.0682006606316,951.6531848938515,960.8673012952848,4715153,,,-9.182438248113801,0
AXISBANK.NS,2025-11-10,986.981826131341,1002.4902016166732,983.5363804616469,989.6936690027725,3364440,,,-6.457878440710374,0
AXISBANK.NS,2025-11-11,1001.6035407893941,1015.2846820955933,990.0435079973646,998.4719949436667,3150338,,,-5.628184103999512,0
AXISBANK.NS,2025-11-12,1007.8684774912622,1021.3310349473438,1005.6396959853057,1011.4750555295225,2473474,,,-4.399183745544633,0
AXISBANK.NS,2025-11-13,1030.6813854164204,1040.1609419941803,1027.805660105533,1032.4037396286003,2813513,,,-2.4210832752804112,0
AXISBANK.NS,2025-11-14,1038.3963924222962,1040.8143295849568,1027.496652929042,1035.3703915580795,1716982,,,-2.1406864978704254,0
AXISBANK.NS,2025-11-17,1055.8257182695493,1056.2857997329738,1051.4327785630098,1054.9413830723406,2626034,2.240953118665412,23.886723143363252,-0.2909100219761318,0
AXISBANK.NS,2025-11-18,1066.5506231281959,1075.4491509683617,1059.9111943783284,1064.8958306681682,3071122,5.039124477328549,23.36193087942959,0.0,0
AXISBANK.NS,2025-11-19,1070.7009742298137,1075.6868921895812,1066.512520771435,1066.6125612299459,2969603,2.324568205437716,21.977096046228365,0.0,0
AXISBANK.NS,2025-11-20,1065.3633003907435,1072.0635422417859,1065.1616611332968,1070.9807884094012,3444067,2.6679041378565582,21.997024890265674,0.0,0
AXISBANK.NS,2025-11-21,1042.7296762285064,1047.76637367817,1034.0850255515281,1047.7036976211407,4661999,-0.15145047708137183,22.89879538798391,-2.173436819798713,0
AXISBANK.NS,2025-11-24,1056.642747442021,1064.1052118600169,1048.4147127316937,1051.259753920877,2613482,0.851331812067202,22.830142277110095,-1.841399463179294,0
AXISBANK.NS,2025-11-25,1033.0154674725234,1037.8017382803728,1021.235482624333,1031.8437033149694,2724386,-0.22137042594736478,23.362139708633936,-3.654321862538479,0
AXISBANK.NS,2025-11-26,1014.7204765140237,1016.4739120086856,1009.3497644011723,1011.7959705271355,3173080,-4.36885206751424,22.961288476386997,-5.526225915794969,0
AXISBANK.NS,2025-11-27,1015.6626450258053,1018.8894769086429,1012.3506484199213,1014.0218462382168,3066312,-1.917026802054278,22.056302740275175,-5.31839065533366,0
AXISBANK.NS,2025-11-28,1007.4146590897603,1008.2731639337284,1000.1830744642904,1000.4385674447972,3082307,-3.542636878200367,22.333168282087723,-6.586693405525212,0
AXISBANK.NS,2025-12-01,999.364259182388,1002.8488515527226,998.1129840289295,1000.2360990476274,2595427,-2.1384465981568623,21.96687031725371,-6.605598356889519,0
AXISBANK.NS,2025-12-02,1001.1987390404464,1006.5333755372797,1000.549891345439,1001.7818358932526,3467355,-1.4981837065048742,21.936192030029318,-6.461269265055769,0
AXISBANK.NS,2025-12-03,1003.0163315054536,1015.9641413324539,999.4634177033913,1003.867269072232,3096147,-0.5227757096751939,21.83537525256457,-6.266547454772253,0
AXISBANK.NS,2025-12-04,988.9737195972382,997.5252771940341,980.6756849632553,992.918511167607,3836326,-0.4250136809450411,21.79156478906249,-7.288858781279417,0
AXISBANK.NS,2025-12-05,1003.3365329699001,1017.2285641374664,1002.2629854310362,1003.5668179136354,2675046,0.6118334532263958,22.014443153518922,-6.294601287469181,0
AXISBANK.NS,2025-12-08,1000.1427426413009,1006.8122999043829,999.3793389414336,1002.3754308365097,2611849,3.64954057818887,20.003638275114177,-6.405843906386288,0
AXISBANK.NS,2025-12-09,1000.0940147633504,1015.2672871071826,998.6277309882163,1007.5770486654209,2414451,4.594835476555903,19.972969325515905,-5.920156591991366,0
AXISBANK.NS,2025-12-10,988.6155631038441,997.6905801188814,980.9136627901618,993.0981047859697,3107189,3.2156388405951475,20.49002032159263,-7.272089701917183,0
AXISBANK.NS,2025-12-11,988.545987771968,993.982945371823,982.0004716922856,990.8592438065476,2503744,4.688761133474384,19.84613179942349,-7.481137427483498,0
AXISBANK.NS,2025-12-12,1003.9105848548991,1005.3279794635641,999.1433778403766,1003.8751986897996,2927252,4.167551798389857,19.52950587640011,-6.265807047693672,0
AXISBANK.NS,2025-12-15,1019.1208295036156,1029.2873458683016,1015.4736880634377,1015.5118853665873,2239372,6.141839678610239,19.56590475637174,-5.1792621906126985,0
AXISBANK.NS,2025-12-16,1001.489740381495,1007.2996159449667,998.213357870704,1005.7245817764735,2026557,5.431200110372414,19.80901071639616,-6.0931257907851695,0
AXISBANK.NS,2025-12-17,1004.3370554606753,1009.881535422181,987.46221814077,999.044981551911,1820457,5.490250910046801,19.78761038117135,-6.71681580435517,0
AXISBANK.NS,2025-12-18,989.489885887273,991.1811645465401,978.2588467648535,987.1465694390266,3493069,4.3481696515016655,20.17237340402169,-7.827798582165368,0
AXISBANK.NS,2025-12-19,980.4598374014103,986.4712093734527,976.3992209550624,979.2867868788662,1979388,1.9169645547050251,19.88830220208865,-8.561685001531815,0
AXISBANK.NS,2025-12-22,967.8973988238926,970.3489198774163,958.1050451153305,962.8702741768828,3643741,-2.71027244752583,18.471126746568086,-10.094533478334554,1
AXISBANK.NS,2025-12-23,969.7804346057864,971.0466794395716,957.9883361559336,961.162555443655,2654536,-3.7366535755583796,18.240593366401615,-10.2539872007271,1
AXISBANK.NS,2025-12-24,968.7102265191636,977.470667711557,968.3765365087519,968.3796131292556,3034861,-4.260653010143267,17.9342815908149,-9.580113517491451,0
AXISBANK.NS,2025-12-25,966.0897383671235,976.494542892242,957.5709148143085,959.18743412088,4030493,-7.0918287775729505,16.80305765023089,-10.438408933044862,2
AXISBANK.NS,2025-12-26,957.1064696740942,959.0178749570616,952.3213640523198,958.032969930753,2253915,-7.46954155323537,16.73338495887833,-10.546203974993428,2
AXISBANK.NS,2025-12-29,948.4119565517746,958.9964371612829,942.7820595705149,955.38956307811,3094431,-9.436715782662974,15.451013380469943,-10.79302510206228,2
AXISBANK.NS,2025-12-30,964.4017103597935,970.2337095249667,961.785064432801,967.4498282283365,2961467,-9.150754433763652,15.70401205870669,-9.666929724745732,1
AXISBANK.NS,2025-12-31,958.2331331817671,966.3807798534003,957.7400276919311,960.2632151065299,3853986,-9.970756954219729,15.684546719555408,-10.337960727316764,2
AXISBANK.NS,2026-01-01,954.0361212581308,957.5268656114974,952.8415728179515,953.5461274840952,1359493,-10.965151027565812,15.549852746582667,-10.965151027565812,3
AXISBANK.NS,2026-01-02,943.2777195769555,946.0711313826419,937.9946454300602,943.8039950647067,2398321,-9.916897572504812,14.733527996476989,-11.874796889080974,2
AXISBANK.NS,2026-01-05,929.3719886991502,936.4428108280705,923.2824065312149,930.8995371295415,2257499,-11.449141503080362,14.875919291644287,-13.079716536083296,3
AXISBANK.NS,2026-01-06,934.7789535165625,939.4886410947661,930.2384768574627,936.7201275291005,3116405,-9.218796943787954,14.507733414327062,-12.536234294146563,2
AXISBANK.NS,2026-01-07,935.4402495555447,938.4500993531008,931.7469682171431,935.0931808843013,4091109,-7.580855417211518,13.667478980630394,-12.688146136301604,2
AXISBANK.NS,2026-01-08,935.5923775769426,940.4036512689577,934.3032796068495,935.5989067752428,3985542,-7.733851075684884,13.625362130441443,-12.640925318111895,2
AXISBANK.NS,2026-01-09,948.2929835177788,955.3203252018716,944.7349173524333,949.9083678076933,2387469,-5.050804845135293,14.183903990579294,-11.304817221000029,2
AXISBANK.NS,2026-01-12,967.6479893845192,972.7221761310357,960.3386652813258,965.101675121039,3281300,-3.5126130680587897,15.079792426078015,-9.886182313840731,0
AXISBANK.NS,2026-01-13,942.8065481623498,946.518178441689,939.7022201947337,946.1126211509928,3279181,-5.5570197769279295,15.977991203493824,-11.65923503108398,2
AXISBANK.NS,2026-01-14,960.58398595883,962.7205433891593,950.3314283043943,953.3847933998403,3019552,-5.028799845127663,16.179288509028506,-10.98021517119948,2
AXISBANK.NS,2026-01-15,955.9499393318467,956.8975062826904,950.9405406162882,955.8579563443095,3268111,-3.732487047674904,15.981352094647901,-10.749290119019761,1
AXISBANK.NS,2026-01-16,949.3690055213756,955.62665770921,943.5920575529333,950.4667632672396,3079207,-5.29113295682575,15.618381688417973,-11.252678521072868,2
AXISBANK.NS,2026-01-19,953.2293640496104,961.7711679400406,942.7281230428542,954.0998808016591,4018256,-4.8161146562185175,15.701714295643349,-10.913445775374853,1
AXISBANK.NS,2026-01-20,931.1382520244857,935.6141133288471,927.8528400879402,934.4281415827052,2261599,-7.259882227329872,16.494051695482025,-12.750242423069158,2
AXISBANK.NS,2026-01-21,955.8597390597257,966.5054351622185,949.6003067113238,950.8624376800565,3268379,-4.2529199182205435,17.07852795468954,-11.215733468734024,1
AXISBANK.NS,2026-01-22,956.8624349525028,966.7975768690511,944.5151528539734,956.6443535160919,3301698,-3.4530525404409262,17.21226746692654,-10.675862361930822,1
AXISBANK.NS,2026-01-23,943.8993547602124,960.0343773113453,941.8575300022019,946.6526991117305,4478439,-5.700160702520851,16.86925857288304,-11.608806679186113,2
AXISBANK.NS,2026-01-26,937.4493072814797,944.3753494734108,930.7071407567121,939.9158313623188,2989842,-7.444132864774811,16.434893411187854,-12.237843896503254,2
AXISBANK.NS,2026-01-27,921.2369185911647,930.7236205600032,916.8366265567355,920.7932597050578,3725606,-8.444789320093605,17.116496709510066,-14.023363474838678,2
AXISBANK.NS,2026-01-28,917.4459812483937,919.4680768235846,916.490544655505,917.2233561082738,4753603,-8.1899841302977,17.082427089207584,-14.356693786214848,2
AXISBANK.NS,2026-01-29,910.2484940275734,920.6017757554844,909.5193673858043,911.8187181900927,4355359,-7.6308679562895225,16.89117131127572,-14.861337564765542,2
AXISBANK.NS,2026-01-30,892.9324020008819,898.3233995627786,890.8231878872532,897.3292366157018,3111577,-8.3691061046964,17.262616715890747,-16.21425460410014,2
AXISBANK.NS,2026-02-02,910.0538909598198,912.1223138915534,898.9945683840717,905.6258288954234,2463823,-5.945187718085421,17.0862023886012,-15.439582231867998,2
AXISBANK.NS,2026-02-03,916.4742705794266,919.589509631572,916.261728217443,919.5006578795025,2851312,-4.334531898709082,17.807643327988973,-14.144056753331114,1
AXISBANK.NS,2026-02-04,915.5669592524921,925.7012603872374,913.5737487375659,919.0912393357451,4140862,-5.089778133002865,17.609393856471772,-14.182285127564176,2
AXISBANK.NS,2026-02-05,915.6659117615078,919.228377370386,912.5553414052349,915.6192394800815,2340580,-4.542198228517225,17.466402662023413,-14.506473935919939,1
AXISBANK.NS,2026-02-06,921.6551364137587,932.3186841916626,918.9140264004319,920.3033840484097,3721021,-3.9382345980295774,17.571113345706696,-14.06910431930104,1
AXISBANK.NS,2026-02-09,922.5300295677064,924.2296047501677,918.9495089811346,919.9788478364051,3437852,-3.7064163782172144,17.56734087081857,-14.099407030191557,1
AXISBANK.NS,2026-02-10,910.7750783530697,918.1641823031111,906.6555171762014,908.0028275115095,2852737,-6.144711486040633,17.385142829157143,-15.217636269642442,2
AXISBANK.NS,2026-02-11,899.4027992174628,907.8181037857096,895.4464364909963,900.813569992574,1884184,-6.190973909935793,17.39885949095256,-15.888914185804959,2
AXISBANK.NS,2026-02-12,900.3664658937167,908.0397158745322,887.1277264168436,897.5098134098238,3726614,-5.876623317858954,17.343649207044262,-16.19739372330039,2
AXISBANK.NS,2026-02-13,900.652901149392,903.2074389723116,897.692124219676,900.0814493360792,1892475,-4.632587481856321,17.216367051950197,-15.957274016757871,1
AXISBANK.NS,2026-02-16,895.8077549254178,901.546899631146,888.9687848403444,900.0769538982357,3245642,-3.3110536638946253,16.829577815588,-15.957693766382896,1
AXISBANK.NS,2026-02-17,900.577403133507,903.2480958393827,899.7390657429919,902.2464071857714,3309439,-3.6802583109070808,16.72084803759074,-15.755126800568531,1
AXISBANK.NS,2026-02-18,887.5533457674846,889.3847264872297,884.8058702498391,885.7836120188354,3188806,-5.273225158035566,17.436627916516915,-17.292296780189385,2
AXISBANK.NS,2026-02-19,884.1044423688523,896.2415093395416,883.3090549981911,892.7782844620478,3451239,-4.576814060288514,17.649477605640467,-16.639187731090487,1
AXISBANK.NS,2026-02-20,888.1152815434452,894.4017601448211,882.298857599661,892.7103961670322,3595681,-6.021419915761883,16.925871614177964,-16.645526621176142,2
AXISBANK.NS,2026-02-23,915.1988618313428,925.5000262141131,912.2648397390133,920.3717802846668,2496500,-4.634733934200497,18.769111733067728,-14.062718001544717,1
AXISBANK.NS,2026-02-24,912.591701179618,920.9765931967795,907.4024578745614,915.9932996639757,3577656,-3.1834816293197177,17.9967815400972,-14.471547055069934,1
AXISBANK.NS,2026-02-25,922.5694023134668,923.8512900552151,918.3193489426418,919.4480245808784,2481534,-3.55960878062056,17.86759058617316,-14.14897124845499,1
AXISBANK.NS,2026-02-26,951.726594842554,954.7410841074875,948.6171880038047,951.0884937166528,3479920,-0.4989719022581163,20.614973216774512,-11.194626083891757,1
AXISBANK.NS,2026-02-27,957.7110775067324,959.9995870502032,942.9326972793746,953.1946914243002,2435587,0.2870093161052134,20.556685355030773,-10.997965440634506,1
AXISBANK.NS,2026-03-02,945.3086779222904,956.3932477331541,940.9309521909191,952.3099641735595,2781046,-0.1876026466532732,20.52955223140022,-11.080574508912445,1
AXISBANK.NS,2026-03-03,934.3266544718774,946.0649609492374,925.9052277735469,940.9880841816786,2652557,0.7020275082749938,19.913739256393992,-12.137725123975851,1
AXISBANK.NS,2026-03-04,956.7797179912604,958.8093504206389,949.6628672619223,958.292100310275,3541525,0.7813604088037884,19.975442823530045,-10.522008360811874,1
AXISBANK.NS,2026-03-05,938.8132355101964,948.3919234661797,938.1837347756655,944.9446777668849,2921738,-1.2229911467313337,20.314277321671778,-11.768288657138527,1
AXISBANK.NS,2026-03-06,949.6029951315377,950.8547925490882,945.6608885173072,949.689225127525,2854119,0.32076452310796366,20.139006567600283,-11.32527908946116,1
AXISBANK.NS,2026-03-09,948.6687430787092,952.6753835732501,938.3627503970984,944.1972547962113,2950634,0.4555113650641429,20.100670179008873,-11.838077301226502,1
AXISBANK.NS,2026-03-10,937.6844716125782,951.6807869995268,935.7464624750386,941.9441936504888,4158897,2.2970339674517115,19.155066020797065,-12.04845092978324,1
AXISBANK.NS,2026-03-11,925.7344104848753,926.8694240768557,913.9027006774052,925.8773811216396,3350500,0.9435024692441729,19.806152590575937,-13.548647077345443,1
AXISBANK.NS,2026-03-12,941.1623871145595,944.9171440752718,939.7946677713192,940.8110285865044,3136097,3.1796134273224697,20.22335994585562,-12.154257222132081,1
AXISBANK.NS,2026-03-13,933.5968804791165,939.4370750656348,926.8910291032221,937.570257960302,2817646,4.4845325107616185,19.626449165075304,-12.456855612437057,1
AXISBANK.NS,2026-03-16,920.684277357736,924.8749128767328,915.9633037662263,923.8905256125681,2018944,2.0168038647287556,20.02468579026125,-13.734164458289532,1
AXISBANK.NS,2026-03-17,939.9440923096423,943.7678664183634,936.4118624631814,937.773865051652,2548534,1.9872968024068793,20.006279698444825,-12.437844338513793,1
AXISBANK.NS,2026-03-18,929.8948518817951,940.5259372233995,922.0330376834386,932.0087108471313,3388292,1.4054612815939782,20.10347560178653,-12.976150372283367,1
AXISBANK.NS,2026-03-19,942.1286546847776,946.0037537868462,928.1763691994229,935.6490068225133,1974735,2.187565144852721,20.083333949566622,-12.636247358636544,1
AXISBANK.NS,2026-03-20,942.1922537737744,945.9288680068216,940.9149650367696,945.0334984105195,1982642,2.687169773659015,20.225134745457154,-11.759995264334854,1
AXISBANK.NS,2026-03-23,946.9957582980873,954.9403062352607,945.9687595344229,950.3133304862612,4587756,3.2973021848487383,20.264804135869156,-11.267004901400036,1
AXISBANK.NS,2026-03-24,922.0277841130159,930.9073203921005,915.759063100492,925.4823768471607,3508435,1.9250545049023682,21.387140233149598,-13.585529557288488,1
AXISBANK.NS,2026-03-25,932.9736472894082,938.1457195647126,930.9427749752992,933.1279552865086,2366791,3.5872445054531132,21.333106723860734,-12.871643881458306,1
AXISBANK.NS,2026-03-26,932.9958943726184,948.0229684911636,928.8128584926794,931.8929383907318,2925609,3.8309469676191643,21.296823093200977,-11.354645232535876,1
AXISBANK.NS,2026-03-27,925.6434431244493,935.5930858616315,921.5686325894835,928.1121303898472,3543483,3.114238280818249,21.348196708217674,-11.714290694733343,1
AXISBANK.NS,2026-03-30,925.061736089375,933.5366786391223,924.9445847602036,926.789646401016,3619808,2.967823183016449,21.358603644483715,-10.1811986230521,1
AXISBANK.NS,2026-03-31,910.0260989114853,910.993288553939,903.7415372692452,908.9491868149455,2883570,0.7428990102693822,22.14780418328438,-10.493495948909937,1
AXISBANK.NS,2026-04-01,914.0093044972953,916.7959458186024,908.5375993613383,910.9410703468577,2133811,2.8401358962472534,21.438114751336602,-10.297350186303412,1
AXISBANK.NS,2026-04-02,898.8389296764792,900.5266328121322,889.5802081613965,896.0430662231225,2820788,0.36568785530461945,21.909335811375367,-11.764393983467558,1
AXISBANK.NS,2026-04-03,896.1969556135554,902.9670023932663,887.1330136291356,892.8703317985402,2944402,0.017915735292728385,21.93630838908308,-12.076821092426215,1
AXISBANK.NS,2026-04-06,902.0740600551464,905.7143515129882,891.7835401647629,894.4415018849659,3208108,-2.817369997120167,19.90130751421233,-11.922104037011493,1
AXISBANK.NS,2026-04-07,903.801764198018,906.8138992013702,901.3732416519953,905.9380382057371,2713756,-1.097743996809497,20.254267692536466,-10.79001129773044,1
AXISBANK.NS,2026-04-08,891.006083949186,897.0980158639474,886.1994972425465,896.966504958853,3045940,-2.4451104381102318,20.40323217421596,-11.673460657227164,1
AXISBANK.NS,2026-04-09,916.6017474275163,919.7933223337164,912.2948350438637,912.6208668754516,2497659,-4.0445896565184825,18.35281518253076,-10.131936412934571,1
AXISBANK.NS,2026-04-10,921.1462224549143,931.0845640214667,919.6701101906452,922.9413941003386,3116799,-3.173884369703739,18.69075330115794,-9.11564823614368,0
AXISBANK.NS,2026-04-13,924.3899769955508,927.320221064443,913.3262464414476,918.0903309022898,1848505,-3.5933293316915416,18.731205825088622,-9.593344584945896,0
AXISBANK.NS,2026-04-14,905.1016060763234,910.2620480074762,903.9035248723109,905.8500269313513,3433587,-3.7341660155967626,18.80762435093473,-10.798677988455985,1
AXISBANK.NS,2026-04-15,889.5415035960386,894.0160296847554,881.0165397771481,890.1864452753134,4283345,-7.106982830486697,18.417276020728096,-12.341110123593769,2
AXISBANK.NS,2026-04-16,889.0158610032363,897.2423739466035,887.5640056730048,892.9896056260153,2907337,-5.498213108480698,18.1506441374605,-12.065075899760934,2
AXISBANK.NS,2026-04-17,884.1667031718715,886.3775147844497,881.7395353695542,885.0202234226289,3846689,-6.809490935965112,18.143926385166417,-12.849840934835788,2
AXISBANK.NS,2026-04-20,902.8006264955126,904.5980386974009,888.5140599237635,897.7447118399416,3074378,-4.919792206586715,18.737310933733315,-10.736524878988284,1
AXISBANK.NS,2026-04-21,894.1869973445235,896.4871306866344,887.4158966819517,890.349802091335,3144987,-5.477436126996082,18.834782608780777,-10.879908459349785,2
AXISBANK.NS,2026-04-22,882.4481199321041,882.6185990152335,878.4940392031065,880.6755951613288,3692290,-4.882048841667541,18.481351046747584,-10.785731073168082,1
AXISBANK.NS,2026-04-23,882.9621362400334,898.6422006758163,874.0710422511305,883.044694356153,2761926,-6.140057086399264,17.757242667777074,-9.827774030266578,1
AXISBANK.NS,2026-04-24,872.8185286562519,881.6086382395562,871.0565913515683,875.7023222612704,2549801,-6.5987519520538385,17.84637340546538,-9.570347166696802,1
AXISBANK.NS,2026-04-27,873.1081150964865,879.2736670426374,870.3329785448819,875.6896814270381,4624290,-5.217159701207175,17.46371255698527,-9.571652526089025,1
AXISBANK.NS,2026-04-28,888.9167010642631,894.9040787143397,884.0022360736351,886.0085672008913,3083732,-5.520019247700992,17.21690620750847,-8.50606981101013,1
AXISBANK.NS,2026-04-29,888.6654234767115,892.1821812458802,884.8858808843278,887.152004597358,3683641,-4.812906330993593,17.189905771321463,-8.299947065784863,0
AXISBANK.NS,2026-04-30,892.2109218093312,892.571786881553,881.9665212361351,888.3367333913079,2763526,-5.056626265428211,17.134600443705903,-8.177488126893994,1
AXISBANK.NS,2026-05-01,885.2885106414376,890.8238542437612,883.9318780014936,890.422082925325,2783431,-5.778780919094107,16.82048689428144,-7.961936945512749,1
AXISBANK.NS,2026-05-04,873.255127654023,875.4394945225547,871.067104299381,872.411640917433,2038775,-8.1974741456028,17.469677503144972,-9.823577878446077,1
AXISBANK.NS,2026-05-05,875.5329834811126,878.5760176042747,867.2396981179829,876.4208480208697,2782459,-5.301184555607518,16.11990089744512,-9.188754862439474,1
AXISBANK.NS,2026-05-06,879.9362630207223,884.5725692911789,876.965871741743,878.0017084723676,3918726,-5.907683560633981,15.877752403833478,-9.02495238522384,1
AXISBANK.NS,2026-05-07,891.6230403914824,899.007737392444,884.9152604091465,887.3560156666932,4888109,-4.779188776872645,16.294752451616766,-8.055696250303912,0
AXISBANK.NS,2026-05-08,891.5261779517424,905.1158124822822,887.4164233118668,893.7257554107296,4072309,-3.7049806648549954,16.470757123029212,-7.395689133101724,0
AXISBANK.NS,2026-05-11,890.3169981712464,895.975082681038,882.6942420480768,891.4581992927241,2130113,-3.8122401610218404,16.47519879151808,-7.6306442861658885,0
AXISBANK.NS,2026-05-12,901.875703085725,914.0597256332007,900.9106980124498,902.4652882857378,2347193,-0.7133400440048843,16.012866878299803,-6.490133469869441,0
AXISBANK.NS,2026-05-13,898.4132698955644,914.9701135337804,889.153485102086,899.1965336962475,1848441,-1.2892751279880654,16.026397269509392,-6.8288288295143555,0
AXISBANK.NS,2026-05-14,903.7664366762649,908.0987192864734,899.9336460162224,901.7618622531622,3142646,0.6382278090878879,15.314069974409952,-6.563019679758919,0
AXISBANK.NS,2026-05-15,899.2876645267678,906.5536105059246,892.7373754035807,898.2960096641311,3137837,0.6076669447244276,15.320840729947916,-6.922137550795293,0
AXISBANK.NS,2026-05-18,903.5407720214849,907.3820638389675,898.8768621076599,903.1816578614123,2928176,0.9771635101934795,15.38935894565285,-5.750902301189697,0
AXISBANK.NS,2026-05-19,902.1917933725696,902.6058223817179,890.2521157001645,899.0051761980703,2443343,-0.7652688942609953,14.985745960337585,-6.1867278351776855,0
AXISBANK.NS,2026-05-20,917.5568294019903,919.507346545592,913.6141924899001,916.8486195824236,2374729,2.2165949914130456,15.774028014307834,-4.324723193943991,0
AXISBANK.NS,2026-05-21,946.4458120267068,956.0462501986169,929.5378012146932,939.2049261657796,3071990,2.912935727773136,16.520925715631712,-1.9917908264416861,0
AXISBANK.NS,2026-05-22,951.0923618568861,958.7079005091176,944.111867659762,948.9953683790599,2415978,2.8229283511677528,16.47493810258637,-0.9701355075561024,0
AXISBANK.NS,2026-05-25,968.9179416064468,979.7745158318593,961.4518356325343,966.5977607250416,4694742,5.283513853705357,17.123730713036366,0.0,0
AXISBANK.NS,2026-05-26,950.2607825924857,952.7308587620003,943.7116676293206,948.7969691936959,2821370,4.741065406580747,17.570973218283388,-1.8415924653077398,0
AXISBANK.NS,2026-05-27,925.3475597511913,934.9655036463663,923.887765250228,932.6418574089556,2140469,4.769271915897555,17.546392936478235,-3.512930062099018,0
AXISBANK.NS,2026-05-28,931.7200736896248,932.9430473403044,925.3975619694868,928.9412566690314,2739732,4.025987628132888,17.613373606268368,-3.8957781184765117,0
AXISBANK.NS,2026-05-29,930.6122123940451,931.0210557100463,925.3837537820829,929.2922179480945,3100522,5.002370946310464,17.344952372804,-3.859469191089815,0
AXISBANK.NS,2026-06-01,926.7881364507356,933.3135742306167,925.1838400872183,926.976038044211,3463470,3.2560844768842356,16.957099633462157,-4.099091089463158,0
AXISBANK.NS,2026-06-02,910.8616289112596,912.1184230296864,905.0916005561336,908.7818334839194,2216035,2.0702010995329534,17.80369802119577,-5.981384355551855,0
AXISBANK.NS,2026-06-03,917.8224380535021,922.7086398209455,909.575439240483,921.3197229019886,3130601,4.615107760901926,17.841010317622715,-4.684268851304818,0
AXISBANK.NS,2026-06-04,944.2947919193313,954.0944206851946,942.6690650995462,945.3360448208847,4787786,7.054156019832014,19.203481347625978,-2.199644647242771,0
AXISBANK.NS,2026-06-05,957.9044727221067,965.6942823282202,956.9483194432977,959.8675289960556,2800732,9.611166328467725,19.287793397566617,-0.6962805007884154,0
AXISBANK.NS,2026-06-08,969.1975082105488,987.519024340365,967.3446357571496,972.339018807648,3371399,11.03693916126871,19.47079130369953,0.0,0
AXISBANK.NS,2026-06-09,973.0657970366034,978.2457847428947,967.0781824837195,974.8668802374038,1659326,10.029057994014302,19.315389455208496,0.0,0
AXISBANK.NS,2026-06-10,960.530740203035,966.3737616934382,952.7444053918535,964.9419316108098,2700386,8.768500393431156,19.699469293423633,-1.0180824508241648,0
AXISBANK.NS,2026-06-11,967.2765564886448,967.4374842977318,958.1585575413893,965.6690976933781,1732221,8.705298497209135,19.704154690305252,-0.9434911299669779,0
AXISBANK.NS,2026-06-12,993.1788673375852,994.3641206201237,984.7684014900311,990.2636768250793,2344574,11.212838923731816,20.76291268676367,0.0,0
AXISBANK.NS,2026-06-15,986.0705689229176,986.6770420274061,980.0441110919547,985.9743651566286,1975669,13.017103270168695,19.657414691864037,-0.43314844004002095,0
AXISBANK.NS,2026-06-16,978.2150062977147,981.2557376949295,973.7724689201257,980.4913595989943,2735941,11.874490641469372,19.85729611171953,-0.9868399149422835,0
AXISBANK.NS,2026-06-17,985.9963561496804,995.6998656658344,979.940839927026,993.4904427442074,3564144,13.153588786607063,20.032816736256688,0.0,0
AXISBANK.NS,2026-06-18,1007.1137961606281,1008.9369072869098,1002.1088813333301,1007.4640790775828,4299550,13.535498862950668,20.152287767962886,0.0,0
AXISBANK.NS,2026-06-19,1005.3960427214776,1006.3903208778303,981.6487847894027,997.1485769580473,2455854,11.572098143214827,20.565490566830043,-1.0239076840317884,0
AXISBANK.NS,2026-06-22,988.9344515638305,998.1400892094229,987.6320826543373,993.908283644632,4849653,11.492415957718594,20.585404098953735,-1.345536353550425,0
AXISBANK.NS,2026-06-23,986.7135377318565,992.9196155523299,981.3944086128154,987.8244812085238,3912017,9.458446106545404,20.608222140569133,-1.9494092421677878,0
AXISBANK.NS,2026-06-24,992.4786887268467,995.3696492496331,977.4095451748261,988.535217125629,2097125,9.935390104557552,20.523439568470504,-1.8788622190167636,0
AXISBANK.NS,2026-06-25,1008.4934432578166,1012.6613926692111,1001.2040736819753,1001.5974693705796,4495066,11.071172035149711,20.72502234612921,-0.582314529007788,0
AXISBANK.NS,2026-06-26,999.6336805659533,999.8492391854732,991.7595336200301,991.864106411377,2534362,10.416176376229313,20.976474863245382,-1.5484395910660087,0
AXISBANK.NS,2026-06-29,1003.6573823806178,1013.7620286123714,994.6823586462781,1004.8012613496151,1621872,11.251291764363502,21.15595839533621,-0.26430894989385445,0
AXISBANK.NS,2026-06-30,1010.2729286963953,1019.7375830760849,994.1410283337498,1005.9099471710116,2415697,11.891452218889986,21.026128068622434,-0.15426176861751406,0
AXISBANK.NS,2026-07-01,1041.4512637193766,1043.7323815595976,1024.5446503574303,1034.2637515897247,4027023,12.806381500664488,21.705867247761677,0.0,0
AXISBANK.NS,2026-07-02,1043.92803719217,1049.6031494459985,1036.0411486933065,1038.1068917149526,2275363,10.530392547335898,20.83797046536279,0.0,0
AXISBANK.NS,2026-07-03,1036.2790667383342,1037.4496747878713,1034.0942812869273,1036.778904875487,1544886,9.250154365491415,20.772387280582826,-0.1279239016775846,0
AXISBANK.NS,2026-07-06,1041.4063099540194,1048.237801856813,1040.101014143184,1043.8316708581688,2738047,7.990284404879477,20.283349608588725,0.0,0
AXISBANK.NS,2026-07-07,1035.625298571263,1043.3003242443963,1026.8704447499608,1039.4954505072565,2088178,9.559313979537443,19.398456297226485,-0.4154137560654192,0
AXISBANK.NS,2026-07-08,1020.1547003194688,1020.4427219481447,1015.7275921938638,1017.2217525846143,2414114,9.068850438542043,19.832654655553586,-2.5492537749575717,0
AXISBANK.NS,2026-07-09,1012.7442743668046,1014.206131891936,1009.5804594432451,1014.1713244357298,3265145,9.174968509022175,19.805153570345134,-2.8414874975056237,0
AXISBANK.NS,2026-07-10,1012.7884573706956,1025.9914105086264,1009.2512878020802,1010.9386861788302,1470205,8.785876676231453,19.873093500233807,-3.151177110031178,0
AXISBANK.NS,2026-07-13,996.302588042142,997.5212891294697,979.7179467024722,991.6891743141879,4176739,6.981101302954107,20.81860053645903,-4.9952974219600765,0
AXISBANK.NS,2026-07-14,988.7021799900236,994.9956164546716,985.1787114936559,990.7044625974155,3002152,9.014553999108488,19.78527061041983,-5.08963367791625,0
AXISBANK.NS,2026-07-15,968.9317741003989,975.4023016857114,961.1285805681697,966.3189064740008,3059991,4.88420929818727,21.048121849939747,-7.42579158576806,0
AXISBANK.NS,2026-07-16,971.7410060818048,973.869237864279,952.9044468179823,962.182973313097,1868240,1.7821100321425254,19.79237713441088,-7.82201765136572,0
AXISBANK.NS,2026-07-17,970.5757651072942,971.0221499052624,963.9659280718647,964.8867629183566,2565980,0.5229090234514677,19.31020281111667,-7.562992208782948,0
AXISBANK.NS,2026-07-20,964.1483935020998,970.4589734947352,961.4228377034833,965.8974501838878,2922096,-0.6624817578193332,18.931601510262226,-7.466167472214047,0
AXISBANK.NS,2026-07-21,962.7043063692581,964.664979141011,958.5763910834745,961.0320898599354,1833015,-1.419146619700462,18.964469349160108,-7.932273307070781,0
AXISBANK.NS,2026-07-22,953.9984122287918,977.3661861285163,945.5373615149202,959.9338738060538,4072146,-0.5190009513210581,18.739298263780586,-8.037483379206122,0
AXISBANK.NS,2026-07-23,948.2673883782436,950.8873954392072,943.6282967039598,950.8331424189819,1950334,-1.5363394469009917,18.93224765961489,-8.909341518899282,0
AXISBANK.NS,2026-07-24,948.6059480138318,958.4112583629029,943.820731678857,950.8452781007118,2223961,-3.980596243896206,17.268664994980398,-8.908178909824581,0
AXISBANK.NS,2026-07-27,950.1988699175464,955.6732109279882,946.9436516707729,951.3969300120999,3063668,-3.506930440228617,17.25230533381662,-8.855330167370301,0
AXISBANK.NS,2026-07-28,942.5768190850413,944.7877115412837,939.6291592368295,941.0641621606876,2477042,-4.021167249697322,17.437900335931175,-9.845218493226271,0
AXISBANK.NS,2026-07-29,941.901163534061,950.4024706561725,933.0774150095324,943.9816030314835,2908201,-4.983323198960143,16.942035683269403,-9.565725069885566,0
AXISBANK.NS,2026-07-30,949.9285718017576,957.7955899019282,945.2863450275046,946.8371122165786,3627704,-6.017779504011022,16.343897435776658,-9.292164756971566,1
AXISBANK.NS,2026-07-31,937.8982462108273,946.3738587436173,928.6343802514016,944.8399237874312,3441552,-5.245823378717707,16.157216740970238,-9.483497180091616,1
AXISBANK.NS,2026-08-03,965.3020830552797,976.4204723941417,960.9713317450056,972.5787505633488,3553045,-2.1460262915878325,18.48893412785082,-6.826092969208397,0
AXISBANK.NS,2026-08-04,968.1445862822093,971.1332902320505,965.022071554533,970.8243790925424,3002526,-1.7209638391613047,18.420286943943317,-6.994163312328383,0
AXISBANK.NS,2026-08-05,965.2682488657355,968.7611309990999,958.4596037393565,967.4635404075552,3392527,-2.1316060726034647,18.43582123617102,-7.316134639585014,0
AXISBANK.NS,2026-08-06,963.1343197433761,972.4759454384705,956.7256476518089,962.4595000862404,2858969,-3.907554729439777,17.99905871822632,-7.795526141205277,0
AXISBANK.NS,2026-08-07,951.8148418309587,956.1811687125535,949.3260257920292,951.1993686742594,3932162,-4.099829550667478,18.088850915243544,-8.87425671878237,0
AXISBANK.NS,2026-08-10,957.823520178214,964.9003287379381,957.1170796373453,958.9485414311227,3406106,-4.5633620977848395,17.80414174071168,-8.13187909476446,0
AXISBANK.NS,2026-08-11,952.5081190595869,959.5989533101116,946.8564965836576,950.972757669461,2645643,-5.461442115773307,17.893794776938993,-8.895966254057551,1
AXISBANK.NS,2026-08-12,941.980562129623,944.6849480657701,937.6845574331628,944.4030202622154,2158246,-8.688376750068649,15.514244232341348,-9.52535292536294,1
AXISBANK.NS,2026-08-13,930.2267966778886,946.9342945273806,919.1455274814846,938.2130631812104,2474799,-9.622691972376519,15.41435378219133,-10.118356304530007,2
AXISBANK.NS,2026-08-14,934.1394343194312,936.3990499858318,926.8040101819417,927.0807884175127,1799515,-10.58066632549285,15.596757570807426,-11.184838101786209,3
AXISBANK.NS,2026-08-17,907.7140013294743,918.0193715196668,899.2138758975503,907.697049558518,3219390,-13.041817478840246,16.040766686161657,-13.041817478840246,3
AXISBANK.NS,2026-08-18,898.4159006636334,907.746293866176,893.8200082503539,902.5628823885927,4022523,-13.172983879038913,16.043063257763457,-13.53367524798652,3
AXISBANK.NS,2026-08-19,917.9170491051302,918.9959293432158,910.3063708771081,911.964762942314,4238968,-10.347496932193733,15.801838958726192,-12.632966750993734,3
AXISBANK.NS,2026-08-20,910.4382706772801,914.3002022672322,907.9092588932251,914.0159981642031,2309759,-9.875582542944771,15.891748702639594,-12.436456597186773,2
AXISBANK.NS,2026-08-21,928.8163609917009,935.1727063313778,920.9210864943125,931.1849760678107,4531493,-7.8890748965671165,17.14509999723643,-10.791653284264457,2
AXISBANK.NS,2026-08-24,939.9356807489086,941.4483300701179,936.1229688770788,939.504288451151,3001397,-5.262221996032768,16.73748992511047,-9.994655778287198,1
AXISBANK.NS,2026-08-25,943.2389213193653,945.8698101003507,940.9002576260215,945.3194626409718,2675749,-4.581083629870197,16.894316668536373,-9.437556932547064,0
AXISBANK.NS,2026-08-26,966.0726508380594,967.8816210796023,964.2319147428886,966.8058302151575,2646841,0.050389549236240505,16.839589724635815,-7.379143859439119,0
AXISBANK.NS,2026-08-27,968.5102297680294,978.8000855177244,956.445993332225,965.5664239749751,3108423,0.35164316514850746,16.7946347678331,-7.4978800766649645,0
AXISBANK.NS,2026-08-28,968.5420195607746,972.7556293633526,962.0797669983476,966.1844615480172,2268513,0.1344923238179474,16.776768463453205,-7.438671528936769,0
AXISBANK.NS,2026-08-31,963.8758851568365,969.307086383189,959.8322059109892,967.8723045627053,2532990,0.20445797620041173,16.781430666880475,-7.27697467092705,0
AXISBANK.NS,2026-09-01,990.2301017847886,1004.2988230022164,985.5427298539441,987.8279742623594,3933709,2.788240339230441,17.717288805294732,-5.365203812006092,0
AXISBANK.NS,2026-09-02,989.0427904315952,994.6433634770162,985.1449141118009,989.7196450055465,577581,3.1028982320828735,17.70766111751217,-5.183980076800598,0
AXISBANK.NS,2026-09-03,979.9190170367888,990.1423946997099,976.4935958528296,983.9010691988118,2628364,3.4777844087031884,17.55110801736468,-5.741404800458493,0
AXISBANK.NS,2026-09-04,983.4722324147347,1002.445593936455,976.4499504805698,992.7316878070777,3493835,4.405176180717119,17.69013874878539,-4.895423704578727,0
AXISBANK.NS,2026-09-07,979.7966022428939,988.6343696392536,979.6251044675959,984.9080347495433,2043097,3.5223053260238224,17.897032409141048,-5.644936607468754,0
AXISBANK.NS,2026-09-08,985.1402463102476,994.050192121817,981.7556478703754,993.1015196555505,3473485,5.529629071771791,17.63378081196915,-4.859993485435377,0
AXISBANK.NS,2026-09-09,1003.4273667635965,1012.7806579974217,999.5792879476458,999.9266739322912,2785238,5.926500126818879,17.69073228481416,-4.206137651464603,0
AXISBANK.NS,2026-09-10,999.1881902044817,1000.8070127426656,995.2287180706513,999.5369113828439,585767,5.565878067759011,17.7008974592228,-4.243477249440875,0
AXISBANK.NS,2026-09-11,1012.928923592444,1014.9344630911086,999.2641469113229,1008.2432982974127,3378505,6.710488508553536,17.76734469219963,-3.4093976600171216,0
AXISBANK.NS,2026-09-14,990.4936456307023,994.7634319931833,985.9269869507939,992.2690324629398,3429544,2.0245437079707607,16.558249668357654,-4.939746496945974,0
AXISBANK.NS,2026-09-15,992.8984172556167,1002.6404316022819,986.156171468489,996.0851869025076,2856894,2.601995618772701,16.56435784029201,-4.574155516512269,0
AXISBANK.NS,2026-09-16,991.8505528607278,996.5593941737617,987.8776754308274,992.4360360937744,2625477,2.581233777109504,16.569084192604414,-4.923747400971301,0
AXISBANK.NS,2026-09-17,1030.3097921079734,1039.8383707308992,1027.6862714877939,1029.0514051963803,2395430,6.918930625566366,19.462016866931297,-1.4159625612467863,0
AXISBANK.NS,2026-09-18,1036.455093495103,1039.8546454323464,1030.351379495555,1032.9205526033597,1714433,8.591383323035618,19.00580187872223,-1.045294807527597,0
AXISBANK.NS,2026-09-21,1027.0625873014465,1034.745297534113,1026.8354180880287,1027.487537221235,1147776,7.147306954325772,19.076349646939175,-1.565782500496149,0
AXISBANK.NS,2026-09-22,1006.2972260411414,1019.7614789458379,1004.0689629174789,1012.5378298860978,2716947,6.473904927362351,19.461487883868195,-2.997977724353129,0
AXISBANK.NS,2026-09-23,1026.7167869124892,1037.1661884965115,1025.48376727001,1030.4624905427265,2725094,9.112578892072642,19.769126318462575,-1.2807793333623363,0
AXISBANK.NS,2026-09-24,1034.4375241073978,1035.584283257832,1027.7150178731417,1028.077233080293,1889197,9.578226250056577,19.629033237729633,-1.509289114108181,0
AXISBANK.NS,2026-09-25,1018.8078762693826,1021.3634176679827,1016.5290941569145,1020.2799329945624,2611497,10.05296903370596,19.38256550297755,-2.256277378922955,0
AXISBANK.NS,2026-09-28,1027.67849853827,1037.0190064315425,1025.4436974485081,1026.336421517016,3915349,13.070371002770308,17.98378286126229,-1.6760604060584994,0
AXISBANK.NS,2026-09-29,1038.895888564121,1045.6550701402791,1032.5279880260314,1036.319174712642,2834458,14.819609240972698,17.805570725080493,-0.7197037947076712,0
AXISBANK.NS,2026-09-30,1045.3525080201064,1049.6301707268074,1040.3824036335877,1046.201075731562,3100044,14.719462663903293,17.782702226438225,0.0,0
AXISBANK.NS,2026-10-01,1052.0979747639956,1055.6540542003129,1042.8518508745942,1048.421343214167,3812647,14.704922596531844,17.784229214956902,0.0,0
AXISBANK.NS,2026-10-02,1055.257820489089,1056.1073227688403,1047.9015823669736,1052.405816109712,2284796,13.017911924845516,17.271801975014903,0.0,0
BAJFINANCE.NS,2025-10-06,1444.5799393350903,1445.5107969565615,1435.6433202886067,1444.5699017359814,2223531,,,0.0,0
BAJFINANCE.NS,2025-10-07,1436.6496858176904,1447.9851055809918,1434.6967881799694,1437.5033108816265,2843576,,,-0.48918303267032615,0
BAJFINANCE.NS,2025-10-08,1434.2580339842086,1434.2995404411445,1424.3466633740943,1428.1498761946134,2802631,,,-1.136672273292938,0
BAJFINANCE.NS,2025-10-09,1426.0794792670924,1439.5138377074218,1410.9832613923948,1416.3158273035326,3028806,,,-1.95588142868649,0
BAJFINANCE.NS,2025-10-10,1415.8284258830024,1423.6208721368819,1415.348583749447,1419.441907359914,3204787,,,-1.7394792973237427,0
BAJFINANCE.NS,2025-10-13,1440.1854359829124,1441.0758628274875,1428.3580796434367,1439.506978291024,3140873,,,-0.3504796437246105,0
BAJFINANCE.NS,2025-10-14,1450.7933522197266,1466.9902254734045,1446.534937558732,1461.0994146916744,3951750,,,0.0,0
BAJFINANCE.NS,2025-10-15,1455.8213987507079,1459.5621665858725,1434.7810065232482,1442.2674531055268,3417826,,,-1.2888898179540753,0
BAJFINANCE.NS,2025-10-16,1450.5457724090418,1463.8856712849697,1430.8347285312998,1439.776424353575,2887592,,,-1.4593798425823756,0
BAJFINANCE.NS,2025-10-17,1407.868000522716,1415.63699193015,1398.1127822700953,1403.0954147792775,2641001,,,-3.9698872868713764,0
BAJFINANCE.NS,2025-10-20,1408.936617645887,1416.7929959236662,1397.7982034310814,1405.658816852009,4064188,,,-3.794443915465162,0
BAJFINANCE.NS,2025-10-21,1422.1260171550653,1428.4569936683336,1408.6447130727565,1416.5055525174512,3650490,,,-3.052075835896051,0
BAJFINANCE.NS,2025-10-22,1449.1227971584062,1462.8254680437904,1444.1151848610914,1444.2058386355825,3265217,,,-1.1562235865830384,0
BAJFINANCE.NS,2025-10-23,1399.3756340148213,1423.7721558417422,1390.8149276775323,1414.3034842761451,4084827,,,-3.2027889372198692,0
BAJFINANCE.NS,2025-10-24,1391.4436132173998,1404.73856904281,1382.93842000541,1396.6765715362426,2479266,,,-4.409203268966233,0
BAJFINANCE.NS,2025-10-27,1405.7278682945173,1409.6333236844412,1385.5538312386516,1399.8152478702261,3467584,,,-4.194387199476135,0
BAJFINANCE.NS,2025-10-28,1369.3841855663788,1387.411881196734,1366.3724720140078,1373.5995255006428,2947735,,,-5.988633511943197,0
BAJFINANCE.NS,2025-10-29,1384.8832802972593,1386.393238931895,1370.717403133075,1377.1502315596122,3407047,,,-5.745617463667074,0
BAJFINANCE.NS,2025-10-30,1393.8684534428476,1401.2816648537573,1386.5456339191783,1388.1992843662356,2887411,,,-4.989402472714177,0
BAJFINANCE.NS,2025-10-31,1371.2988826892363,1373.4036598073003,1362.6836514104816,1367.7226524029336,2729653,,,-6.390856183351867,0
BAJFINANCE.NS,2025-11-03,1379.6440519258238,1393.6696605785082,1364.772701157395,1370.6062594019659,3993157,,,-6.193497470451359,0
BAJFINANCE.NS,2025-11-04,1354.638178337895,1370.6581965000587,1343.8984900779253,1351.5089639368282,3307298,,,-7.500547166940885,0
BAJFINANCE.NS,2025-11-05,1372.142312280376,1378.030084023116,1366.5301246431363,1374.7087811699305,3002800,,,-5.9127142652352855,0
BAJFINANCE.NS,2025-11-06,1374.7350480206512,1388.7945046995846,1373.205735959786,1378.8319803594047,1815747,,,-5.630515863948249,0
BAJFINANCE.NS,2025-11-07,1366.4048766453172,1388.961146772974,1359.575433158055,1368.9870199301583,3923237,,,-6.304320830965082,0
BAJFINANCE.NS,2025-11-10,1349.9184647072914,1364.7523868940664,1338.5825771799011,1349.4923055078557,3383828,,,-7.638570521730747,0
BAJFINANCE.NS,2025-11-11,1355.893126955455,1359.3511983119333,1351.317060265264,1356.507431443149,2887018,,,-7.1584439906573145,0
BAJFINANCE.NS,2025-11-12,1382.5286269272722,1387.6919865676216,1377.603252797456,1379.503485032127,3876628,,,-5.584557001329449,0
BAJFINANCE.NS,2025-11-13,1366.2449364633055,1367.6701895312985,1358.2317082505365,1367.495107366074,2783506,,,-6.406429732596464,0
BAJFINANCE.NS,2025-11-14,1372.7496460058876,1380.165678067998,1357.4260498597198,1361.0004100714948,2636407,,,-6.850937288295523,0
BAJFINANCE.NS,2025-11-17,1337.5162778764643,1353.9924941800764,1333.0533263833356,1349.466622604584,3255232,-6.58350136030863,18.994938943036118,-7.640328301044963,1
BAJFINANCE.NS,2025-11-18,1381.0464023951263,1382.9903499220702,1372.8909220385076,1375.6005705168652,2305648,-4.306267672301645,19.972014748119175,-5.851678764298962,0
BAJFINANCE.NS,2025-11-19,1348.948127978425,1350.483371350284,1329.0159401202793,1345.1449975851274,3661795,-5.8120565630448535,20.81618036640478,-7.936107286102501,1
BAJFINANCE.NS,2025-11-20,1372.9554888981838,1385.15658012872,1348.9594371125036,1366.761419887057,3618827,-3.4988246591030725,21.3578292678276,-6.456644486749374,0
BAJFINANCE.NS,2025-11-21,1364.0885800212127,1373.022386877306,1354.0451744569948,1361.2899197693694,1662424,-4.096820538341317,21.350138993714648,-6.831122777731524,0
BAJFINANCE.NS,2025-11-24,1358.2248160556499,1371.2499176402118,1352.8372885724152,1360.8213110643628,3372488,-5.46615392723393,20.8466123374763,-6.86319511314516,1
BAJFINANCE.NS,2025-11-25,1359.0778987743402,1361.0697508727703,1345.5738320003682,1355.9684066539317,3274164,-7.195335716421991,20.232785508070343,-7.195335716421991,1
BAJFINANCE.NS,2025-11-26,1358.2791222572962,1374.4745451114475,1349.013932572803,1360.573339873724,2690965,-5.664283212929533,20.04937506200315,-6.880166661292075,1
BAJFINANCE.NS,2025-11-27,1358.9356769375745,1361.7381671175178,1335.8706159007188,1349.4049030910032,2937355,-6.276774625139902,20.133342382404933,-7.644552484078659,1
BAJFINANCE.NS,2025-11-28,1376.3006004799258,1383.0706658222532,1366.7967187208938,1367.3565684159864,1912122,-2.547142980216577,19.33894777337199,-6.415911561737897,0
BAJFINANCE.NS,2025-12-01,1379.5623360275251,1393.1611374866916,1369.4027016886014,1386.222486135725,2505380,-1.3827203645200403,19.785631959861824,-5.124697731245775,0
BAJFINANCE.NS,2025-12-02,1380.1961936074217,1380.4949169171355,1364.2056457552987,1370.665772006952,3873255,-3.2361172484662304,19.87264396127125,-6.189424331800586,0
BAJFINANCE.NS,2025-12-03,1376.2710026814714,1389.2971115268506,1369.9471580339825,1382.4002139060315,2492573,-4.279557877147355,19.124882348439527,-5.386300206153338,0
BAJFINANCE.NS,2025-12-04,1381.0621423952596,1394.9610613729747,1365.1820417708814,1377.208233543887,2714452,-2.6228635610866635,18.247930356156946,-5.741647714333686,0
BAJFINANCE.NS,2025-12-05,1377.6783345209874,1383.1262538188466,1372.652778819377,1378.7718184453806,2606303,-1.281954137110497,17.916675952660015,-5.634633442356607,0
BAJFINANCE.NS,2025-12-08,1404.8759480943042,1406.351595777606,1396.8394043254157,1404.9616548350432,2979905,0.36764901458583576,18.766502204672165,-3.8421588080970848,0
BAJFINANCE.NS,2025-12-09,1400.5981717562913,1405.5714163895245,1384.310805544292,1394.3616108732645,2756196,1.5115093582355632,18.05322335970918,-4.567642909671077,0
BAJFINANCE.NS,2025-12-10,1413.287600866713,1420.584122401792,1398.3183728363765,1410.6778882216345,3232160,2.4345678411608285,18.33315575581677,-3.450930577552791,0
BAJFINANCE.NS,2025-12-11,1423.4429120099232,1435.1331877415505,1412.532935030059,1419.168229675528,2831887,2.230871724114958,18.27427081362761,-2.86983791756531,0
BAJFINANCE.NS,2025-12-12,1432.2983206355377,1439.6579472987628,1412.2565086031757,1416.5972485158686,3714952,3.573428869300943,17.693056701734914,-3.0458000139023222,0
BAJFINANCE.NS,2025-12-15,1415.9838451177488,1429.114562396524,1407.3834604550216,1423.5896698649767,3334886,3.865691557991946,17.724194991364563,-2.567227421319107,0
BAJFINANCE.NS,2025-12-16,1426.466903757917,1429.3929047955535,1423.8049774581004,1428.575286966157,1698875,5.702242832695781,17.13027538144938,-2.2260037474849614,0
BAJFINANCE.NS,2025-12-17,1414.5707717324058,1429.5272811765635,1403.4269258327702,1409.5809878902332,1947622,2.536697749950001,17.04721812935537,-3.5260042050124785,0
BAJFINANCE.NS,2025-12-18,1395.1496912097664,1401.772215596532,1384.8114397970344,1400.0765110024404,1751204,1.5407628301091547,17.175866812893037,-4.176505929414198,0
BAJFINANCE.NS,2025-12-19,1380.2541116007371,1397.8544478880958,1375.2403769746763,1383.3373382282405,3057513,1.0482435617844121,17.418623818613117,-5.322161906405498,0
BAJFINANCE.NS,2025-12-22,1383.696043711335,1401.284718745567,1374.9066253438864,1379.4634219286593,2221887,2.2209179184259575,16.89031701551278,-5.587298984733502,0
BAJFINANCE.NS,2025-12-23,1395.8080170579665,1403.199449167701,1390.5557620198506,1402.6314869709881,2919636,3.4002066231785477,17.47769363211852,-4.001639254165623,0
BAJFINANCE.NS,2025-12-24,1406.9938581717747,1414.0292107123742,1400.871927715502,1413.1729889730868,3483225,2.4406972730609544,16.943205848774575,-3.2801618587124826,0
BAJFINANCE.NS,2025-12-25,1395.7804819310202,1404.2511553615727,1389.6376635461827,1389.8023425987153,3898128,1.6312479008138592,17.47127090249619,-4.879686582312703,0
BAJFINANCE.NS,2025-12-26,1380.3042219212687,1400.7903267129284,1371.8022484677806,1385.9643912067952,1375904,1.8342375910077147,17.427847757469063,-5.142362164366099,0
BAJFINANCE.NS,2025-12-29,1398.1664152849567,1404.1237318733367,1389.597465082237,1390.5714676372909,2175353,3.046006795882894,17.224520113955162,-4.827046424439674,0
BAJFINANCE.NS,2025-12-30,1417.038224559088,1432.5277362189802,1390.7404330327959,1403.7664360338092,3070686,2.0475322648609406,16.536343928885124,-3.9239615101730574,0
BAJFINANCE.NS,2025-12-31,1399.0311166099996,1399.4764455371528,1384.1812869061482,1393.5644462936489,2671512,3.5995709604129233,15.26181279210147,-4.622202138947329,0
BAJFINANCE.NS,2026-01-01,1382.4392731772891,1386.2620410918225,1370.8689334561714,1373.7314400608846,2626776,0.5099661193541438,15.22726262966198,-5.979605066724803,0
BAJFINANCE.NS,2026-01-02,1374.5675851590893,1377.7691936933657,1369.4947408869657,1373.5102439814223,2615210,0.8977018072772625,15.175424648708102,-5.994744083087289,0
BAJFINANCE.NS,2026-01-05,1388.0103046695992,1400.65535907403,1382.98987718233,1383.6336582118481,4774662,1.676366100531057,15.3092372125464,-5.301881288904175,0
BAJFINANCE.NS,2026-01-06,1394.5145235243167,1412.4053347467172,1387.7435803398691,1388.2533380284501,1670832,2.3809501177233683,15.276751432829153,-4.9857029529093655,0
BAJFINANCE.NS,2026-01-07,1370.4193307477763,1379.2827057848265,1362.5830637617078,1374.3011114362885,1243276,1.0089696130484604,15.574611888982862,-5.94061583918315,0
BAJFINANCE.NS,2026-01-08,1410.0230320369621,1425.7590511856695,1396.4411494422911,1404.2675194892313,4748439,4.06568971793102,16.53574379373592,-3.8896665504746575,0
BAJFINANCE.NS,2026-01-09,1398.9569675545456,1406.5893152468675,1395.6109510261517,1403.325988790687,3661660,2.6305808744802706,16.15180098923136,-3.95410642972428,0
BAJFINANCE.NS,2026-01-12,1400.5928895902434,1408.4293764411673,1391.1709869582526,1407.3165458397561,2960903,1.521693661371315,15.698312073664978,-3.680986270415254,0
BAJFINANCE.NS,2026-01-13,1387.800866632532,1407.3077945193693,1377.009527683284,1396.9009931706585,3062987,1.9140494859875679,15.486923464311733,-4.393843490421445,0
BAJFINANCE.NS,2026-01-14,1419.6029953286081,1420.6238345531547,1394.739526999698,1416.3021937453495,3587050,2.452399782514969,15.796453539269839,-3.0659940381796758,0
BAJFINANCE.NS,2026-01-15,1425.6343949629197,1431.9484765436268,1423.8385692614377,1426.7892388619769,3035495,3.6001095629893287,15.844432680633055,-2.3482437597812433,0
BAJFINANCE.NS,2026-01-16,1434.322124583804,1438.0578479007675,1431.0943772559817,1432.924809711046,2595607,3.9276253359112667,15.869362278374993,-1.9283153971130562,0
BAJFINANCE.NS,2026-01-19,1403.261551408634,1423.6597022759734,1398.5007242352349,1413.986333787605,3113109,0.6423434348904911,15.495818611604118,-3.224495228068469,0
BAJFINANCE.NS,2026-01-20,1429.0501942111473,1439.6905507427946,1420.141588440763,1433.410183037432,3758637,2.8004623664095396,15.789242324352992,-1.8950956639788519,0
BAJFINANCE.NS,2026-01-21,1454.121395701379,1454.3476677327174,1442.5741562581804,1447.2341726944132,1645543,2.591398417597901,15.678583518692413,-0.948959520334014,0
BAJFINANCE.NS,2026-01-22,1470.3864035041381,1476.3552053982567,1455.8973096085654,1465.7228767699908,3023410,3.280417791279522,15.989462185431153,0.0,0
BAJFINANCE.NS,2026-01-23,1465.168995455952,1480.4929140065674,1453.0310613635927,1467.1298185143278,3269234,3.5671797366118474,15.96538186912344,0.0,0
BAJFINANCE.NS,2026-01-26,1462.7211851886577,1471.0576202943469,1461.4351785109966,1466.5676479877984,3838033,3.018986371747001,15.932133020827502,-0.038317708456003796,0
BAJFINANCE.NS,2026-01-27,1459.2470357207146,1466.1648399759713,1453.658633901218,1464.120478354402,2499026,2.4881566769737296,15.933194164861705,-0.20511751052632032,0
BAJFINANCE.NS,2026-01-28,1512.2769722242033,1527.3962125180592,1497.9651027279833,1505.4890037985786,1637049,6.804008902808345,17.222290802933983,0.0,0
BAJFINANCE.NS,2026-01-29,1492.0867635736836,1497.8796892169592,1484.6427362731174,1496.4916866937863,2875767,6.886421915778995,17.188902836895874,-0.5976341960712173,0
BAJFINANCE.NS,2026-01-30,1472.5849167674855,1489.8210907949438,1461.8570298105485,1476.1002419294389,3248164,6.705732660986929,17.315449163155694,-1.9521073747458373,0
BAJFINANCE.NS,2026-02-02,1475.4444491109339,1479.15568125407,1459.5775349081207,1470.2605763700444,2240066,6.582063213712441,17.34779505188233,-2.3399989863524318,0
BAJFINANCE.NS,2026-02-03,1459.353929148217,1464.3220866921365,1445.962193020684,1461.6372440031703,3106927,4.206789707794623,16.927496691324418,-2.9127917696352257,0
BAJFINANCE.NS,2026-02-04,1473.9866284316772,1493.1442611501016,1457.6613930416604,1484.6669231344424,2800207,5.059107039210264,17.348222192236644,-1.3830775656015315,0
BAJFINANCE.NS,2026-02-05,1456.2124386274934,1469.0350746133645,1439.050119047028,1461.456626260453,3678985,5.155717576914953,17.26737974884484,-2.9247890504032314,0
BAJFINANCE.NS,2026-02-06,1442.9650088268231,1458.9705594913826,1439.4654661255938,1452.3939875046267,2236295,4.7930233070410555,17.37364509997249,-3.52676214572043,0
BAJFINANCE.NS,2026-02-09,1463.9768619584092,1467.8272775937626,1444.9771986323608,1456.468372237607,2150819,4.738836236319521,17.369871947594106,-3.2561268423273226,0
BAJFINANCE.NS,2026-02-10,1481.92663280648,1489.8854213153984,1477.3679212685804,1479.5665599448291,4181780,5.399767508702169,17.715880570157875,-1.7218620520205175,0
BAJFINANCE.NS,2026-02-11,1484.5324002195712,1505.315192833569,1476.0218015301152,1493.051259382027,2988701,7.1390177435263436,17.62207867734633,-0.8261597650443986,0
BAJFINANCE.NS,2026-02-12,1530.2624474440267,1537.6745928971404,1522.6587006251461,1523.1265191215275,3550503,10.87512993471429,17.625872126564314,0.0,0
BAJFINANCE.NS,2026-02-13,1531.5345222720637,1547.9716919848725,1504.3322385509298,1530.2478886840233,3169859,11.411465286801391,17.594137142919937,0.0,0
BAJFINANCE.NS,2026-02-16,1519.1110026003346,1530.1791427504743,1515.1994888571326,1527.2998780051985,3795138,10.383255635673017,17.630403622838212,-0.1926492237385169,0
BAJFINANCE.NS,2026-02-17,1549.5814656148457,1551.5696828792613,1527.9040950438055,1543.8559529159838,3369090,11.20851725150651,17.76325294076498,0.0,0
BAJFINANCE.NS,2026-02-18,1509.5339568204333,1530.5961777265168,1502.89721863398,1519.516671122325,3507968,10.566502382747188,18.216539085478438,-1.5765254360478043,0
BAJFINANCE.NS,2026-02-19,1485.5137056723875,1493.8200525068169,1478.374595830104,1489.422957241131,3572865,6.0640466698875795,18.555516623315388,-3.5257820246792915,0
BAJFINANCE.NS,2026-02-20,1504.0034702708701,1514.7033452377916,1498.6324600808773,1507.750815939516,2814865,7.441238029006847,18.77125593094186,-2.338633789523792,0
BAJFINANCE.NS,2026-02-23,1512.5593495375167,1513.9553353866424,1503.9579134032826,1512.3442038142912,3563046,7.462973293749231,18.77170572456653,-2.041106817133709,0
BAJFINANCE.NS,2026-02-24,1529.0675158094032,1535.7242903427896,1528.9186310890698,1530.728902869476,3469163,9.58034322783734,18.73384570036373,-0.8502768682346229,0
BAJFINANCE.NS,2026-02-25,1513.4380562594504,1523.1141848543298,1509.5619152796849,1515.932321262842,2605012,7.03452469095065,18.801209837184736,-1.808694107789055,0
BAJFINANCE.NS,2026-02-26,1549.2660762960254,1549.8949856974496,1527.5836807584901,1540.2783276829791,2531627,7.954159292056517,19.167752552159204,-0.2317330983015231,0
BAJFINANCE.NS,2026-02-27,1547.3090013378899,1563.519551401699,1540.1275634045073,1553.5187547160394,2951165,8.415929725531912,19.24068112496105,0.0,0
BAJFINANCE.NS,2026-03-02,1555.54160402622,1556.359938153603,1545.7177685998454,1553.738808944511,3415865,9.883580330126328,18.656996082584342,0.0,0
BAJFINANCE.NS,2026-03-03,1562.7755046308264,1564.5743778217454,1552.5067195385584,1558.4121021960118,3532050,8.720596563204097,18.388314622148034,0.0,0
BAJFINANCE.NS,2026-03-04,1575.4356311767356,1585.8903207004305,1550.8611682835647,1565.7197741351536,3129625,8.1870372933599,18.285147282404033,0.0,0
BAJFINANCE.NS,2026-03-05,1544.4879389154428,1558.7015430044073,1531.7035649917184,1550.503838563649,1510445,5.784242242332316,18.369086378425802,-0.9718172959723437,0
BAJFINANCE.NS,2026-03-06,1553.4462173220556,1560.7875059102303,1526.3318875260395,1544.1519254643747,2943518,5.249849466493872,18.45082728382165,-1.3775037543159452,0
BAJFINANCE.NS,2026-03-09,1555.581623580144,1577.8424296713179,1548.0259589058155,1551.0985094785658,2722453,5.76385696266708,18.4555226839663,-0.9338366224993289,0
BAJFINANCE.NS,2026-03-10,1539.7093206440493,1553.2811734511456,1536.6623191545632,1544.0006493422845,2556127,5.4558468492745815,18.523961235000222,-1.387165516566713,0
BAJFINANCE.NS,2026-03-11,1510.2049261058987,1519.7122671262414,1506.1293067487861,1517.7954634993723,2283275,0.8174393615458353,17.53046434584759,-3.0608485265029572,0
BAJFINANCE.NS,2026-03-12,1522.9704440341925,1536.8214578821107,1509.999020199751,1523.9607125148286,4545333,1.835561538048358,17.457922594868556,-2.667084002524722,0
BAJFINANCE.NS,2026-03-13,1535.9674390724742,1541.9762453726912,1524.1789212418498,1540.1197471315334,4267472,4.337070300755008,17.14391884909566,-1.635032489626742,0
BAJFINANCE.NS,2026-03-16,1563.7318710050295,1570.247993481431,1553.4678240032938,1560.798688852247,2540086,6.157963692785273,17.403894416450036,-0.3143017904097656,0
BAJFINANCE.NS,2026-03-17,1583.4865535969125,1587.126788138631,1568.5581605842629,1571.6098567741772,2164994,7.523933398810434,17.292759195771655,0.0,0
BAJFINANCE.NS,2026-03-18,1580.5915018095448,1588.1877586472683,1577.511772916278,1587.9363036230448,2798635,6.955727165429071,17.002159114167924,0.0,0
BAJFINANCE.NS,2026-03-19,1598.1817766210434,1608.4022093960593,1583.3256845367857,1607.6933394003258,2317569,10.00623012083912,16.36411900965126,0.0,0
BAJFINANCE.NS,2026-03-20,1615.8396191365962,1649.426752836539,1602.3089782435948,1610.0599212967386,1471687,10.85558981574961,16.129047344525656,0.0,0
BAJFINANCE.NS,2026-03-23,1578.2112874903612,1586.5326690387465,1560.699538523167,1570.4457240913425,3231421,7.8255974538348205,18.0698835498641,-2.460417570887108,0
BAJFINANCE.NS,2026-03-24,1600.934081080034,1613.9707276623406,1589.3962466604517,1593.2754644835227,1232915,7.685284840645057,17.989334320533896,-1.0424740465372118,0
BAJFINANCE.NS,2026-03-25,1571.4308400115026,1584.3489027173878,1551.6412378031735,1577.0991866124925,2956539,5.629272719360823,18.24180022581555,-2.0471744093660593,0
BAJFINANCE.NS,2026-03-26,1552.8648648770259,1579.052984798295,1549.0845769731982,1556.6432851089746,2017785,2.200524090853473,17.883817514213927,-3.3176800118558503,0
BAJFINANCE.NS,2026-03-27,1536.228233199428,1546.180346192108,1535.5795683463512,1536.959257869496,3635488,0.4385805224828232,18.25725618420926,-4.5402448977406635,0
BAJFINANCE.NS,2026-03-30,1574.1182099343894,1597.922275836585,1567.1777082497879,1584.2893945331077,2774245,3.731390105415522,20.275949817865342,-1.6005942650181182,0
BAJFINANCE.NS,2026-03-31,1595.6362106606286,1601.7324368855845,1569.9289839349772,1593.507610710042,2409154,3.21608098866204,20.122305292229235,-1.0280555628864652,0
BAJFINANCE.NS,2026-04-01,1572.5469595598393,1581.2381575556929,1562.3626264075867,1574.5244930383853,3907160,3.620086765841868,19.870573445245544,-2.207087313230749,0
BAJFINANCE.NS,2026-04-02,1559.671428960594,1581.8352065271329,1553.037531894687,1562.469220841733,3823934,4.904333134216365,19.046227597416546,-2.9558341168244295,0
BAJFINANCE.NS,2026-04-03,1572.3558216341382,1585.2011491256944,1557.842691295222,1563.2606302126655,819963,3.681630524508117,18.778646097452807,-2.906680084700264,0
BAJFINANCE.NS,2026-04-06,1579.4696766821469,1589.909394618908,1568.9193794455432,1574.2795141749318,3603990,4.095318394082059,18.847181412124257,-2.2223028254121924,0
BAJFINANCE.NS,2026-04-07,1587.4593639133113,1595.9384480734973,1579.8483818806951,1580.378393310884,2695618,3.2435194990005023,18.58777272938085,-1.8435045549080709,0
BAJFINANCE.NS,2026-04-08,1563.205486929261,1574.1411222893528,1561.220016344404,1563.6707686125478,2767443,3.149114685406107,18.63527330464425,-2.881206598002206,0
BAJFINANCE.NS,2026-04-09,1565.490355606369,1586.8484158204458,1553.4961685453595,1570.4417605630422,479910,1.9583105428379044,18.120014014482127,-2.4606637436070056,0
BAJFINANCE.NS,2026-04-10,1557.8481997943793,1563.1428494452725,1532.774013886415,1559.7690815718745,3189371,0.4023335306935216,18.086985939623947,-3.1235383888296497,0
BAJFINANCE.NS,2026-04-13,1579.5276279513507,1591.459588085207,1575.441024719203,1580.3018125064898,3840643,1.7096183354024408,18.47321507222918,-1.8482609495851343,0
BAJFINANCE.NS,2026-04-14,1576.0191205164422,1582.933049577858,1572.7416698758723,1582.1845078749561,2342234,1.5254248632595946,18.460400531139587,-1.731327701103924,0
BAJFINANCE.NS,2026-04-15,1574.967345844347,1578.7835636500604,1566.2699385685703,1568.6408853528021,4890592,0.18656666830831892,18.60234167999089,-2.5725151838186022,0
BAJFINANCE.NS,2026-04-16,1588.887733244061,1604.9624553293334,1578.783201379687,1582.4782000333835,4973314,2.062191700173721,18.5254651215897,-1.7130866310330117,0
BAJFINANCE.NS,2026-04-17,1584.3427598173869,1591.2248187705723,1572.6408671555407,1590.5917588652992,3521857,3.0074653040994326,18.50880565694328,-1.2091576328264741,0
BAJFINANCE.NS,2026-04-20,1587.4097990338194,1594.4349576302163,1582.1274828905307,1582.3685668054486,2366148,2.015994286358702,18.564478312641846,-1.7198958948675291,0
BAJFINANCE.NS,2026-04-21,1599.8926798438708,1603.7590761076533,1592.5025658993288,1597.115205832764,4185977,3.440060502118669,18.655865920476895,-0.8039896709899352,0
BAJFINANCE.NS,2026-04-22,1607.5935122335752,1626.5289011953325,1605.1168568084306,1610.047198348857,2872681,6.078008339594887,17.935485123583923,-0.0007902157996397818,0
BAJFINANCE.NS,2026-04-23,1622.3953044433026,1655.0634885073305,1622.3371945728163,1634.2769010094762,1183376,7.238781655506377,18.322147530021514,0.0,0
BAJFINANCE.NS,2026-04-24,1655.6278595068488,1656.1264532808154,1639.8972152638903,1649.1123772457004,3744946,7.07689322970928,18.268022978967497,0.0,0
BAJFINANCE.NS,2026-04-27,1628.9532930543373,1652.7826622303871,1626.0270179734168,1645.7314088889516,3681750,5.441619130213438,18.000998895704562,-0.20501746293333234,0
BAJFINANCE.NS,2026-04-28,1627.9714504055814,1630.3623102434676,1609.0599977162813,1613.5127526592262,5198710,2.666240333402925,18.962197105402023,-2.1587142924687552,0
BAJFINANCE.NS,2026-04-29,1617.9945104711267,1622.5397714858473,1605.9519145453792,1617.9638545352936,4567333,1.8909795590501766,18.75992540671028,-1.8888053440257457,0
BAJFINANCE.NS,2026-04-30,1620.815200940488,1628.0701295277456,1618.478934047046,1625.4508329150606,3068270,1.1045323806192053,18.469075389084686,-1.434804847572524,0
BAJFINANCE.NS,2026-05-01,1624.4607169473577,1629.6439736487218,1607.3322653103232,1627.2877302238403,4824747,1.0700104200610516,18.467667289932976,-1.3234178169416744,0
BAJFINANCE.NS,2026-05-04,1569.2509966214802,1574.5860309976742,1561.6360703188454,1570.3511398683074,5148908,-0.006022762938195925,19.881542801595142,-4.775977578249558,0
BAJFINANCE.NS,2026-05-05,1584.82739147622,1595.4302915177243,1577.3899787650898,1584.0110878466048,4766721,-0.5814673509656365,19.58222837743845,-3.9476563451561586,0
BAJFINANCE.NS,2026-05-06,1566.0233081672152,1577.9889500281574,1548.5516394658894,1567.5764646720743,3722645,-0.6038124945630385,19.592236269102557,-4.944230223400847,0
BAJFINANCE.NS,2026-05-07,1584.2292313660255,1598.8218135732807,1576.4725612388186,1581.343070877169,4255920,1.5867338396969632,19.366253936206277,-4.1094413760763615,0
BAJFINANCE.NS,2026-05-08,1616.3713223860134,1625.1186276730607,1609.6785246150262,1614.7785571650588,2739773,5.063198578434314,19.82905582207457,-2.0819575763529774,0
BAJFINANCE.NS,2026-05-11,1609.3935709038983,1614.5136131124123,1606.8299315577378,1610.7168743155257,2635358,1.6680967425276583,17.835335128848744,-2.3282526685235228,0
BAJFINANCE.NS,2026-05-12,1622.8734542799864,1626.7868665827057,1618.0545819476488,1620.048740121403,3178014,1.6655790805752524,17.834704876003922,-1.762380631260474,0
BAJFINANCE.NS,2026-05-13,1617.8489371196117,1624.2644721664476,1601.632180838567,1621.5210884051046,2904104,2.984811959071476,17.434912742336763,-1.673099372807929,0
BAJFINANCE.NS,2026-05-14,1626.1832401120087,1633.5991919242156,1619.211898695342,1632.6210648329875,1359461,4.489806458616985,17.312562309140244,-1.0000114388963754,0
BAJFINANCE.NS,2026-05-15,1650.2265629555227,1652.5180283515817,1621.2912585731347,1635.4911606232995,2578408,4.620504669193126,17.30997651212674,-0.8259726147438529,0
BAJFINANCE.NS,2026-05-18,1637.259788695068,1648.5735602980724,1624.4961974743048,1626.2137873282734,2126168,3.2989232652601785,17.352369235819072,-1.3885402980039152,0
BAJFINANCE.NS,2026-05-19,1626.2219363754523,1628.6540632441304,1601.4783148103616,1609.478574614765,3360461,1.8413426447141168,17.641713293367644,-2.40334152952818,0
BAJFINANCE.NS,2026-05-20,1641.1691172263195,1646.4351516445113,1627.7853213148765,1641.3366361584688,3534564,4.966893869534594,18.148428828290456,-0.4715106862649643,0
BAJFINANCE.NS,2026-05-21,1651.9200196196955,1657.0672993670603,1631.8786486055656,1650.8472668855165,2666551,5.119929203464824,18.171950839962108,0.0,0
BAJFINANCE.NS,2026-05-22,1655.8703042309892,1679.21659522996,1645.7152804483305,1668.2412264852903,2294976,6.954372041026846,18.1596641223831,0.0,0
BAJFINANCE.NS,2026-05-25,1671.4313799019071,1677.3502890054724,1668.9501273600865,1677.1128141061329,3189337,6.126108369520433,17.892468740141922,0.0,0
BAJFINANCE.NS,2026-05-26,1692.7808776796305,1707.8644706630341,1687.352578109203,1697.740166264942,4265046,7.303551375635031,18.13437523484078,0.0,0
BAJFINANCE.NS,2026-05-27,1686.141613609064,1689.6777738696708,1667.2870099469922,1680.4498557360178,3218868,7.127760816846784,18.225682375854042,-1.018430904357004,0
BAJFINANCE.NS,2026-05-28,1688.366714925218,1695.6648124322503,1681.7393619008242,1682.9947396534906,3082616,6.351843558918313,18.123400833128127,-0.8685325884638551,0
BAJFINANCE.NS,2026-05-29,1693.2166614020625,1702.7768053063226,1671.4280638121234,1694.1069120910083,2444955,6.50796489097587,18.149713177661155,-0.2140053140126219,0
BAJFINANCE.NS,2026-06-01,1722.8487495786915,1734.0705408890842,1713.255640703538,1721.477312942195,2776309,8.791172237298994,18.450497026169685,0.0,0
BAJFINANCE.NS,2026-06-02,1773.669221399602,1780.4274659427083,1763.2931876689133,1778.5080197921004,1307784,11.357528454859022,20.3640021377265,0.0,0
BAJFINANCE.NS,2026-06-03,1777.0956444450799,1802.8968713647355,1757.2922069493898,1788.1474300056223,3603152,11.061801904901403,20.328201132154692,0.0,0
BAJFINANCE.NS,2026-06-04,1774.518938483987,1789.7664772741637,1772.8033474986462,1774.931806260683,3489471,8.606552853089088,20.268601694766858,-0.7390679047587057,0
BAJFINANCE.NS,2026-06-05,1756.3598447908014,1763.6186446856912,1737.8444059808685,1750.5488539488892,4554361,6.150974190892011,20.731299801663695,-2.102655263532427,0
BAJFINANCE.NS,2026-06-08,1729.729906771547,1761.6986089106827,1708.7662284482153,1732.5367712418051,2377350,5.274576512546281,21.009402323289233,-3.109959382020433,0
BAJFINANCE.NS,2026-06-09,1718.7753089655407,1724.437222164212,1715.52973817492,1717.4013861157887,2603387,6.438662061105127,20.272920182026922,-3.9563876391115693,0
BAJFINANCE.NS,2026-06-10,1674.1175283201628,1679.577052350231,1649.3469076758736,1659.4967945828182,4352660,2.5669881271515482,22.78066781934162,-7.194632459494654,0
BAJFINANCE.NS,2026-06-11,1652.53834917553,1663.3927223181756,1645.0087862347161,1646.9443203682072,1899210,1.3223092952372228,22.883224418662532,-7.89661452226963,0
BAJFINANCE.NS,2026-06-12,1662.5890190055873,1677.688861244618,1659.6101336617007,1662.0264581858437,3522722,2.1347624834131107,23.019122578652947,-7.0531640570253185,0
BAJFINANCE.NS,2026-06-15,1671.547675560344,1672.4742622411738,1656.9173443918135,1664.3880130124617,2276923,5.988270441987931,20.36501601929717,-6.921096936216909,0
BAJFINANCE.NS,2026-06-16,1666.504225626408,1673.249347512357,1652.1144862864714,1660.0854623066064,3424290,4.802641537277452,20.305958312367352,-7.161711923194902,0
BAJFINANCE.NS,2026-06-17,1636.0260293589529,1636.798030033338,1620.8868577847581,1628.9257296899268,3142204,3.9136377969725578,20.87550290219032,-8.904282591239966,0
BAJFINANCE.NS,2026-06-18,1654.0851957154048,1662.3227330279212,1640.4597293738952,1650.4380527756382,3417297,4.369385946095949,21.050766871013312,-7.7012317283900344,0
BAJFINANCE.NS,2026-06-19,1666.9330533656173,1688.4340628436298,1654.8249347943377,1661.461409347628,2032734,2.890975482392255,20.28194526508784,-7.084763735482147,0
BAJFINANCE.NS,2026-06-22,1675.6204493932164,1686.2269976272246,1642.0622037961084,1662.0594830998402,2175767,3.1875626066270923,20.255380482115797,-7.051317178326033,0
BAJFINANCE.NS,2026-06-23,1616.3558975901271,1627.6842950112357,1593.2796212014052,1619.5402922647575,2904710,-0.031384725906913324,21.62215420826243,-9.429151920674384,0
BAJFINANCE.NS,2026-06-24,1615.8925675918506,1643.3702947194965,1603.6423871107113,1610.8599263846431,3693554,-0.657479085328927,21.67751679871068,-9.91459096974021,0
BAJFINANCE.NS,2026-06-25,1614.6133214347165,1631.3106124276678,1606.2596974613868,1620.099968425634,862321,-0.7669321851261568,21.64886570590126,-9.397852702752807,0
BAJFINANCE.NS,2026-06-26,1618.2648899237167,1622.5140701585965,1606.4256303554077,1620.379095065536,3777639,-0.9240077795348189,21.641493407348268,-9.38224288025059,0
BAJFINANCE.NS,2026-06-29,1625.6189832501746,1628.155121974456,1621.0329636885067,1624.9523161391112,3594435,-0.07757105486325688,21.59548966829731,-9.126490977648183,0
BAJFINANCE.NS,2026-06-30,1647.6793985934219,1651.7081590238754,1631.73238172319,1639.2173606684175,3617621,1.8477279861131901,21.508015772852772,-8.328735474386272,0
BAJFINANCE.NS,2026-07-01,1645.8565487814183,1662.4176925496074,1635.9479038757536,1643.1101190714455,2662761,0.10805113795104848,20.743116914220735,-8.111037630365903,0
BAJFINANCE.NS,2026-07-02,1651.6740791190493,1664.030612611655,1648.9737281166326,1656.8232164510362,2443400,0.36199287998299745,20.8168286366947,-7.344149109347942,0
BAJFINANCE.NS,2026-07-03,1651.8982775592697,1669.8329947841526,1637.7452257434436,1640.9814996128189,1906073,-1.6340398762295982,20.764867282565195,-8.230078120143636,0
BAJFINANCE.NS,2026-07-06,1629.9719174005936,1634.5755827437313,1613.8277388441934,1617.9118892456484,3084000,-3.529930983923546,21.053249470077603,-9.52021840612095,0
BAJFINANCE.NS,2026-07-07,1622.8329657508905,1632.081861517722,1616.2340071923816,1628.044778147171,2641951,-4.105185793601274,20.790154900802268,-8.95354874949813,0
BAJFINANCE.NS,2026-07-08,1645.1214203234363,1645.2533483070906,1631.8628968368164,1642.277104583,4296904,-2.271579304953353,20.812023760101553,-8.157622966366018,0
BAJFINANCE.NS,2026-07-09,1657.31668449099,1660.60461195073,1647.8820241816209,1653.3880167949399,1565686,-1.7591690669601534,20.915576943597753,-7.536258529323769,0
BAJFINANCE.NS,2026-07-10,1653.585527137694,1672.037117954938,1652.3484511668114,1656.8540335894804,3260729,-2.1989685677834436,20.82303775845822,-7.342425697848021,0
BAJFINANCE.NS,2026-07-13,1652.2077626914588,1663.8914075804523,1636.4389715356072,1651.274206067873,2360599,-4.078073312179598,20.213046610979674,-7.654470858553253,0
BAJFINANCE.NS,2026-07-14,1659.058332052896,1661.6856499149496,1643.2405803585739,1656.3131718558172,3957223,-6.870638005364027,17.451248143443195,-7.372672741497077,1
BAJFINANCE.NS,2026-07-15,1675.0026518923958,1679.2798080871967,1649.6533342461412,1664.7264809591838,3127780,-6.902168522315321,17.438418618872262,-6.902168522315321,1
BAJFINANCE.NS,2026-07-16,1676.6670624528833,1679.4017968010942,1660.8527427587453,1674.387600963084,2907249,-5.664679901670111,17.524249949801217,-6.361881975368256,1
BAJFINANCE.NS,2026-07-17,1743.0408091374106,1751.2308407170306,1725.626876146125,1728.490086752858,3736341,-1.2601057746129851,19.757225440455777,-3.336265357749435,0
BAJFINANCE.NS,2026-07-20,1720.8503386922591,1730.1331425045796,1709.5985375112143,1710.3767762193756,2472063,-1.2790490447453062,19.765602991571882,-4.349230520998038,0
BAJFINANCE.NS,2026-07-21,1770.819000232893,1804.8523832845035,1768.9677855510595,1778.8030319677723,2689864,3.575264719615401,22.786891857049415,-0.5225742509285425,0
BAJFINANCE.NS,2026-07-22,1750.7364122342065,1763.9014415775405,1749.5591556831637,1753.079427712617,4516082,5.639217468529334,20.815955002808,-1.961135961417626,0
BAJFINANCE.NS,2026-07-23,1758.0794502313258,1772.3845190234053,1744.8133022376705,1762.1189304801667,3578200,6.993230353179758,20.63844155915279,-1.4556126127348357,0
BAJFINANCE.NS,2026-07-24,1745.9334909838217,1752.1601347213093,1726.8339320092257,1737.9286883810307,4224220,4.566848489165265,21.04308486283997,-2.8084228840366765,0
BAJFINANCE.NS,2026-07-27,1735.1007861431071,1755.8042763876267,1729.1565249000917,1745.2259018616492,3317676,4.856913665394336,21.056726286325762,-2.400334973712881,0
BAJFINANCE.NS,2026-07-28,1774.4366577611104,1779.5071764099123,1763.6957297021545,1766.8257257466646,4116877,6.429805324103488,21.23991149431556,-1.1923907336259476,0
BAJFINANCE.NS,2026-07-29,1770.4723480786179,1809.5910355898868,1750.334676236477,1768.4273289188664,1624058,8.564024539995096,20.29937601897909,-1.1028229974691661,0
BAJFINANCE.NS,2026-07-30,1797.239434624996,1797.5818213114853,1781.6068556792789,1790.1200515086657,2121295,8.463328780993384,20.259384661542516,0.0,0
BAJFINANCE.NS,2026-07-31,1782.3453153916973,1787.2359014123822,1776.1462418240544,1781.9594659321824,3185463,7.252534179043502,20.333592353438217,-0.45586806145240244,0
BAJFINANCE.NS,2026-08-03,1730.0828669637067,1743.6775752165854,1715.0783977914066,1739.5566747870828,2009937,4.662720707366352,21.704757797662843,-2.824580210638361,0
BAJFINANCE.NS,2026-08-04,1744.4870382120996,1766.1111690358937,1730.71635957926,1753.5913572769732,3672480,8.277105895572333,20.178885775874498,-2.0405723180915714,0
BAJFINANCE.NS,2026-08-05,1755.5285891779024,1759.9295793728204,1739.696273385126,1755.1400118087918,3742518,8.95671206794284,20.04200963228437,-1.9540611072644931,0
BAJFINANCE.NS,2026-08-06,1747.920132683782,1770.4962675640838,1738.5052087139482,1745.9666360654471,2143312,7.769067964498921,20.160599354766994,-2.466505830489263,0
BAJFINANCE.NS,2026-08-07,1736.741703242634,1738.3574914172434,1716.9712193643068,1738.280999386448,2797406,7.276192631709044,20.251344792790736,-2.895842213405131,0
BAJFINANCE.NS,2026-08-10,1737.7365177200725,1763.0935583968744,1730.1697294875428,1747.6827328024222,3610380,7.552862655989712,20.26965236806026,-2.370640933856838,0
BAJFINANCE.NS,2026-08-11,1741.8843123637923,1759.8940951259538,1722.3104553464561,1731.5750822562218,1887208,5.634257164659595,20.456041412209807,-3.270449331211267,0
BAJFINANCE.NS,2026-08-12,1746.1505498951649,1748.9003945925976,1738.4923430519848,1740.28600017485,2102664,5.914142939994815,20.475776807121125,-2.78383850802727,0
BAJFINANCE.NS,2026-08-13,1770.3213053091679,1774.5927136163257,1764.5483605902334,1766.19620136998,1889326,6.601367232964295,20.738186690016093,-1.336438308622001,0
BAJFINANCE.NS,2026-08-14,1820.095663085948,1822.8881030848327,1799.1862236377976,1811.33496020869,1317589,10.381193245387909,21.489411508601908,0.0,0
BAJFINANCE.NS,2026-08-17,1843.4905069150777,1851.420083804249,1842.6718581327705,1843.0715903594726,3754568,13.916684994434704,21.209135474007084,0.0,0
BAJFINANCE.NS,2026-08-18,1850.337854934673,1850.5390484691563,1847.4621112294553,1847.603790310672,1752187,13.48605487457013,21.209350671617607,0.0,0
BAJFINANCE.NS,2026-08-19,1847.5561256499313,1866.7553386965296,1841.9520796272986,1854.2802506019916,3912335,12.909097096182354,21.168299775183076,0.0,0
BAJFINANCE.NS,2026-08-20,1852.4493742305756,1862.2214719697006,1842.6582550084215,1846.3463065323751,2651193,11.670478301365762,21.290942659562404,-0.42787189622716104,0
BAJFINANCE.NS,2026-08-21,1835.8935063998726,1844.0625236967594,1812.4790993927259,1837.0041742616631,3995021,10.873024238707242,21.44038904618293,-0.9316863691300026,0
BAJFINANCE.NS,2026-08-24,1853.569171275375,1858.2461533463375,1852.705453940995,1857.2846278912382,2968133,12.47584568730904,21.444021473823867,0.0,0
BAJFINANCE.NS,2026-08-25,1841.668742371947,1853.0824512917725,1835.1010057859812,1851.3970316299094,1364438,11.778198899155656,21.543867002845722,-0.3170002148789375,0
BAJFINANCE.NS,2026-08-26,1850.8260611393061,1870.5071229316181,1842.9437948247933,1860.506542790532,3238992,11.760494235578168,21.54309905938765,0.0,0
BAJFINANCE.NS,2026-08-27,1835.0678073703884,1847.9894031579984,1821.82338137087,1840.0886592665922,2890131,9.896218665749746,21.952513288193945,-1.097436803060925,0
BAJFINANCE.NS,2026-08-28,1861.7798060693679,1873.3797071656675,1850.2696405581253,1871.5605285153017,3604648,8.277191917901948,20.6035714181036,0.0,0
BAJFINANCE.NS,2026-08-31,1868.525134320657,1874.9219431970257,1853.0907244506864,1865.2930900179178,2234947,9.057437867051132,20.30769196106403,-0.33487768105239235,0
BAJFINANCE.NS,2026-09-01,1890.5123542464698,1897.7541631257288,1882.0915762528784,1890.7792148048095,3514753,6.29502990632782,17.353532918295844,0.0,0
BAJFINANCE.NS,2026-09-02,1885.6122038024644,1886.5510627362435,1842.5327031996694,1875.84313883591,2655305,7.002746662966253,16.908036767098007,-0.7899428897858662,0
BAJFINANCE.NS,2026-09-03,1871.488886166884,1875.1382293329414,1838.4464155702806,1859.8443286236636,3359465,5.545902518445067,17.171257469926708,-1.636091931777417,0
BAJFINANCE.NS,2026-09-04,1894.6579069675768,1902.9246667351931,1887.8953989981694,1890.6945621454418,2322163,8.79011174542037,17.027564107779263,-0.004477130841340493,0
BAJFINANCE.NS,2026-09-07,1881.4360567802844,1882.0749862560574,1864.3789963350173,1877.5115342301656,2992364,7.579857268185508,17.25795293451659,-0.7017043804352197,0
BAJFINANCE.NS,2026-09-08,1838.0608388799085,1859.6265559027725,1828.2048140486718,1843.4660610895498,2902176,4.337741647411031,17.98984840925871,-2.502309806708125,0
BAJFINANCE.NS,2026-09-09,1822.132520176693,1833.21592797534,1819.6444416053014,1821.5418731686646,3606714,3.003490354464833,18.40293809725236,-3.661841694366863,0
BAJFINANCE.NS,2026-09-10,1852.194337849705,1857.6495917472132,1823.1266061969657,1841.3130166062374,4084093,2.859750386820581,18.33255238982573,-2.616180557267156,0
BAJFINANCE.NS,2026-09-11,1861.0022456860206,1865.958973080486,1856.5200035156647,1859.153809508687,2804399,4.331992116112615,18.421691647682287,-1.6726122779696095,0
BAJFINANCE.NS,2026-09-14,1837.3244085438573,1849.0556990676018,1826.041131476525,1843.1692594021874,2729156,5.956263806569373,17.08805687703331,-2.5180071279521155,0
BAJFINANCE.NS,2026-09-15,1827.809980030625,1845.184293571186,1820.588609618096,1830.1921705597965,2817329,4.368224841263535,17.18158983203337,-3.204342620789147,0
BAJFINANCE.NS,2026-09-16,1855.5741626150102,1858.2979933606373,1841.4801807471915,1845.983588875192,2276285,5.175859273630246,17.304308258062036,-2.3691621728685996,0
BAJFINANCE.NS,2026-09-17,1876.624117653895,1877.127183142443,1867.9803904177545,1876.3311907873974,3053615,7.466612020475272,17.681519431985514,-0.7641306771453804,0
BAJFINANCE.NS,2026-09-18,1891.4593129595903,1896.636811317315,1864.6423108087918,1875.748659715625,2142818,7.908253060218584,17.582971270986658,-0.7949397249290224,0
BAJFINANCE.NS,2026-09-21,1893.279885947387,1904.8477667670138,1882.4956289064603,1889.2384461911108,3716511,8.099623045522852,17.615291107322406,-0.08148855253085063,0
BAJFINANCE.NS,2026-09-22,1917.1549830321194,1927.153183039868,1899.5669174616498,1910.1276830641273,3258071,10.311571391709663,17.406384355178773,0.0,0
BAJFINANCE.NS,2026-09-23,1956.3622751896576,1963.0063725831951,1950.8303115342128,1961.1307336667535,2461719,12.690140210845513,18.676675243256348,0.0,0
BAJFINANCE.NS,2026-09-24,1937.4533662973622,1954.2580844665035,1923.9234655917055,1935.1168330669457,3065588,9.564092118754397,19.03680418602741,-1.3264745767952557,0
BAJFINANCE.NS,2026-09-25,1922.438126842456,1928.6444830824628,1914.763350335002,1920.6393128462744,1770242,6.034463809222279,18.034697935642463,-2.064697683094885,0
BAJFINANCE.NS,2026-09-28,1911.9036942929138,1919.7329219292276,1909.173370797722,1909.9852308658683,2298140,3.6305502649164545,17.544048164794056,-2.6079598836971862,0
BAJFINANCE.NS,2026-09-29,1930.5508209563395,1946.0928890838286,1919.641453786008,1930.04029846576,2976420,4.4618066160833525,17.74590169325611,-1.5853321080162353,0
BAJFINANCE.NS,2026-09-30,1940.9728594793621,1972.4016780761146,1919.6597181069483,1925.2059586419748,2803292,3.824972412716865,17.771646153770334,-1.8318398874719422,0
BAJFINANCE.NS,2026-10-01,1938.790788145597,1949.4112091680001,1923.578318149163,1933.4287614449422,3081174,4.716474618248445,17.710562155654685,-1.4125510220329152,0
BAJFINANCE.NS,2026-10-02,1940.1351508849586,1946.8337140193664,1928.0994212313217,1937.2553163269179,1411627,5.4573170529429005,17.597787747453626,-1.2174311956855366,0
BHARTIARTL.NS,2025-10-06,957.326777892974,967.3110543309974,953.0671141025724,959.9447283716819,2848415,,,0.0,0
BHARTIARTL.NS,2025-10-07,956.5234846057303,958.5601380240013,951.4876420021664,957.5210157664847,3317835,,,-0.25248459974445137,0
BHARTIARTL.NS,2025-10-08,960.1175588214917,963.7301565724621,948.7040838323127,962.7238768703143,3200971,,,0.0,0
BHARTIARTL.NS,2025-10-09,974.6680127249214,977.8252644906546,969.6974837143821,971.2905424631062,3086959,,,0.0,0
BHARTIARTL.NS,2025-10-10,979.2833359736475,983.505862167047,974.2356971348514,975.7807101270836,2444989,,,0.0,0
BHARTIARTL.NS,2025-10-13,972.6491644310823,973.040215711578,969.3552415072073,971.151420504297,5143020,,,-0.4744190548902849,0
BHARTIARTL.NS,2025-10-14,974.9536844448568,986.6346436602324,969.907299151474,980.9928779313861,3104956,,,0.0,0
BHARTIARTL.NS,2025-10-15,979.647892974578,985.3045895228387,965.473438946909,969.6850097209062,2985989,,,-1.1526962595615142,0
BHARTIARTL.NS,2025-10-16,950.1437033544543,958.4315847713843,947.0964246868554,953.3745637439674,3523207,,,-2.8153429865522828,0
BHARTIARTL.NS,2025-10-17,911.6136967385277,926.4220512970783,910.3612216795617,916.4864319577295,1745193,,,-6.575628368442499,0
BHARTIARTL.NS,2025-10-20,920.2479280124921,928.6947189668579,908.9979406069958,914.6929286592532,3330895,,,-6.7584536813293905,0
BHARTIARTL.NS,2025-10-21,902.5864582123509,912.9506020166812,891.5389940556339,904.7084118043506,2198692,,,-7.776250760137648,0
BHARTIARTL.NS,2025-10-22,907.3091575979944,909.1616916542091,903.4423376081647,908.02198321233,3369881,,,-7.438473444672644,0
BHARTIARTL.NS,2025-10-23,882.8753422891036,887.5365958999249,881.6732769619858,885.8048798647009,3599167,,,-9.70323028923591,0
BHARTIARTL.NS,2025-10-24,873.8678444901502,888.6019083556686,869.8872887879187,877.9708548514707,2993000,,,-10.501811521522708,1
BHARTIARTL.NS,2025-10-27,877.8613992472989,888.8231231119851,873.255637566892,881.9536268209447,2223581,,,-10.095817547552944,1
BHARTIARTL.NS,2025-10-28,868.7069844762614,875.2599172993415,865.0815969975754,870.1488455615978,2373612,,,-11.299167900538132,1
BHARTIARTL.NS,2025-10-29,870.3335566798113,875.515839101848,865.1489507247768,873.4563921042809,3171900,,,-10.962004745015763,1
BHARTIARTL.NS,2025-10-30,866.3231025955424,874.1205440075963,860.3833741656746,866.6686937741446,1977272,,,-11.653926009974336,1
BHARTIARTL.NS,2025-10-31,869.8838563887044,872.6530261623487,860.8865949621473,865.3602678886734,2548502,,,-11.787303725032794,1
BHARTIARTL.NS,2025-11-03,867.7156160599642,875.2169013697661,865.3191537027155,870.5895721456701,2769971,,,-11.254241317074886,1
BHARTIARTL.NS,2025-11-04,886.9399393130059,893.5939037142651,872.7063634949795,879.6174137576667,3537085,,,-10.333965358391728,1
BHARTIARTL.NS,2025-11-05,878.1239335506039,882.7659766370298,876.2860235233804,879.6110358819387,4304220,,,-10.334615503349088,1
BHARTIARTL.NS,2025-11-06,871.4951791247712,872.867053851067,869.4247578297211,870.0881443320128,4392213,,,-11.305355634511582,1
BHARTIARTL.NS,2025-11-07,859.3956298318243,873.88626789799,858.4357512202084,864.3526936843147,1875080,,,-11.890013360038854,1
BHARTIARTL.NS,2025-11-10,867.3944438560567,878.6295047975083,863.9925744801966,870.0121703407696,2169365,,,-11.31310023622607,1
BHARTIARTL.NS,2025-11-11,859.0348064733761,864.88079791542,854.9942513403422,858.4556316416589,2785517,,,-12.49114535348318,1
BHARTIARTL.NS,2025-11-12,851.2058020736346,857.6606178680058,838.0596590065908,855.6667921781906,3622346,,,-12.775432785757824,1
BHARTIARTL.NS,2025-11-13,849.8618333532568,853.8851327239668,849.6444383784889,850.7627244429401,3104040,,,-13.275341383014073,1
BHARTIARTL.NS,2025-11-14,847.3366552824875,851.4587691068313,842.4893092391959,848.7594127165848,2233289,,,-13.479554050753272,1
BHARTIARTL.NS,2025-11-17,838.8458050798363,844.7276664755481,833.9417209473116,837.6054940849941,2988575,-12.744403992322262,17.211756074451408,-14.616557069073954,3
BHARTIARTL.NS,2025-11-18,812.2987807103732,818.8193666223177,804.0857254195421,818.2817597993547,3554689,-14.541639679382957,18.020361791411034,-16.586370991310297,3
BHARTIARTL.NS,2025-11-19,821.6735097754059,831.6267809538551,816.3918934659873,822.4917717326884,2151445,-14.56618128071171,18.005798548273365,-16.157212734604965,3
BHARTIARTL.NS,2025-11-20,824.415864332937,834.8994272846461,818.3749145331784,831.1338858341146,4460590,-14.429941454342476,18.120710285023183,-15.276256889171137,3
BHARTIARTL.NS,2025-11-21,812.5085013260516,817.0926777385149,811.1189610885232,812.5420257026353,2856266,-16.729033760381306,18.543701423772653,-17.1714653610903,3
BHARTIARTL.NS,2025-11-24,815.1295636679913,820.6485024083056,813.6054763612642,815.2359585558709,2154132,-16.054701528157445,18.737881170789706,-16.896852475121527,3
BHARTIARTL.NS,2025-11-25,830.3337373224969,831.7925448482123,822.724804453273,824.9795732376546,736395,-15.903612371041465,18.878669793327436,-15.903612371041465,3
BHARTIARTL.NS,2025-11-26,832.0784966245401,832.5827992966398,829.4747469225176,829.9723601207967,2677740,-14.408044694876898,19.092474300998084,-15.394659962164614,3
BHARTIARTL.NS,2025-11-27,823.0127353839415,826.7399741011376,820.7256116111258,824.9107489010823,3511294,-13.474642572631568,18.77079979023804,-15.910628154552276,3
BHARTIARTL.NS,2025-11-28,813.9602464893076,819.3518154754372,813.5745554262239,814.7131443765675,2596618,-11.104723870680932,15.97602569687301,-16.950146866045735,3
BHARTIARTL.NS,2025-12-01,815.2411882494633,821.890555044082,813.457248593967,814.594675166305,1766254,-10.943372399267492,16.00344713418941,-16.962223325817007,3
BHARTIARTL.NS,2025-12-02,812.753234277913,825.993003209446,811.899273059949,816.1081797924569,4287706,-9.793236235660652,15.938437226564176,-16.80794038858067,2
BHARTIARTL.NS,2025-12-03,815.752527260986,819.2862428508025,804.2390912211237,816.1347285770436,3323244,-10.119496700973563,15.833423347890307,-16.80523407080977,3
BHARTIARTL.NS,2025-12-04,810.9733009839481,816.5262120407772,810.9700982481761,813.4631883020188,2493684,-8.166775009608395,14.532835349987453,-17.077564312458225,2
BHARTIARTL.NS,2025-12-05,800.2761461800419,806.8080737783889,795.3488958175129,802.0666380347269,1682486,-8.645414184003265,14.794449013541778,-18.23930060266695,2
BHARTIARTL.NS,2025-12-08,802.6098649784236,807.4869969564456,799.7248567892731,805.2451731990145,3914460,-8.697560879524978,14.770090470232647,-17.915288549593733,2
BHARTIARTL.NS,2025-12-09,817.6462389945616,819.9307751103959,806.8860044338403,808.9037114337253,3470856,-7.038466400348387,14.586143949083974,-17.542346164688194,2
BHARTIARTL.NS,2025-12-10,807.7398162277126,810.6350945341363,805.7283593934146,809.9500621233087,902676,-7.2706926819753885,14.511588597588451,-17.435683750197494,2
BHARTIARTL.NS,2025-12-11,810.5233657550226,811.4102126661211,803.944900030405,810.1240289513782,3004392,-6.524369142322106,14.442619135657758,-17.417949999832615,2
BHARTIARTL.NS,2025-12-12,821.5473423029181,826.970139751783,811.2398009890334,825.691479510041,2031265,-4.584077851808166,15.721994373479701,-15.831042397456374,1
BHARTIARTL.NS,2025-12-15,820.6939686182708,821.911913461863,814.0819711244692,818.6130347415266,1426486,-5.970268777288624,15.682035531318439,-16.552601638889463,2
BHARTIARTL.NS,2025-12-16,829.5648053843394,832.7392444667155,824.8071753238648,830.3701361984137,3538210,-5.59871562215577,15.995304069886398,-15.354111647639046,2
BHARTIARTL.NS,2025-12-17,824.2812624734307,831.9045949465178,820.3533238861813,822.1691029769383,4068064,-6.530378833572326,16.150457601013933,-16.190104793559623,2
BHARTIARTL.NS,2025-12-18,828.776710259997,837.6502663354353,825.0335572968817,832.2528845846799,1796207,-4.348439867133225,16.462134324119496,-15.162188910112517,1
BHARTIARTL.NS,2025-12-19,845.6520912685,846.1661455533612,838.2930225399697,843.7190781165541,2952444,-2.38717548039441,16.958069085097375,-13.993353356886795,1
BHARTIARTL.NS,2025-12-22,840.0068023772822,842.5735187268995,836.4794864241799,839.818518605093,2435034,-3.470486133987094,16.849062805389558,-14.390966795190874,1
BHARTIARTL.NS,2025-12-23,857.3927818952624,857.5434488321391,853.6773751037795,855.7687742943665,2933772,-0.31298732843701993,17.4120741506847,-12.765036979787148,1
BHARTIARTL.NS,2025-12-24,865.121076749083,867.4206641154339,857.2035040623281,859.6381003243937,1634044,0.4641185310106266,17.433510389863354,-12.370607405722712,1
BHARTIARTL.NS,2025-12-25,849.5422134630818,853.0350292552007,845.2798998745467,849.6861602846798,3086574,-0.12654105866770626,17.687181126503372,-13.385083684153965,1
BHARTIARTL.NS,2025-12-26,848.165738639214,851.8869660827713,839.2930432438575,844.9352686517841,3787442,-0.4505568960420647,17.74967460503352,-13.869377886463962,1
BHARTIARTL.NS,2025-12-29,860.9154359767571,861.7919847756169,848.7305734791925,855.5427024221909,3530974,2.1414864711210457,17.670001394044306,-12.788082190130801,1
BHARTIARTL.NS,2025-12-30,866.8040766413282,874.9693470850734,857.4631280993348,864.1061533855739,4556377,5.600075162063423,16.34347480449286,-11.91514507141893,1
BHARTIARTL.NS,2025-12-31,854.3648494167772,855.5377757783368,845.169636987249,852.2517628270625,3246477,3.618272196411243,16.919227913837982,-13.12355247428496,1
BHARTIARTL.NS,2026-01-01,848.0005402651644,850.9573310269244,847.7231769965115,849.8787837890732,3377386,2.25534035784698,16.72405427533043,-13.36544811811402,1
BHARTIARTL.NS,2026-01-02,850.6744023755206,855.7799635115132,836.7752963694327,851.0057183370689,3151994,4.733748091512258,15.213653485451397,-13.250571183393344,1
BHARTIARTL.NS,2026-01-05,848.9572753571828,858.4828230763313,841.1827970726544,844.8933727762342,4347906,3.6378932883307957,15.412964517204147,-13.873648648922321,1
BHARTIARTL.NS,2026-01-06,868.7560718915712,868.7709931728785,865.4116768304539,868.1694116354035,2997444,5.235261550567771,16.94220592059757,-11.500946524086164,1
BHARTIARTL.NS,2026-01-07,866.9136181346588,872.3235060781819,861.1287751363061,869.6350801322241,3422701,4.778800104337777,16.89321543002254,-11.351539884161198,1
BHARTIARTL.NS,2026-01-08,868.0595651514928,869.9360640105517,865.0686548185982,868.0200118666054,3404045,5.225930565573522,16.76927126106196,-11.516175968882258,1
BHARTIARTL.NS,2026-01-09,882.275841358093,888.2603924826952,872.7347858025729,879.5301305972276,3763607,7.955804649532094,16.537838612167665,-10.342862788985007,1
BHARTIARTL.NS,2026-01-12,869.8948860028224,877.5795773692355,861.4556397440602,874.7062364816189,4295387,7.37932166117361,16.686787415446705,-10.834598684742058,1
BHARTIARTL.NS,2026-01-13,886.9665011582589,890.7386429330165,872.4074002919011,884.3563319674162,1132483,8.362635477114733,16.87033997887918,-9.850891697373676,0
BHARTIARTL.NS,2026-01-14,864.2577566147098,870.2740477399739,862.5087391383132,865.8659664504178,3991822,6.093508354935739,18.20107429931647,-11.735754058045334,1
BHARTIARTL.NS,2026-01-15,860.0681983788555,860.8835676618711,858.6507647171456,860.2036083975912,2581991,5.745855592203997,18.30818159163262,-12.312960904313853,1
BHARTIARTL.NS,2026-01-16,868.2241880802695,871.5441087686245,864.1892118488677,870.128411773466,3762563,8.485800370092477,17.86756726283089,-11.301250870617874,1
BHARTIARTL.NS,2026-01-19,888.0033446148991,893.8610574751341,879.6898680815,885.6891242265649,1640418,9.989994812135162,18.39536930526101,-9.715030134142022,0
BHARTIARTL.NS,2026-01-20,876.5138993513872,891.7738645166893,869.8548017905034,876.5285750890655,2556442,8.360063466080515,18.805359956314835,-10.64883397141515,1
BHARTIARTL.NS,2026-01-21,867.7215726222403,871.5096297555185,859.1384338836415,866.2506369947876,4095700,6.9511168039033455,19.265759298950485,-11.696541689329576,1
BHARTIARTL.NS,2026-01-22,870.612130452883,871.6695715803679,870.4878871747521,871.1955670813185,3915632,7.538541747612526,19.279544413392355,-11.192467684535757,1
BHARTIARTL.NS,2026-01-23,861.1318397020771,872.5872463048289,859.4631971889778,863.7409667717317,1365073,4.608196669810494,18.862455425681866,-11.952371296201747,1
BHARTIARTL.NS,2026-01-26,858.9645754910276,866.1246462936646,855.9800485970467,860.0003723067055,3833884,5.05578775425275,18.70362319674613,-12.333678291305938,1
BHARTIARTL.NS,2026-01-27,870.2763932768112,882.8623365097459,865.058246650415,868.1222300345518,3318505,4.546417578186768,18.46739923598049,-11.505756100374963,1
BHARTIARTL.NS,2026-01-28,859.9997663840423,866.455306824902,859.682040109931,861.5095462574844,4375075,4.784957636829312,18.357231861521704,-12.179836812460398,1
BHARTIARTL.NS,2026-01-29,838.7044224997085,847.5850486099707,835.7196100151488,840.4890023909445,2974031,0.9896172135678061,19.547425224658703,-14.322619327952857,1
BHARTIARTL.NS,2026-01-30,828.3378595005174,829.6363506016953,824.779174498471,826.5444486881512,2834503,-2.035586236445197,19.722439374597414,-15.744092818382072,1
BHARTIARTL.NS,2026-02-02,823.4029593048062,827.3802725778078,815.0875199701167,825.7202225792757,3673558,-1.6787312631821982,19.68630543882865,-15.828112399708028,1
BHARTIARTL.NS,2026-02-03,802.5746430288863,807.6128482493533,799.4540159218866,806.5595763493657,3671517,-5.750291366447302,19.855619268041806,-17.78130152686195,2
BHARTIARTL.NS,2026-02-04,797.0925202087564,803.233629154146,794.8937658419387,802.7912201838571,3041612,-6.612885133765567,19.77602007321637,-18.165438481398745,2
BHARTIARTL.NS,2026-02-05,792.8501688466525,796.7595872827923,778.9149926671806,788.6103630851144,3648260,-7.188041897622821,20.102766964132332,-19.611000158527926,2
BHARTIARTL.NS,2026-02-06,801.6593887718216,811.8620516112303,800.8969510950159,803.385337225136,3984446,-4.917528356100808,20.98485696233327,-18.10487565218313,1
BHARTIARTL.NS,2026-02-09,819.4498514213589,835.15528906643,815.3302397324483,823.6115693053019,3069608,-3.732266434683662,22.017832085991568,-16.043063325592456,1
BHARTIARTL.NS,2026-02-10,808.3499236733423,812.5139865704274,807.7012334242817,812.3111832609164,1808404,-5.994051763400177,22.04458542317211,-17.194996871554036,2
BHARTIARTL.NS,2026-02-11,823.1079385751638,825.5542343117075,811.4934024703771,813.9080849088335,3775228,-4.499102212594619,21.78508371955931,-17.032212647138,1
BHARTIARTL.NS,2026-02-12,809.5157678336914,814.9869782704034,797.8912102378812,803.6834215448754,3171127,-5.4355236447063415,22.020481602476483,-18.074489670139315,2
BHARTIARTL.NS,2026-02-13,793.7928564406725,804.1389986902863,786.0048524608605,799.8118323304018,2357438,-6.01569236299656,22.017448983222486,-18.469149947657094,2
BHARTIARTL.NS,2026-02-16,816.3867137009952,818.5769810751664,815.1085723428881,816.3971684962995,4215266,-3.3727574624356493,22.91216349678407,-16.778481591239334,1
BHARTIARTL.NS,2026-02-17,813.2774531818195,816.4234938177513,804.9497030271737,810.9314622540307,4359494,-6.592947023271822,21.291098091184068,-16.371661506097514,2
BHARTIARTL.NS,2026-02-18,804.6573222704404,815.6662121365226,794.8942779127549,807.2504209735927,3410125,-7.173659456003789,21.269171771545718,-15.327044409128687,2
BHARTIARTL.NS,2026-02-19,800.5716024387195,815.3801905281221,796.347557622144,797.2803872301419,3881732,-8.149538451808713,21.462818161579584,-13.006853191808698,2
BHARTIARTL.NS,2026-02-20,810.4055109407561,816.3363340308713,805.9966982868203,807.4196399488713,970907,-8.198751599264831,21.428194931203077,-11.727792502738799,2
BHARTIARTL.NS,2026-02-23,776.8270830622691,785.6052061125092,770.285478681456,775.5459034408835,3946179,-11.336415462132033,23.923244157009908,-14.589523405896287,3
BHARTIARTL.NS,2026-02-24,769.1124407328374,772.9846726588552,768.1106007555844,770.5745807694062,3193526,-12.866052640215864,23.508186460504305,-15.137012647719494,3
BHARTIARTL.NS,2026-02-25,765.7601900325781,772.1637590447783,758.2196641499262,769.2904931022698,1536055,-11.153628516438307,22.995162241669767,-13.153504728967814,3
BHARTIARTL.NS,2026-02-26,761.9879429319491,763.3260161493531,760.7429991188295,762.3597558988747,2480394,-11.374499193392417,23.031538571121835,-13.924679094980252,3
BHARTIARTL.NS,2026-02-27,775.2444612658356,775.9915100366442,768.3656168523898,769.4407492332557,3157787,-11.571586581685356,22.909293678286506,-13.125189393606252,3
BHARTIARTL.NS,2026-03-02,782.8763249658125,785.58202734522,777.680279961816,779.7482560805396,3588787,-11.961405559601857,22.571435679444196,-11.961405559601857,3
BHARTIARTL.NS,2026-03-03,760.2020570763813,774.0012647815797,759.8551369885604,765.7911520562334,2841860,-12.633635249322007,22.856363448435424,-13.537252393725996,3
BHARTIARTL.NS,2026-03-04,786.2153360560711,786.3097616289331,781.6576580269852,784.3961336563618,2003523,-9.449286366171904,24.196866826955656,-11.436630280253013,2
BHARTIARTL.NS,2026-03-05,770.219023470446,776.4498384170466,768.431231427846,770.2521275833151,1497371,-11.586771479586877,24.415449607094722,-13.033579558070796,3
BHARTIARTL.NS,2026-03-06,782.4707792349221,789.3674737765192,779.5840355186696,781.3821260935713,3715942,-9.535131925718431,24.9456118083072,-11.776931124008161,2
BHARTIARTL.NS,2026-03-09,782.6254174203303,790.3530305374759,778.7597248306716,781.914250806597,1798897,-9.079777639010167,24.968412710452206,-11.716850820607071,2
BHARTIARTL.NS,2026-03-10,771.0717205060308,776.8825945129867,768.4795392594374,776.3345186017799,3352484,-10.573132245342764,24.70865103566907,-12.346838482439281,3
BHARTIARTL.NS,2026-03-11,773.5277550273674,773.5830352698445,770.4018462512952,771.6676445681998,2141544,-10.428427877505275,24.690344164908133,-12.873758584078276,3
BHARTIARTL.NS,2026-03-12,769.139811177165,776.6046928158764,765.2395084534779,770.4961299129135,3071141,-8.32763692075944,23.888681479214895,-13.006030125326939,2
BHARTIARTL.NS,2026-03-13,771.1995433389045,785.7509094803091,764.9722816375643,771.5631226699949,2899921,-6.65195031016419,23.551627041721858,-12.885559778802913,2
BHARTIARTL.NS,2026-03-16,757.8975879481203,764.0119934620952,756.3192214350104,762.2384815584802,3675904,-7.688044846776265,23.721666225192482,-13.938371748201039,2
BHARTIARTL.NS,2026-03-17,757.8873423701626,760.1245448834312,755.9305471484494,759.2529850188197,1879158,-5.865232118954456,22.907345751050602,-14.27545351402577,2
BHARTIARTL.NS,2026-03-18,749.4637753080448,753.1457742854076,749.1317963562856,751.4237962671151,3447157,-6.398603101934497,23.024410422904918,-15.159419291356668,2
BHARTIARTL.NS,2026-03-19,739.0260873868775,740.8394698286012,731.3957324930343,739.7202305238517,3431787,-6.199529558551598,22.909357564295206,-16.480827155937106,2
BHARTIARTL.NS,2026-03-20,729.6461384583308,734.962788178401,723.8829265115462,731.682844640929,2849667,-8.925043719600955,22.17234857939607,-17.388299728770306,2
BHARTIARTL.NS,2026-03-23,717.8988251334838,720.9216616976345,716.3968286052881,720.8494385824243,2747583,-12.477013989683893,20.736200436208403,-18.611460966971695,3
BHARTIARTL.NS,2026-03-24,714.8069964286698,718.845723423903,712.6729618365359,716.4233575929054,2722968,-11.804321748111601,20.55411017656126,-19.111193984850182,3
BHARTIARTL.NS,2026-03-25,714.5875790656738,721.3167345818789,711.2976441765986,719.3469689956681,3171472,-11.61815660348886,20.617363688143627,-18.781099449104833,3
BHARTIARTL.NS,2026-03-26,720.0204567101912,728.180941444916,719.2353034119877,719.5853745774798,3411626,-10.464076365509523,20.491776032999095,-18.75418192519147,3
BHARTIARTL.NS,2026-03-27,737.8905612198906,738.4101796995573,727.2833184104929,736.0147469250609,4021664,-7.976511827720289,21.869221647374943,-16.899200092606804,2
BHARTIARTL.NS,2026-03-30,717.1250982149809,722.3026811685337,712.5640304553485,715.9480147635812,3184979,-12.303956653565196,21.828882649455398,-19.16486324828832,3
BHARTIARTL.NS,2026-03-31,721.1433493828561,723.2546963944621,715.6255327372863,719.1877794449363,1565786,-11.313370744561768,21.962609234438048,-18.79907297349138,3
BHARTIARTL.NS,2026-04-01,715.444351469315,727.3388606883967,711.5920908266412,718.4401290150074,4206461,-11.001578896852692,21.97718925873403,-18.88348751686536,3
BHARTIARTL.NS,2026-04-02,730.6618564143213,731.6902942564075,721.9207209050022,724.6967262436774,2822688,-9.10390649877012,22.11104126093968,-18.17707743938658,2
BHARTIARTL.NS,2026-04-03,731.5205045382886,738.3806197853369,727.630069870562,730.1380906018944,4147914,-9.571423027543723,21.837453869092915,-17.56271239759285,2
BHARTIARTL.NS,2026-04-06,724.8356996022162,731.1515095062517,724.7783202050344,727.880306666002,3226513,-6.146070343921939,18.94845080277306,-17.817630728882527,2
BHARTIARTL.NS,2026-04-07,726.7540629757112,728.911959741755,724.1031278185791,728.5755135514372,4569161,-5.450357209555712,18.921174151901983,-17.739137399065207,2
BHARTIARTL.NS,2026-04-08,720.928656163453,721.471617618347,714.3215511606087,721.2928928580513,2560667,-6.239203613535061,19.0695666112979,-18.56139212639354,2
BHARTIARTL.NS,2026-04-09,721.9679830500276,726.9027168094472,717.3061995763984,725.8129131811854,3288837,-4.793910281189762,19.10082667641278,-18.051052753413078,1
BHARTIARTL.NS,2026-04-10,708.564063248723,714.9992046825809,708.3159131511462,708.8391372286968,3986523,-7.876059601073648,19.821262266486148,-19.96750125528568,2
BHARTIARTL.NS,2026-04-13,711.1509248942501,715.7284085874655,709.4975641403092,714.6789147201383,2441836,-8.344916561593474,19.512281358278695,-19.308152807652757,2
BHARTIARTL.NS,2026-04-14,714.3902138822218,716.2903714389178,711.8290548597467,713.6824606825222,2218552,-6.80455646866559,18.983624044572597,-19.420658878954722,2
BHARTIARTL.NS,2026-04-15,704.0648876319336,709.846904261979,701.9276886333796,708.7311271477413,4470649,-9.646274791783815,17.265105872369745,-19.97969628828328,2
BHARTIARTL.NS,2026-04-16,711.2887304185386,719.7844617176173,701.9849985382316,705.9671228661028,3455495,-8.345969120385044,16.69499227784162,-20.291770153258426,3
BHARTIARTL.NS,2026-04-17,706.285049878149,709.4987354241342,702.3364074120275,703.833029283831,4023331,-9.924605928399966,15.869564913881245,-20.53272304789123,3
BHARTIARTL.NS,2026-04-20,714.0789561607585,714.6278234885887,707.4888049346465,714.077599452261,3515811,-8.67571492454038,16.671072493378933,-19.376045169817914,2
BHARTIARTL.NS,2026-04-21,740.7285387090734,743.5687245360141,739.6836061453529,741.5009208106887,3144749,-4.486931465295186,20.47279361807837,-16.27977576689673,1
BHARTIARTL.NS,2026-04-22,751.4576266537125,755.1422858785514,750.5608707713518,751.5950590344996,1835842,-2.6011956928597257,20.87882134830687,-15.140082623139806,1
BHARTIARTL.NS,2026-04-23,747.3770881087969,751.0048812696311,739.7551988785478,745.6800527225661,2182205,-3.2207919322258305,20.978859505738853,-15.807924888573389,1
BHARTIARTL.NS,2026-04-24,751.3484566989662,751.7835722214526,740.8944505310444,750.4978952814764,2693075,-2.7302014274116937,21.080483855148824,-15.263959469203748,1
BHARTIARTL.NS,2026-04-27,759.2762363993629,761.3321848705407,754.9913440947648,755.7416892749014,3834393,-0.8523306603853698,20.92031090009568,-14.671901392617992,1
BHARTIARTL.NS,2026-04-28,748.9389367992871,753.5303118388435,734.1440817576407,746.5634041250867,4386818,-1.6713244655098047,21.181562817612868,-15.708188832393176,1
BHARTIARTL.NS,2026-04-29,736.4019994242894,747.2778163412282,731.0843112087551,734.5321730452421,1589239,-2.2479489345142323,21.48043177505236,-17.06659222143231,1
BHARTIARTL.NS,2026-04-30,733.1762622277677,734.3876409604815,730.2796707614071,733.1550932345142,3859942,-0.8875162552588578,21.01629534019673,-17.222073391185898,1
BHARTIARTL.NS,2026-05-01,739.2109698863503,740.5371522842189,736.8925685377703,739.4691752036068,2794937,1.0641674353454311,20.916314785259395,-16.50917291669871,1
BHARTIARTL.NS,2026-05-04,723.5089273640837,729.0025769969066,718.0401642082917,724.4941875880183,3867172,0.5056186230458337,21.3168078925139,-18.19994535659578,1
BHARTIARTL.NS,2026-05-05,716.9690398924035,726.6629998599929,716.3314848395999,717.4518267512386,2393615,0.14355606184990322,21.435071339815444,-18.995073200457423,1
BHARTIARTL.NS,2026-05-06,721.217986728944,724.4979457034096,721.1282389881203,721.5924210911197,2168579,0.3121514640683998,21.467680973735156,-18.527573461934953,1
BHARTIARTL.NS,2026-05-07,717.4533677207747,726.4381605274391,713.2792629992945,721.1477135254211,3000265,0.2171165511609452,21.468903369365204,-18.57778380702495,1
BHARTIARTL.NS,2026-05-08,735.4870275361059,739.5217804804934,729.1953132643162,732.6895752260881,3242293,-0.4517805808735176,20.926779258100883,-17.274633369138957,1
BHARTIARTL.NS,2026-05-11,721.6645161932361,727.6099700906835,717.7455731665938,719.5806012489833,1530238,0.5073813196621035,20.02520204953438,-18.754720864686835,1
BHARTIARTL.NS,2026-05-12,737.7912996237037,742.4435786451405,735.0153040801824,739.3543930149892,4296084,2.8040817914922522,21.502155277261025,-16.52213256421813,1
BHARTIARTL.NS,2026-05-13,724.8404366501317,725.3945083916402,719.9488761926218,725.0236641321975,2853720,0.916365171056932,22.296673293262895,-18.140164048493858,1
BHARTIARTL.NS,2026-05-14,707.2908941418458,711.1065452594958,700.5489897429181,706.792528974316,2771761,-2.4705779150078766,23.33503649979258,-20.198576493583086,2
BHARTIARTL.NS,2026-05-15,707.8443199750374,708.1229281294003,699.2931715980525,705.504434667401,1739261,-3.373835203445752,23.205137760958202,-20.344010627488696,2
BHARTIARTL.NS,2026-05-18,690.4885778558245,698.3985152473663,686.901597900607,695.1880540172009,2845399,-4.491432499190051,23.53205986502903,-21.508796370929872,2
BHARTIARTL.NS,2026-05-19,695.2006153261547,698.3090254225228,690.6996170819845,694.0889779665096,2434521,-4.733419521172655,23.521248430913612,-21.63288912770287,2
BHARTIARTL.NS,2026-05-20,693.2265773952561,696.9870083672239,687.8549270699357,692.7008834274951,2841641,-3.9639943376210462,23.38432766870122,-21.789613931140718,2
BHARTIARTL.NS,2026-05-21,689.6294373915101,692.0349399372982,689.5934454794176,690.3038273180575,2563293,-4.892319386754107,23.28260820567023,-22.06025698679874,2
BHARTIARTL.NS,2026-05-22,686.0068212529003,688.2264271177216,681.401442571312,682.597748489755,1726801,-3.7020231193125364,22.54509426347195,-22.930322861778517,2
BHARTIARTL.NS,2026-05-25,683.4283802172288,687.507077803698,682.1137293628723,685.384813571476,3479613,-4.098917786056921,22.42642362094715,-21.806905895585558,2
BHARTIARTL.NS,2026-05-26,683.5205702266749,692.0825431580271,678.9571354553522,682.0174520874509,1704461,-4.436848365979018,22.450909385669295,-21.714770155184848,2
BHARTIARTL.NS,2026-05-27,687.4375573515343,693.2530538380153,683.418823775316,690.3385060950611,3074928,-2.5951479126788857,22.725382496620476,-20.759639720409172,2
BHARTIARTL.NS,2026-05-28,691.5244769355752,697.9127485461429,685.9947680523046,688.0767858905921,4713017,-2.5341600757382454,22.718654033534506,-20.73964217421247,2
BHARTIARTL.NS,2026-05-29,678.4297937064118,686.0530543435093,674.142749430411,679.3982706597757,1529124,-3.471669786358045,22.970396400280805,-21.739330343754105,2
BHARTIARTL.NS,2026-06-01,663.025361754643,667.1091249843089,662.6180726475651,665.0337717862271,2847237,-6.86813697890164,23.188460850008326,-23.393993520963242,3
BHARTIARTL.NS,2026-06-02,659.7896035052099,662.9636508146724,655.8163670522258,662.9206840503173,3015974,-10.597456396205018,19.72400004737702,-23.051266590122466,4
BHARTIARTL.NS,2026-06-03,650.0058134476783,657.05326746682,646.848366334937,652.1716124501718,3313867,-13.228326262821287,19.34602643988544,-22.40569351949461,4
BHARTIARTL.NS,2026-06-04,641.8563341324275,644.9391974506394,632.4731177264447,640.9753717809843,3336010,-14.041502191092892,19.665673345376174,-22.45119148784951,4
BHARTIARTL.NS,2026-06-05,642.0114064149756,646.9889493099408,639.0988203264974,644.3250679383093,2209679,-14.146985356081066,19.606531978694427,-21.968113373116648,4
BHARTIARTL.NS,2026-06-08,630.4076428064826,639.3255124907681,627.1902057398248,630.0216363438682,3108975,-16.635320601627225,19.87910212068882,-23.505004079134363,4
BHARTIARTL.NS,2026-06-09,640.992463840982,647.7271762641302,635.7634148111615,640.0736981211107,991256,-14.263986878485346,20.769052694934786,-22.284518336599046,4
BHARTIARTL.NS,2026-06-10,645.0181304872026,650.9292805735524,639.0757979010245,640.5856012518138,3108092,-12.789987319948448,20.56237221095762,-22.222364871327205,4
BHARTIARTL.NS,2026-06-11,635.5646326996213,640.3753081959202,628.729547384512,639.5338097615621,3105132,-12.769642376746804,20.565036662942155,-22.350069669250196,4
BHARTIARTL.NS,2026-06-12,629.5114216819532,637.5918309424393,624.2979123558358,630.9364458200996,2943932,-14.677113397407481,20.338778610505848,-23.39393115224444,4
BHARTIARTL.NS,2026-06-15,631.5699508097,639.5665744088393,626.7288230730176,636.0393583008935,2894605,-12.209184118040772,20.17388764733103,-22.091920103985952,4
BHARTIARTL.NS,2026-06-16,635.8339464708977,637.7537214223679,632.3450717442206,635.3070508336672,3063041,-11.449517982209201,20.124893719315047,-22.18162000686228,4
BHARTIARTL.NS,2026-06-17,632.068866507416,633.4234940437499,617.8941471158117,629.3944125885604,2548409,-12.777020075009482,19.96469546778188,-22.90585552276897,4
BHARTIARTL.NS,2026-06-18,627.9238995801477,634.0816714055051,627.1291712385582,630.2010174999186,1624371,-12.611382428282013,20.004065955473873,-22.80705497047848,4
BHARTIARTL.NS,2026-06-19,617.6400327670601,624.7007840630514,616.3147324769016,616.913153994918,1918998,-15.801565239336812,19.599659946642966,-24.43467740937978,4
BHARTIARTL.NS,2026-06-22,603.3279033343312,606.4412480826968,594.9873619842326,604.2494887201783,2137599,-16.027546091240318,19.757059096632,-25.486984184750703,4
BHARTIARTL.NS,2026-06-23,595.1576509838186,598.1017745933872,592.0513911168038,595.5157165982681,2428021,-19.45463201079608,17.205209900769034,-26.244583716593983,4
BHARTIARTL.NS,2026-06-24,599.3200684318555,601.0750784755503,589.289264879781,597.3510405649897,3332783,-17.609442268346232,17.04605603822984,-26.017276393869228,4
BHARTIARTL.NS,2026-06-25,594.2502120068476,597.9735383957687,591.3912255438777,596.6607468686132,3640054,-15.581910899019269,16.145324752749183,-26.10277018944005,4
BHARTIARTL.NS,2026-06-26,599.5878978888665,608.4001423101436,597.4597945257958,603.5442017273814,3546357,-14.452103761486235,16.86377137635503,-23.056198796641482,4
BHARTIARTL.NS,2026-06-29,599.1921669919409,604.1554273934188,594.3559426590721,596.2513117665397,2933688,-14.23165166302084,16.755337547713292,-23.985944577876637,4
BHARTIARTL.NS,2026-06-30,601.6131068794485,605.7443863131198,593.0694140450831,599.7069364333937,3349310,-13.597974399424896,17.022325371504653,-23.54539872118736,4
BHARTIARTL.NS,2026-07-01,595.8128833961648,598.453755051011,595.3852314926093,598.2193485463806,3198495,-13.63958631229375,17.016013274355615,-23.73504625043752,4
BHARTIARTL.NS,2026-07-02,593.0436092367502,596.0043504736753,590.1360495993713,590.8273177993035,2646387,-14.410540052376131,17.149061249133336,-24.677431153919915,4
BHARTIARTL.NS,2026-07-03,593.1582792262104,595.2801620950803,592.2039300483085,592.902709488785,5094538,-13.140248294023804,17.226740203718066,-24.41284651352815,4
BHARTIARTL.NS,2026-07-06,592.2030180456821,593.80283679338,589.266858018099,591.7717591665067,3816058,-13.658466390167067,17.05011040743995,-24.557027530459806,4
BHARTIARTL.NS,2026-07-07,588.4493775215502,591.1586663203084,585.908860404191,586.665275799452,3827352,-13.980899755006925,17.085713793609774,-25.20803575805668,4
BHARTIARTL.NS,2026-07-08,589.2880450470877,590.2890058995175,585.902472883496,586.3056601323141,3715656,-15.069830966146558,16.355968999102704,-25.016629441463635,4
BHARTIARTL.NS,2026-07-09,582.6267026127347,587.260347364511,582.4403773945958,584.7414206776482,1606914,-15.017999056485355,16.363710641683245,-25.216681998768,4
BHARTIARTL.NS,2026-07-10,584.9423122909039,588.3218067461316,581.363008887335,583.0123193312727,2829376,-14.18695859129887,16.230481207532925,-25.437818951393155,4
BHARTIARTL.NS,2026-07-13,579.5762160511786,580.7712556446758,579.2509084030954,579.4851515321744,2952297,-12.863800890032396,15.502081039589108,-25.356255886205048,4
BHARTIARTL.NS,2026-07-14,568.8255365464616,572.4880926609577,565.1345166347661,569.8444890570285,1316475,-14.040321449107795,15.885843959255034,-26.154155475069196,4
BHARTIARTL.NS,2026-07-15,569.2503520036561,571.3219975224664,567.819968796245,569.7191514669952,1836565,-12.642755282372287,15.57641494181598,-26.16039637878472,4
BHARTIARTL.NS,2026-07-16,562.5008516820168,563.973779618897,558.8893477788417,563.6276229775534,3265747,-12.0671951230382,15.226064020195732,-26.949901256669772,4
BHARTIARTL.NS,2026-07-17,553.5142465791401,557.7736726951363,550.5715942977497,556.1470203475046,2039380,-13.685335551657795,15.171294742272973,-27.037661597666784,4
BHARTIARTL.NS,2026-07-20,553.7495451663054,553.9541091074248,552.4677820025215,553.9237968932683,5156601,-12.078607314537582,14.251823285517926,-27.043579963068808,4
BHARTIARTL.NS,2026-07-21,557.2789905697857,559.7068931853703,554.7167294812959,558.2005382610693,3422198,-12.79120827810518,13.412895812892112,-26.13871297789111,4
BHARTIARTL.NS,2026-07-22,560.7670541482394,562.7453193132267,558.6371869594014,558.8205979659429,2283776,-12.764102584586379,13.423908981771026,-26.05666646468784,4
BHARTIARTL.NS,2026-07-23,552.1112119782766,558.1005398162351,550.275991176263,554.6501871323102,1069110,-13.272734190691049,13.42197507315413,-26.608496659159965,4
BHARTIARTL.NS,2026-07-24,554.1308879591727,556.7976827207522,549.4319779785691,550.2453717408334,4312725,-12.789097002374438,13.203519243787069,-27.191343345268148,4
BHARTIARTL.NS,2026-07-27,553.5265837548834,554.383368501934,549.447625177224,553.8405938573612,1692133,-12.923534270444659,13.081722323315226,-26.715622319479927,4
BHARTIARTL.NS,2026-07-28,537.1799565871382,538.707855770581,536.1952238340247,537.5377121551585,2614991,-15.389304833027296,14.883974031482177,-28.872825228035172,4
BHARTIARTL.NS,2026-07-29,542.1437392098501,548.1199305893349,540.6030734799291,542.0998122129628,3129124,-13.86961794220164,15.375095316451931,-28.269166580835048,4
BHARTIARTL.NS,2026-07-30,533.6330523057488,533.6570006250734,526.4586120634027,529.4532079385172,2959421,-15.986614867916249,16.147766532791476,-29.942569603841417,4
BHARTIARTL.NS,2026-07-31,519.2734778636212,521.311414574622,519.1896918571075,519.9552427619996,1992042,-15.716622445971906,15.911991517113364,-31.199343619527976,4
BHARTIARTL.NS,2026-08-03,512.8020556890276,516.9936504647807,508.54647180954544,516.1794036692515,3063478,-14.575119498646549,15.285214826353124,-31.6989639456702,4
BHARTIARTL.NS,2026-08-04,530.9281099095729,534.1544830092155,528.3593730469385,529.2065009220637,2348406,-11.134754940638503,17.380556230870788,-29.975213961027826,4
BHARTIARTL.NS,2026-08-05,539.7853262607988,543.6946876555227,537.6491345100587,539.3639576939196,3598596,-9.707371199391313,18.529789901175832,-28.63117579084278,3
BHARTIARTL.NS,2026-08-06,542.3434020421633,544.0083895451534,541.9570561999092,543.3486976342388,2958929,-8.93506896744356,18.78073142328152,-28.103913632770972,3
BHARTIARTL.NS,2026-08-07,547.615602514648,555.3276962473508,544.9692574972081,545.0691304199456,2936402,-9.688614543901908,18.368067725077385,-27.876265375420296,3
BHARTIARTL.NS,2026-08-10,529.5073469248573,534.5742578035522,527.2055778779575,532.4282507393619,2714373,-10.704053771904743,19.095962573613996,-29.548910918199866,4
BHARTIARTL.NS,2026-08-11,536.7755323793049,540.0283072398273,530.9985074492114,532.835148450224,3304621,-11.15074445876395,18.933625253149895,-29.49507007328731,4
BHARTIARTL.NS,2026-08-12,528.3956452892452,535.0868912161392,525.8524739897751,528.7439395445733,2400360,-11.613701424172639,18.960526114568367,-30.036420241434847,4
BHARTIARTL.NS,2026-08-13,520.0739050298507,524.7816830692626,519.8995685705717,523.0029354355219,1856849,-11.479561002089733,18.90828173502796,-30.796071877771027,4
BHARTIARTL.NS,2026-08-14,524.287622151185,525.1339078122279,521.7238812880364,523.3903506968826,3353392,-11.72407507664076,18.82964053430647,-30.74480895727071,4
BHARTIARTL.NS,2026-08-17,517.2990049824319,520.5297027454016,515.7536101594956,518.5606922307152,2653694,-12.371504013457358,18.875717395738604,-31.383871024999333,4
BHARTIARTL.NS,2026-08-18,520.9948484025855,525.6493920711878,520.1177877899034,522.1064577572918,4097954,-11.004370073579972,19.1001292349558,-30.91469411218689,4
BHARTIARTL.NS,2026-08-19,511.9011323706644,514.1700393466225,499.36711275414416,508.27512836533697,3835607,-13.308848451056676,20.166751278299646,-32.74486036981723,4
BHARTIARTL.NS,2026-08-20,506.2026309793809,509.5304063461405,504.41456705394194,506.89600773750203,2668148,-13.31279266140104,20.166363930277257,-32.92734608516239,4
BHARTIARTL.NS,2026-08-21,502.35894813243215,502.8409451843007,495.9167852768791,499.7657772794239,3395376,-14.27869348409898,20.340534259325555,-33.87082062934418,4
BHARTIARTL.NS,2026-08-24,494.90660354649,496.68010068057225,493.23894027035715,495.5195229897929,3656340,-14.489694571185153,20.36340722978571,-34.43268645597406,4
BHARTIARTL.NS,2026-08-25,497.51432689119207,498.2950418298514,495.01760264644867,495.53853016179914,3467232,-13.039690708984464,20.11622577630416,-34.430171420443266,4
BHARTIARTL.NS,2026-08-26,486.42523774358654,490.4909440704371,484.0720941717484,487.17346803674843,2807171,-14.488837740085836,20.38106927777251,-35.53703931509079,4
BHARTIARTL.NS,2026-08-27,487.66037437966725,491.3440950006248,482.414797351253,486.3720581826838,2522123,-13.706845024156367,20.33490331019834,-35.64308214234748,4
BHARTIARTL.NS,2026-08-28,482.6907546991078,485.68760760388494,481.1612702617604,483.3826928491083,2656214,-13.08364961713362,20.181897933818234,-36.03863599044123,4
BHARTIARTL.NS,2026-08-31,475.13571650439263,479.2204438310555,474.67559771468314,477.834511638552,2476763,-13.736417478626118,20.279195191795633,-35.99545477339111,4
BHARTIARTL.NS,2026-09-01,472.93683625652636,476.6295891056881,470.08534804522805,473.42827985439044,2326672,-15.186703092541809,19.959699944059686,-35.97727995571475,4
BHARTIARTL.NS,2026-09-02,473.2033242369688,473.4184656400409,468.9527561007646,470.8448577350674,3321401,-15.743109783551157,19.86410440229275,-36.326641660834056,4
BHARTIARTL.NS,2026-09-03,464.7762488950911,465.81337307159913,462.4573183845192,464.84194882368763,3929869,-16.191870189921897,19.965600575986002,-37.13842788704517,4
BHARTIARTL.NS,2026-09-04,465.21180829296065,468.52078070717613,459.57637878953415,463.2030110653613,2713651,-15.818826499183935,19.965344991507212,-37.350340318330865,4
BHARTIARTL.NS,2026-09-07,458.6032511718966,460.4598196240804,456.3163019566177,459.9924828182019,3432371,-16.94496793482231,19.630090856862058,-37.78457433080048,4
BHARTIARTL.NS,2026-09-08,454.517096841927,457.26861835633105,454.1356826911506,454.9818816027319,2541622,-15.358146728242417,18.412092186042138,-38.46227385660399,4
BHARTIARTL.NS,2026-09-09,460.7623431184198,463.208339117109,460.53421672660045,462.0709933846117,1899595,-14.762746089443745,18.98550409703698,-37.50344925924529,4
BHARTIARTL.NS,2026-09-10,464.27041872003605,465.6082836518775,458.2824175180029,462.7024838119038,1877608,-12.607483178072421,18.276950285967214,-37.418038198831226,4
BHARTIARTL.NS,2026-09-11,458.58765984045476,460.84678251081345,455.90375945460164,458.9193825503622,2610567,-11.73867579205764,17.863684111104387,-37.92971450687542,4
BHARTIARTL.NS,2026-09-14,461.3075844527599,461.7044109338117,455.8875400677133,458.0634551862148,1537097,-11.258866213940466,17.8489511502356,-38.04548136675123,4
BHARTIARTL.NS,2026-09-15,447.71615872287316,452.2713498818515,446.01388462234877,450.8202591598835,2820759,-14.812033039201866,15.87990099078858,-37.819924857282594,4
BHARTIARTL.NS,2026-09-16,442.7830907066104,447.09014500597243,440.0527225091053,446.844340594673,4298272,-17.153466741607904,14.104414100416399,-36.77857047482872,4
BHARTIARTL.NS,2026-09-17,440.16320194521774,445.6567544497949,437.9071880764783,443.52413228084873,3116577,-18.372099866628933,13.50365092575722,-37.13375699899871,4
BHARTIARTL.NS,2026-09-18,433.23594855484095,439.75445153094137,433.1228155590156,435.3601096563227,2901482,-20.127542478712414,13.58010176807822,-37.37520270370602,4
BHARTIARTL.NS,2026-09-21,438.58571354981643,438.6279431017727,434.7625005962291,435.8092361270606,2399361,-18.1468610048641,12.936185088175584,-37.21133025280675,4
BHARTIARTL.NS,2026-09-22,429.24292355692955,433.18963317101674,423.6104601397873,431.60900770233803,3506416,-18.997647028786847,12.770439608542073,-37.691864117924936,4
BHARTIARTL.NS,2026-09-23,428.69035743403526,431.2017285798007,425.8788165583888,428.220112079166,1913845,-19.011816485687238,12.77137867278415,-37.96954562169547,4
BHARTIARTL.NS,2026-09-24,421.11568928134653,425.19303203005404,416.1772885558379,423.77198778797805,4518315,-18.973306060875338,12.759667911560346,-38.613885210450114,4
BHARTIARTL.NS,2026-09-25,436.71503768956404,439.27450229571843,432.4168130673585,437.50471081678046,3062424,-16.409480947775844,17.011683354024285,-36.62461141106692,4
BHARTIARTL.NS,2026-09-28,432.75284701777275,434.8029433190792,430.1094465422595,432.47258272462625,2842062,-16.60135656170929,17.063013684845252,-37.353547729659184,4
BHARTIARTL.NS,2026-09-29,421.2806718357481,423.05166551351186,418.99131459939906,420.34577596185915,2594214,-19.49040857156711,17.766596064571928,-39.11019416553064,4
BHARTIARTL.NS,2026-09-30,411.6187070986924,412.553496455587,410.6939945290072,410.86360796437185,3635631,-19.16511648214033,17.427652339154257,-40.28811661876043,4
BHARTIARTL.NS,2026-10-01,410.53220074958983,415.7669754301427,409.86699159688516,413.1272996605526,1845389,-18.498608520410354,17.763491613804653,-39.19217673907863,4
BHARTIARTL.NS,2026-10-02,417.6097006748765,419.23067648992907,414.3280807501048,418.29045083977167,3114026,-16.302702214461274,18.465345648678102,-37.1023745581706,4
HDFCBANK.NS,2025-10-06,785.5266327774139,790.6454711232024,770.174891715332,776.0294869772962,3408110,,,0.0,0
HDFCBANK.NS,2025-10-07,792.0295936862373,792.3365352047077,784.5111422400207,787.2140057270763,1525162,,,0.0,0
HDFCBANK.NS,2025-10-08,776.7966940207643,783.9250540152302,767.9643019132207,778.907569506233,3093584,,,-1.0551687546731747,0
HDFCBANK.NS,2025-10-09,762.9012455139622,775.9144446034646,760.442290626751,769.8074269559528,2334971,,,-2.2111622309166856,0
HDFCBANK.NS,2025-10-10,769.3368809234332,770.7474455936947,763.9996630387581,768.1189254324429,3601906,,,-2.42565301883787,0
HDFCBANK.NS,2025-10-13,779.4477693996624,779.4567411553097,774.4943376234978,775.9071103801499,3409210,,,-1.4363178582529446,0
HDFCBANK.NS,2025-10-14,764.1704860153008,765.9916310284118,762.2143383135909,763.7377317562867,2345953,,,-2.9821971916145773,0
HDFCBANK.NS,2025-10-15,749.9865275805665,750.4095882642785,745.7446253705465,748.7238293109983,2470204,,,-4.88941712622708,0
HDFCBANK.NS,2025-10-16,752.6224129113898,760.7257263092513,752.2673963905469,756.2840338410041,2309759,,,-3.9290423774288707,0
HDFCBANK.NS,2025-10-17,753.3820039925987,755.9153962773476,744.6159801264309,750.9532776617599,3816977,,,-4.60620972207243,0
HDFCBANK.NS,2025-10-20,745.9422538062015,749.3823083872551,745.7579463030552,747.5482775238551,3914071,,,-5.03874777565545,0
HDFCBANK.NS,2025-10-21,731.2529801417628,736.514127973959,728.8082966859313,731.194375524234,2612008,,,-7.116188202355733,0
HDFCBANK.NS,2025-10-22,730.8564496211368,730.8613597574005,715.6511292796316,725.3786109489556,3285891,,,-7.854966289758658,0
HDFCBANK.NS,2025-10-23,731.0730546752195,737.9857318308487,717.4609943435744,725.4303734645091,2184191,,,-7.848390883938016,0
HDFCBANK.NS,2025-10-24,736.3707773653476,739.5607114482244,732.706456609152,733.6938150799933,1981638,,,-6.798683745171852,0
HDFCBANK.NS,2025-10-27,725.1786562254315,730.0028724912896,721.2689775618429,727.0528698789035,3640575,,,-7.64228474220393,0
HDFCBANK.NS,2025-10-28,742.599257847001,748.6161895039727,740.390899339383,741.777902813879,2403106,,,-5.771759976657453,0
HDFCBANK.NS,2025-10-29,738.3884450062236,743.6081934946329,731.1648023340924,735.8287154266786,2395824,,,-6.527486798578719,0
HDFCBANK.NS,2025-10-30,721.9412870148712,737.6787246955719,715.7832997536008,729.9400669779606,2678996,,,-7.275523343390866,0
HDFCBANK.NS,2025-10-31,741.4186677604296,750.9811820433393,735.7905885527026,743.6517785507283,3019558,,,-5.533721054176821,0
HDFCBANK.NS,2025-11-03,744.786999097964,746.2531345988036,743.7718717044578,745.6621173784766,4280037,,,-5.278347189748233,0
HDFCBANK.NS,2025-11-04,742.1110409766487,745.3438059455764,735.6614993547274,740.8590856580859,2064259,,,-5.888477559056726,0
HDFCBANK.NS,2025-11-05,741.8343011015355,743.14542833898,728.4356734511417,739.601114314227,1297464,,,-6.048277986222272,0
HDFCBANK.NS,2025-11-06,748.7680589009893,754.2262007274053,748.2568020231275,751.8298638017985,3147493,,,-4.494856756594001,0
HDFCBANK.NS,2025-11-07,771.2712546508308,777.1441286879344,765.1730656833381,765.2990340000753,3243548,,,-2.7838645612967894,0
HDFCBANK.NS,2025-11-10,755.7252316753161,758.0863093696772,748.4704991882982,757.9574865586445,4127924,,,-3.716463243233359,0
HDFCBANK.NS,2025-11-11,755.6286672079171,766.9295738355514,755.4814360273158,757.6944895697686,3822442,,,-3.74987181916856,0
HDFCBANK.NS,2025-11-12,758.4759328671645,758.777623705366,755.8180997071404,758.6376831273064,3095299,,,-3.630057696112321,0
HDFCBANK.NS,2025-11-13,750.7875873886807,754.3204567114655,749.2712275284172,749.8338027075265,2511920,,,-4.748416916823672,0
HDFCBANK.NS,2025-11-14,756.3484143725441,756.7556207258026,742.5059539904374,749.4544405773083,2843502,,,-4.796607386944663,0
HDFCBANK.NS,2025-11-17,750.4013382088475,756.3506584145897,747.6130476859017,749.6238653924638,3168427,-3.4026569902239956,18.295224974392564,-4.775085308586946,0
HDFCBANK.NS,2025-11-18,764.8962645629393,765.9150273475906,753.7639592420925,760.0743412945098,3512583,-3.4475586352786025,18.260985332825626,-3.4475586352786025,0
HDFCBANK.NS,2025-11-19,776.3131790598311,776.5881905683201,760.2310068772498,771.2923701148558,2611683,-0.9776769015359177,18.593605178175377,-2.022529515022431,0
HDFCBANK.NS,2025-11-20,766.0202500723492,773.9546267226009,755.3065774613589,768.3759735043716,3655558,-0.1859495506871922,18.310686461363225,-2.3930001353705266,0
HDFCBANK.NS,2025-11-21,765.5055857709266,772.2745205949632,762.3469925169345,766.530040087535,4572901,-0.20685408109342163,18.312963930849868,-2.627489537668659,0
HDFCBANK.NS,2025-11-24,768.0055683912399,774.0205744696466,765.8742544010312,772.7901683729449,1421053,-0.4017158710761026,18.226740756908367,-1.8322638125333413,0
HDFCBANK.NS,2025-11-25,770.7621291730071,772.0125977234394,764.1008631094552,767.5068954087753,4887817,0.49351544329505614,17.74208532831526,-2.503399352009661,0
HDFCBANK.NS,2025-11-26,771.980534903794,775.0263590220605,771.4308963284893,773.0728673586641,3789797,3.252072004983808,16.8113943113318,-1.7963524868121805,0
HDFCBANK.NS,2025-11-27,770.63216458298,775.3071069356438,765.74394024878,772.3830427063014,3302911,2.1286987619629993,16.601937251921857,-1.883981091911202,0
HDFCBANK.NS,2025-11-28,757.3287459029585,769.1880144017965,750.5071714586177,763.5739508557949,3321542,1.6806202954905425,16.826375284487757,-3.0030023220238844,0
HDFCBANK.NS,2025-12-01,752.6773581188847,755.7510605955704,752.6175804553968,754.9791261908878,3588586,0.9940292674670115,17.1152452998858,-4.09480513579229,0
HDFCBANK.NS,2025-12-02,764.1538198776389,772.2049376580666,762.9023387812201,768.3281880901228,2920132,5.078514524850597,16.47195242511675,-2.399070328977493,0
HDFCBANK.NS,2025-12-03,768.7662070291744,774.4374294594692,765.3681849831813,767.0117162566493,3873266,5.739499990663965,16.25182234072794,-2.5663020885620558,0
HDFCBANK.NS,2025-12-04,783.909727980594,784.5640342570465,781.9360994641435,782.3862075131892,2332119,7.851316422921539,17.065794632107,-0.6132764634221743,0
HDFCBANK.NS,2025-12-05,777.480826637399,783.5828769811138,776.9255723471698,777.7048012414912,2288156,5.998549429873479,17.02902525623759,-1.207956720333292,0
HDFCBANK.NS,2025-12-08,779.0168817573677,781.4944298229383,777.2710395011084,780.5537830667254,3388242,7.358600096954837,16.707752810408312,-0.846049817698491,0
HDFCBANK.NS,2025-12-09,805.1005063381684,809.3948311901878,796.5579542009142,803.4202532714389,3796686,8.310081794526948,17.72107008963473,0.0,0
HDFCBANK.NS,2025-12-10,790.4540271774896,797.72028764937,790.0946639652125,793.4189992709139,2639059,7.826588258497202,17.99867315479327,-1.2448346876744787,0
HDFCBANK.NS,2025-12-11,772.1479216149016,777.7354984376032,769.9495565620616,775.6798299428555,2462521,6.266235412211718,19.174355157318384,-3.452791140829159,0
HDFCBANK.NS,2025-12-12,786.8810821437315,793.4471352784045,785.9404222707171,787.8762943443104,4977447,5.946938751329212,18.96221842937417,-1.9347233112228968,0
HDFCBANK.NS,2025-12-15,780.7565191494826,782.1153436133844,780.2050331193462,780.2243805742025,3205193,4.635110513222318,19.261042026958393,-2.887140646851427,0
HDFCBANK.NS,2025-12-16,781.5153064730195,791.2531966027277,776.20014444179,780.1570407162728,3687236,5.3043764757611855,19.118537781221796,-2.8955222948937154,0
HDFCBANK.NS,2025-12-17,775.4604924987517,782.7704378740566,771.2337166937901,774.8166180369975,4014098,4.761418424230346,19.25793333869303,-3.5602332799018366,0
HDFCBANK.NS,2025-12-18,774.7744076392675,777.4816938819492,766.753845681378,777.4400206033212,1992954,3.406376633141317,18.743403415658662,-3.2337039752643904,0
HDFCBANK.NS,2025-12-19,771.9699179326129,774.1302750038027,763.6329032072034,768.7472385577327,3183568,0.45056956881732724,18.380031991471682,-4.315675958195175,0
HDFCBANK.NS,2025-12-22,765.6102851641673,769.3808169994135,762.2140715080898,767.2134926286105,2070613,1.2211774715744417,18.158314856447934,-4.506578032530106,0
HDFCBANK.NS,2025-12-23,768.6971157900051,772.2042683901392,764.2260207290047,771.4910403894625,3990528,1.8208593317773358,18.216262840440407,-3.9741608145879126,0
HDFCBANK.NS,2025-12-24,760.3080838009377,766.6236637247113,756.7309454534832,762.3360859963235,4460967,0.48750582145764554,18.57286874242782,-5.113658400796495,0
HDFCBANK.NS,2025-12-25,752.6522286403195,762.107746591516,749.6875942521084,756.0811201076996,4610597,0.8331602786664227,18.410070863209025,-5.892200622399002,0
HDFCBANK.NS,2025-12-26,754.8391894887718,759.4407640501661,750.6983391089445,753.0579942805871,3624944,0.48082358421985827,18.451817205908238,-6.268482626095406,0
HDFCBANK.NS,2025-12-29,743.4937499233415,743.809209526157,740.1779542403766,740.3763378474624,3606682,-1.2336223500781784,19.10318846997519,-7.846941269810992,0
HDFCBANK.NS,2025-12-30,737.1394659098686,742.8604267968556,733.1572985651278,736.7510553890731,3188095,-3.068553250424688,18.654033546884214,-8.298172421083006,0
HDFCBANK.NS,2025-12-31,741.5094645574859,748.6990621299342,734.4703507101591,737.9217409539622,3229832,-4.326586188830605,18.07032462290532,-8.152459693513325,0
HDFCBANK.NS,2026-01-01,736.7113297571658,739.6585471900014,733.8359815581179,734.5112807713564,2340695,-4.407307607311917,18.08154378979068,-8.576952375732727,0
HDFCBANK.NS,2026-01-02,728.5844290801246,733.7073874916111,727.7734564407357,732.2419560073821,3550121,-4.473155947839603,18.085822086434536,-8.859410373864318,0
HDFCBANK.NS,2026-01-05,733.7852489888897,734.8535417111843,729.7405466132467,732.1858276173953,2965853,-5.254251725411985,17.86086785583664,-8.866396554478795,1
HDFCBANK.NS,2026-01-06,727.7647065217558,730.9354801304365,724.9530454772519,726.5647372094926,3534734,-5.334435227122869,17.883370366320612,-9.566041651178093,1
HDFCBANK.NS,2026-01-07,730.7710302524974,732.961697977279,728.0367663619181,732.7338231849266,2578794,-5.218013188273285,17.94115313414081,-8.798188718629508,1
HDFCBANK.NS,2026-01-08,742.2354661799723,751.252910237259,737.4895301852157,745.5904123468993,3429947,-3.468826848596418,18.791105740916315,-7.197956572424324,0
HDFCBANK.NS,2026-01-09,747.417427264344,748.266100454244,728.0778263110687,741.5673626614062,2817976,-2.8820506736412788,18.584557060739083,-7.698696959427476,0
HDFCBANK.NS,2026-01-12,746.7801265203968,748.5624423657925,744.3520397796341,746.0186105615905,3668491,-1.186856075678,18.421966242638778,-7.144659656775543,0
HDFCBANK.NS,2026-01-13,743.6582114467377,751.9284731872317,742.591139471062,743.9972253681594,3216388,-3.1667408666138153,17.61974638598583,-7.396257147030516,0
HDFCBANK.NS,2026-01-14,744.6711420699061,749.2653289992675,744.0723048483746,747.3886402735637,2513408,-2.558380213389,17.691691968133185,-6.974134989716852,0
HDFCBANK.NS,2026-01-15,759.3221335209962,773.8981563914816,758.121748874555,761.6878580360456,1834411,-2.6455412018232316,17.5999971798539,-5.194341948122871,0
HDFCBANK.NS,2026-01-16,764.3349598870336,766.7127918008862,761.8279395403547,766.475638844648,3443837,-1.443884926377914,17.647232201100543,-4.598417114375264,0
HDFCBANK.NS,2026-01-19,752.4893981429129,755.4009014070796,748.9253959120326,750.4583140796809,2299152,-3.8556560278014462,18.56459597120287,-6.592059258663552,0
HDFCBANK.NS,2026-01-20,752.8097716214927,758.8357623441304,747.4419871681268,754.6803010333094,3851367,-6.066557575523612,16.311950164453,-6.066557575523612,1
HDFCBANK.NS,2026-01-21,768.162582525554,772.664009282748,765.8718363358045,766.0525315783166,3621446,-3.4491823006185696,16.729447660672758,-4.6510803705738235,0
HDFCBANK.NS,2026-01-22,758.7585909648419,768.0992214611654,757.9522438089626,764.14209244913,3501687,-1.487435543422011,15.481791491069554,-4.888868641582356,0
HDFCBANK.NS,2026-01-23,774.6276619964864,779.2152633562093,766.4999723109597,773.4519429604088,2430356,-1.8307888544744078,15.191627845911313,-3.7300914669505136,0
HDFCBANK.NS,2026-01-26,768.9311521925252,772.1149489144592,760.9006479023176,767.1975395994461,2215120,-1.6696275198641364,15.113734989015908,-4.508563671938548,0
HDFCBANK.NS,2026-01-27,751.5839219854363,755.3804628454491,745.4417489530617,753.7645195828699,1862358,-3.3829754467346262,15.893986442359557,-6.180542933337363,0
HDFCBANK.NS,2026-01-28,752.6824661543257,755.5557662437297,747.3507901992847,755.1649509996914,2907357,-2.5362991164404436,15.820505582855843,-6.00623423112091,0
HDFCBANK.NS,2026-01-29,742.6656321633126,748.4663545930542,738.6182454501483,739.5342877515811,3819805,-4.875711546509254,16.776729297267742,-7.951749443671751,0
HDFCBANK.NS,2026-01-30,736.2951700968155,740.0676991335828,731.1551120058052,737.5291105524844,2755038,-4.060909287143244,16.5347153351472,-8.201329559549064,0
HDFCBANK.NS,2026-02-02,752.4376080684391,754.3742262255025,747.586968454725,749.1279755793603,3383752,-2.3572991381168307,17.254697187401515,-6.7576436455275335,0
HDFCBANK.NS,2026-02-03,733.2126856312519,737.7038310406641,729.864822893742,732.2740581674847,3032964,-5.083271246051069,18.251714337181067,-8.855414686679207,1
HDFCBANK.NS,2026-02-04,721.0561052006622,724.2807055789453,716.6208348981902,721.2335738944694,3813581,-5.391652429536487,18.430356838117724,-10.229600142928241,2
HDFCBANK.NS,2026-02-05,713.8011327578307,719.441268413729,707.3070260488284,712.472147710441,4787274,-5.767763701207973,18.584569650871646,-11.320116114905886,2
HDFCBANK.NS,2026-02-06,714.8998581442048,721.0207653901897,711.6817185281062,712.046448862734,1670796,-5.446000936094208,18.577528304233923,-11.373101939693564,2
HDFCBANK.NS,2026-02-09,703.8131343501746,710.1285653483089,701.3132795893506,709.0433799410314,2268338,-4.2320312393460675,18.04192444603771,-11.74688750328552,1
HDFCBANK.NS,2026-02-10,720.9843939241905,723.8290297237561,714.6999008079639,721.1653968731774,2640897,-2.115457915111507,18.780075228100184,-10.238085990903112,1
HDFCBANK.NS,2026-02-11,733.9964357476954,738.7319827785958,725.7826741516379,729.59008900337,2612215,-1.1290698577089198,19.109328442914947,-9.189482586160924,0
HDFCBANK.NS,2026-02-12,735.6607607421827,740.5043254745757,730.7933195562204,734.058183239068,3727327,-0.06168693989458962,19.15229952282535,-8.63334845617051,0
HDFCBANK.NS,2026-02-13,732.0735639536041,740.3756963939164,728.3281594292677,735.4613742040228,3207633,0.4396659014453297,19.135903258319463,-8.458696278901979,0
HDFCBANK.NS,2026-02-16,739.8233159913274,741.9767458723179,737.5656914488512,739.0598784090803,2324952,0.9388396404849564,19.18342925737236,-8.010798159529864,0
HDFCBANK.NS,2026-02-17,727.6231190365692,735.4023480994774,726.8118138270543,731.5732264690436,3919501,0.6893383346385562,19.28587415788377,-8.942645708748586,0
HDFCBANK.NS,2026-02-18,739.1250049251618,745.4899494265794,734.8404612937787,739.2572815144492,2703703,0.8902903241408522,19.36879263964409,-7.986227817350278,0
HDFCBANK.NS,2026-02-19,730.5741419012152,733.4122445994788,722.3782126501633,729.5760717452611,2298748,-2.147873730193195,19.04044881623357,-9.191227284287706,0
HDFCBANK.NS,2026-02-20,736.0512131270688,737.521185984624,731.227800366219,737.046018153751,3264415,-0.6097011189150181,19.240236516243282,-8.26145903683898,0
HDFCBANK.NS,2026-02-23,752.5542967728284,754.7688932114355,745.960412595665,747.7331809777558,800451,0.2298294428438652,19.62937958028092,-6.931250745413942,0
HDFCBANK.NS,2026-02-24,749.6324464716248,751.1574142298093,745.9510123108685,749.7491950185297,3865160,0.7731170835380441,19.623458122926966,-6.680321791038568,0
HDFCBANK.NS,2026-02-25,747.3103230434224,749.0836428146035,745.6190422687727,748.2868184296426,1466547,0.12017551614780242,19.59225838696405,-6.862340676289779,0
HDFCBANK.NS,2026-02-26,748.6068956633856,756.3484878588216,739.1297540408029,752.0119650522446,2386947,-1.2703225975991717,18.812284523949195,-6.398679646158467,0
HDFCBANK.NS,2026-02-27,725.583398518519,734.3483921222643,722.2372817248211,726.7453773310593,2554263,-5.183499579122475,21.01129691832673,-9.543557761727806,1
HDFCBANK.NS,2026-03-02,733.3110248347078,736.5691953261359,725.0875740793089,729.504430746646,1912898,-2.7921448719948616,20.25474938574704,-9.200144286108769,0
HDFCBANK.NS,2026-03-03,731.758982251955,733.5421339103639,724.1345466585157,728.6309467715291,2826285,-3.4517071965590618,20.161085148099225,-9.30886496766492,0
HDFCBANK.NS,2026-03-04,729.1144727314735,731.2788421778183,725.8858187928898,728.3065064490096,2533604,-4.92734160822339,19.57329583024167,-9.349247360466006,0
HDFCBANK.NS,2026-03-05,736.4497129595037,738.403758823411,734.3582101193306,734.6267443513467,2646894,-3.8625470824653174,19.795952201570785,-8.562580870966674,0
HDFCBANK.NS,2026-03-06,734.5319225026593,736.9569961410683,725.0057069627674,734.0869460228145,3751536,-5.089520725350272,19.384754326132068,-8.629768414015814,1
HDFCBANK.NS,2026-03-09,727.0560104577049,740.5291385855754,721.9866194496833,724.2286509190423,3387714,-5.60075944753915,19.59916892325722,-9.856809313673287,1
HDFCBANK.NS,2026-03-10,725.1543970370824,729.5443337277361,721.1920932754862,723.1180529977842,2595064,-4.065787893816674,19.028283439153682,-9.99504306079826,0
HDFCBANK.NS,2026-03-11,725.6968949480239,726.4552825819211,723.2215714906729,723.8218663174465,3869963,-4.1504951521853295,19.017199004859826,-9.907440922714672,0
HDFCBANK.NS,2026-03-12,727.4413292974726,728.1471845460385,722.0241737583303,724.9384048189348,3908219,-1.9736587166258923,18.121461744071947,-9.768467764278366,0
HDFCBANK.NS,2026-03-13,728.7149733033708,735.7379936701456,725.1011758968068,726.4661503155359,3132412,-1.5000031969804262,18.126509828741376,-9.578312550941359,0
HDFCBANK.NS,2026-03-16,737.9949326741516,742.02483442306,734.4497603364821,735.7029832887123,3468198,-1.7920826251703326,17.912840815446568,-8.42862371305545,0
HDFCBANK.NS,2026-03-17,726.4813022707517,729.4185461825523,725.156443238535,726.2949733220629,3015192,-0.8165091714957717,17.080258397504743,-9.599618585084258,0
HDFCBANK.NS,2026-03-18,727.8449718925795,736.181521330545,726.1091344121426,727.9459503710312,3044964,0.9306799793466158,16.498890399784376,-9.39412500407908,0
HDFCBANK.NS,2026-03-19,738.5892947612906,740.5165397708394,736.4267435468176,739.4214988458713,2136834,3.7825129335979035,16.642565157151417,-7.9657880374526036,0
HDFCBANK.NS,2026-03-20,719.589911922806,725.8198098984872,716.2908178162821,724.306719584132,4350042,1.7218358073381124,17.79236410346584,-9.847092273958157,0
HDFCBANK.NS,2026-03-23,728.2588166130917,734.6744727825196,724.9753807966047,725.9875551406642,3205307,2.389723348244499,17.738387681631405,-9.637882268399045,0
HDFCBANK.NS,2026-03-24,721.5347983226895,723.8695603337424,717.0553313341194,721.0226094805103,3051954,-0.019799534654085793,17.180965258393197,-10.255858432173515,1
HDFCBANK.NS,2026-03-25,719.1457250147022,722.708391432725,714.4679236463793,717.9386609763532,2723874,-1.5969827719196306,16.86175409148227,-10.639710904351007,1
HDFCBANK.NS,2026-03-26,702.6187516297803,712.9493973632026,700.407969205168,710.3008475893125,2184332,-3.2364376819457252,16.990524748369047,-11.590373195467052,1
HDFCBANK.NS,2026-03-27,709.4417508081135,709.679890959673,699.3617756857143,708.9720932368499,3172406,-3.601722931519258,16.96877371994729,-11.755760406836458,1
HDFCBANK.NS,2026-03-30,722.2368908801847,727.041305735888,716.682089321802,724.9287663477998,3024005,-1.9120388582992143,18.235912522906094,-9.769667444158959,0
HDFCBANK.NS,2026-03-31,713.3192680377525,715.4268491187194,712.7855742128291,714.1281276292365,2795868,-2.38460050322048,18.503368394785632,-11.113999837397015,1
HDFCBANK.NS,2026-04-01,699.9614016107868,710.5316131322687,697.5092116891714,704.2893223588543,2993376,-4.730147410108598,18.559626127167807,-12.338614879191102,1
HDFCBANK.NS,2026-04-02,691.7967745914752,696.0854623878314,690.6377898036206,693.484015506865,2227989,-4.946990127027895,18.69202788059738,-13.683528305009196,1
HDFCBANK.NS,2026-04-03,707.336402739465,709.0837302715521,705.9575860095546,708.1241094987729,4502703,-3.924030242701193,19.53798416355599,-11.861307128446242,1
HDFCBANK.NS,2026-04-06,702.4359613366287,704.6309826445674,700.6400126312327,704.3204674928749,2981261,-5.805909726797632,18.98617513949062,-12.334738310994853,2
HDFCBANK.NS,2026-04-07,702.8078159947502,710.7640818975339,700.653704870054,704.2179932192994,2141038,-6.07285771051812,18.94392341192947,-12.347493064582181,2
HDFCBANK.NS,2026-04-08,696.0951357178894,704.2824196703762,691.7218829970334,700.9360995278319,3467029,-6.3278836050033815,18.959369811907116,-12.755983350718736,2
HDFCBANK.NS,2026-04-09,694.8161637448312,698.5843433876811,692.0673133401646,693.1495775321841,1513405,-7.827320608651633,19.01015603306705,-13.725155084184737,2
HDFCBANK.NS,2026-04-10,689.9415305716819,692.9634136686934,686.5265771105603,691.3084962019753,2429562,-4.876106850410855,16.5935966148686,-13.954310538346126,1
HDFCBANK.NS,2026-04-13,715.1167768677966,721.6201571976202,706.7898182223961,712.120586865492,3567729,-2.382966182036983,18.926672698390725,-11.363874141109175,1
HDFCBANK.NS,2026-04-14,729.0749354422536,731.2334288118346,724.0585015742964,724.2338054950301,1243853,-0.6034798955468768,19.611313226532843,-8.7198811522612,0
HDFCBANK.NS,2026-04-15,711.1749763074517,717.5318539963969,709.6471050441586,716.9751534609454,2115331,-1.555849479268312,19.820088305250895,-8.99901943900604,0
HDFCBANK.NS,2026-04-16,722.8750141543364,723.3743676878373,718.5904819929251,722.6855763505489,3109281,-1.6254741734649913,19.792605731210593,-8.274232701469309,0
HDFCBANK.NS,2026-04-17,719.1426052594494,719.1770983428669,715.1310993473531,715.6263198946874,3851449,-2.5147737918708724,19.975365352899292,-8.279420931703585,0
HDFCBANK.NS,2026-04-20,697.9046169258413,712.478384064678,696.3332533665503,700.6467827446688,3304663,-3.256135772100177,20.4999324238065,-10.191570904571279,1
HDFCBANK.NS,2026-04-21,710.8762473523776,718.8827177524898,706.0131006366602,709.3862638677839,1715955,-1.8989692033096528,20.868249388516418,-8.753570041676673,0
HDFCBANK.NS,2026-04-22,723.4863216147131,724.9661256885954,718.9848743249246,719.4474289748597,1976596,-0.6043527483968414,21.299095327759083,-7.459429678376628,0
HDFCBANK.NS,2026-04-23,730.1871309114155,733.0408816554989,728.2155215197786,728.6534552367812,2772720,0.5124642856759953,21.62248029103138,-5.792019547091732,0
HDFCBANK.NS,2026-04-24,730.2541230920274,738.9394456353651,724.4718541114158,724.6740954487268,3051182,-0.24668112423830157,21.67748118192592,-6.306513023289262,0
HDFCBANK.NS,2026-04-27,722.2620311831381,728.1426683186811,720.8366331812772,723.3425399183136,2662930,-1.6800860742939294,21.343944102304995,-6.478670523510499,0
HDFCBANK.NS,2026-04-28,732.8558075013748,735.2227812104281,729.8329562332771,729.9983229042488,1734951,0.5098960777942363,21.192825333914687,-5.61814091381555,0
HDFCBANK.NS,2026-04-29,735.6210844590489,744.187540314599,730.3804853695244,733.5548355278604,4169439,0.7705084634333614,21.2276823562716,-5.1583175652570095,0
HDFCBANK.NS,2026-04-30,727.7450054309821,731.2517630416024,723.6267258852872,730.2163559053948,2817787,-1.2449114550826978,20.75647986310619,-5.589951314819707,0
HDFCBANK.NS,2026-05-01,718.4946474610496,718.9335928541451,710.2110648374713,716.282162234249,1947976,-1.107894919777963,20.645521831763936,-7.391510390075551,0
HDFCBANK.NS,2026-05-04,713.4146899933628,719.4932997542311,704.5802139113558,717.3779562269115,4089966,-1.1859154957669427,20.63810394275745,-7.2498346204772135,0
HDFCBANK.NS,2026-05-05,721.3325549439867,733.0423144814691,717.2798183124519,726.8449036616557,1763760,0.8075050774538628,20.9030771707598,-6.025848111566356,0
HDFCBANK.NS,2026-05-06,715.7211813860221,721.3005108776948,713.3574398496978,716.5902666955465,1952723,-0.18781469143519525,21.283004232634465,-7.351675405613789,0
HDFCBANK.NS,2026-05-07,723.985589721445,733.270707498945,721.2556644978707,722.221225927506,3910365,1.6782154179669106,21.152526002976536,-6.623645786810728,0
HDFCBANK.NS,2026-05-08,725.2712609274018,727.4424513233115,721.3480827256122,725.2179016697239,3779801,2.2914595070594235,21.16237874821718,-6.236204036939618,0
HDFCBANK.NS,2026-05-11,735.7295442319581,739.5892215702593,727.1455895868268,731.8943018861421,3586326,0.9608579300052877,20.31317051728534,-5.373008814898528,0
HDFCBANK.NS,2026-05-12,740.4984410764179,740.8961287251424,738.6597570538977,739.7127813341704,2030105,3.5826419258781828,19.989703953442547,-4.362153580880657,0
HDFCBANK.NS,2026-05-13,730.8892864046476,734.934379669896,729.8304376248515,733.6929075186156,4152650,4.174929851453779,19.685815885895998,-5.140466166471114,0
HDFCBANK.NS,2026-05-14,719.5902894197077,724.0438922974115,714.9302990261845,719.7106170543694,2814842,3.7818610034342948,19.988142953090293,-6.948243700874679,0
HDFCBANK.NS,2026-05-15,716.9349251270718,717.9824876772338,709.5597398111058,715.233555549756,3508674,1.0039830526340054,19.18962670348354,-7.527085288301205,0
HDFCBANK.NS,2026-05-18,719.5798668629216,723.7235708047858,712.4641768830392,723.0228547141439,2855015,2.655380339555191,19.34255417805184,-6.520002788181789,0
HDFCBANK.NS,2026-05-19,719.7386849240738,722.0960256248874,713.9834548149929,718.452037821134,3408566,2.0212554548293182,19.45533206764211,-7.1109660580541245,0
HDFCBANK.NS,2026-05-20,708.6357577490674,715.2837459403853,704.0619831878774,712.6087944987529,3285405,1.6653008710471706,19.564819667433035,-7.866441996225015,0
HDFCBANK.NS,2026-05-21,696.4666440419469,699.1838591715293,696.2155305651852,697.3159129238422,3010062,0.601073062251789,20.319722202737463,-9.843666530224727,0
HDFCBANK.NS,2026-05-22,714.1237870773103,717.2403707106546,712.0801262793616,712.2525045146383,2750185,3.0296182424675244,21.196743800715574,-7.912506911745276,0
HDFCBANK.NS,2026-05-25,714.8985222362795,723.4350411661469,708.1718714068755,719.4616454882057,3307778,1.0308729670386985,19.546004344656456,-6.980433362873684,0
HDFCBANK.NS,2026-05-26,722.4120741271273,732.9692960666529,721.9259027928009,726.2571359227941,4248949,0.27937530841728453,19.105915215399943,-6.1018409051990075,0
HDFCBANK.NS,2026-05-27,734.3102998246015,740.6220279823498,732.7597414855775,734.8592636062607,3377000,2.4943835304453765,19.14400207239728,-4.989667387276009,0
HDFCBANK.NS,2026-05-28,736.1283272269935,744.2455665766831,734.6490094649959,740.0825007261831,3690473,2.407260494043051,19.118089396963875,-4.314352370297669,0
HDFCBANK.NS,2026-05-29,735.6319245037,738.819481994531,734.0782568410832,738.0354698043228,2876773,3.131403818816114,18.886026710853006,-3.801116178024877,0
HDFCBANK.NS,2026-06-01,737.8981105704702,739.0775539611465,733.8369898709268,736.7059871072621,4284386,5.146559614723012,17.725208466413736,-2.4443618401507217,0
HDFCBANK.NS,2026-06-02,736.1304214760415,739.490995588793,730.5544578281756,733.0546623190847,2405856,3.336461340857344,17.526326467267545,-2.927875380251288,0
HDFCBANK.NS,2026-06-03,753.1386371320202,761.4184109298383,745.4380975144367,756.7245569805685,3741484,5.181355371416774,19.383276893201433,0.0,0
HDFCBANK.NS,2026-06-04,761.1428349876999,762.8801253929256,759.2715597580374,761.9130446942387,3464959,4.564527790052075,19.164551940635874,0.0,0
HDFCBANK.NS,2026-06-05,755.3023601554312,761.0705811601362,754.7885859457759,757.8071953764359,1995156,4.572138032227113,19.162259170733265,-0.538886864635657,0
HDFCBANK.NS,2026-06-08,761.6578128605237,768.4923735645451,753.9958636980127,762.1757096808399,3573878,5.368572649814252,19.171747724414306,0.0,0
HDFCBANK.NS,2026-06-09,749.5223306342195,755.3250405819724,745.695895147983,753.1081602117979,3580566,3.16573841096075,19.438713375134263,-1.189692790503516,0
HDFCBANK.NS,2026-06-10,769.3607688272712,771.0376509988898,766.619456630126,766.9526776530932,2513306,4.552876009766882,20.050626773787734,0.0,0
HDFCBANK.NS,2026-06-11,755.2386036364544,762.5668781311815,754.3955178973996,761.0160411349319,3446060,4.217884874866784,20.156158161525823,-0.7740551263642037,0
HDFCBANK.NS,2026-06-12,761.6332098988831,768.6934509978422,752.244351247095,765.729999223791,3062760,6.903401982719037,19.22803120246012,-0.15942032213039914,0
HDFCBANK.NS,2026-06-15,775.5223717391041,777.1518944580663,766.0656347616448,775.7137102733317,2181081,8.131801868186784,19.475759608444687,0.0,0
HDFCBANK.NS,2026-06-16,780.0635622842494,783.8062639889166,776.8719085447765,779.4300199476545,2960327,7.234709361115232,19.232262540235105,0.0,0
HDFCBANK.NS,2026-06-17,784.6466866933164,793.1255345388937,778.3421732001005,780.4406633157738,2698724,8.910307547807527,18.590638742238593,0.0,0
HDFCBANK.NS,2026-06-18,788.4524308665887,790.4750690873816,777.9932141745797,780.6684208085613,1580045,8.092699685750038,18.545111326345705,0.0,0
HDFCBANK.NS,2026-06-19,784.6236728069842,789.1819232841775,768.9471853172363,780.2663795499649,1888381,7.59061211168377,18.561892720494065,-0.05149961851665941,0
HDFCBANK.NS,2026-06-22,779.5313416511277,779.8593786595038,771.2625293294003,775.0109482900348,1681778,5.891102894608968,18.636861334779606,-0.724695961528321,0
HDFCBANK.NS,2026-06-23,775.4943303469946,779.1539660352793,770.7869699200254,770.9669600274275,3516090,4.225177593509488,18.561005820946775,-1.2427120814091253,0
HDFCBANK.NS,2026-06-24,782.5016956592999,787.6338929322288,780.3258184832637,784.9050602006915,1517817,6.980052847352436,18.93613061156147,0.0,0
HDFCBANK.NS,2026-06-25,786.7130735013105,792.3377271487791,780.7113951263672,784.0105624543497,3278562,8.934138788051648,17.859892129363228,-0.11396254040113574,0
HDFCBANK.NS,2026-06-26,775.9533291095801,778.308370248175,773.0315052120335,776.7783935227711,2293259,8.60485885980411,18.014004082712397,-1.0353693828706545,0
HDFCBANK.NS,2026-06-29,775.3551360375839,775.6522703548919,762.7381898967467,772.1058832013147,3037047,6.788586027004118,18.021976273631015,-1.630665624209926,0
HDFCBANK.NS,2026-06-30,779.5969983632203,788.2560614244854,776.6463788760087,782.4956063540814,3581498,8.914104931370748,18.11556709400551,-0.30697392191535444,0
HDFCBANK.NS,2026-07-01,792.7507423065292,795.8557707856565,788.3908267613538,788.9932387637521,2862840,10.718987031128036,17.86935267516023,0.0,0
HDFCBANK.NS,2026-07-02,790.3433770189323,795.7015333900489,784.0061850966297,794.4450859929927,3189870,13.929005672893414,16.24953347743585,0.0,0
HDFCBANK.NS,2026-07-03,787.8573008983157,799.5167719661774,779.9876650648424,792.1222815789466,2927744,11.213688482392259,15.551422301084461,-0.2923807390844191,0
HDFCBANK.NS,2026-07-06,795.6546938667664,799.0319165394891,788.6021327727162,797.7205034476842,4138476,10.877419032723324,15.464992375875989,0.0,0
HDFCBANK.NS,2026-07-07,790.4672858291908,798.207554170692,790.2223118860252,791.7120247774346,4143625,9.01263280139375,15.678508300307877,-0.7532059968725191,0
HDFCBANK.NS,2026-07-08,790.1879019751269,794.2331867417419,785.9715719069951,789.3773866438449,3498632,7.418852253428931,15.532953425310007,-1.0458696708660509,0
HDFCBANK.NS,2026-07-09,799.8587143988025,800.9762004454369,789.5673807639978,798.7470678250227,2274450,7.92676046809333,15.717671343455535,0.0,0
HDFCBANK.NS,2026-07-10,807.3159162530343,807.388021876929,805.3526586150421,807.3020059798156,2656421,9.385258433968978,15.8034674395266,0.0,0
HDFCBANK.NS,2026-07-13,798.9794859124422,799.7888964839958,790.4006974598759,797.9748473717875,3007641,8.31659594692622,16.30789345347758,-1.1553493660291125,0
HDFCBANK.NS,2026-07-14,786.4750069527358,798.1730797656119,785.8291222776909,789.9525846704393,3390306,7.761757107082956,16.58092001292054,-2.1490620834416885,0
HDFCBANK.NS,2026-07-15,792.7786798243877,795.4765248904645,781.9386054582379,791.1119713188712,1911186,4.544244536679631,13.978839999745018,-2.005449576617202,0
HDFCBANK.NS,2026-07-16,814.1774645782542,819.2931472172361,804.8399906671606,807.8006172390836,2450449,6.0226784230029695,15.021457873405788,0.0,0
HDFCBANK.NS,2026-07-17,789.8233317545663,792.8242854178902,786.9114403605543,789.571702393055,3109419,4.191634390702825,16.50667405806524,-2.2566106607261216,0
HDFCBANK.NS,2026-07-20,790.9209614353742,797.3343275917367,789.6502320810041,792.3417562616278,2029824,3.9578861144000443,16.46799764414838,-1.9136975941280499,0
HDFCBANK.NS,2026-07-21,780.8248941186125,793.1298429246298,773.1773411725053,779.4920218712749,3574678,3.5033296747252196,16.81389758540682,-3.5044037802994477,0
HDFCBANK.NS,2026-07-22,773.4415937251781,782.7066868727375,767.3053259407411,773.7065334274637,4026234,0.8806091915654513,16.173832940696297,-4.2206063085402645,0
HDFCBANK.NS,2026-07-23,768.0214363305977,773.6877784439098,767.2580976330155,770.4553234351874,2150362,1.2403526062575887,16.052224549001586,-4.623083098343706,0
HDFCBANK.NS,2026-07-24,762.939380510417,766.933834254669,758.8582829312913,766.7016429275084,2407185,0.1268911632954728,16.02913380351135,-5.08776218221324,0
HDFCBANK.NS,2026-07-27,759.5488891103744,764.3177505024446,758.4910242482761,761.9297398115557,2857142,-1.7769404200576822,15.644778513243946,-5.6784900195182235,0
HDFCBANK.NS,2026-07-28,763.9389922281596,764.5900497991793,760.8468412060529,762.1192164700313,3376360,-2.220956729224477,15.565206701860335,-5.655034150033589,0
HDFCBANK.NS,2026-07-29,759.3868405117524,760.0569545924415,756.9962724999948,757.362568371843,2374567,-2.957059521460781,15.634269531019726,-6.243873524091715,0
HDFCBANK.NS,2026-07-30,741.7454290182203,747.7427769964065,739.7652265717978,744.3078817089427,3364238,-4.657616233785788,16.32321692850496,-7.859951351256411,0
HDFCBANK.NS,2026-07-31,752.2721463628751,752.4806909876729,748.2881588216842,751.4279791001378,3748087,-3.6959686083693932,16.63657465316496,-6.978533679711374,0
HDFCBANK.NS,2026-08-03,761.1346528243519,761.5948862087473,752.0593333402389,758.3704592213447,3182768,-2.147129547705773,16.818068058435585,-6.119103769279388,0
HDFCBANK.NS,2026-08-04,768.1450371189562,769.4451435992132,765.0713635962135,766.2069130773185,2411398,-0.617412573677556,17.054840112995212,-5.149006236702924,0
HDFCBANK.NS,2026-08-05,754.4032811763162,767.2822777409016,750.6010626330133,752.2927964424534,3056795,-4.1549310116435585,16.922477362931605,-6.8714754126266815,0
HDFCBANK.NS,2026-08-06,753.7708215038524,757.329650383906,746.7858557924961,755.1185730338287,2461623,-3.6851530839169366,16.98734684039763,-6.521664267268401,0
HDFCBANK.NS,2026-08-07,759.9484299861876,768.6445034604452,756.4939549425576,761.3922748264565,1633280,-1.980760384765201,17.027209619734332,-5.745024381293796,0
HDFCBANK.NS,2026-08-10,754.0513492439109,766.7180420495159,750.4957145326424,752.1505003613393,1666593,-2.584539669253161,17.286570868077032,-6.88909066050809,0
HDFCBANK.NS,2026-08-11,755.0637742275624,758.3570224459825,746.4898729026236,752.3552961712182,2774376,-3.85181845599073,16.754890601236905,-6.86373838848594,0
HDFCBANK.NS,2026-08-12,749.5291306660555,752.2305210784738,746.1212761248748,751.4281871374654,2818063,-4.761137330548748,16.508305198218405,-6.978507926162392,0
HDFCBANK.NS,2026-08-13,766.8220312487402,769.2652942694385,760.970311792541,768.3486622924169,3317625,-3.2848618690815456,17.776261941500813,-4.883872839996883,0
HDFCBANK.NS,2026-08-14,780.8063489468445,788.5224824111516,777.2487521927363,786.4268681445567,3242438,-0.7190068461446653,19.13552603604198,-2.645918886219545,0
HDFCBANK.NS,2026-08-17,772.8215133519778,773.1231255233431,765.5897098442653,771.0009624323134,3739759,-3.3494865557411546,19.80933464070962,-4.555536851722741,0
HDFCBANK.NS,2026-08-18,795.9703081408888,800.4001015299871,790.9748736360453,794.5523785565025,2648429,0.3587609749727383,21.711191699228248,-1.6400381975271605,0
HDFCBANK.NS,2026-08-19,781.7760119311346,787.9836676625926,779.2144951649069,786.001236757802,3872377,-0.42769782149412183,21.92698538881737,-2.6986090399123475,0
HDFCBANK.NS,2026-08-20,792.455453060889,799.7606220167274,790.2687502174905,795.4345823503345,2943066,-0.41471018900990364,21.933252904893557,-1.5308276107802499,0
HDFCBANK.NS,2026-08-21,798.8115900513893,806.6943676234811,789.9331686863695,804.8828588361895,2243794,-0.29965825994573425,21.985565507487657,-0.3611978427135343,0
HDFCBANK.NS,2026-08-24,799.7528905006562,808.5096041164876,789.6501208954459,795.4520993578384,2736486,-0.3161438010556461,21.993073755702998,-1.5286591292106522,0
HDFCBANK.NS,2026-08-25,800.4407271121752,808.9953265745663,797.9376123811734,800.3042831610592,2618492,1.3104202317330893,21.850103428216208,-0.9279931109294703,0
HDFCBANK.NS,2026-08-26,804.3540728883436,806.1628519771234,795.9378802198381,799.4018565415096,1818285,1.047877610652037,21.853324315499783,-1.0397071403930758,0
HDFCBANK.NS,2026-08-27,804.3164026685014,812.8822166321088,799.2229864567828,804.8676814754225,3671361,-0.3630766925736384,21.058473508815613,-0.3630766925736384,0
HDFCBANK.NS,2026-08-28,807.0684488165981,808.7751388252346,803.4426956311283,807.2295892499912,2823475,2.2363880067406416,19.955828175997446,-0.07068922416079149,0
HDFCBANK.NS,2026-08-31,820.0211159319047,824.8571881988466,806.1341112702268,819.0346274893109,2334591,3.3688583261878735,20.342566248268483,0.0,0
HDFCBANK.NS,2026-09-01,820.4307478298251,820.9174098707955,817.924579288112,819.9089700855144,3214032,5.185036803483012,19.6632205619617,0.0,0
HDFCBANK.NS,2026-09-02,817.39363309261,820.9786718334366,816.1896049648627,818.3916383320899,3918993,5.775459166238961,19.502781184406786,-0.1850610017434362,0
HDFCBANK.NS,2026-09-03,826.9329419382268,829.6738750613625,826.0232716398077,829.3613382536146,4248280,7.645610722213725,19.687155640471428,0.0,0
HDFCBANK.NS,2026-09-04,834.2898579033365,840.098548042976,828.1228903755976,835.2932397351021,2948996,8.946321876354602,19.60241873911672,0.0,0
HDFCBANK.NS,2026-09-07,842.0871750768363,844.4615026024908,840.7946227942344,842.7975488330703,3683391,10.613551984664005,19.480207714639995,0.0,0
HDFCBANK.NS,2026-09-08,837.0112498379249,838.1928906392025,830.5928005214764,836.2385320608387,2226007,9.725422740829416,19.731994147535374,-0.7782434561316887,0
HDFCBANK.NS,2026-09-09,833.0304114904458,833.9192169131106,822.1093688198531,825.9489012908463,4144879,9.055944376343849,20.05891770771306,-1.999133429558797,0
HDFCBANK.NS,2026-09-10,821.3990185808561,824.2483938686574,819.7945677185413,820.4741520607578,2745061,10.233167244841756,19.353460949400734,-2.6487258776702993,0
HDFCBANK.NS,2026-09-11,813.9640003323166,821.2741024708233,813.534581856855,814.5165239428549,3236826,8.395820570624469,19.495852869373067,-3.355613092298748,0
HDFCBANK.NS,2026-09-14,828.4577702686427,828.8852498304791,810.8533503702353,822.3707032647163,2924811,8.439179462380931,19.507852082826076,-2.423695417320193,0
HDFCBANK.NS,2026-09-15,841.3129068813253,845.6862174547998,828.1448143080476,832.193714400735,3472885,8.612138600837405,19.56759192348087,-1.258171009991349,0
HDFCBANK.NS,2026-09-16,828.3148844080796,837.5289889365662,826.5835272350483,830.7806860969719,3073221,10.433157146483762,18.590355222502165,-1.4258302901731135,0
HDFCBANK.NS,2026-09-17,838.9761122815268,851.134641051562,838.9240845378249,845.3062915816312,2673461,11.94351745123372,19.034990105433753,0.0,0
HDFCBANK.NS,2026-09-18,860.798832713713,867.072343183402,855.7591296275833,859.4415638485176,2052992,12.877631184846127,19.36015233929694,0.0,0
HDFCBANK.NS,2026-09-21,867.7600427493833,876.6932416425817,856.4439536656452,862.0952688705362,3333896,14.617389532597347,18.74231847717295,0.0,0
HDFCBANK.NS,2026-09-22,859.4564218769316,861.0810164402775,850.8895957181115,853.7729127941317,3014029,13.480016308655474,19.15879041050027,-0.9653638497875039,0
HDFCBANK.NS,2026-09-23,866.6349925014284,872.7668449256738,860.3332922748982,870.2077119024516,1977032,15.807169174405322,19.560825929203205,0.0,0
HDFCBANK.NS,2026-09-24,871.1094197703126,876.9798852919653,868.0442773366534,869.7117966725812,1958541,13.192335635457608,18.894946210764846,-0.056988144679415154,0
HDFCBANK.NS,2026-09-25,872.2035845198905,874.7609686499417,863.8183694682405,871.1707836083572,3258975,10.775816404103743,17.99312027072341,0.0,0
HDFCBANK.NS,2026-09-28,872.0579635640607,876.0117699842584,867.4761533208774,867.768469843611,2215130,12.550893205894397,16.775894799695273,-0.3905449802453109,0
HDFCBANK.NS,2026-09-29,857.270777671718,860.0418146309411,853.5372354237508,858.6914147558886,2027597,8.072348397711693,15.281057094303785,-1.4324824807346648,0
HDFCBANK.NS,2026-09-30,839.056458471235,855.6735807967084,833.7384525357201,843.827517729175,3501995,7.357021626314775,15.885785339739197,-3.1386803131674523,0
HDFCBANK.NS,2026-10-01,844.96074594139,857.3788820832048,835.881311985464,850.3981869552891,2490803,6.909883706910169,15.710816831776794,-2.3844459713201926,0
HDFCBANK.NS,2026-10-02,843.6598625310332,846.9112457041408,839.2284585200447,842.577837522444,1782148,4.6832875458124645,15.778823131621392,-3.282128673723672,0
HINDUNILVR.NS,2025-10-06,1071.687372853457,1075.533138786202,1055.3644666939858,1074.3471088404551,3939653,,,0.0,0
HINDUNILVR.NS,2025-10-07,1056.5966244505064,1061.138746907422,1038.4626407794974,1057.8169578513582,3854955,,,-1.5386229322977285,0
HINDUNILVR.NS,2025-10-08,1067.6843728878323,1071.1681926338474,1055.1926207116621,1064.3355247997513,2075786,,,-0.9318761095293837,0
HINDUNILVR.NS,2025-10-09,1050.839359709171,1051.4026562653182,1044.6219360095495,1048.9747112313064,3069154,,,-2.361657363841485,0
HINDUNILVR.NS,2025-10-10,1048.1074841790205,1050.4316110026903,1038.8781059963665,1044.070028493444,1328253,,,-2.81818418813351,0
HINDUNILVR.NS,2025-10-13,1039.8770101238326,1047.3213214104126,1033.141297562242,1045.0367560873665,4504423,,,-2.728201389653606,0
HINDUNILVR.NS,2025-10-14,1035.6967873799813,1040.1805959203277,1023.5482595356809,1036.3776285426693,3690851,,,-3.5341911366770784,0
HINDUNILVR.NS,2025-10-15,1035.5859553210214,1056.2922625193366,1030.9916574316392,1037.8700606235477,4684220,,,-3.395275876553261,0
HINDUNILVR.NS,2025-10-16,1042.2758490176038,1048.7062599165072,1037.7177254348437,1039.1651398303632,3617104,,,-3.2747301799009754,0
HINDUNILVR.NS,2025-10-17,1028.5215762766777,1034.6250823396956,1023.4861990144326,1029.4491189611988,3477070,,,-4.179095332393534,0
HINDUNILVR.NS,2025-10-20,1036.885992353987,1044.264476088941,1036.4082862724995,1036.9543208746918,3140851,,,-3.4805127372773748,0
HINDUNILVR.NS,2025-10-21,1020.2358861822102,1028.9936233713856,1019.6433254370874,1027.9498308846676,1962699,,,-4.318648747132037,0
HINDUNILVR.NS,2025-10-22,1055.6297459788022,1059.015547438717,1043.4049547661618,1057.0377472789876,3176094,,,-1.6111516863622888,0
HINDUNILVR.NS,2025-10-23,1060.500166351871,1061.2498252519379,1044.248877322709,1056.1233998191315,3537873,,,-1.6962589531229422,0
HINDUNILVR.NS,2025-10-24,1039.1069560734334,1043.947752879924,1032.542057576426,1041.8498831426607,3058214,,,-3.024834844379931,0
HINDUNILVR.NS,2025-10-27,1034.4664538239354,1040.2557715244566,1020.2741988146715,1030.0775883921451,4382367,,,-4.120597531657177,0
HINDUNILVR.NS,2025-10-28,1036.278873199152,1052.31200789517,1025.0361288112535,1044.8292299857455,3505544,,,-2.747517874978811,0
HINDUNILVR.NS,2025-10-29,1037.294437640965,1043.2311599172367,1035.946385772891,1040.1781517565182,3306056,,,-3.1804392456378006,0
HINDUNILVR.NS,2025-10-30,1017.6704990986913,1031.485496825178,1017.6625844318065,1023.7529060559821,3958996,,,-4.709297616026486,0
HINDUNILVR.NS,2025-10-31,1034.6534246972187,1039.6736052948493,1021.3175158887649,1034.7585454174007,3762140,,,-3.6848950490295906,0
HINDUNILVR.NS,2025-11-03,1027.0406564806046,1037.1645715954014,1016.4704040006447,1030.072909501733,1848719,,,-4.1210330417798975,0
HINDUNILVR.NS,2025-11-04,1034.6536310459105,1040.1355576759056,1027.1498570829472,1038.647080420844,3148566,,,-3.3229510393658623,0
HINDUNILVR.NS,2025-11-05,1049.8085975016124,1064.85432091715,1039.0725632763638,1050.8445105201047,3129183,,,-2.1876168444030064,0
HINDUNILVR.NS,2025-11-06,1055.518208482863,1062.0448411112293,1054.1812334675117,1054.78405772924,3615675,,,-1.8209246295016857,0
HINDUNILVR.NS,2025-11-07,1086.4561965963921,1095.4811462774135,1071.8467270357407,1086.037023306426,2326213,,,0.0,0
HINDUNILVR.NS,2025-11-10,1070.5469121648835,1076.4051140142155,1060.8160010744361,1064.2674953453613,3986572,,,-2.0044922497013506,0
HINDUNILVR.NS,2025-11-11,1046.262152411815,1059.3780940895938,1039.5804911092398,1054.3450053190713,2473039,,,-2.9181342170885305,0
HINDUNILVR.NS,2025-11-12,1062.6424871468312,1063.8943796559488,1037.7477700285406,1051.5830424755445,3305017,,,-3.172449934164001,0
HINDUNILVR.NS,2025-11-13,1077.879342688263,1088.5480977941434,1074.3356373610125,1080.9919944063095,2521662,,,-0.4645356274095458,0
HINDUNILVR.NS,2025-11-14,1111.7055255587395,1117.971884805843,1099.574872701523,1105.0643016395309,2878363,,,0.0,0
HINDUNILVR.NS,2025-11-17,1125.111014068677,1127.5700337224732,1120.5366984181587,1122.7894591729191,3029380,4.509003648248089,22.00590217495016,0.0,0
HINDUNILVR.NS,2025-11-18,1107.8960262468638,1127.5450007848706,1106.3064068645754,1112.639424338882,1408880,5.18260423796566,21.655218060796944,-0.9040016141150797,0
HINDUNILVR.NS,2025-11-19,1099.7393234827566,1115.8613703045273,1088.8621683920771,1104.1250792299088,3341084,3.738440886640859,21.78178381863215,-1.6623223339448767,0
HINDUNILVR.NS,2025-11-20,1092.7191812353597,1095.387390283195,1084.091714517833,1093.6917276398117,2475320,4.262926067685235,21.514998344227887,-2.59155724124287,0
HINDUNILVR.NS,2025-11-21,1085.5760929402202,1085.9153610800006,1078.5934728723118,1083.9438678947672,3772073,3.8190771033682402,21.654944292998135,-3.4597395763553696,0
HINDUNILVR.NS,2025-11-24,1102.9159632905746,1116.2994266558458,1097.9088688642396,1104.0297962454622,2921848,5.645068445148915,22.21946683614849,-1.6708086074548545,0
HINDUNILVR.NS,2025-11-25,1097.8780945800743,1108.2674086698582,1097.4186175506989,1101.2986712144236,4944242,6.264226560259201,22.050552638283104,-1.9140532343727479,0
HINDUNILVR.NS,2025-11-26,1098.1707231453624,1100.3378982803085,1089.525686816814,1100.3193742771603,3994720,6.017064758192681,22.067121322633927,-2.0012732317874593,0
HINDUNILVR.NS,2025-11-27,1114.9776352455083,1120.3678885182578,1102.0248295239699,1111.0899623849728,2658126,6.921404481134807,22.17895268099124,-1.0420027274360533,0
HINDUNILVR.NS,2025-11-28,1088.3002818229063,1100.797052130108,1084.1686927863952,1089.6183618607372,1224622,5.844800077176648,22.814615842793877,-2.9543470542212624,0
HINDUNILVR.NS,2025-12-01,1092.780375121205,1096.5943844715355,1084.917574780985,1090.7959076853879,3326552,5.19228144642665,22.760279374953473,-2.8494702391576254,0
HINDUNILVR.NS,2025-12-02,1069.516847163292,1078.7524163916062,1068.16522774664,1077.0152112943354,3290769,4.773129868355674,22.94622433446706,-4.076832704886845,0
HINDUNILVR.NS,2025-12-03,1076.1699277151085,1085.8294091881824,1071.0317996029444,1073.698150659307,3018318,1.5761408164662427,21.539528786105734,-4.372263037611191,0
HINDUNILVR.NS,2025-12-04,1071.5450498131809,1085.9642361354431,1060.7907989162857,1066.647144558299,3164964,0.9964502955781329,21.636636265669033,-5.000253088942985,0
HINDUNILVR.NS,2025-12-05,1060.8191997178214,1062.448896533447,1058.86935819247,1058.9870227612091,4732136,1.644876089716063,21.358256874449484,-5.682493355317819,0
HINDUNILVR.NS,2025-12-08,1059.1507895657974,1069.6951411046791,1058.3509806843954,1062.333768341102,1815664,3.131432070015805,21.065541766257546,-5.384419165847043,0
HINDUNILVR.NS,2025-12-09,1064.8325156755543,1069.1312093026902,1061.1423770217475,1065.635227761868,3073040,1.9913299876197277,20.70216387313309,-5.090378337996926,0
HINDUNILVR.NS,2025-12-10,1058.9576845899837,1072.6893647831107,1052.0312499023491,1063.3045880026993,4268844,2.2233149395733953,20.66319284278102,-5.2979541876032705,0
HINDUNILVR.NS,2025-12-11,1069.5367156013554,1069.766022572279,1064.013278797817,1068.5239059676499,2538019,4.373223230608292,20.080383131800314,-4.833101412017438,0
HINDUNILVR.NS,2025-12-12,1058.4687197129829,1059.5844170800424,1048.6444200686121,1057.9183501547786,3101964,2.238184438287072,20.147166019858933,-5.777673497747882,0
HINDUNILVR.NS,2025-12-15,1065.202715638662,1068.6378546340688,1062.8776873665734,1067.084912106333,4018026,3.5931439671103904,20.205853556962786,-4.961263806984784,0
HINDUNILVR.NS,2025-12-16,1061.309652431119,1067.0756147897964,1056.4377145277908,1064.9251589253909,2335855,2.5300295932954686,20.11365179515692,-5.153619832711365,0
HINDUNILVR.NS,2025-12-17,1056.71793242727,1060.4856148945717,1053.00332591173,1059.2370903387794,3256356,0.798650964501002,19.92263825316547,-5.660221363402751,0
HINDUNILVR.NS,2025-12-18,1045.2162382778163,1057.8040932291274,1039.293547807661,1049.6535731795263,2279051,-0.4864014119400517,20.077029261996003,-6.5137667080760515,0
HINDUNILVR.NS,2025-12-19,1052.2137384811322,1054.2777930173581,1046.103803725082,1047.0867373611788,3286464,-3.586460231959998,17.996126380546656,-6.7423790981708365,0
HINDUNILVR.NS,2025-12-22,1071.226996315249,1074.8412121868594,1070.0230516440067,1071.3374331873954,2730059,0.664300833479814,18.407097161689588,-4.58251772540017,0
HINDUNILVR.NS,2025-12-23,1062.3251942853733,1074.391554700091,1059.9435337881257,1071.0038674608434,3622357,1.5800200179001855,18.182249927891625,-4.612226387503016,0
HINDUNILVR.NS,2025-12-24,1058.9064968509317,1061.1153602024258,1050.3832301693096,1056.8702247256833,3163873,0.5027831409007977,18.59794527516909,-5.871023628578942,0
HINDUNILVR.NS,2025-12-25,1069.7665752268392,1070.653052405124,1058.267793635765,1069.0667946895578,2429386,-1.1031718808705016,17.01108084463594,-4.784749629100993,0
HINDUNILVR.NS,2025-12-26,1062.1336927907746,1071.4018412461837,1057.5023794138276,1063.5063584800037,2534280,-3.7606809936643226,15.650851124981974,-5.279983723447601,0
HINDUNILVR.NS,2025-12-29,1065.6051915780292,1070.923782864744,1065.2041707817384,1067.6124549432993,1999392,-4.914278788319304,14.861173169834968,-4.914278788319304,0
HINDUNILVR.NS,2025-12-30,1050.842012771787,1063.2685491208758,1037.5159213672084,1060.3565722158012,3683310,-4.698993310806577,14.778034038219555,-5.560515949544797,0
HINDUNILVR.NS,2025-12-31,1083.9780370762096,1085.0461270559938,1068.8628962576627,1077.2622645449283,2980594,-2.432950323319938,15.497738818296492,-4.054829180666475,0
HINDUNILVR.NS,2026-01-01,1076.9777283094638,1079.9257471053625,1054.9477148513529,1070.13213091184,2936070,-2.1541350393874947,15.381334577377537,-4.689866638030971,0
HINDUNILVR.NS,2026-01-02,1096.160267281711,1099.6787332890724,1085.3560137015309,1088.722276974039,3263120,0.4408354732014397,16.031629722701382,-3.034155862486898,0
HINDUNILVR.NS,2026-01-05,1079.7602169124418,1080.3148882603632,1058.6327295889553,1075.5821188667342,2586065,-2.5767128274501006,15.432496532855456,-4.204469495194529,0
HINDUNILVR.NS,2026-01-06,1076.5888072164064,1081.5105658199927,1067.7863798035028,1072.2888828078294,2660447,-2.634143594725724,15.438898095641356,-4.497777918425594,0
HINDUNILVR.NS,2026-01-07,1095.3872383790367,1096.338831205158,1088.731577064046,1090.9444819727505,1691226,-0.8520155623514714,16.318902402165165,-2.8362376347589313,0
HINDUNILVR.NS,2026-01-08,1096.5082679865682,1098.398408175986,1093.2191994785476,1093.6385662717375,3288713,-1.5706555458187665,16.064159280016412,-2.5962919996287637,0
HINDUNILVR.NS,2026-01-09,1122.5220822616902,1128.3555964085538,1120.892951157823,1124.3625184688271,2628637,3.1886537364107514,17.076765900704494,0.0,0
HINDUNILVR.NS,2026-01-12,1131.0192326516258,1137.2072926437106,1114.7243333312294,1121.2396478629107,4629036,2.790965749231944,17.113761651414045,-0.2777458830777513,0
HINDUNILVR.NS,2026-01-13,1123.2596398939993,1125.4067149952664,1117.2114448027198,1125.2078545302932,1424009,4.474648336492937,16.631453766432433,0.0,0
HINDUNILVR.NS,2026-01-14,1150.6527368110685,1155.7067152513907,1149.2368810823111,1151.7447098723376,3296039,7.268947903571021,17.74945704535529,0.0,0
HINDUNILVR.NS,2026-01-15,1131.1673246082566,1132.3564598747935,1123.9382737774145,1131.517005751165,3241188,6.081660793244681,18.50237818286986,-1.7562662930237893,0
HINDUNILVR.NS,2026-01-16,1110.1778897778865,1111.1628657450112,1097.7670095014062,1109.9939637334655,3138139,4.816578473196076,19.3152377005892,-3.625000035250847,0
HINDUNILVR.NS,2026-01-19,1097.6778765966326,1112.540051257036,1088.2338686052133,1099.9413292862378,2626379,3.540089006476954,19.55475572875147,-4.497817974943585,0
HINDUNILVR.NS,2026-01-20,1110.7462364590376,1114.9324945899277,1108.4060453532843,1111.2279619767683,2545193,4.278455988233221,19.72351942999008,-3.5178583889532544,0
HINDUNILVR.NS,2026-01-21,1086.4670138084714,1094.464220864556,1077.5402021099785,1090.4558545225402,2114265,2.553479673293002,20.55232307669416,-5.321392390557689,0
HINDUNILVR.NS,2026-01-22,1099.8602909369042,1112.4317248022237,1089.0678828333448,1098.789121577712,2528987,2.832432240498539,20.61357958994789,-4.597858174707426,0
HINDUNILVR.NS,2026-01-23,1111.27386801959,1116.4660019896758,1100.8350047072051,1106.2518808180807,3028869,4.568739227959395,20.41117568135678,-3.9499056226878104,0
HINDUNILVR.NS,2026-01-26,1133.99521534028,1139.3372273413813,1120.3148395374878,1133.8270297375523,2787709,6.254621059112919,21.421520077969497,-1.5556989306051427,0
HINDUNILVR.NS,2026-01-27,1149.1782028383764,1151.9485005608763,1145.6240657063752,1148.656322405637,3987966,7.862633611242575,21.614486244405697,-0.26814861316297733,0
HINDUNILVR.NS,2026-01-28,1161.8835280597677,1167.1975116523345,1146.579462849033,1154.2027074862813,3439744,8.965473170612714,21.48978486739928,0.0,0
HINDUNILVR.NS,2026-01-29,1178.2830481107808,1178.9326068477008,1172.3905761279068,1173.7077633739193,3748571,11.818584089474204,21.5462632221444,0.0,0
HINDUNILVR.NS,2026-01-30,1186.3655489807,1197.5106505984782,1180.4444034000069,1181.8523267422759,2914468,12.870527776975504,21.480733118759186,0.0,0
HINDUNILVR.NS,2026-02-02,1164.302687676128,1187.2404077954523,1161.548518454914,1175.8725852297052,2119152,9.757444181829955,20.856516809463866,-0.5059635097604431,0
HINDUNILVR.NS,2026-02-03,1164.1309254932657,1173.2811409797766,1156.8620751614508,1160.3522126812184,2630378,8.342485768254381,21.37267956377078,-1.8191878608321277,0
HINDUNILVR.NS,2026-02-04,1158.5242117885023,1162.7521676922256,1149.838390043981,1152.9680904590589,3156564,9.092683612911735,21.018144331237913,-2.4439801512964876,0
HINDUNILVR.NS,2026-02-05,1157.0963073811777,1162.9989915648807,1152.6992668945816,1152.9305916692786,1642964,7.844579720958755,20.87617490301875,-2.447153034145877,0
HINDUNILVR.NS,2026-02-06,1154.8012267701372,1156.0110757134896,1152.8195238902629,1155.8726786076973,2409955,8.685074554674642,20.744811933857964,-2.198214408579313,0
HINDUNILVR.NS,2026-02-09,1132.281770258394,1132.3742963728714,1120.9127934207916,1127.1379584289048,2633417,5.57557222285936,22.240775063170364,-4.629543562704564,0
HINDUNILVR.NS,2026-02-10,1133.3522641151003,1137.8701092502938,1117.6012735440197,1124.6763191019224,2166730,6.065860161710868,22.12383712242254,-4.837830103356189,0
HINDUNILVR.NS,2026-02-11,1122.4653816487269,1130.1685940796392,1121.2235281265105,1125.5666766383315,2860798,4.483997414855012,21.72984495585943,-4.762494334558132,0
HINDUNILVR.NS,2026-02-12,1131.2752497649274,1135.9706323836901,1125.8856156401594,1133.4946068659308,2856128,5.920995559688569,21.643958755134822,-4.09168884996326,0
HINDUNILVR.NS,2026-02-13,1161.5070971450768,1172.0522297198443,1153.9540686091677,1156.3579941865999,4104074,6.212393981736608,21.830984449276947,-2.1571504306252876,0
HINDUNILVR.NS,2026-02-16,1158.6071994287058,1163.1360429463257,1152.1822719073396,1159.4567895294501,2212622,7.79807224306488,21.41352179015527,-1.8949522462385793,0
HINDUNILVR.NS,2026-02-17,1147.2806018880005,1154.5433531004117,1134.4074184891158,1147.38474554922,2878412,7.003323819300378,21.686431334335094,-2.916403379097643,0
HINDUNILVR.NS,2026-02-18,1117.4510408062004,1123.2054972910462,1109.9750947204366,1123.1268524896323,4483404,2.9499549288417137,22.232193393986556,-4.968935028838828,0
HINDUNILVR.NS,2026-02-19,1133.3560296258065,1140.2868360777645,1130.2201945332722,1132.932180283494,2693509,3.592925050705764,22.34037056662386,-4.139277416631915,0
HINDUNILVR.NS,2026-02-20,1113.0450405080207,1132.6274136711118,1106.038852575428,1121.6809806206313,4106216,-0.2384940625597909,21.054802216845705,-5.091274498524212,0
HINDUNILVR.NS,2026-02-23,1136.352725809017,1143.0072945426589,1131.7952593556718,1133.9179425988395,4706328,1.1307390672541606,21.270187497722894,-4.055869168998916,0
HINDUNILVR.NS,2026-02-24,1160.6962808408095,1164.2669056651723,1148.6820143328703,1153.6101035097486,3080166,2.5241779876582493,21.814597512213023,-2.389657539565515,0
HINDUNILVR.NS,2026-02-25,1132.1895770543015,1141.095025604851,1127.1654463849454,1132.9396453158774,1646206,-1.632745902392252,21.380102966451673,-4.1386457782948245,0
HINDUNILVR.NS,2026-02-26,1143.0999242808043,1144.3282374636456,1140.752474705058,1141.0065184556324,3199154,0.8386540066331438,20.854814398390452,-3.456083925411657,0
HINDUNILVR.NS,2026-02-27,1164.9219301330434,1171.7562449312306,1154.1475390438534,1159.3628824735945,2953110,4.447674523749345,20.49864061086889,-1.902897998320363,0
HINDUNILVR.NS,2026-03-02,1172.0469525809804,1186.0019562337513,1171.2778283601638,1174.153484405996,4475803,6.7469194168670255,20.49444839750592,-0.6514216845941556,0
HINDUNILVR.NS,2026-03-03,1137.653181977195,1145.6631257777253,1137.2699875386613,1145.4977493948213,3230188,3.083956540932453,21.743100665740155,-3.0760676714716384,0
HINDUNILVR.NS,2026-03-04,1129.9636479660287,1144.031136245237,1120.6170565419343,1134.331846279549,4064747,4.023637598444552,21.182711515087995,-4.020847561701302,0
HINDUNILVR.NS,2026-03-05,1113.147404602587,1120.8898536971758,1099.0908067138587,1117.5401688012548,2412595,1.7065191905630606,21.602876547528822,-5.441640760508104,0
HINDUNILVR.NS,2026-03-06,1126.627535894556,1133.8186530619107,1118.2299799238972,1125.0866190704376,1934738,1.7025723145825067,21.601914871811996,-4.80311341674221,0
HINDUNILVR.NS,2026-03-09,1127.9601457194294,1133.2400711219836,1114.9050168454771,1131.1878883151892,2390791,-0.23276402424221576,20.40382871289569,-4.286867088271595,0
HINDUNILVR.NS,2026-03-10,1093.480321579546,1098.4018414618552,1089.414817113284,1095.6436172412607,3544203,-4.615192911083399,21.943826958897997,-7.294372363647639,0
HINDUNILVR.NS,2026-03-11,1088.4875727112026,1095.671651936224,1087.0801504438698,1092.1850817087598,4009849,-5.373200511077359,21.86621849646816,-7.5870092231133395,1
HINDUNILVR.NS,2026-03-12,1102.1722004985734,1103.3722305588767,1095.3877016798774,1103.2246065292077,4490581,-6.005170881898403,21.44755627560489,-6.65292257195973,1
HINDUNILVR.NS,2026-03-13,1106.3632528784096,1113.5175825807034,1105.4826497979043,1105.6809904456707,3068213,-6.445080707042994,21.320496199973128,-6.445080707042994,1
HINDUNILVR.NS,2026-03-16,1101.4700272524194,1122.419932077222,1093.196410845629,1108.1201171077346,3062446,-5.7618885730493785,21.337743035442507,-6.238699029157124,1
HINDUNILVR.NS,2026-03-17,1104.6834255345602,1112.9622794005056,1097.7913653142539,1103.772027183454,3849841,-4.8761216533577345,21.07826763412898,-6.606603700992563,0
HINDUNILVR.NS,2026-03-18,1097.912843569873,1102.0054718844556,1085.9307602188157,1090.323564533773,3152019,-5.433326944923844,21.25979242165207,-7.744517664131356,1
HINDUNILVR.NS,2026-03-19,1090.0635101634675,1102.7076606069486,1087.099398701015,1090.5893004532425,3992570,-5.407202451430737,21.2619085202649,-7.722032966724024,1
HINDUNILVR.NS,2026-03-20,1093.4263507602484,1093.5371541409693,1082.7731726356653,1091.7606588725557,3232107,-5.546633372489385,21.24014525918869,-7.622920887083573,1
HINDUNILVR.NS,2026-03-23,1099.9198444052242,1109.451425969114,1091.6753143424837,1100.3442583207564,3961570,-2.377144688259425,20.249018954654424,-6.896637302072495,0
HINDUNILVR.NS,2026-03-24,1092.8140299838417,1113.008859847819,1091.423202116316,1110.0770799476536,2972109,-1.2980836269342544,20.4313376672226,-6.073114649819877,0
HINDUNILVR.NS,2026-03-25,1114.4313806452053,1116.173617176176,1107.1985729475962,1111.7197643612358,2785630,-1.23021697110397,20.435666259343428,-5.93412229211051,0
HINDUNILVR.NS,2026-03-26,1133.6814457641378,1138.9798932291294,1123.2597477998927,1126.928078488961,3394964,-0.5793171257449492,20.732166787491487,-4.647302121468178,0
HINDUNILVR.NS,2026-03-27,1127.5680284954083,1134.4801633973243,1121.6129925209434,1122.372425980873,3792248,-2.939017879980399,19.842482407484148,-5.032769273751536,0
HINDUNILVR.NS,2026-03-30,1104.3541855337592,1117.0559822870903,1096.3172378333536,1103.58585917029,2499512,-4.818716045626392,20.32870341668866,-6.62235592391851,0
HINDUNILVR.NS,2026-03-31,1120.771636782943,1134.9070765483345,1106.1729852827584,1110.4193715864265,2443002,-3.2217069388611463,20.27031599841477,-6.044152347929222,0
HINDUNILVR.NS,2026-04-01,1120.9798791722135,1122.6802222473857,1107.304321215009,1112.6033984075877,2786804,-0.9369782281242078,19.362257083576935,-5.859355417573175,0
HINDUNILVR.NS,2026-04-02,1116.5620903844622,1121.8141980658718,1114.3603575704774,1119.7598174236957,2399075,-1.162678851306198,19.28100607001842,-5.25382976481803,0
HINDUNILVR.NS,2026-04-03,1104.5840423691523,1107.176882176482,1096.796197675775,1103.3920972673197,1673384,-1.6304888528280381,19.530255039383473,-6.638750688186934,0
HINDUNILVR.NS,2026-04-06,1129.2685563712173,1132.8726432884189,1122.9241693365896,1127.86568791995,3440939,-0.5337471479654243,20.356811289715072,-4.567968230949604,0
HINDUNILVR.NS,2026-04-07,1145.1923663236284,1152.043373520549,1119.73475105264,1138.0331510118635,5480517,-1.3502787857434417,19.87231799343699,-3.7076692865002814,0
HINDUNILVR.NS,2026-04-08,1126.6364618990813,1149.5729898544635,1126.586498065152,1134.6155439945965,3403385,0.14792479772844924,19.18662268082337,-3.9968430639626074,0
HINDUNILVR.NS,2026-04-09,1122.112651192899,1127.1917781437612,1120.2931988827643,1122.4533607264477,2444839,-1.6260343327658355,19.317262535966773,-5.025921146981094,0
HINDUNILVR.NS,2026-04-10,1135.0958183162613,1138.9323438261729,1129.3510143096164,1137.5661153021565,2610607,-1.8800642577872395,19.135895369109857,-3.7471865509790314,0
HINDUNILVR.NS,2026-04-13,1121.830330442301,1126.9710872389855,1120.4922354722078,1123.12852641625,3893368,-4.345680412945296,19.017780563783642,-4.96879339298637,0
HINDUNILVR.NS,2026-04-14,1150.2945649882834,1162.4128668075941,1148.1920862552697,1154.5409955514049,3323430,0.7894599671942837,19.564836952734304,-2.3108920271074362,0
HINDUNILVR.NS,2026-04-15,1142.623488850455,1155.8338286154387,1129.426620770077,1146.5905062272036,2497716,1.080694330134646,19.45395316563933,-2.9836063031893234,0
HINDUNILVR.NS,2026-04-16,1178.000797734019,1194.8377193275671,1163.4730938215662,1171.0340786421964,2313789,4.786754994079767,19.80963193439571,-0.9153637772918333,0
HINDUNILVR.NS,2026-04-17,1173.532642134389,1180.3011746201096,1168.4882899933386,1168.9686486781625,2351907,3.9003245495871974,19.7721893934957,-1.0901258788927226,0
HINDUNILVR.NS,2026-04-20,1190.8690051174206,1204.9750876142537,1190.097766458758,1191.8886930588205,4688241,5.366111622185077,20.44202930350082,0.0,0
HINDUNILVR.NS,2026-04-21,1180.1300967432078,1192.5333326455639,1168.618924105216,1181.9541477705905,2770792,7.877609942788921,18.145358694166948,-0.833512839419126,0
HINDUNILVR.NS,2026-04-22,1180.2151854715917,1193.6638669494394,1178.9033848893719,1182.751525082614,1329533,8.292224906804258,18.07369010906658,-0.7666125225802012,0
HINDUNILVR.NS,2026-04-23,1188.503058103543,1202.023598231707,1181.8423283176942,1194.764242360824,3644005,8.297461395427352,18.075430175416876,0.0,0
HINDUNILVR.NS,2026-04-24,1203.3867182244103,1208.7996255154164,1198.2141656596236,1204.834444560242,2096381,8.967636684664825,18.149854974133067,0.0,0
HINDUNILVR.NS,2026-04-27,1223.6383486383088,1226.373312477479,1219.3900505084716,1221.4023567651614,3318142,10.222920593942542,18.41634285218761,0.0,0
HINDUNILVR.NS,2026-04-28,1215.3190832845316,1218.946223710784,1205.0987881925464,1214.822977020775,3491601,10.061040423419222,18.471105625704574,-0.5386742303176484,0
HINDUNILVR.NS,2026-04-29,1221.6011643256775,1223.9536120999985,1212.2166355852376,1216.6052898933415,2912064,11.58204128272391,17.893603657023906,-0.39275074632447726,0
HINDUNILVR.NS,2026-04-30,1239.926924107443,1240.4123341316604,1227.0120411211908,1235.5218805535712,3656172,13.289382175315279,18.18264788398383,0.0,0
HINDUNILVR.NS,2026-05-01,1217.6474900888388,1227.73866449011,1214.840402154872,1225.659115063256,2641499,12.264451471348604,18.505882375532344,-0.7982671651186157,0
HINDUNILVR.NS,2026-05-04,1235.5118354415529,1240.76983916852,1230.8680340677038,1234.6624432407777,3045437,12.206923779018531,18.49694744941125,-0.06956067118847331,0
HINDUNILVR.NS,2026-05-05,1228.9299329763887,1241.8634858254718,1227.4199520990883,1231.9718881558626,3504640,10.980751734281103,18.51739778202472,-0.2873273596836645,0
HINDUNILVR.NS,2026-05-06,1242.5742799475966,1253.013234963073,1231.2748805159063,1235.5730843247125,2757873,11.140696057935017,18.508136863100376,0.0,0
HINDUNILVR.NS,2026-05-07,1230.305648234046,1238.9165393263413,1222.225608636735,1237.382007203362,3283451,9.80132901316142,18.266640146572403,0.0,0
HINDUNILVR.NS,2026-05-08,1209.385874665067,1232.6836496984777,1202.6266231447776,1226.28200034063,2759022,9.258029861963823,18.490549492807144,-0.8970557837526205,0
HINDUNILVR.NS,2026-05-11,1227.8350836213388,1232.4613114238966,1217.9697693171493,1223.0000182339118,4017040,10.82055900511456,17.613102941301943,-1.1622917486860285,0
HINDUNILVR.NS,2026-05-12,1219.4642435042992,1226.0993007576656,1218.315491264861,1225.6783194444888,2339649,10.37976739305213,17.5979325603775,-0.9458427301141215,0
HINDUNILVR.NS,2026-05-13,1226.2056118143996,1235.846302003621,1215.548578486272,1224.7173653136576,3578931,10.076723391869269,17.634828366822344,-1.0235029938998497,0
HINDUNILVR.NS,2026-05-14,1240.140258609144,1258.618948812045,1238.903820518241,1248.6104448320098,2972611,11.506987963255288,18.23596307825649,0.0,0
HINDUNILVR.NS,2026-05-15,1261.8826988342387,1278.856355316979,1261.081200259543,1264.4017909379143,3433930,14.592246407179644,17.555495059786622,0.0,0
HINDUNILVR.NS,2026-05-18,1274.3943352794568,1274.8145677010866,1249.6440626929984,1269.3782910939349,2247702,12.54693752010201,16.746412351834078,0.0,0
HINDUNILVR.NS,2026-05-19,1255.3201308647394,1265.4893280051542,1243.5503124370507,1258.3707819867996,3641668,10.574176232734512,17.067734529995406,-0.8671575041392265,0
HINDUNILVR.NS,2026-05-20,1243.8345155296906,1253.008939888783,1233.4990679004184,1246.5477609232967,3289350,9.86521095371431,17.37430745877998,-1.7985599982935807,0
HINDUNILVR.NS,2026-05-21,1284.202433339998,1284.6658969958228,1273.0786518808477,1276.9980294733703,3240182,13.768471292820728,17.905815730527515,0.0,0
HINDUNILVR.NS,2026-05-22,1259.0307820134112,1263.273366517164,1250.084335819133,1262.1817497576667,3395285,10.954583894441171,18.26968272437805,-1.1602429583868479,0
HINDUNILVR.NS,2026-05-25,1268.3246001331838,1275.8596749823296,1259.4173090320594,1264.4742822844762,2897431,12.5850027440084,17.62240408906095,-0.9807178163038222,0
HINDUNILVR.NS,2026-05-26,1278.4199336493905,1285.2644033954584,1259.947456159195,1270.532616352622,4161029,10.046557138130897,16.09965024257778,-0.5062978149946384,0
HINDUNILVR.NS,2026-05-27,1265.7263524944547,1269.3097474625768,1259.84402710759,1266.3625713042522,2080686,10.445932041697459,15.935605172809813,-0.8328484401423863,0
HINDUNILVR.NS,2026-05-28,1246.1421602658338,1261.5438265876041,1245.333911798835,1251.7850730454597,2733346,6.89569978158906,15.55787039005216,-1.974392743449127,0
HINDUNILVR.NS,2026-05-29,1233.4818695805536,1241.7180460857455,1232.7742043796006,1240.6062775564194,3945792,6.128276319408799,15.855196989952686,-2.8497891991234092,0
HINDUNILVR.NS,2026-06-01,1242.9780686448355,1246.3822152201976,1227.895775852212,1233.049656000593,3517379,3.4534233927614677,15.111907190915039,-3.4415380805952744,0
HINDUNILVR.NS,2026-06-02,1223.189944213544,1224.9522569882076,1216.8212532701868,1223.144428938215,2628623,3.484930548728804,15.095634548037589,-4.217203103857903,0
HINDUNILVR.NS,2026-06-03,1242.461551015834,1249.3443929314851,1238.65197320438,1243.3457738258,4460460,5.123159637351016,15.733715867413936,-2.6352629268698413,0
HINDUNILVR.NS,2026-06-04,1247.1220315416379,1250.296916831396,1241.4818777359992,1243.7671533556086,2170029,4.101471173756921,15.53194310623226,-2.6022652620275366,0
HINDUNILVR.NS,2026-06-05,1233.7093638710226,1241.7203420579306,1214.752875543321,1236.5281209381812,2193094,2.63054202351487,15.5195915654557,-3.1691441647626273,0
HINDUNILVR.NS,2026-06-08,1246.6099145581245,1249.366918638022,1235.873132345464,1238.6714684863869,3318783,1.4138757490989473,15.03905501009291,-3.00130149791924,0
HINDUNILVR.NS,2026-06-09,1239.4390988445032,1251.314248143102,1229.938855688005,1249.199869559455,2903107,2.8297861654696277,15.10421362461512,-2.176836555133843,0
HINDUNILVR.NS,2026-06-10,1235.7807675699182,1247.6936060885107,1226.2954433494185,1244.6024576470938,3206903,2.3012531661938507,15.16317495205406,-2.5368537052195994,0
HINDUNILVR.NS,2026-06-11,1251.5701853154999,1276.5921238435221,1242.1548091733375,1258.711156272985,2805660,1.876881023671051,14.853157529297857,-1.4320204713179407,0
HINDUNILVR.NS,2026-06-12,1235.0663944540704,1247.9218888830483,1231.715774564514,1240.2127116737554,3508920,1.187409813351592,15.31303614625732,-2.880608814626362,0
HINDUNILVR.NS,2026-06-15,1264.8275137463909,1267.7581305199096,1250.7052716582832,1258.3318464807721,3382911,1.9170748547162608,15.736629238447843,-1.461723711531171,0
HINDUNILVR.NS,2026-06-16,1261.3185467900068,1263.1376935714648,1256.6783849494334,1258.7609279660635,2909946,2.174484667040688,15.7137684922705,-1.4281229169028298,0
HINDUNILVR.NS,2026-06-17,1259.0942169695973,1260.4665122829329,1250.518033190454,1258.6000862735498,4782767,1.8636697610989517,15.702223209845592,-1.4407182137475716,0
HINDUNILVR.NS,2026-06-18,1249.6338714341757,1249.6831488562345,1246.8194930542807,1248.7365136328717,2473662,0.917623366382414,15.89123267905164,-2.2131213352109436,0
HINDUNILVR.NS,2026-06-19,1234.7909113601543,1238.0594750815937,1227.9184304487244,1231.0240841653717,3721653,0.3867041857765541,16.22536756000356,-3.6001578895903275,0
HINDUNILVR.NS,2026-06-22,1207.280931564125,1214.307716857129,1204.6425159803812,1207.1892345884694,3189594,-1.292786869150997,17.173477304866637,-5.466632937068017,0
HINDUNILVR.NS,2026-06-23,1201.323739674458,1207.3174822251308,1195.9420248809986,1196.726309022007,2622330,-2.3621214443610095,17.320103567918093,-6.285970580899569,0
HINDUNILVR.NS,2026-06-24,1205.7444402019007,1208.3727861723196,1202.2363496946025,1205.7360301928113,3241129,-1.54985433034871,17.4850104822548,-5.580431420865006,0
HINDUNILVR.NS,2026-06-25,1192.0089790979214,1199.5737707153048,1187.18633562363,1192.4418924724732,4983522,-4.4984849031191265,16.67523693949767,-6.6214774846416695,0
HINDUNILVR.NS,2026-06-26,1174.588451157753,1182.5344391582278,1169.7127491514887,1171.0141861968464,3618146,-7.38591208984245,16.781962093605575,-8.299452374271187,1
HINDUNILVR.NS,2026-06-29,1157.2092920685607,1169.2244231410396,1149.994805378931,1158.8287278930188,3433674,-8.708953349568137,16.818721856808498,-9.253679242487479,1
HINDUNILVR.NS,2026-06-30,1145.9075337536813,1164.0422135073209,1142.2165558683273,1154.0068917606438,2821960,-8.29357226980263,16.736653263489124,-9.631270751721333,1
HINDUNILVR.NS,2026-07-01,1146.5477673557627,1153.1605575976423,1136.4296175958866,1149.747654840692,3387562,-7.765455052512915,16.62342067354135,-9.964805872500527,1
HINDUNILVR.NS,2026-07-02,1144.780305360622,1152.17734149349,1142.398348593281,1148.4855197365193,2794697,-10.06364197678904,14.525869742295178,-10.06364197678904,3
HINDUNILVR.NS,2026-07-03,1160.04776442266,1177.2129339652572,1157.4903752361197,1163.326732551775,3063194,-7.832074677428302,15.064597343125813,-8.90144654087469,1
HINDUNILVR.NS,2026-07-06,1178.9821655950805,1188.7808570803284,1178.8918851867527,1181.4271880320962,3384377,-6.567717146634422,15.922480367589639,-7.484024190756755,1
HINDUNILVR.NS,2026-07-07,1211.2199325749377,1223.1242782306408,1205.6266681642849,1210.7464876861236,2914173,-4.7055957396929475,17.65189390320143,-5.188069226275049,0
HINDUNILVR.NS,2026-07-08,1191.407449554076,1191.7553091600005,1187.577339164743,1187.8994458530674,4037091,-6.195944765674344,18.349508421541902,-6.977190376483733,1
HINDUNILVR.NS,2026-07-09,1172.0632203418472,1176.4532350127015,1163.6967283199767,1176.2887217560105,3247192,-6.0310953465657295,18.27857100082986,-7.886410581141767,1
HINDUNILVR.NS,2026-07-10,1184.9697094015135,1198.8699814325882,1168.8279552635222,1186.721561942459,4660944,-4.343417939178529,18.420205537631816,-7.06942888299843,0
HINDUNILVR.NS,2026-07-13,1182.2599153364142,1186.4030728962125,1178.3269109781372,1180.8027489099975,2241860,-4.237210305062544,18.39862181056639,-7.532923179454187,0
HINDUNILVR.NS,2026-07-14,1192.016748537145,1200.3366609256982,1181.908873838749,1193.5980333104656,1316012,-2.4156097128609777,18.61694492940677,-6.530941648931011,0
HINDUNILVR.NS,2026-07-15,1189.4546076143163,1204.4403926204861,1182.41149983872,1197.104861338277,3427913,-3.719071030839538,17.925891278971854,-6.256326657609712,0
HINDUNILVR.NS,2026-07-16,1225.2245407491723,1225.3464237723367,1218.3674772277304,1220.55398162642,3106418,-1.8663599264991726,18.91068299624629,-4.420057552495016,0
HINDUNILVR.NS,2026-07-17,1234.4159250411608,1245.408123188504,1220.517385252422,1236.4764901953354,4159849,-0.0041754604664157036,19.242173442471213,-3.1731872988673193,0
HINDUNILVR.NS,2026-07-20,1242.099205343294,1256.1670805113013,1242.068208965444,1252.8818232166905,3370446,1.14722548244921,19.6156106650363,-1.8885077110592952,0
HINDUNILVR.NS,2026-07-21,1238.6462158045842,1260.3110898288453,1228.93431473523,1247.2638839610509,2552704,-0.15497804999666798,19.51352518018912,-2.3284409862857514,0
HINDUNILVR.NS,2026-07-22,1238.9493184159812,1254.6179553716356,1236.046648656839,1246.3647215634933,2341961,0.14159251458742972,19.48357166006387,-2.3988531855847928,0
HINDUNILVR.NS,2026-07-23,1243.5652404297152,1250.8679083987292,1229.3628981261602,1242.3644919569322,4139504,-1.2986827227665865,19.210113686211507,-2.7121057916370317,0
HINDUNILVR.NS,2026-07-24,1222.6071188766034,1225.0553959498889,1216.8444548199084,1220.6628962750774,4171920,-1.576327610147954,19.405593580214024,-4.411528592689007,0
HINDUNILVR.NS,2026-07-27,1245.910997754298,1254.4839595651958,1238.6169065366782,1242.9699813955551,3040533,-1.2208119128654493,19.67998788678564,-2.6646907271930753,0
HINDUNILVR.NS,2026-07-28,1256.7187719491208,1260.866465002385,1253.9810307358994,1254.7002156825283,2533111,-0.3225959904949227,19.882686372564134,-1.7461118401284836,0
HINDUNILVR.NS,2026-07-29,1252.0718672867981,1261.9987500357238,1245.7864117636634,1250.0764492681526,3248570,-0.6772315605534263,19.91088795212253,-2.1081927758588637,0
HINDUNILVR.NS,2026-07-30,1269.336872218229,1273.7962989488813,1266.557477897545,1270.3699804237483,2463895,1.7324284630662046,20.32138125488443,-0.5190336160781239,0
HINDUNILVR.NS,2026-07-31,1264.1053953600094,1268.5576807864147,1257.5229446243484,1261.3620532040693,2525558,2.464449674781677,19.972363390245373,-1.224432294210287,0
HINDUNILVR.NS,2026-08-03,1233.4939083398954,1238.4857221892933,1222.2065575507002,1234.3973562783872,3253180,2.253840649862404,20.157635026304426,-3.3360014825200235,0
HINDUNILVR.NS,2026-08-04,1250.043160210775,1257.0388390530816,1244.4278722380893,1249.970160785677,2510716,4.449125197822568,20.23076188465901,-2.116516084119513,0
HINDUNILVR.NS,2026-08-05,1228.2752079239299,1237.1994229258862,1225.42077454997,1231.4906166785638,997241,2.136005381014794,20.684387892525717,-3.5636243552837343,0
HINDUNILVR.NS,2026-08-06,1228.3761495500078,1230.077542492569,1225.873238640565,1229.151846452396,3128290,3.078552859612005,20.398637538751636,-3.746770309481673,0
HINDUNILVR.NS,2026-08-07,1223.8249212347487,1253.6880998615989,1216.6621071948057,1232.7484817871266,3225797,5.271865731257908,19.584749055161087,-3.4651226286145476,0
HINDUNILVR.NS,2026-08-10,1223.0361451584884,1245.2902959251717,1208.9265081755034,1239.0192768956163,2805900,6.919965571478359,19.25859371855263,-2.974065088684308,0
HINDUNILVR.NS,2026-08-11,1262.0664599720212,1263.7110032046808,1251.451541382398,1252.2592699900933,3671384,8.514020057501392,19.30617182667985,-1.9372590178137639,0
HINDUNILVR.NS,2026-08-12,1261.6913194369229,1263.3188389381125,1254.5695504901912,1261.5837994043034,3377509,9.727016540782362,19.25061373175246,-1.2070676471931385,0
HINDUNILVR.NS,2026-08-13,1271.9724742945612,1273.0316214988266,1267.8676086057378,1270.5056716263705,3733736,10.624439733279756,19.23884286643671,-0.5084078203062892,0
HINDUNILVR.NS,2026-08-14,1257.3767066560806,1268.372638723145,1249.4767619594904,1259.0712282723966,4147027,8.230232577102804,19.349004007241334,-1.403823716812358,0
HINDUNILVR.NS,2026-08-17,1266.4782204756805,1273.8379907905733,1260.2310400841052,1264.0914132127832,2479757,6.996980094759864,18.968242835574628,-1.0106997789111505,0
HINDUNILVR.NS,2026-08-18,1242.1814645873806,1245.8083398469428,1241.0249182335017,1242.01539195529,3753144,2.582613667451139,18.56588274039086,-2.7394433437385235,0
HINDUNILVR.NS,2026-08-19,1268.7108290830038,1277.2774086382797,1257.9711052462453,1266.0849099692991,3216620,6.5818251190515875,18.33177875098364,-0.8545917262355984,0
HINDUNILVR.NS,2026-08-20,1247.2221301711627,1252.2692263944093,1233.620336376722,1245.512354944736,3650795,5.884918550046603,18.789366406958354,-2.465600870317619,0
HINDUNILVR.NS,2026-08-21,1237.7962962024758,1246.2788964205677,1236.1043780895143,1240.9014105794004,2734516,4.5655063811479435,18.741779243831555,-2.826677728614513,0
HINDUNILVR.NS,2026-08-24,1228.1045684755104,1235.3591514409352,1221.7075260410988,1221.9646482754843,3542324,3.485925096590714,19.28219041867849,-4.309590142482955,0
HINDUNILVR.NS,2026-08-25,1215.8370774752548,1216.2620907967778,1208.9203192709501,1211.8477946229548,3475350,1.5289704576567642,19.249182326904016,-5.101827359693201,0
HINDUNILVR.NS,2026-08-26,1214.9517016886523,1220.6289559087822,1207.6559541292922,1212.5866449346909,2769124,1.2932687934377185,19.236190360252145,-5.0439689844503866,0
HINDUNILVR.NS,2026-08-27,1202.049968574955,1216.1119430350825,1197.1748003744533,1205.4573832656238,3277126,-1.2368644556531305,18.439755414941196,-5.60225188736192,0
HINDUNILVR.NS,2026-08-28,1216.1212788517742,1224.4390735685286,1214.7765954292652,1222.6717012937404,3145555,-1.1164618988763864,18.521007204949118,-4.254221770571864,0
HINDUNILVR.NS,2026-08-31,1221.2470106181045,1236.5196525779909,1217.438738695346,1226.5551608703054,1772830,-2.1012885539989035,18.104468321389987,-3.950113268684319,0
HINDUNILVR.NS,2026-09-01,1219.1719711341213,1222.6951422168543,1218.2701424225465,1220.307655300856,3202174,-2.1612289914614946,18.11655821122969,-4.4393470361025695,0
HINDUNILVR.NS,2026-09-02,1226.6934632482137,1238.4659830101018,1212.4886867069677,1218.899475696557,990273,-2.203628311340744,18.11710900020436,-4.5496196889804885,0
HINDUNILVR.NS,2026-09-03,1244.324127393151,1259.5760770504037,1219.3365279487534,1237.4256715759186,2688185,-0.3975339292926927,18.67086037505349,-3.0988581802096515,0
HINDUNILVR.NS,2026-09-04,1258.0164321851328,1266.199748740153,1248.278738531851,1251.556483043851,2712200,2.530886034387292,18.202514357303,-1.9922933193570636,0
HINDUNILVR.NS,2026-09-07,1230.9876560861617,1240.9586323880624,1227.859952031927,1235.1236353738807,2344813,-0.6312578854772433,17.86984816090854,-3.279127542331328,0
HINDUNILVR.NS,2026-09-08,1228.259853477276,1234.8716483040616,1223.2066007714488,1225.6258559890516,3085684,-2.317235569905507,17.76049735807605,-4.022885885384209,0
HINDUNILVR.NS,2026-09-09,1230.012621996627,1236.8185633596431,1218.684329724901,1233.1815507719425,2836611,-1.3515092221840552,17.846855375205404,-3.4312095782557672,0
HINDUNILVR.NS,2026-09-10,1237.1949428936064,1240.2790776807176,1233.8214464123434,1238.9772213390115,2172909,-2.4711508905669644,17.2150327445458,-2.977358402819019,0
HINDUNILVR.NS,2026-09-11,1226.0987793374131,1227.9807442739823,1210.8711590106009,1224.0071205687025,4435404,-2.9614758538580643,17.433536407232122,-4.149646881328472,0
HINDUNILVR.NS,2026-09-14,1242.833845604373,1248.8036458544825,1227.292525207459,1235.613839792232,3182441,0.09854877828907593,16.56292799419458,-3.2407402929356843,0
HINDUNILVR.NS,2026-09-15,1216.0476583526784,1233.0344108962774,1212.6296859422287,1223.0231133828452,4297445,-2.1558152544932874,16.38156022561664,-4.22670316200755,0
HINDUNILVR.NS,2026-09-16,1238.7675528978239,1243.7027576964435,1229.348861739917,1242.866044722656,2741408,0.9237121168468754,16.52537201063463,-2.672829868405535,0
HINDUNILVR.NS,2026-09-17,1252.7104530762567,1260.923163345255,1247.1736717183358,1251.3485266684904,1990608,1.8058533841981195,16.614978150093183,-2.0085781037154415,0
HINDUNILVR.NS,2026-09-18,1227.8137249151662,1239.343177440692,1224.94964027813,1235.0198712062822,3849330,0.18425408367672702,17.06382694322627,-3.2872531748854517,0
HINDUNILVR.NS,2026-09-21,1226.4081839759976,1238.293582534416,1209.095575876245,1227.7540219997522,5294370,-0.9092073953917201,17.082394630265522,-3.8562320643459436,0
HINDUNILVR.NS,2026-09-22,1222.8483011940345,1223.85195459329,1218.2362294036088,1220.2763344356715,1854928,-2.5540186701652368,16.83952095164906,-4.441799730974571,0
HINDUNILVR.NS,2026-09-23,1219.2789584696777,1235.9623202470339,1214.4627045116463,1223.1680064238715,2389121,-3.0450448871150004,16.68688702150306,-4.215356782633261,0
HINDUNILVR.NS,2026-09-24,1214.7344797019457,1224.5020195801899,1212.4354928031278,1220.7248957558902,4639316,-3.918186040583038,16.512872104516664,-3.920223688528135,0
HINDUNILVR.NS,2026-09-25,1203.6926030914321,1213.197353121567,1203.2693677018253,1204.5997504278412,3211470,-4.326322182685183,16.727578949194786,-5.189387905212339,0
HINDUNILVR.NS,2026-09-28,1179.0738498305532,1188.0041254886269,1170.5214427147548,1185.144380150347,3110937,-6.245357909819704,17.174246737204207,-6.720664633341178,1
HINDUNILVR.NS,2026-09-29,1189.7079957534693,1197.30051013492,1177.8668132030004,1193.5132269593933,2892931,-3.9051178681079213,16.731844828487176,-6.05998433430206,0
HINDUNILVR.NS,2026-09-30,1199.6463459678112,1206.1001979924683,1184.2125027351801,1198.1568933774138,3633823,-5.365202290700433,15.636904959386799,-5.694486838169189,1
HINDUNILVR.NS,2026-10-01,1191.6064103663614,1212.9758292371753,1184.5709959388316,1200.2132709828545,4258548,-3.636983911242808,15.049191105991294,-5.532631786958875,0
HINDUNILVR.NS,2026-10-02,1208.9518727438253,1220.7298121415283,1204.5850536212565,1204.6588458654633,2832408,-2.9206643174831126,15.09480440927327,-5.182725841484592,0
ICICIBANK.NS,2025-10-06,794.7007206994754,796.8699625066735,789.2764400916066,795.418401336646,2180590,,,0.0,0
ICICIBANK.NS,2025-10-07,818.8217909283193,821.605511452482,813.606622724154,819.13018054677,3485642,,,0.0,0
ICICIBANK.NS,2025-10-08,803.854306523283,807.4532977201944,798.4539417258873,803.6175395967122,2591298,,,-1.8937943343392827,0
ICICIBANK.NS,2025-10-09,794.8923654395608,796.4978431261051,783.5922996288765,793.5910805442077,2371458,,,-3.1178316474085976,0
ICICIBANK.NS,2025-10-10,787.5339708695894,787.9082781164883,777.094251356752,783.7578021045288,4884656,,,-4.31828533269647,0
ICICIBANK.NS,2025-10-13,769.7326815125582,771.597013384015,767.8875179417505,769.8218014185851,2705923,,,-6.019602292674842,0
ICICIBANK.NS,2025-10-14,780.156539100997,792.3940710686376,775.4605933855162,782.4336516317917,3657549,,,-4.479938572216124,0
ICICIBANK.NS,2025-10-15,807.3844490248439,812.2448261753291,799.3530668338863,805.5275816690568,2325493,,,-1.6606150280818022,0
ICICIBANK.NS,2025-10-16,801.8647079121849,809.752121358382,791.149263228641,800.9571056165604,3254632,,,-2.218582022955018,0
ICICIBANK.NS,2025-10-17,785.8293144218239,797.7901572812863,783.280353651399,788.3808278220694,4696064,,,-3.753903037020978,0
ICICIBANK.NS,2025-10-20,771.7803142554075,772.9718715255307,767.4735514673924,767.5142848628558,3710165,,,-6.301305568970806,0
ICICIBANK.NS,2025-10-21,768.7187715610388,770.3032656956169,765.1268521331327,765.2837860432609,3240491,,,-6.573606464794968,0
ICICIBANK.NS,2025-10-22,764.0875196302354,764.697611921221,761.8491050921982,762.3984219002016,4103865,,,-6.925853789039971,0
ICICIBANK.NS,2025-10-23,760.1373085680714,762.3146940983132,748.6746051809,756.4774082233654,2690843,,,-7.648695385827908,0
ICICIBANK.NS,2025-10-24,763.4281581447837,765.9131875397244,743.6175115497051,758.5040305358316,2046014,,,-7.401283880233844,0
ICICIBANK.NS,2025-10-27,760.0224262328669,764.0389471647557,758.2109855005024,762.1238921795684,4560111,,,-6.959368574253954,0
ICICIBANK.NS,2025-10-28,763.0533812329932,769.2529849262809,757.731253275308,765.0988720983194,3563718,,,-6.596180891831471,0
ICICIBANK.NS,2025-10-29,759.2864566522381,768.6545064984073,753.6859980252018,762.2164053614664,3479667,,,-6.948074498648504,0
ICICIBANK.NS,2025-10-30,752.8357278818245,753.8570610117545,751.8655092654169,752.2208695020123,3512628,,,-8.168336686129141,0
ICICIBANK.NS,2025-10-31,758.3639832866273,762.224927967987,753.4988581623799,758.2695488430438,2398370,,,-7.429909573482163,0
ICICIBANK.NS,2025-11-03,759.0716455909957,759.1944140577225,757.4178896482601,758.3977871861468,3400650,,,-7.414254144571286,0
ICICIBANK.NS,2025-11-04,764.6168254528344,773.2812179620961,763.388648236536,766.540292517052,2653258,,,-6.420211253187402,0
ICICIBANK.NS,2025-11-05,775.3501986347457,783.8938299359831,770.1864430178566,773.8570067558564,3784858,,,-5.526981530663866,0
ICICIBANK.NS,2025-11-06,755.4933329227255,765.8818920288321,748.6434113166051,760.780519957032,2704435,,,-7.12336841877681,0
ICICIBANK.NS,2025-11-07,748.6860602162332,753.713129619809,745.7187478612059,747.8131744883719,3694220,,,-8.706431255016621,0
ICICIBANK.NS,2025-11-10,739.0883199373084,743.2014566454432,735.5436384704129,741.0778138648021,3274117,,,-9.528688911189654,0
ICICIBANK.NS,2025-11-11,735.1470661872299,735.9591666785883,726.176177484465,731.7576553119135,2133834,,,-10.666500552639302,1
ICICIBANK.NS,2025-11-12,739.59926233113,747.7827051651248,736.6892813601861,738.4337202561957,2690482,,,-9.851481755526258,0
ICICIBANK.NS,2025-11-13,743.8400717253975,744.9089638190353,739.8842197999514,741.5673636279927,2233232,,,-9.468924324947237,0
ICICIBANK.NS,2025-11-14,755.6612081603203,767.1738936965504,747.8306160097274,751.427817595413,2629004,,,-8.265153031739791,0
ICICIBANK.NS,2025-11-17,753.7865397654833,762.6922608806286,750.5567253359128,755.0258111399153,2455944,-5.078156367624098,22.083697153073086,-7.825907399000364,1
ICICIBANK.NS,2025-11-18,756.5381472131781,758.8124743204133,754.5324626839505,756.9329459948026,1740912,-7.593083007935409,20.02693255174567,-7.593083007935409,1
ICICIBANK.NS,2025-11-19,765.2645312400562,773.8274915652896,764.9211870931435,767.9236918122878,3360869,-4.4416461843698745,19.9957432924181,-6.251324874918163,0
ICICIBANK.NS,2025-11-20,771.4715578243166,775.3350161781781,763.7063751231934,772.2791183819244,2849446,-2.685509286176524,19.81603560771187,-5.719611275166603,0
ICICIBANK.NS,2025-11-21,771.5543641754367,778.0085469574935,768.210322451088,772.9251310644107,2524218,-1.3821452253528377,19.51408741078013,-5.640745583506323,0
ICICIBANK.NS,2025-11-24,786.8263306856863,786.8276058357379,785.568518530504,786.7940825642847,4673335,2.2047025836919643,19.494442891417247,-3.947614036257452,0
ICICIBANK.NS,2025-11-25,788.9569572490685,800.2140505608244,786.3547007631182,787.8972409867179,3030303,0.6982814892395828,18.929192450108236,-3.8129396647556213,0
ICICIBANK.NS,2025-11-26,785.1763282806613,786.3350003127144,784.9048066731,785.0398882716122,2957910,-2.5433881922446333,16.80197470543445,-4.161767333783562,0
ICICIBANK.NS,2025-11-27,779.1072913301578,781.6413259396635,772.7821967217583,777.2014559206475,5419025,-2.9659078531585337,16.95629278573411,-5.1186887776659695,0
ICICIBANK.NS,2025-11-28,781.5563868880822,784.2716978164059,774.5427299579645,783.8007452798817,3093174,-0.5809479861198952,16.572477954916035,-4.313042799046418,0
ICICIBANK.NS,2025-12-01,792.5681506556527,797.649839269871,787.598440838858,795.5378155195825,3377607,3.6512063956873675,15.142707384498443,-2.8801728452295117,0
ICICIBANK.NS,2025-12-02,796.8777921691403,805.3463949757223,786.3073280667988,795.0700905205147,2046494,3.8921907167611236,15.102401933289912,-2.9372730486130094,0
ICICIBANK.NS,2025-12-03,812.6006877137672,817.5813312019252,804.864703231015,807.6624430671699,2316012,5.937055988934525,15.589794551014032,-1.3999896172724902,0
ICICIBANK.NS,2025-12-04,789.2863149117053,791.5164658606308,788.6705738937841,788.8080137741038,2800102,4.273836230835881,17.023194752641384,-3.7017518695778295,0
ICICIBANK.NS,2025-12-05,781.8700819776591,793.6040167203855,781.4895904228177,788.298214063669,2612159,3.928019144049877,17.029642510791916,-3.7639885839050202,0
ICICIBANK.NS,2025-12-08,786.1679445063429,789.6286027160808,781.952089006144,787.933947901063,1195859,3.3865957997565754,17.00554637526639,-3.80845845832265,0
ICICIBANK.NS,2025-12-09,782.3768003280494,784.8136051835422,780.1691560188033,781.1047562253011,2081677,2.092002054987341,17.218673720551,-4.642171076651936,0
ICICIBANK.NS,2025-12-10,804.0731305302096,811.138677287126,798.8331407704604,803.7871895363644,2399441,5.45393458898118,19.003869871031185,-1.8730833480173015,0
ICICIBANK.NS,2025-12-11,805.8754841836752,807.6287998351971,801.0059359934319,803.1641975969021,4563754,6.772389621231256,18.489645283332344,-1.949138650856519,0
ICICIBANK.NS,2025-12-12,800.3860720995172,802.0140310077305,797.4863160619254,799.259236473962,2522902,5.405688213836313,18.516767386377303,-2.425859105758277,0
ICICIBANK.NS,2025-12-15,792.5310912084474,804.1706083414276,790.3992949266327,799.5234238599351,2856667,5.4226999826008315,18.515574281836066,-2.393606920178115,0
ICICIBANK.NS,2025-12-16,780.1232717698033,783.9993139524036,772.8460787166161,780.551721923452,2528094,1.8278790486526697,19.72923810222037,-4.709685900910998,0
ICICIBANK.NS,2025-12-17,769.9656922401616,781.702704550607,765.9203439336775,773.4813284317252,1237845,-0.0485462198896669,19.739487699691598,-5.572844609946392,0
ICICIBANK.NS,2025-12-18,777.9372753385458,783.2979204706949,775.7321022305058,782.6764174457676,1940494,2.8780833518150972,19.3500085636993,-4.450301547510982,0
ICICIBANK.NS,2025-12-19,782.8490512364093,784.3170806872179,774.5931958022705,776.8062374898428,2446388,3.877046298536646,18.764666640983,-5.1669373271872265,0
ICICIBANK.NS,2025-12-22,771.3546973412936,773.1153889245296,767.8250281437624,769.1325989733325,3488801,3.785673323860772,18.808068984647704,-6.103740621553477,0
ICICIBANK.NS,2025-12-23,776.2381139565792,788.8160751827929,775.3886491963195,781.3292477247956,4024755,6.774318253186173,18.78960730539614,-4.614764993366782,0
ICICIBANK.NS,2025-12-24,790.5964560611454,798.4100663505882,785.0848908761847,794.0120410047042,3200238,7.526514462154554,19.125385521911287,-3.066440492437894,0
ICICIBANK.NS,2025-12-25,799.179319497526,801.4062094274847,794.1071894748109,798.9684451929567,1986722,7.740508061754348,19.15004810702555,-2.461359113926842,0
ICICIBANK.NS,2025-12-26,794.4777892975054,796.8517173471625,791.2095921318112,794.6318967126696,4237671,5.749598045958781,19.006078576665804,-2.990768062989424,0
ICICIBANK.NS,2025-12-29,792.1057574368479,798.404724199349,789.5714046924354,792.366685936036,3195821,4.945642154901253,19.035333544157265,-3.2673066194276235,0
ICICIBANK.NS,2025-12-30,784.5979994908477,792.7656238130178,777.8739712247028,784.7721436196355,2891877,3.677894821746075,19.310175732318072,-4.194453792949071,0
ICICIBANK.NS,2025-12-31,777.7897941815871,781.2993157731593,774.7074853879433,775.4744810555062,2306518,0.9832733803796012,19.250799389381203,-5.329519107954683,0
ICICIBANK.NS,2026-01-01,769.6168784905784,771.0548738300851,764.1440115981277,765.8306165700411,4086547,-0.8349962673332545,19.532976165273787,-6.506849001846248,0
ICICIBANK.NS,2026-01-02,763.7022641421565,767.209227108306,753.7014612777701,760.1861257002491,2443456,-1.6481551514075377,19.639432300742403,-7.195932496001511,0
ICICIBANK.NS,2026-01-05,747.8047821209448,754.0972181753312,747.0390960922313,750.8197382309174,1887590,-4.572269305346232,19.12442147512237,-8.339387796730346,0
ICICIBANK.NS,2026-01-06,736.3200029642486,743.4821835995665,736.08516185153,736.876327534357,1675701,-6.475579656614261,19.728608738264438,-10.041609376119986,2
ICICIBANK.NS,2026-01-07,740.3958096266705,742.0748612937372,730.3750176506654,738.832948921039,3678298,-5.885935229648642,19.771842910202146,-9.80274363375704,1
ICICIBANK.NS,2026-01-08,739.676436807776,744.5666312086813,733.4735225719012,740.9298359685573,2230021,-4.666952136511893,19.667770017780324,-9.54675415890719,0
ICICIBANK.NS,2026-01-09,757.2292660745591,767.0350049233286,756.0529371117368,756.2215478295443,2183789,-3.518649046511091,20.50235101282338,-7.679931006233243,0
ICICIBANK.NS,2026-01-12,750.4990700535675,755.3521108604318,748.2854566736565,750.1950698403034,3015461,-5.69963423418971,20.010430345889045,-8.41564776192868,1
ICICIBANK.NS,2026-01-13,757.0968973561986,757.1274895254394,749.407495998324,752.879669242916,2802491,-5.306503386384165,20.07011214643982,-8.087909941205174,1
ICICIBANK.NS,2026-01-14,751.6610200493009,757.5660768829774,749.0008154223709,755.7245096170805,4975356,-6.430648582946419,19.44703689190483,-7.7406097877343765,1
ICICIBANK.NS,2026-01-15,751.5662418963317,754.6509104501965,748.9699178736208,753.440307095227,3169690,-4.483690081906955,18.384509072222556,-8.019466870051717,0
ICICIBANK.NS,2026-01-16,761.375248311817,761.6190780243992,755.2595366587041,760.2145814721318,2506416,-3.5625645333846823,18.632245443297453,-7.192458594958861,0
ICICIBANK.NS,2026-01-19,770.3610987307572,772.8501255199279,767.2788126268554,767.3341984405131,2748050,-2.614400549110052,18.879471621594355,-6.323290648585678,0
ICICIBANK.NS,2026-01-20,777.8472479066754,781.6602954896495,768.9924125194061,770.3695243583966,2399824,-1.3743651899884357,18.777427205104395,-5.95273588330315,0
ICICIBANK.NS,2026-01-21,773.510049080424,777.6258635431158,764.898511779078,768.0244475246303,3410075,-4.449279918527004,16.581428119253147,-6.2390245452837,0
ICICIBANK.NS,2026-01-22,765.5391802635319,767.9121592442478,761.2720475857988,764.7508881366708,3311444,-4.782746737860744,16.59964545293853,-6.638663023477043,0
ICICIBANK.NS,2026-01-23,752.9647852494764,753.1541696477163,750.3699567902966,752.3156911414148,3183510,-5.873381650194598,17.116208774719023,-8.156760792375694,1
ICICIBANK.NS,2026-01-26,745.2653357082363,748.1316973591731,737.517174719968,745.0892164874234,2159664,-6.808331782165233,17.24248830083866,-9.038974001656763,1
ICICIBANK.NS,2026-01-27,740.8275694925564,742.2510285171865,731.7547434038898,739.562514623042,2277213,-5.251312135908615,16.08973582173502,-9.713677729541903,1
ICICIBANK.NS,2026-01-28,727.5223408498889,733.9142073110645,726.1103725435846,729.6683341273035,1901559,-5.664389390401292,16.30757266409067,-10.921566381518332,2
ICICIBANK.NS,2026-01-29,732.1403084270422,743.0175313347895,731.0841754408596,733.5443960096843,2599828,-6.277437308820877,15.931801856714548,-10.448373966633383,2
ICICIBANK.NS,2026-01-30,739.738381125326,749.0150906066042,733.9343927585512,744.1678369991812,3637554,-4.201614111149354,16.54754936707675,-9.151456670483249,0
ICICIBANK.NS,2026-02-02,734.0525980834767,743.1904512545478,730.751340960515,736.1167897668744,2193561,-4.292603024566755,16.59171713662391,-10.13433429158771,1
ICICIBANK.NS,2026-02-03,735.9292235174883,741.3223809666845,734.7706731134792,738.6387945208512,2864525,-5.463823775733145,15.841794729809285,-9.826446142198153,1
ICICIBANK.NS,2026-02-04,733.255847474019,736.5497304400425,729.1436179341099,729.5432344571419,3763702,-8.119373916041194,15.160401498324614,-10.936838638985169,2
ICICIBANK.NS,2026-02-05,729.2449984284642,729.9433788653158,725.6324119182043,726.8924329098941,1608947,-9.021133777774626,14.918257275322548,-11.260450393282683,2
ICICIBANK.NS,2026-02-06,717.8635874001907,722.2864642234395,717.2697037834347,720.9094152402414,3059941,-9.277563835206259,14.978206510877943,-11.99086148198888,2
ICICIBANK.NS,2026-02-09,729.1675768036625,734.3621218895701,725.1199525791139,726.1489650713328,3150968,-8.35695417791058,15.282559768164516,-11.351213480300803,2
ICICIBANK.NS,2026-02-10,718.2430691047447,726.458131047543,714.3275520671125,720.2718153308249,3232106,-8.218987997116356,15.231572330923509,-10.820192084761459,2
ICICIBANK.NS,2026-02-11,734.3155367971854,740.9195093482836,729.049162920421,729.0829615198815,3293069,-5.982339931093639,15.584891850841162,-9.72924793294534,1
ICICIBANK.NS,2026-02-12,724.2907430276842,728.2617132823552,719.481818287802,726.9500865092214,3552445,-5.076909857032829,15.272514859937253,-9.993327936784603,1
ICICIBANK.NS,2026-02-13,724.371169675786,725.5547924616885,713.3002744313205,721.3190243044974,2226565,-5.112840142925412,15.285040421554488,-10.690532846219236,2
ICICIBANK.NS,2026-02-16,712.1703112675489,712.2608935348408,699.079670039905,710.5652580309655,3994264,-5.361404096114941,15.458630219135067,-12.0220007590633,2
ICICIBANK.NS,2026-02-17,713.1306635643056,716.6353071161878,708.4861865033406,712.7410607514018,2457967,-3.2753483700193597,14.669249306018525,-11.752605699392882,1
ICICIBANK.NS,2026-02-18,718.4686986920506,722.0017441879323,710.7909763872568,720.4526874051614,4298869,-2.4877425326955693,15.035604430652526,-10.797797571324674,1
ICICIBANK.NS,2026-02-19,723.8732834403066,725.8815351908329,719.4005073162638,722.8332377306994,1994413,-2.4424172653543796,15.045998150003639,-10.503051870819213,1
ICICIBANK.NS,2026-02-20,744.4433383820204,747.7221950014751,741.1112627802773,742.5301401617388,2818025,-1.8105021877651617,15.958159232983634,-8.064297586759805,0
ICICIBANK.NS,2026-02-23,756.9087304454374,757.445091707993,741.4661936778109,755.394290810203,3143113,0.693049205322871,16.608286668423773,-6.471534327939521,0
ICICIBANK.NS,2026-02-24,754.5592305089774,756.5781066172839,752.1627732912699,752.6260264096326,4313729,-0.03368969088226592,16.616065864841293,-6.814284498426304,0
ICICIBANK.NS,2026-02-25,750.7072695333993,752.6786567022132,745.07463869968,749.7734323343664,3290074,-0.7874664916888152,16.612945560404963,-7.167475871846274,0
ICICIBANK.NS,2026-02-26,751.3171255211641,765.0570527246799,749.1663108933824,754.0256391631561,3608756,0.07768791534206176,16.676046917243692,-6.6409927023873045,0
ICICIBANK.NS,2026-02-27,745.440782734417,750.0835759678024,744.775574447181,746.4951214896942,4030452,-1.80468256158286,16.701809816544973,-7.573376984719927,0
ICICIBANK.NS,2026-03-02,756.13650131605,759.1544454519258,753.8413923394552,757.0304534667,4201281,-1.3427975704398243,17.000832384380207,-6.268954318117159,0
ICICIBANK.NS,2026-03-03,755.1464256168159,762.4281712788467,751.3019021924414,760.3369029123877,4236717,-1.3023128678882445,17.0104111304034,-5.85956924963098,0
ICICIBANK.NS,2026-03-04,763.4273001079221,764.7680502077699,759.2301929521043,762.6948948395678,3694962,-0.6939300828560646,17.02006901376031,-5.567616596957736,0
ICICIBANK.NS,2026-03-05,767.9163265319378,770.5467613654392,762.4770495796046,769.0226784818418,4512367,0.5585858625910545,17.146847346202847,-4.784147748481427,0
ICICIBANK.NS,2026-03-06,787.4338567328011,787.642395502601,784.8470477466834,785.1017748467785,3445917,4.358022049974863,17.42017655008246,-2.7933288732252093,0
ICICIBANK.NS,2026-03-09,786.3649243018637,787.6241110007127,781.3736635697923,786.7289369914743,4037645,5.588554978738403,17.100217424185033,-2.591863253687865,0
ICICIBANK.NS,2026-03-10,782.0940864586116,787.7143582965908,781.6361237854692,785.6773557445576,4592789,6.235421645865946,16.902905420413873,-2.7220638413149367,0
ICICIBANK.NS,2026-03-11,798.6937911842209,803.2435168258859,796.0541868724985,800.0464552791726,4327117,9.645220692774426,16.879213389543814,-0.9429666878002729,0
ICICIBANK.NS,2026-03-12,800.2996335499853,814.274670416941,787.1845374316277,809.404943790781,3472705,10.34164369515478,17.05157000226208,0.0,0
ICICIBANK.NS,2026-03-13,802.7415192182483,806.5113728055852,802.4166277331872,806.3085798335242,3676900,8.350366643756391,16.836342423362154,-0.38254818938406876,0
ICICIBANK.NS,2026-03-16,812.3073433921903,814.2010836961333,803.7624091321343,806.3740367695435,3629667,9.544307096285554,16.363812496249437,-0.3744611451274915,0
ICICIBANK.NS,2026-03-17,806.0246241735884,813.2935345901575,797.5134448509976,808.2821649796813,1747897,9.42860989369061,16.364828056961652,-0.13871657440603924,0
ICICIBANK.NS,2026-03-18,808.9035448741259,817.5514148061263,807.3832760498611,811.8145336997517,2040478,11.277097141998492,15.70396981021028,0.0,0
ICICIBANK.NS,2026-03-19,788.6773122676518,803.7237262407011,786.4444422752568,798.7209609462419,2515640,9.881589735196993,16.597313565034707,-1.612877351904174,0
ICICIBANK.NS,2026-03-20,788.8533820556956,791.7573527932777,779.9432930072893,784.0876200977782,2984813,8.763681472585949,17.43746966917804,-3.415424638385234,0
ICICIBANK.NS,2026-03-23,775.6658340933136,779.6856273308205,775.3922599265019,775.7971136295923,2387923,6.837185060696527,17.80851340335093,-4.436656228118274,0
ICICIBANK.NS,2026-03-24,767.4036848927859,768.4914779245659,762.5356207680196,766.8821304594042,3793515,6.471211858702386,18.006425095115787,-5.534811385498761,0
ICICIBANK.NS,2026-03-25,762.2938198206272,764.3431525393986,760.330210269431,760.9945267442703,2932941,4.37694568501017,17.962614742287226,-6.260051384381482,0
ICICIBANK.NS,2026-03-26,764.1661461014138,767.1516664244737,761.3188091452848,766.8273158200193,2244052,5.485552591689813,17.998568292137744,-5.541563499080048,0
ICICIBANK.NS,2026-03-27,760.3213677406009,766.9355404999211,757.73488829642,765.2889111132804,2444272,6.095761421401469,17.80869399821868,-5.731065490344955,0
ICICIBANK.NS,2026-03-30,774.8437853992118,778.9613935465121,761.1057691034835,767.1091505843641,3636194,7.957593185752754,17.06891701290353,-5.506846854742542,0
ICICIBANK.NS,2026-03-31,761.5383476268987,765.1343407673354,744.3212422828983,755.9357600544647,2643099,6.060363529151136,17.77831107818962,-6.883194538366522,0
ICICIBANK.NS,2026-04-01,753.4525310387245,754.1374961138775,750.5313556459216,751.773914384239,4056728,4.347437038771629,17.70590775151268,-7.395854203531494,0
ICICIBANK.NS,2026-04-02,758.2618154588653,761.8965264600776,752.8367003018817,757.1047849877996,2123685,4.74127993404041,17.773707121363596,-6.739193059604231,0
ICICIBANK.NS,2026-04-03,767.4671959575547,767.9318276670376,759.6924277351109,762.5438652781056,2502884,2.695341782625471,16.133768003784752,-6.06920255505905,0
ICICIBANK.NS,2026-04-06,753.993856594993,759.1723463670107,748.1889432333938,755.9566924671434,1799663,0.07445140422457364,15.587679829315396,-6.8806160660911715,0
ICICIBANK.NS,2026-04-07,756.8481633602563,760.1336100222474,751.8204545298462,757.4389790271218,3234461,0.639487932731897,15.555751649533029,-6.69802675554717,0
ICICIBANK.NS,2026-04-08,778.5309924352258,782.0022460455792,777.1408893279246,777.7056362144898,3288800,3.725419263411145,17.28778268806802,-4.201562803983627,0
ICICIBANK.NS,2026-04-09,779.7836780754974,780.2229699584396,772.5216724943518,777.5561484718058,3006391,3.1206510875100513,17.241739287555017,-4.219976830399574,0
ICICIBANK.NS,2026-04-10,773.5752306419619,775.8488558534008,762.7432347562169,771.1296788663911,3214687,3.30002925237296,17.152664057038564,-5.0115947848265225,0
ICICIBANK.NS,2026-04-13,771.7706669524314,774.4348841164219,767.5886771123415,769.5380092100872,2721130,1.6521866043976097,16.72485132649352,-5.20765799757169,0
ICICIBANK.NS,2026-04-14,767.9181941221071,772.9546000827861,765.953333743697,770.4042771729348,2551280,1.3240675576820182,16.68773857967702,-5.1009503781725085,0
ICICIBANK.NS,2026-04-15,772.4352691812918,776.5270079495746,766.3301242452943,769.0225801713837,4309140,0.8296483134513144,16.681526408099177,-5.271148981941554,0
ICICIBANK.NS,2026-04-16,771.4187270897554,773.0757775879758,767.4223053103882,768.74784511799,3123833,-0.03573800507344904,16.510006655821023,-5.304991077886989,0
ICICIBANK.NS,2026-04-17,747.2631410827942,759.67043522664,747.035166265907,755.5610567356355,2714710,-3.7626609769043307,16.007202671316104,-6.929350809691403,0
ICICIBANK.NS,2026-04-20,747.6357480336884,752.7023961572783,745.4565812196561,746.8975068752312,2153876,-5.062916621392144,16.24378350605173,-7.996534199587257,1
ICICIBANK.NS,2026-04-21,746.5431736023547,748.0062041224405,744.8762276434906,745.5743693206862,2766581,-5.10425636308015,16.24347401461655,-8.159519401208982,1
ICICIBANK.NS,2026-04-22,750.7840006999025,760.8777101566467,742.3775115424785,744.1112934000653,2997048,-6.991489245407512,15.098630189698284,-8.339742328969724,1
ICICIBANK.NS,2026-04-23,736.7774056375242,743.0770298625105,733.1822663416731,739.0867338506973,2961796,-8.687642752804814,14.541570844771028,-8.95867181850093,1
ICICIBANK.NS,2026-04-24,736.7339056373019,738.0278591004634,736.2707063536982,737.5324283255524,2937301,-8.529755633032178,14.541482818616073,-9.150132486008488,1
ICICIBANK.NS,2026-04-27,737.5315722632174,739.2045874958111,734.1984661926966,738.0866107418616,2015791,-8.46845544547189,14.55482204663674,-9.081867827850232,1
ICICIBANK.NS,2026-04-28,742.8852316728015,753.8470806540452,739.0234286718893,746.0204988979212,3200258,-7.70296176005878,15.014163626596208,-8.104564783039992,1
ICICIBANK.NS,2026-04-29,746.6529669578701,753.057001563481,737.1666805768901,745.1469727182294,2512919,-8.21216647572106,14.875065877733325,-8.21216647572106,1
ICICIBANK.NS,2026-04-30,749.2421683632086,753.0830144579062,744.3044619180155,748.7383997758108,2562940,-6.25782514975155,14.478954617890121,-7.7697714570936105,1
ICICIBANK.NS,2026-05-01,744.4352101028784,757.1984315186596,742.5580211820079,743.9020650903525,4285088,-5.125135760007849,13.712903063953133,-8.365515248895072,1
ICICIBANK.NS,2026-05-04,752.6532142558208,754.3151178768968,744.5951325720134,749.0408206473925,3847802,-3.4488776140220057,13.667641306389955,-7.7325189986775955,0
ICICIBANK.NS,2026-05-05,747.9309927410372,759.6673193332957,747.0334517286623,752.4399449932914,879821,-1.8832340580763107,13.39897711191237,-7.313811990513075,0
ICICIBANK.NS,2026-05-06,759.2772376517253,763.2960316262872,758.1974366622503,760.3128022248785,3572004,-0.08958336695381597,13.596319327881778,-6.344026786532131,0
ICICIBANK.NS,2026-05-07,764.2572951385849,772.8737800394356,763.9296791156855,766.8647092836119,3025252,0.004876386485075379,13.645669184322628,-5.536957340648496,0
ICICIBANK.NS,2026-05-08,771.2400352387616,778.0034285201458,767.3057514429865,772.3162868724293,3250532,0.9182644171501275,13.78210420039863,-4.865427408316247,0
ICICIBANK.NS,2026-05-11,771.6290570427681,778.8363006161493,765.3141714131093,771.4193236460349,3009528,0.5618722001148546,13.774815082531486,-4.975916096207378,0
ICICIBANK.NS,2026-05-12,779.8361786788403,782.5465920180513,765.6939325987875,773.7047234901888,511609,2.3505917267948595,13.057686027090758,-4.694398612929696,0
ICICIBANK.NS,2026-05-13,785.9547948656705,786.4085115550994,778.2907786930558,783.6569447096614,2295425,4.2410397215680185,13.367589162788304,-3.4684755964844993,0
ICICIBANK.NS,2026-05-14,778.6528174157859,782.6060695218407,775.4759789618163,777.5635674989155,2659131,2.7022392298637454,13.513120630391388,-4.219062948373353,0
ICICIBANK.NS,2026-05-15,771.8146980241116,774.3277715073833,771.6703405420216,771.7367130071791,3779197,1.2055500211415104,13.591636108436568,-4.936819806603177,0
ICICIBANK.NS,2026-05-18,772.0042951598423,779.5979508935586,762.8468943061907,773.433399575115,2516293,2.31186617991761,13.323254221462069,-4.727820521975512,0
ICICIBANK.NS,2026-05-19,775.5446083058542,777.6189340799583,775.2319966216213,777.3120357991685,2690653,2.6237171999746067,13.375754170412721,-4.25004683561675,0
ICICIBANK.NS,2026-05-20,769.6237696053581,769.8610680700993,768.8164989485883,769.677443514295,1114010,-1.0322919529389463,11.265608356726267,-5.190482362199377,0
ICICIBANK.NS,2026-05-21,774.7873905423957,775.4720933110007,766.3228024267113,769.0018014686805,1897518,-1.1001581069017274,11.266677306682531,-5.2737085200922795,0
ICICIBANK.NS,2026-05-22,766.7022223385974,771.2480508853454,759.9411794797621,768.1494166422652,2531349,-0.38648003128437525,11.01765855348347,-5.378706003018651,0
ICICIBANK.NS,2026-05-25,750.2808310283011,753.2088190147979,745.9812293806989,748.0126174472393,2803559,-2.7971837005092426,13.364185908991427,-7.859173937394592,0
ICICIBANK.NS,2026-05-26,749.889526692393,758.3926109883837,740.168864011518,746.058233781309,1442155,-3.1601646191484978,13.358604804139343,-8.09991656822967,0
ICICIBANK.NS,2026-05-27,741.425947112631,748.2914693689743,734.2438373551736,744.6652472522289,2412681,-3.16731049870167,13.358985083383363,-8.271505825535986,0
ICICIBANK.NS,2026-05-28,737.2585935253015,747.7880366782165,731.9484719912404,743.2483261881043,3322870,-3.317019890439099,13.359652611433054,-8.446043359086552,0
ICICIBANK.NS,2026-05-29,756.5659529720741,761.1179616563817,749.0313788108801,755.9990514427196,2088675,0.05796946562817151,13.474853524080995,-6.875398251699116,0
ICICIBANK.NS,2026-06-01,744.9347479991613,748.9446053699187,740.9015189322432,745.063524262801,3504489,-0.24554675782798574,13.72336879351227,-8.222445726949545,0
ICICIBANK.NS,2026-06-02,735.5645971530164,737.8497697277656,734.1463880210865,737.7411012054129,2839048,-1.0506353809359603,14.007117502222375,-9.124427984401517,0
ICICIBANK.NS,2026-06-03,720.8139316448194,728.4343775551814,713.9810984802499,714.9878449054431,3969399,-3.9138565363721955,16.568922068360465,-11.92719331508294,1
ICICIBANK.NS,2026-06-04,706.7186648063226,713.6327876675383,704.4753765225298,710.8869976212945,2821368,-3.8154840207292096,16.54232029307365,-12.432339147525662,1
ICICIBANK.NS,2026-06-05,703.0165320778937,710.0604117196401,700.2060662295737,707.5333034430528,3406700,-4.067499099749106,16.571463331827538,-12.84545002926335,1
ICICIBANK.NS,2026-06-08,700.7816433401066,703.5949564949026,696.999776085078,703.2299346284026,2733922,-4.722572609523978,16.615172140658853,-13.375542634902981,1
ICICIBANK.NS,2026-06-09,718.7919581807041,719.2046685878116,707.5754863989813,712.6532544738903,3144268,-4.472698065713143,16.802499086030622,-12.214770136467646,1
ICICIBANK.NS,2026-06-10,716.1713673269485,725.2450821904387,711.6976318479796,720.0648904686957,2644552,-3.366058397585181,17.151416633696883,-11.301798554026554,1
ICICIBANK.NS,2026-06-11,723.4528862981359,725.9635493728454,718.4899003784957,720.7515986921524,2120860,-3.737861059622194,17.07219880357533,-11.21720925499947,1
ICICIBANK.NS,2026-06-12,716.0131504254722,718.7379413039204,713.3138381921927,717.5668674107299,2777306,-3.5401431069322364,17.027890224080405,-11.609507144384178,1
ICICIBANK.NS,2026-06-15,727.754111961006,729.2770364783094,725.486218592357,726.471573785142,4274182,-3.0130863686099185,17.326027503430712,-10.512617891388187,1
ICICIBANK.NS,2026-06-16,725.813815198509,731.4525194550281,723.3778240625478,726.3131083924964,1826206,-3.47228197740459,17.249514807373746,-10.532137792309825,1
ICICIBANK.NS,2026-06-17,716.0590288288948,722.8270698976486,712.3863552663273,719.2297879563189,2927768,-5.4034358159351985,17.063973989195723,-11.404667186911333,2
ICICIBANK.NS,2026-06-18,706.3143656491242,711.6335841744279,703.2792889788735,704.5820968801945,2643456,-8.121721034939844,17.5869220975107,-13.208982146557247,2
ICICIBANK.NS,2026-06-19,695.0363723087438,701.1707730531858,694.9289049771071,700.8739266957466,3146343,-9.250401861392243,17.347562284490856,-13.665757682164914,2
ICICIBANK.NS,2026-06-22,713.2217315999482,718.5306541013045,703.9316001426054,707.263067702856,2230338,-8.31665139524258,17.703161462257302,-12.87873789600863,2
ICICIBANK.NS,2026-06-23,725.3729991899809,727.2781449701903,721.9982428431609,726.864509897801,3400371,-6.0540167547499575,19.742886834343672,-10.46421568911814,2
ICICIBANK.NS,2026-06-24,728.4543590975975,733.211054432941,722.1923736089975,727.4158744469971,3081848,-7.176746233455655,19.25649026151853,-10.396298138211113,2
ICICIBANK.NS,2026-06-25,715.7942154491669,721.0013716491351,714.5864997221875,720.7793304227758,3778233,-7.3028417803562835,19.293065728747663,-11.213793236996306,2
ICICIBANK.NS,2026-06-26,709.656869103525,714.1462115547785,708.86002952507,710.616133810894,1947956,-7.919874507216362,19.536538995878978,-12.465704380489173,2
ICICIBANK.NS,2026-06-29,711.302671481564,720.1701942091644,706.1984310347681,715.3520412419982,3258327,-7.50954876852018,19.67569456637939,-11.882331302709837,2
ICICIBANK.NS,2026-06-30,704.566933560016,709.0336477278673,697.503915198232,700.3767010038187,2270950,-9.89761270276115,20.24091835314204,-13.727006362902605,2
ICICIBANK.NS,2026-07-01,709.9135900853305,712.1979561359718,703.3985788557937,705.0307480551525,2465383,-8.399193195005184,20.348546191401525,-13.153716915850765,2
ICICIBANK.NS,2026-07-02,712.7277453772954,719.8738064208703,709.0074395951947,711.9964288356124,2237143,-7.412904953433941,20.674959816360808,-12.295678473410632,2
ICICIBANK.NS,2026-07-03,716.8083597533443,719.0517706639585,714.6117708230934,715.7473127214893,2394472,-6.8218634012424335,20.794023747761102,-11.833641427980734,2
ICICIBANK.NS,2026-07-06,713.4162593106543,721.9693546730164,707.4875149623467,713.8766510161606,3283583,-4.563554896650723,19.51828014229422,-12.06407111698905,1
ICICIBANK.NS,2026-07-07,718.6735604060196,722.3868798408224,713.8010813282996,718.7462810432457,2336145,-3.660833900275562,19.66180196710547,-11.464225976881448,1
ICICIBANK.NS,2026-07-08,720.0126744201253,728.1092083358681,715.1607878957903,720.235771390384,4652019,-3.280598356373987,19.682771387527307,-11.28074929775006,1
ICICIBANK.NS,2026-07-09,713.7839689718447,722.8847579381966,710.9485327364008,713.555395416329,2276728,-3.9950215460371585,19.826416493538527,-12.103643653140562,1
ICICIBANK.NS,2026-07-10,727.6550014846248,732.3337629186628,726.5436359891575,729.590896339546,2609512,-3.4931465922843796,20.31010457153196,-10.128377104248287,1
ICICIBANK.NS,2026-07-13,724.6443223054883,727.0807034845892,722.8640209786417,726.5321598386781,2112610,-2.487219387428563,19.93773683991223,-10.505154850136634,1
ICICIBANK.NS,2026-07-14,732.3654063936374,734.8351582031656,731.5827854864925,733.3409351716734,1869193,-0.5964376969847418,19.955695681362727,-9.666444153253062,0
ICICIBANK.NS,2026-07-15,715.1946466844894,726.9473463523701,710.4684221446413,712.3763018952457,2503841,-0.365256980073958,19.6627386103327,-12.248885389046638,1
ICICIBANK.NS,2026-07-16,723.8146972008971,726.2539316289614,718.4954202493353,723.3859351363511,2430076,1.758217207077828,20.084700482947465,-10.892709466581895,1
ICICIBANK.NS,2026-07-17,737.990212916459,738.8572852390524,728.7018425489345,736.2626981389956,4520432,4.060500693909064,20.614301369973845,-9.306538922928276,0
ICICIBANK.NS,2026-07-20,732.301418209833,738.3941413934655,730.5880088887467,736.5402815591038,3220509,4.736764647014491,20.494984565074134,-9.272345962764927,0
ICICIBANK.NS,2026-07-21,740.0426749626367,745.1901037440662,733.1142438465874,741.5096090046944,2947336,4.04914372447609,20.252082245914764,-8.66022001043152,0
ICICIBANK.NS,2026-07-22,744.8264190677828,749.5438306129685,742.9103629925092,746.5101717944376,3861982,3.6726247419907487,20.138335150408075,-6.536799671558679,0
ICICIBANK.NS,2026-07-23,739.7710998674899,744.258135291662,739.5503196267854,740.7882191656076,2285814,2.779961988265156,20.30473322111728,-5.522265601741161,0
ICICIBANK.NS,2026-07-24,744.9125636644261,747.0218919234457,741.798859335866,745.6819645590265,3342786,3.918115290042201,20.300789622754237,-4.845867877136511,0
ICICIBANK.NS,2026-07-27,739.1883113049655,746.2430492910147,731.1773071653319,738.4951709989125,3339747,1.655067816504352,20.26373938459495,-5.7629520181794565,0
ICICIBANK.NS,2026-07-28,730.743088177739,734.4625645416614,727.3191260594808,733.1339448004767,1983237,0.939104131422952,20.391599678714076,-6.4470812452128605,0
ICICIBANK.NS,2026-07-29,738.9339426889812,750.5956842035048,737.375217180249,743.129764076897,2664607,3.322995865965117,20.5068546296323,-5.171546160135076,0
ICICIBANK.NS,2026-07-30,749.0777279039402,754.1893589369796,743.7267405812939,751.8865971394245,3706729,6.713837957093793,19.672793659333575,-4.054114212183446,0
ICICIBANK.NS,2026-07-31,743.2378419742544,750.4460189428071,741.4512665316803,745.5542825705054,2165319,6.374949070427438,19.798425887424862,-4.862160974439234,0
ICICIBANK.NS,2026-08-03,737.7738250620898,750.6701218884605,737.2392256935293,739.034030585429,2863904,4.492099804640315,19.927703500116227,-5.694189839760144,0
ICICIBANK.NS,2026-08-04,735.7639092581167,744.091159785312,728.2323358965602,733.3446266120437,3656479,0.8915164554056831,18.47637115488071,-6.4201968013258615,0
ICICIBANK.NS,2026-08-05,743.5396108447804,743.7748134331644,735.3336968109357,739.8343912934927,1823004,1.7072100407399704,18.63956920359803,-5.592058325011672,0
ICICIBANK.NS,2026-08-06,733.1084312905374,736.500506827294,723.7801330034241,731.0234134303215,2100687,1.421250939803853,18.783197318106083,-6.716399520818406,0
ICICIBANK.NS,2026-08-07,734.1894524035508,737.8206031093387,732.5165904785149,734.17320914836,1553409,3.3150211790343276,18.28773017380128,-6.314463987763763,0
ICICIBANK.NS,2026-08-10,734.4936053350898,746.8965513807224,730.5105928418116,740.7965917778484,2160562,3.55692708888804,18.362077217338086,-5.469274945007008,0
ICICIBANK.NS,2026-08-11,740.017680781131,744.5533338606976,738.1563856095555,740.0265600444865,3118578,5.661219024539155,17.13991839305888,-5.567536274605422,0
ICICIBANK.NS,2026-08-12,752.3463814599332,755.6448747795648,748.9248869157296,749.0650150264345,2985721,6.2457229124760705,17.34877203992615,-4.41416743853944,0
ICICIBANK.NS,2026-08-13,745.5344596351056,748.0943472670715,745.2085049412215,746.3487621016159,3027525,4.824790107751342,17.262464123204417,-4.760779938199599,0
ICICIBANK.NS,2026-08-14,741.3279794755932,748.0313689855325,736.9850494360139,744.4499872560882,2825413,4.010168676074044,17.267848122775792,-5.0030766291618844,0
ICICIBANK.NS,2026-08-17,734.9157296957462,737.3657043375482,725.5715527845905,735.7847812078072,3712727,3.06889574837077,17.642823113633835,-6.108816341771894,0
ICICIBANK.NS,2026-08-18,742.8180232147408,750.287035877777,740.6868860707425,744.8350076577325,2960925,3.629754657877249,17.86809602368289,-4.953945385670266,0
ICICIBANK.NS,2026-08-19,743.6789439889221,744.916447506383,732.5433793722053,738.0292238855831,3031236,2.4705038547099045,18.116922660514952,-5.822410065029537,0
ICICIBANK.NS,2026-08-20,742.3790197044697,742.6906344386325,737.3771746957556,741.1474732388382,2451574,3.8668445364932635,17.88052386182378,-5.424500064447535,0
ICICIBANK.NS,2026-08-21,737.6126416056459,743.3648009673743,737.1713558011904,740.5275015823948,2823344,1.499005168200318,16.723953900030697,-5.503612699208027,0
ICICIBANK.NS,2026-08-24,733.3223600500173,739.0630936260884,726.9633603711399,731.2448207511006,2412840,0.6486513843336095,17.100094261165797,-6.68814642840676,0
ICICIBANK.NS,2026-08-25,721.7627580683364,734.7767047949812,720.4433634804236,725.9332136543883,3383841,-1.0101333720789807,17.010303664684308,-7.365943917801854,0
ICICIBANK.NS,2026-08-26,734.137375512097,738.0993568964449,731.894227639526,738.0941755240165,2797793,3.610152886943263,15.45938353056752,-5.814121790565585,0
ICICIBANK.NS,2026-08-27,743.0801023269509,753.3873565833826,735.6920886007563,739.8964591951693,2182330,2.2823949508647967,14.867529127494677,-5.584138035132835,0
ICICIBANK.NS,2026-08-28,728.4377629824158,738.0491682569592,723.8820171301962,731.0043369451411,2891577,-0.7141963333394119,14.40844959309928,-6.718833811142666,0
ICICIBANK.NS,2026-08-31,733.8087971689365,737.4039185459887,729.7834160734013,733.7015016462541,2696078,-0.3854208634510359,14.451882148221088,-6.374657099723069,0
ICICIBANK.NS,2026-09-01,731.6681006190673,735.1054276569726,730.8428012234272,732.4300521124524,2812027,-1.2244692155007009,14.311650007455262,-6.536902779083798,0
ICICIBANK.NS,2026-09-02,763.4729090198191,767.1163028886588,755.8986167387708,763.4406148541739,3468388,2.2679453943727834,18.84862618459152,-2.5797423211731396,0
ICICIBANK.NS,2026-09-03,768.5332847143555,769.4548517072161,762.8183560722882,766.0716995441163,3523188,3.4130510886076104,18.688653920051564,-2.243997872316472,0
ICICIBANK.NS,2026-09-04,763.1174405262308,769.63123692575,761.0939851716957,762.595090877438,2933682,2.2681420662243656,18.686884142396522,-2.687636978707131,0
ICICIBANK.NS,2026-09-07,774.1321276191611,782.61244510715,771.90337473185,775.7160089766093,4098539,5.040092263210161,18.999138107608967,-1.0133178537700793,0
ICICIBANK.NS,2026-09-08,759.5803714716266,759.9512950897767,754.5168084116,758.7808433028916,3009543,3.498255494007285,20.03788691020093,-3.174361125069358,0
ICICIBANK.NS,2026-09-09,759.6942033034144,765.925734261153,757.1954104651292,759.6545374079329,2741373,2.223672651782782,19.689604332902366,-3.062871765989539,0
ICICIBANK.NS,2026-09-10,779.3563666742847,781.5137035565364,775.3556662848686,778.0695033802792,3375095,3.482294582782619,20.60294550324406,-0.7129958289915028,0
ICICIBANK.NS,2026-09-11,776.4341411528455,790.3782117837729,774.1761059174855,777.0000424962113,3863190,4.217769337638022,20.416689860481828,-0.8494663715277073,0
ICICIBANK.NS,2026-09-14,755.9005198772434,761.5346332191992,748.71072122158,761.0200716267276,2391509,2.9749700462213147,21.202323692174403,-2.8886202356466772,0
ICICIBANK.NS,2026-09-15,757.433885628882,763.3601222326942,750.032318071103,757.4273745394979,2933333,3.283960508269268,21.11277685994765,-3.3470730205653054,0
ICICIBANK.NS,2026-09-16,770.9220796006861,777.1864403883167,767.7192045123851,770.7783237617618,2299497,4.182548531458274,21.5394203570154,-0.937085901303325,0
ICICIBANK.NS,2026-09-17,772.2745493203598,776.578534989306,769.3825924812394,774.2792447692323,1306205,5.917160865742055,21.177122905519155,-0.48713625127065896,0
ICICIBANK.NS,2026-09-18,766.3755095843969,773.3465963408298,758.9434370692808,766.5387541262269,3141430,4.408434491284541,21.445974112426175,-1.4819690534017438,0
ICICIBANK.NS,2026-09-21,757.5230853981873,763.4627361942981,748.9355116563264,760.2758162185328,2120430,2.629497038307882,21.502629894226956,-2.2869020163934883,0
ICICIBANK.NS,2026-09-22,758.2710234182266,768.4248160057854,751.9094587369052,755.2009105861922,2926365,2.0505143140799653,21.609786159956904,-2.9391452427753206,0
ICICIBANK.NS,2026-09-23,757.1851470949754,762.8486922139953,747.8274022221387,758.4957044186427,2849001,1.2589947738882667,21.366800696248603,-2.5156877215466222,0
ICICIBANK.NS,2026-09-24,777.3116332644865,783.810826820492,762.7380994581465,770.788818000326,2467238,3.274615989164409,21.802449303318397,-0.9357371479440713,0
ICICIBANK.NS,2026-09-25,778.510655215485,780.9736491351526,778.2289234832225,780.5996808571214,5396991,4.855892836303832,22.02486644390343,0.0,0
ICICIBANK.NS,2026-09-28,781.5157559305394,785.9761191415191,778.6248928441889,784.8978111336088,2998742,6.67491788090282,21.682163110806815,0.0,0
ICICIBANK.NS,2026-09-29,772.8101066915306,777.6547399300185,771.9761179482224,772.4696620767859,3409119,3.710171264097206,22.078116861502192,-1.5834098248883155,0
ICICIBANK.NS,2026-09-30,761.2684310337871,763.8728867187584,753.8283697751735,760.272168607224,3749573,3.013829805347834,22.432972427040447,-3.1374329469486706,0
ICICIBANK.NS,2026-10-01,765.3854691274646,770.7665500226259,762.4126335593417,765.1672599112396,2824295,3.240891663225165,22.469031761762718,-2.513773250797169,0
ICICIBANK.NS,2026-10-02,753.686584915936,755.8496628287434,748.6993629075909,752.9265933673665,2049441,1.6743593936047851,23.009236795522344,-4.073296843581076,0
INFY.NS,2025-10-06,846.0705787117241,850.1661347804728,836.9461294918567,844.4284851435948,3297414,,,0.0,0
INFY.NS,2025-10-07,831.5690734242353,833.0516516671034,826.1274821197786,828.5050121560151,3378937,,,-1.8857100710987784,0
INFY.NS,2025-10-08,816.2072560249579,818.7912868724902,811.0103394351224,817.4709774530338,2294697,,,-3.192396770695971,0
INFY.NS,2025-10-09,814.5418541465633,818.8753312150111,807.6718959865129,812.476832800869,3536491,,,-3.7838198148055557,0
INFY.NS,2025-10-10,796.7348978832531,798.5153899172062,789.9613234967259,798.4363199243359,3645989,,,-5.446543553233873,0
INFY.NS,2025-10-13,803.5098907909625,812.712282385762,797.5773687718769,800.9600441403372,2211300,,,-5.147675826670595,0
INFY.NS,2025-10-14,804.6439597373823,808.20715368815,793.2765101592668,806.9748979185921,2834057,,,-4.435377048967471,0
INFY.NS,2025-10-15,798.8055916053194,804.314045266572,797.1165041820597,800.5494147281055,2519442,,,-5.196303912939138,0
INFY.NS,2025-10-16,797.1236557284227,800.582836294223,791.5798949750564,795.2469973650715,2605580,,,-5.824233625913278,0
INFY.NS,2025-10-17,792.1568594207057,804.5019380885441,788.627945289502,799.2715372426053,3059332,,,-5.347634369926613,0
INFY.NS,2025-10-20,788.3506015129835,793.780989805883,782.5546604337159,791.3430897147732,3136891,,,-6.286547216582161,0
INFY.NS,2025-10-21,784.1803568745781,786.073518889685,782.7892175560158,782.8472788268674,1767141,,,-7.292649099379389,0
INFY.NS,2025-10-22,791.089840942506,794.994577169787,789.1755839927987,793.0564740094505,3059984,,,-6.0836426101149925,0
INFY.NS,2025-10-23,804.9574988261325,808.8797164431451,795.6511054980118,800.393522504103,3542722,,,-5.214765183105319,0
INFY.NS,2025-10-24,807.125255325235,811.0288398147275,800.9629746217195,805.0633195267798,2871698,,,-4.6617524526213705,0
INFY.NS,2025-10-27,808.3310678656397,815.1360103431264,807.2788059702293,812.9157615258441,2817857,,,-3.7318404307964514,0
INFY.NS,2025-10-28,792.6241453712084,796.1632075232131,789.722520356386,792.7429080412276,2965239,,,-6.120776123934057,0
INFY.NS,2025-10-29,805.1345368622982,806.8598206498132,799.0249692090217,804.5988386761393,2284573,,,-4.716757803437021,0
INFY.NS,2025-10-30,800.1252703408678,809.9966480732216,794.305751103106,807.2612807200275,3106055,,,-4.401462655211952,0
INFY.NS,2025-10-31,817.1792210209546,820.1326023629503,810.0737241465218,815.9683624034551,2947870,,,-3.370341389573095,0
INFY.NS,2025-11-03,824.0895886933878,832.5660819705037,813.770830656786,818.6202869440187,3269994,,,-3.0562917587020233,0
INFY.NS,2025-11-04,814.6656121290899,821.4809330235066,813.8932053628113,817.9541358399508,3448422,,,-3.135179564571655,0
INFY.NS,2025-11-05,812.0539630444714,814.9595163457667,811.2541839588314,814.1147919147176,3197022,,,-3.5898473064563174,0
INFY.NS,2025-11-06,818.1771485339323,821.0204531392346,809.9832521580561,816.564522723169,4299828,,,-3.299742122707705,0
INFY.NS,2025-11-07,820.465245863133,822.6678047260584,805.9229209029153,812.3764004961283,2381443,,,-3.795713338828932,0
INFY.NS,2025-11-10,821.4010789643162,828.0106418270217,813.7662501288805,819.7317196827208,2900533,,,-2.92467223635573,0
INFY.NS,2025-11-11,803.7770095604337,807.9465792530635,801.4917858386638,803.1475601224021,1748948,,,-4.888622985541858,0
INFY.NS,2025-11-12,798.8075700417838,804.1985432321712,796.4327536013847,796.827620549025,3324192,,,-5.63705102705947,0
INFY.NS,2025-11-13,813.9307615798374,819.6167684218761,808.9181249646,815.4785111852119,3309996,,,-3.4283511828073765,0
INFY.NS,2025-11-14,809.8268676130951,817.1255868436632,803.1261183134121,808.2415225595114,2558378,,,-4.285379190865379,0
INFY.NS,2025-11-17,805.3098252131587,808.0365071823607,801.0197889841004,804.8014052888221,2850080,-4.692769198570335,18.241118476252,-4.692769198570335,0
INFY.NS,2025-11-18,792.0506671137205,795.5215590948698,791.2411654914034,795.2077462213227,3747745,-4.018957694419145,17.77358110868975,-5.828881875521064,0
INFY.NS,2025-11-19,798.554880881379,800.7643850911063,795.7688608014325,797.301074223776,2849421,-2.467354045045178,17.434797113845562,-5.5809830848854824,0
INFY.NS,2025-11-20,786.9203390932903,790.5489207289024,785.3474831709132,789.1812458676011,4351858,-2.8672309157370734,17.582527826173074,-6.542559879016741,0
INFY.NS,2025-11-21,790.5444381746355,793.5461629126745,784.5373002752149,786.3228835654492,2929632,-1.517144956536376,16.910178432876634,-6.881056548946807,0
INFY.NS,2025-11-24,789.2597341255976,794.2902233154244,788.779548345163,793.2613369141679,3183565,-0.9611849283233886,17.09404406002086,-6.059382070789088,0
INFY.NS,2025-11-25,787.0114264149221,791.3620107743072,782.2738034366415,785.536075394919,2453539,-2.6566901373226925,17.143186589209233,-6.974232961677174,0
INFY.NS,2025-11-26,796.4904909109514,800.17496793771,790.038090709123,791.8947875423132,2914231,-1.081085942550053,17.195137498058212,-6.221213344354226,0
INFY.NS,2025-11-27,798.298967114226,798.778383370553,796.0349125683873,798.6270876746122,5027994,0.42503653842644873,17.270825679949517,-5.423952208480287,0
INFY.NS,2025-11-28,808.2821124971061,811.4955098936805,799.4963800336183,807.6690704756226,2612080,1.0506483518714749,17.51756358915275,-4.35317085042688,0
INFY.NS,2025-12-01,811.8705791065698,813.8303472851549,786.6237607928715,807.8995427910916,3539218,2.0921965821785182,17.242315660374867,-4.325877560406022,0
INFY.NS,2025-12-02,845.2014710111382,855.3231351778826,831.1194439201424,838.7659074150104,782435,7.142980514914687,20.02063575232888,-0.6705810886544761,0
INFY.NS,2025-12-03,851.4406991985887,851.4848819516626,836.2977467740635,848.2580386171647,3356910,6.960609542550222,19.946940181476588,0.0,0
INFY.NS,2025-12-04,854.2936866159744,856.1588848360126,847.3951352478578,850.3790863980764,2670659,6.24512349095343,19.838795946331523,0.0,0
INFY.NS,2025-12-05,834.0526649436958,843.7975153354547,825.2963434266367,840.3092369633001,3903664,4.378030470601746,20.20742381000393,-1.1841600523631035,0
INFY.NS,2025-12-08,831.4912629115329,845.7741677963639,827.270774195476,838.1558620298039,1725619,3.1048851183035353,20.08557693767808,-1.4373853454047292,0
INFY.NS,2025-12-09,851.5818041131517,853.5919585600053,844.1247308696485,851.4313053895812,3621702,7.40320685975806,18.95211954513114,0.0,0
INFY.NS,2025-12-10,869.9481302326571,872.8093502670237,866.9630794523582,867.8614305176691,1440159,7.862625298542558,19.240593475015004,0.0,0
INFY.NS,2025-12-11,880.9852632590822,882.1967819995792,880.0932783914436,882.1576937290969,3303101,9.277840371864032,19.65672357220836,0.0,0
INFY.NS,2025-12-12,890.1308292450706,891.5426320917873,887.7350357851528,889.2620495923456,3801625,8.982417770831486,19.578897560119575,0.0,0
INFY.NS,2025-12-15,874.4024996119721,876.4035135983771,873.4257689566784,874.7366422679318,2482592,6.854992017532369,20.35952173081744,-1.63342260372773,0
INFY.NS,2025-12-16,880.4709716216443,883.4041335808428,876.5976045450714,878.6332936858635,3022604,7.418405896756264,20.346952537674014,-1.195233273628915,0
INFY.NS,2025-12-17,863.3784645779024,866.1313226789181,860.7462602443925,864.4293848397255,1683359,6.180282366160306,20.96021862883938,-2.792502475957892,0
INFY.NS,2025-12-18,849.2462532320752,850.4260948749677,843.6246985249376,847.9475533954773,2574834,3.8433007801574215,21.833935906407014,-4.645930433645262,0
INFY.NS,2025-12-19,855.6320640614579,857.5815495785994,844.7350449565633,849.1938714264307,2205052,4.532070467312632,21.747404630557877,-4.505778491759871,0
INFY.NS,2025-12-22,847.4271486217631,861.19285788944,840.4558702445988,853.3456894563544,3480596,4.100606206460333,21.656143971907355,-4.038894963802397,0
INFY.NS,2025-12-23,858.3511500303626,870.8006310122539,856.5397587496836,861.4388528889908,2784779,7.2578559234750095,20.767655724226632,-3.1287961423867694,0
INFY.NS,2025-12-24,870.3549411305988,873.7958576283959,853.9510992872839,865.3798409926269,3198977,8.60314309842427,20.543866390480755,-2.6856210282072412,0
INFY.NS,2025-12-25,868.317126935913,872.8908290630515,858.6944564516745,869.6983150055087,2777123,6.648832933867754,19.61375150347173,-2.1999965697181545,0
INFY.NS,2025-12-26,862.2086569995647,865.3065770461922,858.174555048151,858.2791346779371,2204052,6.190923223044553,19.860179611941916,-3.484115276100186,0
INFY.NS,2025-12-29,856.77518898443,861.9817109064787,853.7862073358784,855.9983772433932,3133388,6.361441669724455,19.82122263775127,-3.74059281672946,0
INFY.NS,2025-12-30,836.8032512499368,843.8472567366057,821.0785224403539,839.479369282422,3306276,5.567302792442552,20.383107366760104,-5.598201377506773,0
INFY.NS,2025-12-31,826.805176663401,834.2879622133247,817.205854888482,818.391062515433,2993671,2.6451724415634814,21.83059660316894,-7.969640344980567,0
INFY.NS,2026-01-01,823.0152937420527,829.668165791511,820.6822872799025,824.5409676665653,3121840,4.480557791270212,21.647254070561374,-7.2780663422497005,0
INFY.NS,2026-01-02,818.5808531665269,818.6631240248655,800.4104150030122,815.9786236978271,3121077,3.7714456430301135,21.875224218493024,-8.240925824745704,0
INFY.NS,2026-01-05,824.0554208088034,832.5125436190301,820.7273282600734,823.4122301359114,3917902,3.800877695493421,21.883901452542737,-7.404996028630828,0
INFY.NS,2026-01-06,828.8173537066507,844.0554773499482,828.6566519667699,833.2685303749649,4096595,6.076417936127121,21.83367902895584,-6.296627551243095,0
INFY.NS,2026-01-07,826.080709913289,827.7467062154302,816.7306875032419,825.9406923877948,3361803,4.299296495074145,21.976229134409564,-7.120663389782411,0
INFY.NS,2026-01-08,832.8446528922836,841.7480912008482,824.9931275108122,830.6475068102462,3612556,4.009433142177654,21.91352019813497,-6.591368968120193,0
INFY.NS,2026-01-09,826.6567085873861,829.5509581781447,819.7018355819681,822.9294440709334,3416576,1.889433946792618,21.917149629783815,-7.459286669415421,0
INFY.NS,2026-01-12,806.5667118287884,815.3684086695204,796.5354085771946,803.7744882457077,2411193,-0.5105900334010371,22.99475073691069,-9.6133149262163,0
INFY.NS,2026-01-13,803.4201978808866,805.7096095825983,801.855063092374,803.8376152297104,3893684,-4.164247959594036,19.931075817552408,-9.606216120635692,0
INFY.NS,2026-01-14,801.856027105869,806.0531906481257,797.0465879193647,798.1891611102175,2321734,-5.9025526700071,19.625546532574266,-10.241400554974511,2
INFY.NS,2026-01-15,792.27622161819,794.4040843828687,776.0723724710023,792.873245779421,4928995,-6.762377101985306,19.62454491342554,-10.839190074186911,2
INFY.NS,2026-01-16,812.592195503438,815.4965784980586,801.3795684119908,810.7553201092138,2722055,-3.51702867873831,20.668918989715795,-8.828300895008478,0
INFY.NS,2026-01-19,795.3519989808773,797.676570182087,787.0513106943799,794.9306241085462,2916012,-5.157183750594663,21.3455627808351,-10.607832137562001,2
INFY.NS,2026-01-20,797.9499523660961,803.713299836091,794.6733162486001,797.4731141607591,2956521,-6.337351103637534,20.750372596860323,-10.321922033405595,2
INFY.NS,2026-01-21,790.4014540652319,802.4399790791922,785.4077253920519,786.9063591958648,3093408,-9.328110280637269,19.96359635054462,-11.510183128066986,2
INFY.NS,2026-01-22,794.9581657078073,801.2085855014299,791.559896687053,794.4159701871135,2777345,-9.94626291486248,19.46554692634367,-10.665706407769381,2
INFY.NS,2026-01-23,791.253544866274,801.8048998836823,788.7952783402748,796.1496837371182,2955250,-10.470745479120803,19.23806659019708,-10.470745479120803,3
INFY.NS,2026-01-26,804.3138719870575,806.9005106767771,794.2916153882067,798.6622715569252,2417615,-8.696831370155966,18.944856037542117,-10.188197964475487,2
INFY.NS,2026-01-27,792.8882132375975,798.247869635635,788.4187841043475,788.5519701073414,2645978,-10.252436850034584,19.012077765688563,-11.325129587074102,3
INFY.NS,2026-01-28,783.7575455709464,788.4287113556911,778.4113628684167,780.2466452860239,4818127,-9.738532843756808,18.755082012683026,-12.25908654893082,2
INFY.NS,2026-01-29,788.5193887250688,792.1888873999293,785.9323039956122,787.8722125821018,2623993,-7.084794404183703,18.51494552424523,-11.401570218443801,2
INFY.NS,2026-01-30,799.1848214239578,807.0468326397796,793.8246837092485,803.6664378805262,2751274,-5.361253192916937,19.601588030936043,-9.62546549142157,1
INFY.NS,2026-02-02,805.9621157301733,811.8370429690651,805.2370612475166,807.1801042531534,2550105,-5.409951180817696,19.58691088726436,-9.230343898833882,1
INFY.NS,2026-02-03,794.1912205006109,806.4691504250507,791.9683135036765,797.4160753690137,3457916,-7.432074523370424,19.50710169407143,-10.328336204770672,2
INFY.NS,2026-02-04,802.370161002234,806.0820997225147,797.5630908436206,799.5448905555983,3218042,-7.6076362446244605,19.454820388586988,-10.088944994096549,2
INFY.NS,2026-02-05,821.1406944544128,824.1878630461337,819.4572367061062,822.025293905989,2693871,-5.4815584067468,21.30178916924032,-7.560960879549428,1
INFY.NS,2026-02-06,817.513715699002,822.6049714499487,816.5117570511144,821.8838322132063,1487702,-4.240497175594027,21.031729993071615,-7.5768686418167475,0
INFY.NS,2026-02-09,836.953541001678,841.8012199963958,822.5864567897629,835.2574279482793,2687041,-2.423012688634618,21.636987567546182,-6.072970466784577,0
INFY.NS,2026-02-10,824.929288309391,832.2137454965277,823.896599392812,826.7107239173067,3161854,-1.5210195547783134,21.114082436754046,-7.034071194617342,0
INFY.NS,2026-02-11,822.4586200304274,826.0023864010062,812.694396227079,825.1363403850423,3741101,0.8242120642027562,19.784804997077572,-7.2111150179747,0
INFY.NS,2026-02-12,827.5708807423575,830.3025520905267,820.4867411550812,830.1299364417521,2534117,0.6778279059927783,19.74326395156908,-6.649571200941374,0
INFY.NS,2026-02-13,831.997977523832,832.9859232754575,829.6031586278291,832.9294963986194,4151260,2.0773672506241514,19.4974188766137,-6.3347528683530445,0
INFY.NS,2026-02-16,826.5643029188499,831.3360481082433,816.9980211440978,824.1488513913091,3455766,0.08945959610973109,19.597598296343087,-7.32216091206025,0
INFY.NS,2026-02-17,814.9191710363456,819.9736345955453,809.6726760093645,815.038842197216,3518852,-2.187732707191725,19.522053699484722,-8.346606878046236,0
INFY.NS,2026-02-18,818.815269668729,827.7656351488214,817.4649412448614,823.6074381030847,3623696,-0.2824965891878528,19.625073822327703,-7.383044347766576,0
INFY.NS,2026-02-19,834.2274182931124,839.9895832818822,827.6441795496611,834.2986554480292,3959336,0.43955451715056437,19.920755995148408,-6.180787111011055,0
INFY.NS,2026-02-20,852.4772785950386,857.7813610456172,845.9294547228337,848.3862225724096,2513976,3.0934339128205757,20.275970076690733,-4.596600860081046,0
INFY.NS,2026-02-23,860.0270605113792,867.2309436300955,853.1912026803842,865.7376960568022,3368593,7.709028927545747,19.660236351573044,-2.645379227228628,0
INFY.NS,2026-02-24,872.912276804444,873.8405150221903,853.2055497389247,865.923204972109,3142016,7.723648230203373,19.65879148046325,-2.624518231823292,0
INFY.NS,2026-02-25,861.5650622932804,868.1787290980654,855.7471801539843,861.4875963080892,2598299,7.930254917246526,19.585727327336436,-3.123314808833766,0
INFY.NS,2026-02-26,872.0788340752623,881.0631978620144,866.0184652276437,874.3417972590738,3905641,10.275104111952537,19.695574165479453,-1.6778240272495082,0
INFY.NS,2026-02-27,879.344910350982,880.8900648434771,879.0291143911262,880.6207224234895,3626014,8.617322709009724,18.879458900575898,-0.9717413638440475,0
INFY.NS,2026-03-02,874.4817403477397,876.4133649894973,858.7830034595042,869.081045919744,3717755,9.327911085870145,18.302443476003003,-2.269410201622002,0
INFY.NS,2026-03-03,856.3609344801612,861.4280420545534,847.5955308127068,857.1659826937291,4598631,7.4852515367604955,18.934946963084858,-3.609292324273816,0
INFY.NS,2026-03-04,865.1214437620991,865.2547128845977,859.9141492339885,861.0336303092082,3460855,9.420087949104094,18.34347356668951,-3.174364552729747,0
INFY.NS,2026-03-05,863.7459356385963,865.9939335365058,855.6609170896933,858.000849482776,3041118,8.003977976510956,18.333651503692007,-3.515409223175603,0
INFY.NS,2026-03-06,855.4043894520328,857.3610169236126,854.7093255586834,856.5277806687393,4374479,7.583761969006497,18.376779149794114,-3.6810599236313246,0
INFY.NS,2026-03-09,865.5772798218003,866.681540754788,861.0829723739209,866.4080396014896,3573304,8.48240494852719,18.56214286387289,-2.569997224252718,0
INFY.NS,2026-03-10,877.8845310687001,886.4412602470193,872.0461185538703,873.1114779581984,3459483,10.723390601553673,18.021052777055534,-1.8161768672744993,0
INFY.NS,2026-03-11,885.3704581295738,888.7212647176933,883.7026053041441,885.9145880111907,3046611,13.542889721292028,17.798865666859133,-0.37643139979822715,0
INFY.NS,2026-03-12,864.8808883715075,867.2260420471257,862.8789883899559,864.4045886766614,2806002,9.713805725390312,19.540590337268263,-2.795290873717071,0
INFY.NS,2026-03-13,871.7361199612999,885.9134091007866,859.5664147578103,865.8230265767428,1992423,7.734127713500061,18.875915795847625,-2.6357835720469236,0
INFY.NS,2026-03-16,868.5104828592824,872.3887627715352,863.842514274221,871.8484517031537,3473002,8.011637936719818,18.912420466426337,-1.9582076956027317,0
INFY.NS,2026-03-17,855.4120603290141,858.1268074050413,851.2741646090159,854.8238350646412,2804701,7.199222773263192,19.528157598875993,-3.872673363660528,0
INFY.NS,2026-03-18,846.8766902799339,854.9952285903688,840.9757710245511,846.9447661702355,2102747,5.928357015914321,19.81530947269957,-4.758696656571493,0
INFY.NS,2026-03-19,839.8306406073258,841.0669802291402,834.2018311750239,837.2715762199405,1528276,1.8547217983410524,18.56016779515302,-5.846473870805413,0
INFY.NS,2026-03-20,831.3540337339581,839.644911598752,817.4936844438791,836.3169616671954,3979703,1.7561033431115147,18.56614452328839,-5.953822942227349,0
INFY.NS,2026-03-23,845.4091888961759,855.9295420531205,840.9018832548876,851.6202843531071,3839122,1.9590195617920303,18.722981722042036,-4.232921584418703,0
INFY.NS,2026-03-24,882.502524941984,894.5390349313252,867.6857898629438,871.3211708468684,1553469,5.396137444326166,19.50868460154932,-2.0175018998844774,0
INFY.NS,2026-03-25,863.1112890862025,864.182093417985,860.9694495441821,861.6404037004974,2270650,4.424003831708667,19.84129415462852,-3.1061311909701517,0
INFY.NS,2026-03-26,868.5914081078886,876.1395951514493,859.4372509350959,865.8879635009657,2672599,4.307521689012428,19.821674550556498,-2.6284812336358043,0
INFY.NS,2026-03-27,865.6090490317708,878.8234694640782,865.2592945738264,870.4931797034227,4526108,4.50982747846238,19.84581133855681,-2.110611815440333,0
INFY.NS,2026-03-30,877.5937483101683,881.7964343947353,872.8818309049669,873.3271743211561,3096830,5.967165136106822,19.515618823041525,-1.7919212091075276,0
INFY.NS,2026-03-31,881.6397140779155,883.9541120282177,875.362877974364,876.2897785057208,2840096,7.515094144885404,19.120633226596535,-1.458768097949481,0
INFY.NS,2026-04-01,878.0805370642944,885.1327573339424,878.0610154857849,878.258145578517,2684002,6.635528644726985,18.968658848422045,-1.23741972558854,0
INFY.NS,2026-04-02,892.949160141704,897.9436474090252,885.4371574890774,894.9700281172306,2399699,7.272140770336022,19.344235084428533,0.0,0
INFY.NS,2026-04-03,911.046957045331,912.1762868113381,901.791394363574,905.6189657640736,1016994,6.746071738191062,19.072141658871704,0.0,0
INFY.NS,2026-04-06,894.9486038706608,895.8150181356962,890.3394594781009,892.9187805068605,3144767,3.1396443257421636,18.82858025165383,-1.4023762462282208,0
INFY.NS,2026-04-07,898.4381171232767,911.695304450369,893.4666209005527,900.2235313669871,3194414,3.9611279843208447,18.93730510434166,-0.5957731232510421,0
INFY.NS,2026-04-08,907.500252565475,913.9087924594414,899.4968761628601,908.6412968823892,3179114,5.473520544738819,18.971037554541567,0.0,0
INFY.NS,2026-04-09,916.6831288448142,917.8005645342663,903.2484512377478,910.805008415391,3180093,4.170361210069529,18.563851979366884,0.0,0
INFY.NS,2026-04-10,921.7659612074204,926.7423779632219,918.4103652645804,921.9626820895949,611341,4.694638521829386,18.757466035097753,0.0,0
INFY.NS,2026-04-13,924.7644462595373,930.3323387423146,914.8805351864598,922.7519530235085,2849221,6.175592869703506,18.235768106596467,0.0,0
INFY.NS,2026-04-14,925.1976848810222,934.3057080586715,919.7744471632891,923.6792629167466,3610671,7.759673338178086,17.617997408903832,0.0,0
INFY.NS,2026-04-15,923.9024470082609,928.7120445785546,918.3007954868385,923.7288739326234,3820745,7.2813931322172065,17.622320060248818,0.0,0
INFY.NS,2026-04-16,894.920833572436,906.1138938166325,894.0337925572692,900.3634321514704,2923332,4.93735905905357,19.307884409349374,-2.5294696788764948,0
INFY.NS,2026-04-17,892.0986660595255,899.0264443856709,888.8143931374424,898.2357276715204,1930871,4.869421394623918,19.318668981872918,-2.759808313944989,0
INFY.NS,2026-04-20,891.5886835932387,892.0648575017268,886.3769748651878,889.8139110682855,3683738,2.7014836424603894,19.3402675313527,-3.6715278499361514,0
INFY.NS,2026-04-21,868.2899848117776,877.8289200690537,859.8531488389349,876.0067520089077,4151954,0.33160416782975766,19.801100995379873,-5.166247723809548,0
INFY.NS,2026-04-22,891.3515023622388,892.9649240404669,886.5687990739368,889.9638468081503,2757659,0.4570710147182133,19.88495713074287,-3.6552962754887286,0
INFY.NS,2026-04-23,896.0560971190259,900.3961115214868,890.0478737983607,894.1112005138898,4706528,3.4366559625402804,18.506718734207155,-3.206316729349512,0
INFY.NS,2026-04-24,892.3187738167364,899.7392612561152,885.1191279179591,892.539706794881,3621252,3.0856975846172086,18.525768688046444,-3.3764417263433266,0
INFY.NS,2026-04-27,885.0579922442532,889.9269483375708,882.2242087013308,885.2695581380483,3664498,1.5393852462175506,18.626161316706238,-4.163485290964319,0
INFY.NS,2026-04-28,886.6157122835233,891.0766366923681,884.4825229720753,887.177470124419,2042356,3.7848307139600523,17.625873069900617,-3.956940704104317,0
INFY.NS,2026-04-29,903.6725230496901,904.1951086294971,893.0713846316761,896.5383743114037,2570504,5.855589422368523,17.531955759078766,-2.943558482204922,0
INFY.NS,2026-04-30,882.712665239397,887.6864894359696,876.8804456629117,886.4425596035328,2583414,5.872763960958327,17.521378268645524,-4.036499819514172,0
INFY.NS,2026-05-01,882.0678725037969,885.9757334074579,879.4268416813185,885.1500782790202,4314278,5.8390680627206315,17.526512278845388,-4.176419806967846,0
INFY.NS,2026-05-04,894.4301687774562,897.8862076583571,889.3117421313146,893.166336701958,2077587,4.878471439933985,16.973459262005225,-3.308604731662268,0
INFY.NS,2026-05-05,868.0756524371884,877.1008337586115,861.1372326611076,871.4335720662093,3636367,0.012900090471990033,17.322860308150386,-5.6613258870836685,0
INFY.NS,2026-05-06,870.6213502941876,871.036616112938,856.0844746513918,869.6124256391132,4644381,0.9252144983427302,17.011796657039454,-5.858477505755378,0
INFY.NS,2026-05-07,860.8424039759971,874.5685371619736,853.3569928551234,863.9327675258743,2350079,-0.22580241988653382,17.068640651922166,-6.473339536543554,0
INFY.NS,2026-05-08,853.7491087055431,863.2101800062609,848.1079265302022,861.3387064561373,2141599,-1.0516421565076817,17.01280667686883,-6.75416447803242,0
INFY.NS,2026-05-11,850.2767726009049,858.9583042626051,846.6471264960387,854.9706098701572,4449627,-2.1019115161815094,17.09932721838227,-7.443554705585765,0
INFY.NS,2026-05-12,852.8390276576185,856.3074365711592,846.2414554011564,855.1846507667013,2731968,-2.4084644436922154,17.058958668355857,-7.420383307290845,0
INFY.NS,2026-05-13,872.1158080375611,876.3649242721364,866.7940432705838,873.9295450318721,3792853,-0.49286198692681804,18.26974522105115,-5.391119657084975,0
INFY.NS,2026-05-14,866.3894929088817,874.5281176380934,866.1603235113798,869.3201877999389,2740322,-2.865999923064677,17.395456761169513,-5.890114260589085,0
INFY.NS,2026-05-15,868.6782449781938,874.0738346457701,859.597184173504,871.1471159315805,3245928,-3.8064408029936825,16.995722233596787,-5.692336732658876,0
INFY.NS,2026-05-18,891.6242951450331,893.027249167415,877.9257464666158,891.0019771396107,4044008,-0.21466715776340406,17.91351526780518,-3.5429115313547865,0
INFY.NS,2026-05-19,881.3518005961255,885.3522832818308,880.2188517117183,883.9011912450549,3116697,-1.8131430198394027,17.88334106609771,-4.311620412817529,0
INFY.NS,2026-05-20,899.5650449566854,904.4704617795478,891.7275586020112,902.0953357457113,1949097,-0.7204120216786847,18.701304834017254,-2.341979210286116,0
INFY.NS,2026-05-21,896.8244250104962,903.5014040153487,894.4740514482511,900.8897684213931,4598772,-1.0886237891080786,18.688201268306013,-2.4724901598016102,0
INFY.NS,2026-05-22,922.7545883473526,927.9828550471293,917.6141900289321,919.0720166954268,2770949,-0.31353388269648175,19.28296039385069,-0.5041368055726969,0
INFY.NS,2026-05-25,920.7071097930308,930.428464665988,917.9944049973665,926.0847185913688,4028797,0.36117675578362096,19.40964745632522,0.0,0
INFY.NS,2026-05-26,927.419656644837,928.9920257373539,926.4734352505669,928.2024272515328,3713518,0.48968992986841986,19.417863844643552,0.0,0
INFY.NS,2026-05-27,920.7263533164447,930.2633417866006,920.6131284911334,926.1730496619595,2153090,0.26459882312981353,19.430531618126697,-0.2186352383910961,0
INFY.NS,2026-05-28,910.3216865090302,918.727837729011,902.4143793619398,917.9761600451478,4339747,1.9561798341355185,18.097287914537834,-1.1017281259073641,0
INFY.NS,2026-05-29,918.8291873586223,929.6456757768293,917.2885241572528,917.5249212397999,3762642,2.1474533882416935,18.077801840146858,-1.1503423928064471,0
INFY.NS,2026-06-01,924.4882554145245,929.0195081073521,920.73016008557,926.1599032401587,1351576,4.084673404154482,17.981233562970587,-0.2200515697230121,0
INFY.NS,2026-06-02,929.4783808536221,933.0566817374211,920.270966186929,924.7175934250855,2056022,5.560555475682283,17.281748402010642,-0.3754389909069844,0
INFY.NS,2026-06-03,919.1689651214613,929.6545842821116,907.6217458844377,919.920943223922,1671306,3.366102625765377,16.866615359628838,-0.8922066765255865,0
INFY.NS,2026-06-04,914.5739870216296,921.5565427594778,909.1505390906069,915.8725037156768,3229274,2.4338475112804403,16.907547159716408,-1.3283657932640525,0
INFY.NS,2026-06-05,923.1910340786493,925.9507543781572,920.5465425339346,925.5477352758592,4291396,3.698214009941392,17.11783359356668,-0.28600355889332185,0
INFY.NS,2026-06-08,939.992518732141,943.7702927593391,922.9319981152519,937.9404569024558,2946569,5.949701791981643,17.22636455171878,0.0,0
INFY.NS,2026-06-09,936.9011698991632,944.355881162091,918.8612006432825,929.1586360855719,2749259,4.731991892813214,17.53713243790385,-0.9362876664778752,0
INFY.NS,2026-06-10,916.0194408118442,929.8929927066533,914.6768588786471,920.4431623190367,2385763,2.6663429801310423,17.60448106985067,-1.8655016376203593,0
INFY.NS,2026-06-11,923.4743310418114,937.9213418682394,917.3373901231978,923.3481723428539,3029154,4.163339444783354,17.228321123100358,-1.5557794156563887,0
INFY.NS,2026-06-12,942.2895276448946,953.265207439143,936.9651024826893,939.1127894280196,3807748,6.096447650314629,17.7876683656319,0.0,0
INFY.NS,2026-06-15,945.2633462219716,952.0908366617117,944.8891665445436,950.7834172287542,4371504,6.45087909823705,17.929557520839634,0.0,0
INFY.NS,2026-06-16,934.4348625155259,936.2588281747601,929.6414373190973,935.2958442156095,1938921,7.328415406119793,17.02613431644674,-1.6289275488508448,0
INFY.NS,2026-06-17,930.2086142562856,933.576976145393,929.4333124674841,931.0312108933298,3678725,7.062776869716125,17.097822118103824,-2.077466432155084,0
INFY.NS,2026-06-18,921.4408379575897,925.5800366799979,918.6487575478114,919.4028473684436,4192353,6.420647754966424,17.44985347949092,-3.3004961268440436,0
INFY.NS,2026-06-19,912.1295659352372,915.9700557514965,911.0724405487665,915.1729394966974,2949595,6.25006546635456,17.49681966087257,-3.7453827114329097,0
INFY.NS,2026-06-22,925.5802135171901,939.543151425908,921.279864730621,931.6570683162801,3820857,8.969484747290801,17.847188968457786,-2.011640986358554,0
INFY.NS,2026-06-23,912.3318628137363,918.0376582639203,905.6912368442174,914.6051197217186,3795107,6.948261863884575,18.869840248227685,-3.805103964947598,0
INFY.NS,2026-06-24,896.5007800575221,900.5950124273777,894.2022951988631,895.7531275310979,2993305,2.49717870545616,19.054483684056997,-5.7878890923500625,0
INFY.NS,2026-06-25,883.3054063552765,890.4533818107875,879.6304318897229,885.6492750093328,4188125,1.8783743249675577,19.30125867162223,-6.850576171097689,0
INFY.NS,2026-06-26,886.3424906594707,887.5728596735642,882.3075333581114,887.4636560423515,3019091,1.8729947918524115,19.30092891646514,-6.659746061932859,0
INFY.NS,2026-06-29,891.7832464918026,893.0080310069899,887.0006930931454,892.8471929004079,2469718,0.20709446310331892,18.214825799912578,-6.093524905725934,0
INFY.NS,2026-06-30,895.8370902822872,896.3449893093456,891.1899253671114,896.2896699846425,2920123,1.4015682818729225,18.079693967036278,-5.73145747566196,0
INFY.NS,2026-07-01,914.3174791214414,915.1762348680118,906.4569878892798,907.7515340135137,2863174,0.6270067080135,17.458687077048012,-4.52593960259271,0
INFY.NS,2026-07-02,882.8294312510777,893.0241192950164,880.0185011603648,887.5035268974508,3908663,-1.4858911703924282,18.643606603199174,-6.655552587964264,0
INFY.NS,2026-07-03,898.870381207683,901.6036413554808,892.2554066815958,898.9895011260035,4240941,-2.1850861743817562,18.056768983459023,-5.447498890306091,0
INFY.NS,2026-07-06,898.8660265767201,903.4669082734828,891.7172687432382,894.3748963433375,4450988,-3.424073587594001,17.925166593243816,-5.932846520381108,0
INFY.NS,2026-07-07,901.8659386574416,903.3141210619973,897.1134986158906,900.9968742224696,3805839,-2.930993523645542,18.069929252245924,-5.236370566011472,0
INFY.NS,2026-07-08,883.5351631360697,886.725335904833,878.6232727246033,885.5593732315283,2071770,-4.385106697420593,18.669710029151435,-6.860031718615178,0
INFY.NS,2026-07-09,884.4156891500814,890.3291913079888,879.1529108326099,884.3720172417306,2549519,-3.660677070498697,18.536624377156137,-6.984913575858598,0
INFY.NS,2026-07-10,887.3314065954748,889.0458513476251,882.1955849948054,885.6411797538301,3041243,-3.4749728043230843,18.551213808591722,-6.851427601124338,0
INFY.NS,2026-07-13,892.6381636416954,899.0595113432976,886.5786496323175,896.7523296360098,2936636,-3.175215586559821,18.72714430105244,-5.6827965879157505,0
INFY.NS,2026-07-14,877.9104158434632,880.591302662142,867.2255292573903,878.6226238042821,3429453,-4.984761828751527,19.538073278598983,-7.589614218851127,0
INFY.NS,2026-07-15,888.606525770572,889.2605911144085,877.0888759448508,877.7162237933672,3594885,-4.5878637443175885,19.50942271121649,-7.684946130881798,0
INFY.NS,2026-07-16,870.8407295965329,875.934979850414,853.9574118872077,865.1469116901554,3450719,-5.538499280164933,19.846899859709314,-9.006941432382487,1
INFY.NS,2026-07-17,878.1340596724292,881.413579772215,863.1706298266345,869.1920546826577,3225463,-6.088900490519233,19.599415421102712,-8.581487757107775,1
INFY.NS,2026-07-20,871.6200555079454,882.5885536637979,866.6210569013296,876.1081375984191,3059394,-6.592350169885797,19.28908880709834,-7.854078886650218,1
INFY.NS,2026-07-21,885.4512246327881,891.4128878381341,877.5557411765922,888.4997739843805,3082765,-4.37587948086906,19.72862205185691,-6.550770881754719,0
INFY.NS,2026-07-22,879.6055309716847,887.6350950799151,869.7273770930955,881.5774521397542,1998975,-4.222499744727437,19.678192281603476,-7.278835940441031,0
INFY.NS,2026-07-23,890.5917583396985,895.8296870337224,887.2001707816311,890.193096964198,4256434,-3.590744680257496,19.902395942767022,-6.372673225744574,0
INFY.NS,2026-07-24,900.9897806599395,904.8734457574682,895.153655105166,903.5830655842394,3792609,-3.7833287166092244,19.748934905913913,-4.964364206318351,0
INFY.NS,2026-07-27,892.1220438256415,901.552578313864,882.8618822774009,884.6993784792461,4011823,-6.950482891479437,20.10794204068742,-6.950482891479437,1
INFY.NS,2026-07-28,884.8253377399702,893.0023383526429,878.3406004274383,889.9763267808114,3062583,-4.845474051347409,19.796572910497705,-6.395472338503438,0
INFY.NS,2026-07-29,900.9902660490397,910.5096015052209,888.5015475325788,899.0114947454034,2950426,-3.4391667833781114,20.061493015977348,-5.44518568006268,0
INFY.NS,2026-07-30,893.0639082538856,899.9098828068411,887.8289597194508,894.9697565506068,1902579,-2.657495665558396,19.7987748652962,-5.870281250889642,0
INFY.NS,2026-07-31,879.9355433582955,881.3681484835857,877.2798846222569,880.8254379087674,3223856,-3.753115952796804,20.24580802809931,-7.357930108193633,0
INFY.NS,2026-08-03,898.7272117989726,899.3829155713377,887.277605540015,889.601630877531,3812265,-4.514046945916805,19.709576832212846,-6.434881513767832,0
INFY.NS,2026-08-04,876.4996883003317,884.0691524292894,874.7952498803083,875.6605125538039,2801261,-4.258078850440294,19.5281241130793,-7.901158488219206,0
INFY.NS,2026-08-05,866.3392741977412,881.044879588924,856.7972469710791,872.5649373788666,3303471,-2.588680903201901,18.674943378347656,-8.226740015919798,0
INFY.NS,2026-08-06,866.1780724326119,877.4848068149253,866.0208789651441,870.9237340474534,2804650,-1.6626831159235356,18.413764515379196,-8.399355913680907,0
INFY.NS,2026-08-07,874.2431674865263,880.4791875651846,870.0232071545697,877.2041000136727,2211697,-1.156053654572331,18.53607848579793,-7.73880947877098,0
INFY.NS,2026-08-10,873.5462464240484,875.4049143274339,868.1880712007955,869.4135762070131,3513146,-2.624594318012119,18.59463590192919,-8.558188915295716,0
INFY.NS,2026-08-11,861.1239709163533,863.102901746534,856.8729131398552,861.0932062153357,4656318,-3.926907220732534,18.70809618744228,-9.43329567892951,0
INFY.NS,2026-08-12,858.912786986216,868.9463154471634,857.9394557678302,860.9087866786434,3645677,-5.160304949060313,18.232749848826327,-9.45269226634895,1
INFY.NS,2026-08-13,872.7041920684268,878.7093660748297,865.7598521573918,870.1486576999094,3860508,-1.9554704484624152,17.48743604094269,-8.480875672387157,0
INFY.NS,2026-08-14,899.7085778135051,901.1050675681694,892.9262870145653,893.1122655000767,2581242,-0.653760207273324,18.77903456487803,-6.065645517542939,0
INFY.NS,2026-08-17,874.6594687376099,884.8671418994938,869.3892893149318,875.8732056606436,2246304,-2.0686728527755216,19.53931656920237,-7.878788187792662,0
INFY.NS,2026-08-18,883.6200804392404,886.9312616211704,866.7931981607418,877.962835821791,2639649,-2.5565059169107784,19.41389602243486,-7.659008359570796,0
INFY.NS,2026-08-19,865.8136178015278,869.2457563708385,864.6324381116466,865.3764948898744,1580722,-2.2791106900041935,19.22523836604121,-8.982794692382745,0
INFY.NS,2026-08-20,877.1914726276729,878.8939648736061,874.492603099905,874.7946941800079,2687708,-1.0829518432292184,19.513962011108294,-7.9922221687700805,0
INFY.NS,2026-08-21,860.6948906173104,867.5579269864232,854.6471836144223,863.7863959051924,3409516,-2.467679275563084,19.826770878676513,-9.150035617694275,0
INFY.NS,2026-08-24,862.7216685999595,870.4112180645053,847.8949621117971,855.6218845526009,2570609,-4.586600304691002,19.567593596648834,-10.008749726990429,1
INFY.NS,2026-08-25,849.8335530969067,850.1919207099303,841.2797496002214,848.4033122799069,3308252,-3.4393960166346327,18.873468386759722,-10.767973346364645,1
INFY.NS,2026-08-26,846.4071371464694,856.163233667704,845.1211296591149,846.441051991429,3934402,-3.5632441276716165,18.87673172050215,-10.974356866830037,1
INFY.NS,2026-08-27,844.2397463626476,853.7742942446466,840.5842121031927,848.5404494148083,3866984,-1.9194962209255984,18.481268773881943,-10.753549752892532,1
INFY.NS,2026-08-28,849.0211279491043,852.4081387165862,841.9831884995403,852.285013840276,2855024,-1.9451444305429777,18.474931808868824,-10.359709856485633,1
INFY.NS,2026-08-31,853.8817395846195,856.1101583039564,849.7611246667652,851.0327448028684,2096163,-2.862134446586384,18.29717527737857,-10.491419035959716,1
INFY.NS,2026-09-01,834.2173111992618,845.2091845113521,833.8522999567351,836.3864238991686,2198153,-5.865319453207651,18.313126368768238,-12.031866696099748,2
INFY.NS,2026-09-02,841.4807274565285,850.6169562286203,836.3603524435331,842.5415612570238,4088271,-4.427959311797613,18.419216396364874,-11.384491358423421,1
INFY.NS,2026-09-03,840.3481060749707,850.3659840385702,839.8673538219797,840.8273185343118,2971217,-5.545513506927557,18.109714667263358,-11.564789278186105,2
INFY.NS,2026-09-04,853.6200992438561,867.3083461068883,850.3904162879626,851.4373742856795,2960810,-5.77099032559264,17.92615870087097,-10.448861553837174,2
INFY.NS,2026-09-07,848.0660021972769,852.9746729805396,837.3201685969224,843.0547535845192,3993710,-4.7072063016831756,17.179863515202275,-11.330515624497473,1
INFY.NS,2026-09-08,824.9754458764111,830.3235798419385,823.9998138227841,825.8419672517892,2837784,-7.206299493494006,17.865054301593354,-13.140894941261328,2
INFY.NS,2026-09-09,829.4218949980154,831.1170112081109,823.3317575231582,824.3489658356418,3720517,-8.304958206447155,17.464978193726306,-13.297923491517183,2
INFY.NS,2026-09-10,839.7516188497816,843.6998207286322,828.9757819379498,836.0966337258542,3486945,-6.578224838754487,18.14140227703615,-12.06234579029336,2
INFY.NS,2026-09-11,837.1009779873395,843.3248508577503,836.0837598329106,836.5399893692587,3026597,-5.02772134336289,17.6892660667828,-12.01571522907714,2
INFY.NS,2026-09-14,839.1083289368529,847.2741492048781,833.328609416762,833.3694902250492,2637158,-6.321047388032852,17.349948827935215,-12.34917699195165,2
INFY.NS,2026-09-15,828.3762016906098,832.3544868051694,821.9967860282567,823.5561793802015,2742501,-5.950289230428318,17.120699293194452,-13.38130593604394,2
INFY.NS,2026-09-16,841.0488082843314,841.1583555302408,836.5863919029919,839.9343948239002,3103233,-3.7396119368475422,18.245486948044174,-11.658703801118586,1
INFY.NS,2026-09-17,829.3385965318274,831.206574239495,823.9663294566817,828.4590247478466,4031065,-4.8758240979678185,18.599436711786602,-12.865642191935379,1
INFY.NS,2026-09-18,823.3106205599507,824.6752499367061,816.4096300609787,820.1288562153766,3062369,-6.50649532958254,18.561933617275404,-13.74177953105199,2
INFY.NS,2026-09-21,820.5258878694602,827.9302851747373,819.8064591028082,824.6018817064067,5074838,-5.1542437025317795,18.576806101131496,-13.2713227046101,2
INFY.NS,2026-09-22,810.0042027835116,813.4604104790743,804.1060267290374,805.3099836829973,3130977,-6.4781863484344555,19.495438832641913,-15.300375554484102,2
INFY.NS,2026-09-23,813.2986197160513,825.0970799701029,809.0407130018311,816.576978357765,2961826,-5.1494198928912045,20.045414576321342,-14.115353343262992,2
INFY.NS,2026-09-24,814.6450542775357,824.2475711577625,813.4347538806788,821.5643987218839,2827658,-5.5834435355505585,19.84024495373068,-13.590794303449737,2
INFY.NS,2026-09-25,827.1197768803005,831.0142207411941,818.5645768094017,829.3148858013543,3529716,-7.1432654284509844,18.29208849077386,-12.775625786726897,2
INFY.NS,2026-09-28,831.8502437748299,834.0606738955474,831.7089290438433,833.7187768884505,2385635,-4.812846026086315,17.697445794638544,-12.312440269679048,1
INFY.NS,2026-09-29,828.3868243523475,835.9813671810077,826.3003612679242,830.9432385683991,2124242,-5.355533894482056,17.663566721335965,-12.604361465374826,2
INFY.NS,2026-09-30,819.1194722710749,819.8409296704634,809.4241896126634,819.2608450500272,2967402,-5.328969542408901,17.64664275511258,-13.833073841577448,2
INFY.NS,2026-10-01,819.5753569569696,821.7942558652206,805.8127290733961,816.7397022643653,4000887,-6.636413355257109,17.236299640097865,-14.098238624637116,2
INFY.NS,2026-10-02,810.7789353425059,824.4004395064347,802.4400219793657,806.106952180098,3130456,-6.67751240335871,17.259435149928905,-15.216553257769705,2
ITC.NS,2025-10-06,886.7486612479615,887.0023299700166,870.8182638931485,880.1572177952893,1881286,,,0.0,0
ITC.NS,2025-10-07,884.2033928641728,895.1909424309484,882.2169526551587,882.3744604387548,2788796,,,0.0,0
ITC.NS,2025-10-08,872.5200047440404,882.3074654849091,868.4882917941254,876.6146786319097,2924153,,,-0.6527593516227892,0
ITC.NS,2025-10-09,877.5350051184206,890.127841582575,871.4542913960676,881.8897849184511,2974732,,,-0.05492855267622554,0
ITC.NS,2025-10-10,872.0446562500385,884.1627554712222,870.1300034072957,876.0892059481355,2115836,,,-0.7123114700638533,0
ITC.NS,2025-10-13,863.8292201875744,873.3329040892096,856.2898666973334,869.9611168038576,2501743,,,-1.4068113019414352,0
ITC.NS,2025-10-14,877.9653671451376,879.9428972018828,873.4907118613726,875.358867999304,2421332,,,-0.7950810856382162,0
ITC.NS,2025-10-15,875.2116846660406,885.2988537334863,873.1540795968074,874.983597209584,3307543,,,-0.8376107379055031,0
ITC.NS,2025-10-16,850.6636662426857,863.8316685137554,848.2280121994844,856.0241829055259,3840426,,,-2.9862919559261014,0
ITC.NS,2025-10-17,841.8171603451472,845.3226967706719,838.4279416889608,842.2321459644975,2638047,,,-4.54935135523945,0
ITC.NS,2025-10-20,835.3663254696594,839.1705078511854,827.8514199912382,831.7336242808921,2687835,,,-5.739154795196811,0
ITC.NS,2025-10-21,825.1272022813324,827.4144202423693,823.7280203560812,823.9750941068528,2140245,,,-6.618433437303173,0
ITC.NS,2025-10-22,829.9179679307202,830.1380015999018,826.4099348845344,829.0969729441736,2955977,,,-6.037967992420057,0
ITC.NS,2025-10-23,832.7421120496972,835.8217108955736,831.6529950241046,832.2959864989474,2195558,,,-5.675421964831829,0
ITC.NS,2025-10-24,851.9555969318583,857.3695293541342,842.653056164263,844.0360638080616,3937690,,,-4.344912318929728,0
ITC.NS,2025-10-27,845.9870647992294,865.8243889083496,843.9602943592472,852.7382015890615,1897148,,,-3.358694089463654,0
ITC.NS,2025-10-28,864.0168673521957,865.9025214711929,859.2453454430649,864.8353666541503,2089388,,,-1.9877154848615297,0
ITC.NS,2025-10-29,873.6334571769755,873.7088850812332,870.4204956582366,872.2391630360963,2584182,,,-1.1486390253882428,0
ITC.NS,2025-10-30,880.351130760211,880.8978744943424,866.1874933612855,875.5073508316398,2367689,,,-0.7782534417077769,0
ITC.NS,2025-10-31,890.859220041592,891.1781573379113,886.4733992111647,888.220043512721,3505852,,,0.0,0
ITC.NS,2025-11-03,898.0976394684109,913.5350900673262,881.5931116798556,899.1736751355548,4017937,,,0.0,0
ITC.NS,2025-11-04,908.7972778733605,919.0885397596185,904.2518462000482,904.3469559079066,1965892,,,0.0,0
ITC.NS,2025-11-05,917.827940985323,919.4339739812559,912.2822140659883,919.3709537757509,4318859,,,0.0,0
ITC.NS,2025-11-06,902.9634696955835,905.5546897017022,894.888193551438,894.9465283857949,1964026,,,-2.656645317066819,0
ITC.NS,2025-11-07,898.4480054024712,898.859351614507,891.3753978229864,892.924609868819,3384939,,,-2.876569441129262,0
ITC.NS,2025-11-10,888.6565373769196,891.5283806774934,880.9653917951986,890.7434121203197,3869669,,,-3.1138183709047085,0
ITC.NS,2025-11-11,903.8781956602447,910.5429676034662,902.7873800271879,904.2558528404371,2891040,,,-1.6440698798714237,0
ITC.NS,2025-11-12,918.1233576225561,926.8029789768497,913.2985829065901,922.5972806731755,2610862,,,0.0,0
ITC.NS,2025-11-13,907.7950163943269,908.4552966532449,898.4985350147911,907.7912138890268,2815355,,,-1.6048244552970492,0
ITC.NS,2025-11-14,927.3657409786719,929.470887369032,923.1787313027029,924.4252175073195,3129924,,,0.0,0
ITC.NS,2025-11-17,912.1774898961689,918.2802360647073,911.9785652010453,912.6373146598213,3795258,3.6902608088463573,19.93146643428266,-1.2751602427380715,0
ITC.NS,2025-11-18,897.5368202665616,903.35181477101,890.0964303549694,901.3266317703545,3753105,2.1478603678279473,20.316131673506348,-2.4986970605637038,0
ITC.NS,2025-11-19,899.5642901844292,904.4872928618528,899.0662971498218,899.8967415819961,2037119,2.6559061258729644,20.211727137920928,-2.65337589896818,0
ITC.NS,2025-11-20,893.854255880672,905.4281591256034,888.132984911217,897.5647726074161,4085870,1.777431597125756,20.17824279465707,-2.9056374048656575,0
ITC.NS,2025-11-21,879.4275982344514,884.481383737937,875.0147989395399,882.0140809993713,3607626,0.676286730964093,20.745957208028145,-4.587838551430734,0
ITC.NS,2025-11-24,886.3549780846084,890.2173412620616,886.0739079550046,890.0078622772888,4862244,2.3043266056626432,20.776811541214254,-3.7231086493763055,0
ITC.NS,2025-11-25,900.6578070714062,903.8618288475041,894.6996736896119,898.392330097722,4710539,2.631316473786649,20.869634794418644,-2.8161161029114146,0
ITC.NS,2025-11-26,905.0038724949812,915.5466006932139,903.7175132446885,910.9418876004517,2666329,4.109595940488764,21.20152260518888,-1.458563618939912,0
ITC.NS,2025-11-27,906.1179348466849,914.4257895554442,898.4850362875354,907.325609543252,1861913,5.992988009240374,20.118883290074272,-1.8497556795536219,0
ITC.NS,2025-11-28,907.2780448098629,913.7029397477417,907.1137284608179,908.0052219163899,2216484,7.809376104562138,19.378311508041968,-1.7762383889965205,0
ITC.NS,2025-12-01,903.8825571799122,910.0393021613155,899.7769622608619,908.7851829926141,3164184,9.263970634629558,18.857052576965128,-1.691865844689766,0
ITC.NS,2025-12-02,923.3116748687524,933.0462622167292,922.6715455261728,928.5167583755789,3151869,12.687478664879293,19.232183957052086,0.0,0
ITC.NS,2025-12-03,903.7465802096684,906.120517316577,894.6537948420781,898.5669642660786,2561789,8.3789946880656,21.904122773969696,-3.2255523488770255,0
ITC.NS,2025-12-04,888.7102350394107,889.8805862638276,884.2807375549583,889.3951638387886,1381531,6.860441269220674,22.22090471278604,-4.2133428593397415,0
ITC.NS,2025-12-05,888.5453025832963,892.4660714235132,887.8188725155394,890.5434291270549,3959643,5.510115895897227,21.938350023027926,-4.089676239657491,0
ITC.NS,2025-12-08,886.9780908620302,891.0191653756419,872.7935535436945,880.0940426308807,3613419,3.2079999454512675,22.131910717470213,-5.215061043099823,0
ITC.NS,2025-12-09,884.4526485719811,894.274602965789,873.4311680275754,878.4444425770369,3565104,1.573603074945562,21.796659895601938,-5.392720739488055,0
ITC.NS,2025-12-10,877.4695311643511,878.4082749440912,875.6908793758527,878.1904629086608,3497001,0.6823013830116409,21.66673887553219,-5.420074006522279,0
ITC.NS,2025-12-11,869.8401454361938,873.3540119497578,857.5484175434912,872.353738650273,4378471,-0.3602039638354926,21.733061220732154,-6.048681320901728,0
ITC.NS,2025-12-12,873.3270253809588,876.4872222477936,865.6882782745654,874.097890851459,3240234,-1.5899385253018816,21.303377802589292,-5.860838486030618,0
ITC.NS,2025-12-15,886.8844063692975,893.4920737836746,869.1060793197769,881.7899751804136,3869688,-1.9332972523378733,21.143261905846206,-5.032411399543591,0
ITC.NS,2025-12-16,881.1068553307332,888.6407383469317,874.197165170676,880.3701528096187,2769108,-2.6512836629406955,21.05960556726629,-5.185324350008679,0
ITC.NS,2025-12-17,881.7320656491956,891.6095466291468,873.7195449031706,876.6675557893482,3425740,-4.644849591019251,20.41752021446868,-5.584089045085183,0
ITC.NS,2025-12-18,882.8969191391141,891.282437918358,867.5365875509184,875.9967772621633,2552423,-2.11741713304493,18.984514636323883,-5.656330985915458,0
ITC.NS,2025-12-19,875.4230698030605,883.42128548032,869.7090851822757,876.9911631878767,3322817,-1.7844111927078576,18.984906441980325,-5.549236965614401,0
ITC.NS,2025-12-22,856.0917596693632,863.7373179152981,852.686401050855,859.9178157917402,2029572,-3.4606594793895273,19.75936860899399,-7.388013405794758,0
ITC.NS,2025-12-23,863.9248108776363,867.5016502813949,862.487136691476,865.7526194818265,3027368,-4.258002117173443,19.30369070227553,-6.7596129340257605,0
ITC.NS,2025-12-24,864.535089700924,870.1498376615313,860.5301300576373,862.134192668764,2164622,-6.553573186373862,18.188152890437166,-7.149312611540781,1
ITC.NS,2025-12-25,876.6233523265754,879.0988468342254,868.6759110760555,876.3566087286093,2287513,-3.4627571493834997,18.47738899298575,-5.617577623286274,0
ITC.NS,2025-12-26,881.1330043701765,884.7769983997023,877.1095718305951,883.6751146210727,3565632,-4.408155696588212,17.778899618556498,-4.829384429523465,0
ITC.NS,2025-12-29,891.5065476028142,905.7720642273098,889.7205632330115,897.2674829124614,2859477,-1.6841116948071333,18.09061851334138,-3.365504734431224,0
ITC.NS,2025-12-30,882.368827396363,890.764062930445,880.2456160188992,887.5330051881883,2685361,-1.5303693573408883,18.007759400221513,-4.413894829328746,0
ITC.NS,2025-12-31,885.2057923152289,888.71959307862,876.8239635014219,884.6683333604694,3390563,-1.6922395112527577,18.0230243261335,-4.722416113611283,0
ITC.NS,2026-01-01,869.8261567560263,873.1382950636398,869.1789261482568,872.6434460520569,3971777,-2.776549093271896,18.411472363106306,-6.017480225264993,0
ITC.NS,2026-01-02,864.2690116494979,870.3382772322284,864.0519704909921,866.3495759001763,4193253,-1.7759926328439368,17.85095836649182,-6.695321534547505,0
ITC.NS,2026-01-05,885.0886240273356,886.1346888773181,879.1561830336346,880.5418880394911,3405284,-1.0635832152737223,18.312974853547782,-5.1668286978491125,0
ITC.NS,2026-01-06,896.8503966959519,906.5466467313369,896.4281411715009,897.4982110020395,2675485,-0.09952434651632203,18.97616063099605,-3.3406556310093594,0
ITC.NS,2026-01-07,884.6721420563722,892.7522644290952,881.7179079201841,886.301572350225,2343991,-2.704927239116506,18.83620989497822,-4.546518481713624,0
ITC.NS,2026-01-08,886.3967502997333,893.2730708810268,881.8464393541943,882.5201982468328,3920179,-2.7339040180852203,18.840681267957482,-4.953767362176221,0
ITC.NS,2026-01-09,875.1933283530454,893.4835530026336,872.9600877496349,882.7932853815732,3112876,-2.776629024402044,18.837859085228285,-4.924356246838013,0
ITC.NS,2026-01-12,892.1419571851001,896.0288183688514,888.6446359129699,890.1073525561217,3797907,-2.0552525267837907,19.01916834223143,-4.136641096995786,0
ITC.NS,2026-01-13,874.3862605957837,883.6244022481026,869.8399307019376,872.5745490228289,4571708,-6.024900342199501,18.575068573807076,-6.024900342199501,1
ITC.NS,2026-01-14,860.0871042497381,869.4057186297619,843.5719504613033,856.9982124283753,2540524,-4.626116192871099,16.9330260910021,-7.702450742227185,0
ITC.NS,2026-01-15,868.2671472651793,868.4067304637157,857.6089208436174,863.1039077303658,2449216,-2.956082647778857,16.905647080906988,-7.044875609962231,0
ITC.NS,2026-01-16,846.2968758873357,847.5825220927646,836.1860879590149,844.1839020071553,3350934,-5.205757024712765,17.945465280379615,-9.082534656236273,1
ITC.NS,2026-01-19,843.8454112145804,854.8022892396292,840.2663859728531,840.6980306731194,3328441,-4.476341169177111,17.710484676653362,-9.457958287806944,0
ITC.NS,2026-01-20,844.1206524214176,848.9886483473559,841.5147474745459,843.3662953205277,3039029,-3.9932118135556305,17.76071319954998,-9.170589791402383,0
ITC.NS,2026-01-21,852.6310223918691,864.2883080001935,845.6205527495262,848.6213653136177,2732892,-3.3670483618220004,17.892901721349496,-8.604625855298131,0
ITC.NS,2026-01-22,845.1213997597276,849.9295486424152,838.8973276111527,848.2167739052643,3831315,-2.766878122440797,17.815285334281448,-8.648199803178326,0
ITC.NS,2026-01-23,845.0791521669835,849.9789476813336,840.6776356651316,845.536123960781,2930102,-3.2675707365974804,17.805735178668343,-8.936902179339324,0
ITC.NS,2026-01-26,852.8240982361464,858.4544679607551,848.5368490759307,855.1949742554043,2966282,-3.016024413247387,17.94745537230685,-7.896657056405698,0
ITC.NS,2026-01-27,855.5822104167901,867.8632146885758,851.3120092619171,859.1776358817889,2562577,-2.407228012012441,18.01945012093197,-7.467729781754007,0
ITC.NS,2026-01-28,854.7046013880498,861.062100575117,846.8729529316537,853.5765564170291,2963890,-2.633951629649167,18.07040984902397,-8.07095847033027,0
ITC.NS,2026-01-29,854.4249251843166,856.956805894217,848.072310050666,855.0087051080291,1936438,-2.395907462094804,18.084997316822772,-7.91671799183794,0
ITC.NS,2026-01-30,861.9609924315596,867.2957919724216,859.0391788296515,860.0008854698561,2890042,-1.9373373907509706,18.178630620382293,-7.379066913729149,0
ITC.NS,2026-02-02,880.4634391903647,882.2850321721073,875.9208839486648,878.9921842909278,3449024,2.218161799755891,18.416073253906294,-5.333729697167056,0
ITC.NS,2026-02-03,884.9224435204583,893.6906155508093,878.7273678787948,888.4120275485724,3148866,2.617307479855868,18.561834452319655,-4.319225309101471,0
ITC.NS,2026-02-04,897.1647385587926,903.1803803993192,896.1182539722345,902.5589917870033,2084319,4.688921917492106,18.990689875973306,-2.7956163800412437,0
ITC.NS,2026-02-05,895.7746849145921,904.6527489859208,892.5107029056622,897.0669567413911,3132764,2.36323293582823,18.57442053901606,-3.3871011320472655,0
ITC.NS,2026-02-06,886.6578352731487,894.4156666996194,886.3572106673489,892.5335017177881,3413131,1.0024484055448424,18.509901269077844,-3.8753481111900134,0
ITC.NS,2026-02-09,889.710272196349,895.3910775220985,885.5953019017878,891.1058595800895,2569463,-0.6867097548628243,17.961614040363962,-4.0291032399823346,0
ITC.NS,2026-02-10,890.7282587207696,891.5190034383945,889.6419908271895,890.6611915889591,2661344,0.35245859956583026,17.674979491866466,-4.076993381664673,0
ITC.NS,2026-02-11,879.7914913315783,894.2861612232639,875.7230267489181,881.0298784455632,2553622,-0.4112789819304741,17.936773607546428,-5.114272790627172,0
ITC.NS,2026-02-12,907.411335078789,909.7035285360189,888.195725924717,895.6112834567298,3674149,2.631984175046753,18.089775600320948,-3.5438751774837685,0
ITC.NS,2026-02-13,902.9648675699874,911.2069060765899,901.8219184100622,906.2638088095564,2648163,4.607174057643815,18.189843405428327,-2.396612593719205,0
ITC.NS,2026-02-16,909.8703186360491,912.9624293113689,898.7734543485611,904.0512482412703,3347935,2.6698741446727015,17.668199861782576,-2.6349023766798263,0
ITC.NS,2026-02-17,910.5337419465886,915.5012529878531,903.9275534486662,912.1553517503247,3107790,1.6331108595660337,16.97931249981755,-1.762101381334047,0
ITC.NS,2026-02-18,922.3175465392443,927.0240621629656,914.5536598378577,915.7183577119004,3201189,3.3190492129750115,16.541648182465742,-1.3783704546236786,0
ITC.NS,2026-02-19,925.3012143248752,932.2478509312039,924.2937611635044,924.7935502779635,3176949,4.790071900349546,16.648855761501785,-0.40098448025096545,0
ITC.NS,2026-02-20,909.5926405014877,912.9549996549387,909.4763536830003,911.1090361566729,3618953,3.2075176877745193,17.314151111742856,-1.874788156689866,0
ITC.NS,2026-02-23,913.0469689708734,913.9626817863706,903.1614014232883,910.6315647102788,4432578,2.3058131241380897,17.184708961909443,-1.926211186170712,0
ITC.NS,2026-02-24,910.5947329935201,911.5540269102713,908.7233469089233,911.1118472727983,2609270,4.416504961453005,16.048908744376927,-1.8744854032823444,0
ITC.NS,2026-02-25,924.7563956993199,932.4469157993183,916.6293461703783,919.0799445587129,2913999,7.2440912046273676,15.085830025221311,-1.0163320943582632,0
ITC.NS,2026-02-26,915.5536909695625,915.9590815638107,912.2495747255613,913.2919490845765,3270484,5.814831899693984,15.21979433522955,-1.6396913845300842,0
ITC.NS,2026-02-27,885.8201865476244,888.7292303516434,884.7347684370379,887.3860955499586,3482348,5.117628213483405,16.18159678577524,-4.429716798819827,0
ITC.NS,2026-03-02,874.8425210392043,880.7512885950507,870.0852420511665,877.0144893696457,2541946,4.319798235693373,16.56263237336089,-5.546724767362877,0
ITC.NS,2026-03-03,875.5889421839028,883.0893546043976,870.2531261979483,877.4453535259463,2224758,4.040837106546524,16.556806603559416,-5.5003212800360135,0
ITC.NS,2026-03-04,876.7355860637257,885.8159948354468,873.7340851066808,879.1935169145802,2849485,3.602566804297247,16.494212634116444,-5.312046445697838,0
ITC.NS,2026-03-05,894.6006478492407,902.725939310886,890.0557030935761,898.2368146738038,3591156,5.897082244464813,17.511288355692958,-3.2611090137725895,0
ITC.NS,2026-03-06,907.5950107287043,907.9957453887357,902.7983566665606,905.6477599893791,2348024,7.109292474343332,17.53303645688355,-2.4629602190711863,0
ITC.NS,2026-03-09,912.3273892278129,916.5139005347804,903.8686459669611,907.6442876956836,3031865,6.1330240493924215,17.320819469751385,-2.2479368833806745,0
ITC.NS,2026-03-10,907.3120267961942,914.551744776169,906.3449154126818,908.4025280328678,2667605,5.729303242461459,17.306122692222594,-2.1662754238168436,0
ITC.NS,2026-03-11,918.1346985413046,929.8257284700333,909.5200050098696,921.6463061411263,2702859,7.974650804589412,17.49180048303649,-0.7399384203331305,0
ITC.NS,2026-03-12,915.9515874070161,921.0755019765763,912.3753125365103,916.2634650568579,2947562,7.164226467271972,17.66187025081117,-1.3196631302764938,0
ITC.NS,2026-03-13,917.9557315304294,918.9631555796987,911.517133284464,915.8423874498558,3091294,6.493191219156813,17.648676708930825,-1.365012619470285,0
ITC.NS,2026-03-16,900.4849312205183,907.9854290094144,895.4215987878963,905.0560962793935,3734586,2.965204066005578,17.045170094524238,-2.5266816010116377,0
ITC.NS,2026-03-17,920.4777228729895,927.6017620487627,914.2776250553324,921.7255761438055,2457784,3.7497858608641854,17.563741760749668,-0.7314011481768468,0
ITC.NS,2026-03-18,928.6239317430577,935.1456414210083,917.9393135858292,927.2111032936555,3033092,2.7313573662196555,17.072523083044008,-0.14061728774907856,0
ITC.NS,2026-03-19,927.2644718321636,928.876045706978,914.4294280140807,920.4979077993373,2246255,2.6119511906959048,17.117140865392887,-0.8636193696999528,0
ITC.NS,2026-03-20,921.9070444494414,934.8599843112642,914.1664956223646,920.3601013251472,3373341,3.1177092572775678,17.027293822389353,-0.8784609407267552,0
ITC.NS,2026-03-23,922.2727218696729,929.5150323159991,917.256712279618,927.1399799943649,2598943,4.04375305435154,17.102830583486824,-0.14827717096055348,0
ITC.NS,2026-03-24,921.8996042165164,928.1197363845615,916.5573122476964,925.486616185275,2919029,3.9100642225341042,17.119124254874926,-0.32634221870212476,0
ITC.NS,2026-03-25,921.0718467489305,922.7629906041583,911.4464152677036,920.6958690825045,2424476,4.502229902455257,16.84728455300554,-0.8422992070446722,0
ITC.NS,2026-03-26,919.7045902169078,925.4503852478091,914.2147122914845,914.6140926380634,3946484,2.1217697378699496,16.382873115186445,-1.4972983106775417,0
ITC.NS,2026-03-27,923.6273804177181,925.9563506246345,916.4041931157801,919.4664008622296,3336943,1.4568155457973964,16.102361773784562,-0.9747112727596541,0
ITC.NS,2026-03-30,914.665568270247,920.032944795938,904.444223504552,916.6452991096958,3377360,1.3930682461780641,16.11344030505927,-1.2785401188290857,0
ITC.NS,2026-03-31,914.8518160094302,918.5413492241105,904.7826357254514,912.7839719086146,3368179,0.06891590967301742,15.964643715067576,-1.6943998398573301,0
ITC.NS,2026-04-01,895.7083942659228,902.5492969302986,884.0895778579743,899.3661508465584,2797390,-1.7857244782337967,16.47880735803931,-3.1394810342485258,0
ITC.NS,2026-04-02,898.6382640962822,907.5397426082575,893.5285511957328,901.306759790772,2642064,-2.539679313305343,16.202102941876607,-2.930480073661801,0
ITC.NS,2026-04-03,904.9489141427488,905.1811289134646,892.0132365727998,900.4500776561101,3435191,-1.1698883533770466,15.65073370702878,-3.0227435817713033,0
ITC.NS,2026-04-06,896.6553494136294,906.3770361342192,893.3941047975843,898.0795810666516,3840980,-1.3783822272425472,15.66475305121504,-3.27804286076393,0
ITC.NS,2026-04-07,907.7285310216004,912.3630836767999,900.2817073671708,901.3265955724925,3310900,-1.0739901725123735,15.706417010586012,-2.7916520444174586,0
ITC.NS,2026-04-08,907.4442790553442,912.043691814915,906.2196632864993,910.5669619242317,2803945,-0.9262505057238135,15.78777092001275,-1.7950757179568066,0
ITC.NS,2026-04-09,919.5695691628272,919.9627663456338,918.485573722733,919.3895953665481,2520938,0.6676557576231312,15.93592101275978,-0.8435520130554597,0
ITC.NS,2026-04-10,924.5834322544183,927.3005411354595,924.3351392130979,926.6412122530586,2648920,4.423679489678234,13.562119216696706,-0.06146292236713924,0
ITC.NS,2026-04-13,926.2989897177015,936.3850615639584,921.0457558418312,925.1002830992982,2776057,5.482896156506389,13.01663676401614,-0.22765260110229057,0
ITC.NS,2026-04-14,916.8020375578607,928.9450858990551,916.6982820808034,919.9523783677228,3141415,4.8444070814171125,13.187299533666879,-0.7828556949057375,0
ITC.NS,2026-04-15,907.8542656363106,909.6985925770217,901.2346273879314,909.6124763600133,2864146,3.459870763399686,13.701674293791383,-1.8980172768777281,0
ITC.NS,2026-04-16,900.8776417524153,905.771945665806,887.0406121564141,904.2668644471628,2097597,0.671320711292478,12.38440605378461,-2.4745431504206272,0
ITC.NS,2026-04-17,910.8904976842202,915.4289061979828,898.420608695562,905.5876430352555,4110177,-0.006638006163051102,12.157632851080024,-2.3320967772698986,0
ITC.NS,2026-04-20,900.5995444344626,903.046664424909,892.591845708143,898.1816845212718,3917395,-1.042545334410172,12.36657835734026,-3.130831659507194,0
ITC.NS,2026-04-21,900.551212016895,914.0271836374379,898.3464578237677,900.3186850017204,4578316,-0.8898965801705683,12.387190177807886,-2.900355506573138,0
ITC.NS,2026-04-22,890.4791523998343,898.1808024400783,881.413940679507,891.0379821630394,2181640,-3.321048842070662,11.884880799789789,-3.901282135440498,0
ITC.NS,2026-04-23,872.8266922236403,879.9434467906458,866.3855219478095,874.5232606269392,3533653,-4.555480603750639,12.854864718036401,-5.682399884940725,0
ITC.NS,2026-04-24,883.5507072136747,884.5240070808414,880.6019143271614,884.2461787537839,1514090,-3.449961382989808,13.365741387643038,-4.633780202507376,0
ITC.NS,2026-04-27,884.8340691386135,886.687411592977,877.4910456679654,880.3030927668111,3496570,-2.7349689830652335,13.023307696931733,-5.0590432276120145,0
ITC.NS,2026-04-28,877.3568573697916,877.9088414590955,861.4542161392826,872.5723804969805,3045702,-5.332736436854201,11.852152840658416,-5.892802901365868,1
ITC.NS,2026-04-29,862.9404525336494,868.2954857365946,861.4851746901049,862.2482160120845,2711185,-7.006267186707394,11.961922087139214,-7.006267186707394,1
ITC.NS,2026-04-30,863.0372583880991,871.1935516131983,860.1181635358076,867.6976763147185,2674896,-5.736051221544869,12.128691138125102,-6.418541232685026,1
ITC.NS,2026-05-01,881.5784186156552,889.7597824428702,881.3619937845032,883.212640556367,3063279,-4.036187652560641,13.417122885821437,-4.745247612005121,0
ITC.NS,2026-05-04,878.4761352144362,882.4712348824179,871.364072988168,880.0272224586744,3518288,-5.081515041124307,13.173227097645348,-5.088795924398848,1
ITC.NS,2026-05-05,881.2430978403468,884.4485149481743,871.5505648711985,878.8285446722932,2299104,-5.041463668626545,13.17357126790817,-5.218073688882374,1
ITC.NS,2026-05-06,890.5621191087914,895.1746793253205,884.8739010169726,891.2929343709915,1502259,-3.193555624487998,13.902994574512299,-3.8737854621320733,0
ITC.NS,2026-05-07,868.5028449154056,874.5500326426821,868.1410629328395,873.2060346543942,2365556,-4.52738027075813,14.908355245711844,-5.824463107422195,0
ITC.NS,2026-05-08,895.4383282792883,897.769155900286,889.2983277010162,895.1557268547818,2870699,-2.6439980824367715,16.69587830783723,-3.457182115810087,0
ITC.NS,2026-05-11,925.4981149737855,926.6265586974284,915.1634041910395,922.9274633975557,2927473,0.6853429886087392,19.05730201878275,-0.4619918679665713,0
ITC.NS,2026-05-12,890.1086932876885,895.1102080543313,886.129208779367,894.5299041160725,3305570,-1.9998234362478051,21.05313481665716,-3.524677288860345,0
ITC.NS,2026-05-13,889.7745807169297,894.6568546168274,886.7186557071036,894.5779430451225,3726076,-0.5323980446594323,20.623658549412347,-3.519496275725431,0
ITC.NS,2026-05-14,885.2650208370785,888.0738563563534,884.2869075942086,887.9792813830871,4237701,-1.4786839511531813,20.718002915934758,-4.231163946506722,0
ITC.NS,2026-05-15,880.9949954435789,891.0910560113808,866.1706909175206,886.246288517214,2781522,-1.5774099521284835,20.72228598946204,-4.418067755112675,0
ITC.NS,2026-05-18,876.2095566664548,885.9736554764628,861.6528775993853,882.8876973485583,3192736,-1.6915966066225363,20.73559736156999,-4.780292835973476,0
ITC.NS,2026-05-19,895.5130222321491,900.4114554105785,890.1006261300179,892.6216964462457,3738923,-0.9657874480801021,20.972811354341474,-3.730478067458498,0
ITC.NS,2026-05-20,886.2599257109937,899.5853319769675,885.0469096469886,892.5082526964823,2398132,-1.9832379147149526,20.736047907097806,-3.7427130104353945,0
ITC.NS,2026-05-21,882.8474788578824,890.5885295106171,881.712242133496,883.8864587432817,2880613,-3.8615986957206916,20.6611411442314,-4.672576115242288,0
ITC.NS,2026-05-22,885.0821672371519,886.146387382342,882.0468939747301,883.1421142204051,1842954,-4.694276215806193,20.48051288875597,-4.752853898827103,0
ITC.NS,2026-05-25,891.4556702177962,893.2253865976348,888.8132925062656,889.7026302213033,3838611,-3.82635845266468,20.643896045893605,-4.045300249221995,0
ITC.NS,2026-05-26,875.700797318591,885.3479998049297,868.1112282903828,878.2281114389986,3602227,-4.535481173792477,20.886011817158504,-5.282830596037802,0
ITC.NS,2026-05-27,858.7218884548207,873.4123409139505,853.163373525395,862.1034748888644,3089108,-5.222993605064119,21.27403261552641,-7.021877560947509,1
ITC.NS,2026-05-28,881.4133657777329,890.2734450683084,876.8570286996717,884.048528688381,2660675,-2.2358815249901465,22.634094040758352,-4.655096822282612,0
ITC.NS,2026-05-29,880.1778052054441,886.0588161826522,877.7567250163628,878.3336896440474,3871309,-3.009532384945224,22.68619495760834,-5.271443954454913,0
ITC.NS,2026-06-01,878.7023079576352,885.2790063646798,871.9893686117692,877.9609200268466,3006190,-2.2513000256961235,22.581683634287796,-5.3116472712483205,0
ITC.NS,2026-06-02,866.6726640163279,880.6541638332282,862.703299164039,874.8498554375325,1759798,-2.828868265034312,22.57763258654434,-5.647176535108834,0
ITC.NS,2026-06-03,880.5488847190323,883.4916978393785,872.7847116960208,881.7010655328676,2539984,-1.0478696550629607,22.52995243168567,-4.908271438847778,0
ITC.NS,2026-06-04,899.4406056618379,902.0454574332949,897.5468534172344,901.7616959332579,2876602,3.114661042496647,22.795083237636764,-2.744726337939196,0
ITC.NS,2026-06-05,912.9868949014487,917.3645419816266,908.5155562859985,909.1710373286782,3356170,2.8187691588356323,22.69983778526766,-1.9456266109082465,0
ITC.NS,2026-06-08,892.41777519685,898.3522077507963,891.6201756970177,893.8487656092127,3631076,1.538751022653706,23.237889927238907,-3.5981382843596754,0
ITC.NS,2026-06-09,880.8848989563805,882.8743135739081,876.8617030283881,880.2014960512035,2495382,0.8743246663248438,23.539818418467785,-5.070000464345559,0
ITC.NS,2026-06-10,881.3657110251191,884.7264137139105,871.6869109571264,877.0701844392078,3144690,1.7189909067803155,23.287115185810414,-5.407713375771306,0
ITC.NS,2026-06-11,867.0108480079339,878.3364179193633,862.011519482742,875.3221227847185,2899883,0.8786985004250125,23.236496964964047,-5.596242357820779,0
ITC.NS,2026-06-12,858.8753694280348,874.41954277268,856.4500423571981,858.4704712476577,3270617,-2.8013830614022184,23.30052872261414,-7.4136981105830335,0
ITC.NS,2026-06-15,869.6297488409858,874.6511077742462,866.9191955678414,868.0142358983253,2867475,-1.3650698812232687,23.538323227259223,-6.384400185141226,0
ITC.NS,2026-06-16,853.2506011130706,858.8741346884625,846.7919630310295,857.8214768757438,1521703,-2.390348825592914,23.768179953464383,-7.483692351334515,0
ITC.NS,2026-06-17,870.6057225631487,882.316427187596,869.1924097811026,874.4012513598469,3175901,-1.8951887039321602,24.092640765797725,-5.695558621571339,0
ITC.NS,2026-06-18,892.9714434119928,904.4225793981288,887.9559096818004,894.8093684369098,1262241,2.4740247919915026,24.29989625663017,-3.4945369767087175,0
ITC.NS,2026-06-19,891.2578331290066,893.5327905659013,890.0252789280348,893.2400853609065,2418824,-0.2140009203321691,23.19670976494614,-3.663784634596856,0
ITC.NS,2026-06-22,892.4476043923554,903.3787082114108,888.4382407584305,899.0573354064961,2381525,-2.586349300213353,21.36650130318921,-3.036392444735725,0
ITC.NS,2026-06-23,890.3903023897186,896.8737832573684,885.3470143204137,886.9487334379377,3126637,-0.8475033247352659,19.786781884221934,-4.342308856386334,0
ITC.NS,2026-06-24,898.1431797427082,898.8606086383495,890.4589033478765,894.7058805195531,2862223,0.014301434036601002,19.956449223469026,-3.505698180127126,0
ITC.NS,2026-06-25,892.0092768999476,900.0531012546994,876.366317869255,890.4620366841754,3302037,0.2795960844065082,19.8854172831573,-3.963398030819454,0
ITC.NS,2026-06-26,881.5137795549729,884.0287507082764,877.2243906643985,879.9960218126238,4191777,-0.7052516648670681,20.177019744282504,-5.092160923581856,0
ITC.NS,2026-06-29,876.4046399071273,880.2370077510316,873.2777882272247,878.0197671579053,4374992,-0.5513645965701031,20.15782491586394,-5.305300590233641,0
ITC.NS,2026-06-30,873.0867738426349,877.6214663650183,865.2387083200765,874.1953571294059,4241893,-2.064294357867358,19.911144609529863,-5.717764377057833,0
ITC.NS,2026-07-01,873.3268840676415,875.7009067310589,855.5533164493731,871.8572434605072,3260035,-2.313817174640498,19.91936003784143,-5.96993064864294,0
ITC.NS,2026-07-02,878.3302806422251,883.9675282279379,873.1931952018504,882.9297137036456,2683305,-0.1082429796465445,20.09913932429504,-4.775761359275443,0
ITC.NS,2026-07-03,874.3091142484134,878.8037479078677,867.0001566894829,875.7193362472306,4274001,-0.8404964335470555,20.238723198470467,-5.553402764862813,0
ITC.NS,2026-07-06,896.3082131757931,897.5207677950528,891.1684553199968,895.238052610475,3376853,0.6221654518201225,21.162811379118178,-3.4483032579749273,0
ITC.NS,2026-07-07,883.1674705677719,886.7972786593875,881.4856799825092,882.1946190439907,3536177,0.4516489000212953,21.258738829160503,-4.855041542293492,0
ITC.NS,2026-07-08,903.2772267069146,904.1591074731967,899.3734459248793,900.5643224310966,4224318,4.4612797259853565,21.313370506639917,-2.8738634349722236,0
ITC.NS,2026-07-09,889.032478836042,892.8265545779167,886.8246107135793,890.735213756781,2512353,0.7563708157877658,20.352503643117437,-3.933935800305255,0
ITC.NS,2026-07-10,888.9333534024892,893.7084894785846,886.3080655351215,891.8150660982982,1833495,1.5348809470936198,20.25115819379129,-3.8174733962549445,0
ITC.NS,2026-07-13,885.3568563143663,889.0880162649883,878.6319853227675,887.670107153205,3443513,1.10587919175964,20.3063909711044,-4.264508481401085,0
ITC.NS,2026-07-14,875.895325991271,888.5044069806524,872.9620307485125,885.0987044580773,3362464,1.1714980527052,20.296214161518293,-4.541835045545262,0
ITC.NS,2026-07-15,894.6947992947016,895.7798273166106,894.1459806500426,894.7453891267129,2982060,1.4794496801432189,20.412080612344532,-3.501437164807164,0
ITC.NS,2026-07-16,917.0152205875298,917.1233927323096,906.1694667014214,912.1102384289765,3751924,1.147591713241769,20.11711836794034,-1.6286328767027736,0
ITC.NS,2026-07-17,928.839097284639,938.7959857571251,920.1609079277777,926.3673803387122,2633678,1.8914310183659522,20.477156763199567,-0.09099577776260359,0
ITC.NS,2026-07-20,925.6490601582381,931.0504047766102,916.443589397836,923.00657620942,4581110,3.2620518953599964,19.840617538796305,-0.45345952710230675,0
ITC.NS,2026-07-21,922.6370095364964,932.5513955267858,921.9814557090651,926.1823729272778,2663903,5.223903513270045,19.22714233604382,-0.1109488834552752,0
ITC.NS,2026-07-22,918.4896502150689,925.8259161607856,918.4138506831716,918.6543792186907,2133807,4.741261932883001,19.382181510927182,-0.9152448345206565,0
ITC.NS,2026-07-23,907.46234948534,913.946053764321,906.0783386739424,908.9000249834662,1814263,3.8360623277661654,19.68068222680275,-1.9673356132274167,0
ITC.NS,2026-07-24,900.6379985184242,900.6763644105591,894.6609498828709,897.5808806670924,3597341,4.555824659011698,19.154492046522204,-3.188202425210074,0
ITC.NS,2026-07-27,893.375552100362,900.225887852054,883.4708239735058,893.9734660027287,2986170,2.9906456634939627,18.999696298487518,-3.5253931962405005,0
ITC.NS,2026-07-28,897.4608593814266,899.9352212428001,891.1070209819811,897.7531146646728,2580097,4.655005600275164,18.625307018717308,-3.1175062371925577,0
ITC.NS,2026-07-29,873.0370254763532,882.0430447947979,866.0870853724014,878.4658738030695,3665705,0.4648463662307645,18.998916255302227,-5.198920338634016,0
ITC.NS,2026-07-30,878.1557533544953,886.2954215967785,874.214894725995,879.0524418832517,2786728,-1.7609255232969856,17.693336267861127,-5.135619886158349,0
ITC.NS,2026-07-31,895.6921208586452,898.05791127695,891.2214333410911,896.2869321988456,3003604,0.3411005493229924,18.623710882723355,-3.2757317128609853,0
ITC.NS,2026-08-03,910.6699744682898,919.8875914769447,908.5143691690469,909.547544175772,2757555,1.1668008653233253,19.0189535794758,-1.844691111430774,0
ITC.NS,2026-08-04,908.0075039551162,918.0564066235346,902.2188725036436,904.2888222791453,2614596,1.9550271833632449,18.656983663445985,-2.4121946745240486,0
ITC.NS,2026-08-05,893.765107363011,893.9986297884732,880.7510529705756,890.3459262763558,3529770,-0.4873058664446761,19.062892954825458,-3.9168650710509123,0
ITC.NS,2026-08-06,894.8978097226428,897.6575891142861,892.9966773106678,896.368653854971,3687516,0.6633204928971681,19.11068208417194,-3.2669125868557303,0
ITC.NS,2026-08-07,868.201069028051,877.1661061155048,865.8272861814429,872.8523164682099,3980605,-0.8117883680541227,20.325999046793044,-5.8047165476339035,0
ITC.NS,2026-08-10,877.8406370389954,892.9449844211173,877.1025391765306,885.6412539536001,1492900,0.8680313451671973,20.762970902596308,-4.424577469392943,0
ITC.NS,2026-08-11,873.8363168229233,892.5719476074919,873.7330039109905,884.455900427874,2947281,1.1737128566045696,20.721660036885627,-4.552496831283193,0
ITC.NS,2026-08-12,907.5072888578715,910.4992705704947,899.1964732334097,905.214559846671,2669530,3.8260066812962013,21.73734671838666,-2.3122921928208084,0
ITC.NS,2026-08-13,887.8533517081586,889.0827061050632,883.5305937013682,887.7340037298925,3721157,0.5441305181693723,22.257682083288145,-4.198734958977934,0
ITC.NS,2026-08-14,896.4342651438515,903.3575055619986,893.5169551385886,898.6679826770004,3859872,2.620548100275255,22.373967717171137,-2.990109350739867,0
ITC.NS,2026-08-17,898.2064620542569,902.4287184842902,893.2154462581884,898.6838301540953,4714198,0.38490070139138854,21.440586881394495,-2.988398638831047,0
ITC.NS,2026-08-18,896.9685453396422,903.6088526034467,890.6455577194164,896.2168608904279,2515488,1.5894726111153057,21.001378765487388,-3.2547043525280706,0
ITC.NS,2026-08-19,882.7787171043221,889.5719357213568,881.5992823808684,882.6846787721701,2499047,-1.9853821890989387,20.57340427353158,-4.715483564476353,0
ITC.NS,2026-08-20,888.6717267363651,894.1110890184942,887.1409178386872,890.1061718444912,3425786,-0.07062052814065245,20.492589639917743,-3.914344272459447,0
ITC.NS,2026-08-21,898.026930096857,908.5067109430203,894.0067119345895,898.4563631659837,1784480,0.7446944237824216,20.668613626568092,-3.0129533665707475,0
ITC.NS,2026-08-24,919.9314692629064,922.7095741562257,917.6196107686259,919.0342704160155,2370076,3.533312996581195,21.613018550932505,-0.7915984606469473,0
ITC.NS,2026-08-25,932.2776561447379,934.9073182436686,924.9974462018681,931.3580185994614,3593543,5.2264582366220225,21.85663301520296,0.0,0
ITC.NS,2026-08-26,928.9059741052653,934.1945821923449,922.496870042142,925.8764037262014,3943489,3.4793154541844507,21.79012357283245,-0.5885615159574198,0
ITC.NS,2026-08-27,914.1017244588757,919.5013227004332,911.299567587863,915.910032201708,2820814,0.4165936980683682,21.353462964401505,-1.6586517847329563,0
ITC.NS,2026-08-28,893.3586031717632,903.7292608788855,892.870347138823,902.0951342287761,2671960,-2.6201533673456123,21.283392717830164,-3.1419587082837985,0
ITC.NS,2026-08-31,925.7670257301199,932.2240623520623,916.2004748089998,919.3091069917959,2276101,-0.40058969382523735,22.025791616861067,-1.2936927977260648,0
ITC.NS,2026-09-01,909.8233061969078,917.5228410767907,901.7548195542355,911.8796933117183,2439365,-1.5442616954968291,22.120486784730577,-2.091389658837517,0
ITC.NS,2026-09-02,926.6707687310505,935.810825638926,919.4077898312026,929.3585015571294,3896803,1.1651958103702231,22.70151561291867,-0.21468833707350976,0
ITC.NS,2026-09-03,935.9809770127563,944.2215919669721,928.6429091849059,936.3779330880301,3136503,3.023204681401981,22.539538842062676,0.0,0
ITC.NS,2026-09-04,943.3116214269347,955.0057318636987,939.4287937584267,941.2433787132791,4294636,4.864463914799089,22.195758601033187,0.0,0
ITC.NS,2026-09-07,938.1151001584633,947.3240188619726,934.461820312827,938.932005580918,2132576,5.029068679097914,22.165486760555765,-0.2455659380595887,0
ITC.NS,2026-09-08,946.455078949359,948.296054975132,941.0460224810782,947.5643785181392,2224105,5.54843676282557,22.26061628841943,0.0,0
ITC.NS,2026-09-09,954.2655200811706,959.8614893215196,942.4108536008902,948.5485474436197,2650812,7.977848170373103,21.133561262852314,0.0,0
ITC.NS,2026-09-10,945.4146266906857,948.6989783005073,942.0193099449058,945.5115958255407,3454323,7.5603173116622235,21.1947260923163,-0.32016828514088713,0
ITC.NS,2026-09-11,946.7949503386379,957.1276041702295,932.7717991984185,954.6091120924197,2818522,6.507088053877252,20.68672552775953,0.0,0
ITC.NS,2026-09-14,957.3884110915457,960.9630809773273,946.6950816880875,954.1281818657317,2064268,4.901408175463584,20.348832981643593,-0.050379806833589225,0
ITC.NS,2026-09-15,943.5819878700545,947.2456137495457,932.078214517971,946.1884419694978,2989421,4.633433329934333,20.442810556995262,-0.8821066147655432,0
ITC.NS,2026-09-16,955.3792210304817,957.0016680787808,951.1830312638017,954.190569144743,3178979,7.170768235600411,19.879944624581825,-0.04384443248810488,0
ITC.NS,2026-09-17,952.557387367386,965.7157123539897,951.7948856688556,954.6256956641384,2237539,6.4992279190737134,19.84327890563655,0.0,0
ITC.NS,2026-09-18,959.1945596103038,964.182511046928,951.0375687870381,961.4186772157914,2969551,10.146775012976338,17.95852071501475,0.0,0
ITC.NS,2026-09-21,959.4893457559341,967.8051209839385,955.9572330434528,957.3675709295115,2952075,8.098800350109858,17.75238454533407,-0.42136754592823067,0
ITC.NS,2026-09-22,949.3775419081007,952.4561367449542,943.3626802456504,944.7323775290239,3847051,6.815091297597764,18.308508440873467,-1.735591379927215,0
ITC.NS,2026-09-23,965.4343598469319,972.2153479235958,950.653753232354,965.7899010759418,2137125,6.691821355539318,18.192459104679376,0.0,0
ITC.NS,2026-09-24,984.8314997047008,987.1355472060908,983.2501507881027,985.0864403968088,2848205,10.96639717053549,17.70836796334605,0.0,0
ITC.NS,2026-09-25,996.071696259762,998.213471318416,989.4023954711171,996.8083790015543,4720175,10.920651254561008,17.69078750991388,0.0,0
ITC.NS,2026-09-28,992.5210435452632,996.9531255087826,990.5281435240739,993.3951952278642,2716189,10.53889720676613,17.777916043280435,-0.3424112242223387,0
ITC.NS,2026-09-29,989.2282112340442,1000.2493471983754,988.274865455276,991.0336512178022,2674393,10.579670441947497,17.76717307759125,-0.5793217538496487,0
ITC.NS,2026-09-30,1013.5712989851152,1020.8489443411698,1005.3502502643569,1008.8437582302956,2281247,14.292655405961629,17.352593317327003,0.0,0
ITC.NS,2026-10-01,1011.6029978403942,1016.8799749753707,1002.4060478242225,1005.7994129465754,3776129,12.997690024139818,17.4458874018878,-0.3017657847296906,0
ITC.NS,2026-10-02,998.8317493539107,1007.6719404282533,990.6563882430897,999.4158995977671,3687811,11.236999432673823,17.629821090431285,-0.9345211838418743,0
KOTAKBANK.NS,2025-10-06,1112.423529228066,1120.8647700565848,1103.5206267475521,1110.5466275280376,4424664,,,0.0,0
KOTAKBANK.NS,2025-10-07,1108.2606449424345,1112.212861626333,1105.7550248488558,1106.8308302545556,2663663,,,-0.3345917390026987,0
KOTAKBANK.NS,2025-10-08,1101.0281323776856,1106.904751607468,1099.1819452840516,1102.617885315006,3803149,,,-0.7139495106729621,0
KOTAKBANK.NS,2025-10-09,1124.7815729211268,1130.6130343042073,1119.7412983601005,1123.1153076184266,2549727,,,0.0,0
KOTAKBANK.NS,2025-10-10,1119.4601199719345,1132.3593869643596,1106.329527183541,1120.2957264917516,3669280,,,-0.2510500130796012,0
KOTAKBANK.NS,2025-10-13,1137.7377968739993,1147.0330160519643,1135.696407813898,1137.1975652715928,2367994,,,0.0,0
KOTAKBANK.NS,2025-10-14,1121.8885439109079,1132.6997733530243,1112.047580775738,1114.6189018080108,2300608,,,-1.9854653362882946,0
KOTAKBANK.NS,2025-10-15,1149.9682464708203,1154.6079353185332,1142.9168572248993,1150.0120167814118,2951447,,,0.0,0
KOTAKBANK.NS,2025-10-16,1147.2134060159585,1151.7733734852336,1142.0459194359705,1143.73089846051,3801765,,,-0.5461784945935744,0
KOTAKBANK.NS,2025-10-17,1153.8588556781328,1157.523583148679,1150.3988152518061,1152.3281054282977,3812524,,,0.0,0
KOTAKBANK.NS,2025-10-20,1158.1282885440448,1169.7990722436778,1153.9479867791963,1163.2084601262613,2648685,,,0.0,0
KOTAKBANK.NS,2025-10-21,1148.4200418875087,1164.4962083090352,1140.8432238355094,1155.1339492991524,2840455,,,-0.6941585368311798,0
KOTAKBANK.NS,2025-10-22,1162.4920318808286,1167.4614257765145,1156.32185345623,1165.379939602118,3571423,,,0.0,0
KOTAKBANK.NS,2025-10-23,1176.9718211793338,1183.9182165595237,1172.1503709227836,1176.4503077022478,4706417,,,0.0,0
KOTAKBANK.NS,2025-10-24,1156.3849106396121,1176.345164730055,1144.221465449791,1165.2625744283246,3379233,,,-0.9509737215993574,0
KOTAKBANK.NS,2025-10-27,1155.921600190297,1158.9127228504426,1150.3890679881372,1154.3452905213958,3239814,,,-1.8789588507164279,0
KOTAKBANK.NS,2025-10-28,1149.3636100047775,1159.4858133390621,1144.8074530391868,1153.821535619934,4142744,,,-1.9234787847954737,0
KOTAKBANK.NS,2025-10-29,1159.1978429628575,1161.4963659148973,1142.596745471855,1151.074749539969,4418018,,,-2.156959626441035,0
KOTAKBANK.NS,2025-10-30,1164.550536578301,1171.6837939915997,1162.7566587876734,1169.3126790911601,2655499,,,-0.6067088906651974,0
KOTAKBANK.NS,2025-10-31,1181.6398391104806,1183.3730183197686,1174.4106308000855,1178.0383397255964,2347450,,,0.0,0
KOTAKBANK.NS,2025-11-03,1175.0509360022315,1181.298931074417,1173.6474204675253,1175.8696939072397,2904990,,,-0.18408957885546195,0
KOTAKBANK.NS,2025-11-04,1192.0012329295091,1193.8563815038362,1168.1810135150508,1183.2719791329046,4116073,,,0.0,0
KOTAKBANK.NS,2025-11-05,1155.4865875642927,1156.3948723640372,1150.388118027415,1153.4138596100474,2242459,,,-2.5233522004583397,0
KOTAKBANK.NS,2025-11-06,1152.6540764034892,1153.012631737017,1131.8615125652664,1143.7872178394666,3262192,,,-3.3369134053501504,0
KOTAKBANK.NS,2025-11-07,1152.1321914199523,1153.2135919235373,1140.3976009811229,1146.6002045389034,2207140,,,-3.099183893535118,0
KOTAKBANK.NS,2025-11-10,1156.631697818934,1171.4902056116603,1156.1343643116472,1160.8913281723646,1657020,,,-1.891420683936107,0
KOTAKBANK.NS,2025-11-11,1164.3036411505427,1165.2888990084193,1159.3862989486715,1162.5173916724402,2183674,,,-1.7539997419421027,0
KOTAKBANK.NS,2025-11-12,1176.830158010323,1189.5651478538475,1175.0824744510828,1181.8596558507506,3382914,,,-0.11935745179978419,0
KOTAKBANK.NS,2025-11-13,1194.210744785173,1196.5587210192755,1189.689824884743,1193.0427139274163,2835336,,,0.0,0
KOTAKBANK.NS,2025-11-14,1190.410622308343,1200.514281280252,1176.201191989924,1184.889455449237,2833392,,,-0.6834003831547197,0
KOTAKBANK.NS,2025-11-17,1185.687915161288,1199.077270324437,1169.0860403277456,1181.720711594644,2363393,6.408923524898058,18.844356264988587,-0.9490022612435367,0
KOTAKBANK.NS,2025-11-18,1192.3931997261202,1192.812704893457,1178.9084175328808,1186.3426334475625,3630622,7.18373585371852,18.778011565587235,-0.56159602683441,0
KOTAKBANK.NS,2025-11-19,1172.8366959401046,1182.6863659296337,1165.7595887374735,1178.796521607353,2983875,6.908888138576086,18.865563292524413,-1.194105806418766,0
KOTAKBANK.NS,2025-11-20,1198.2788581313644,1210.77153963647,1193.3638716285768,1199.460645575016,3166998,6.797640227919266,18.788365213814586,0.0,0
KOTAKBANK.NS,2025-11-21,1178.0661225087165,1184.739479643785,1176.9740322470268,1182.427786047112,2553091,5.5460409324178395,19.343678749555675,-1.4200432161522558,0
KOTAKBANK.NS,2025-11-24,1185.7509026328687,1198.2008079286782,1176.1378399785538,1185.7382051433947,3012727,4.268443879424688,18.937826219984665,-1.1440509100690832,0
KOTAKBANK.NS,2025-11-25,1189.801254016947,1212.6933568274194,1182.4544577565819,1195.0564118442057,3446473,7.216593035136776,17.90200971302303,-0.3671845130607809,0
KOTAKBANK.NS,2025-11-26,1190.3851442848213,1196.5535867884012,1183.2391739564018,1189.3828004292363,3155550,3.42351063061177,15.687730311507483,-0.8401980659355823,0
KOTAKBANK.NS,2025-11-27,1179.3389171453055,1183.4940691462177,1176.3603172813857,1180.539356699327,4117625,3.2182796047883544,15.770436261538572,-1.577483091712295,0
KOTAKBANK.NS,2025-11-28,1177.8011094919038,1188.7243838885656,1175.1641131084525,1178.2861070004155,3304552,2.252657159869398,15.673697556058427,-1.7653383337516315,0
KOTAKBANK.NS,2025-12-01,1200.0723657306448,1211.9723664710173,1176.6656119159684,1188.6371558239043,2361909,2.186082423685498,15.643299741190871,-0.9023630571825092,0
KOTAKBANK.NS,2025-12-02,1190.7010200264638,1191.2883937501954,1178.7397257423113,1180.3508421759693,1272601,2.1830275953811817,15.644573452375758,-1.5931996993436726,0
KOTAKBANK.NS,2025-12-03,1165.6646819278155,1173.2416466097372,1161.2936816209203,1164.1452822316562,2070747,-0.10594462187870635,15.994666840454611,-2.9442702829512,0
KOTAKBANK.NS,2025-12-04,1187.632382960519,1191.5627855599805,1163.0234190393758,1179.153327974777,2181580,0.2297606838837618,16.198420625805653,-1.6930374227079215,0
KOTAKBANK.NS,2025-12-05,1190.9702448639787,1203.8521059563761,1182.1578768697195,1183.635590106019,2494701,1.5767275188348195,15.968067783487298,-1.319347619063449,0
KOTAKBANK.NS,2025-12-08,1194.698744273798,1200.5522709479064,1188.141882605761,1196.8432793484162,1992249,3.6815664408198723,15.96606813662285,-0.21821193019176954,0
KOTAKBANK.NS,2025-12-09,1204.4592203532907,1207.434534814167,1196.0494859682228,1206.5945394306557,3236280,4.573757915028653,16.080289245148833,0.0,0
KOTAKBANK.NS,2025-12-10,1243.1126446943151,1254.1378868580625,1234.1246422021538,1237.339021847852,3568803,7.494237219812083,17.458182750570682,0.0,0
KOTAKBANK.NS,2025-12-11,1254.4749270686093,1260.9568626035416,1245.734233144396,1252.7551910652364,2574981,7.136030718398723,17.25927610281419,0.0,0
KOTAKBANK.NS,2025-12-12,1236.8211703163286,1244.3038800931931,1236.7753879064117,1240.6790049155588,2581670,5.317370672719646,17.529349023965494,-0.9639701544089441,0
KOTAKBANK.NS,2025-12-15,1243.6797952478848,1254.4569736571534,1240.7266906621155,1246.456244249967,3880007,6.002922833071644,17.513629618836806,-0.5028074806789018,0
KOTAKBANK.NS,2025-12-16,1238.120953309304,1245.242085812076,1233.0810195533368,1236.9110046738315,2510203,4.533110433345455,17.682618502988024,-1.264747215130868,0
KOTAKBANK.NS,2025-12-17,1220.8553312615188,1235.7966750323767,1215.9384403504464,1228.9622608193965,2401133,6.549982088379869,15.964948763320669,-1.899248186360214,0
KOTAKBANK.NS,2025-12-18,1211.8389619999791,1218.896143521157,1191.082408128305,1207.1021967648492,2389023,5.535555734306952,16.721698508083055,-3.644207154437562,0
KOTAKBANK.NS,2025-12-19,1209.4445516244125,1220.991848336827,1200.0907590038362,1201.7655184574269,3378844,4.811207402558226,16.818571642122265,-4.070202460262983,0
KOTAKBANK.NS,2025-12-22,1214.4427154279374,1214.8720789004465,1207.4563504626192,1208.4452824610682,2498130,4.09633125294937,16.54864980953925,-3.5369966071735703,0
KOTAKBANK.NS,2025-12-23,1194.8968673653117,1206.7944306093777,1189.8075435516348,1206.2843777491091,2139721,3.7648457038310656,16.574284062524317,-3.7094887850045555,0
KOTAKBANK.NS,2025-12-24,1191.296589363916,1201.6702492994696,1183.5361916215065,1189.2881592421259,3386879,0.6285436138377953,16.493341122214034,-5.066195875759538,0
KOTAKBANK.NS,2025-12-25,1164.7181724591671,1167.0287520087504,1156.400539633533,1166.5856110287568,3600270,-2.2176157307532196,17.171151576699025,-6.878405346156125,0
KOTAKBANK.NS,2025-12-26,1196.2300890257047,1198.109485792645,1191.7346769312487,1195.33423745689,2486067,0.881498435117134,18.559931873902517,-4.583573392301865,0
KOTAKBANK.NS,2025-12-29,1191.5267808841559,1205.6968991803874,1186.6030222783124,1198.811036182474,2571712,1.4462236652150962,18.551190652577773,-4.306041217589596,0
KOTAKBANK.NS,2025-12-30,1187.7716945977895,1196.7368060561798,1177.7293108112071,1185.8311521226715,2548352,-0.04311413165728473,18.808773499428185,-5.3421482042040775,0
KOTAKBANK.NS,2025-12-31,1184.1378638963247,1200.6463518986866,1181.9231044457151,1191.2317013083014,4169853,1.0549046822764918,18.751274562534338,-4.911054465846654,0
KOTAKBANK.NS,2026-01-01,1218.161193644674,1226.092299581996,1213.6522106867353,1221.7210219380638,2574615,1.8558655046474026,19.52074966737028,-2.477273241293365,0
KOTAKBANK.NS,2026-01-02,1229.5689598802664,1239.068062946397,1221.569187818446,1229.624179076041,2884143,3.9914820664615602,19.064930952551453,-1.8464111866522637,0
KOTAKBANK.NS,2026-01-05,1199.774887451738,1208.22301352795,1176.6615886983773,1187.9940984753387,4113076,0.19025222617932158,21.616207719619148,-5.169493054331742,0
KOTAKBANK.NS,2026-01-06,1223.1728147509814,1228.0945266786787,1216.4113760931043,1225.1903798997664,2272142,2.5215519331893255,23.342322441965468,-2.20033501853073,0
KOTAKBANK.NS,2026-01-07,1197.1040554917038,1197.2556088788126,1185.594939561341,1197.1069570384682,4834804,0.6494256186018621,24.301378296574665,-4.442067725893817,0
KOTAKBANK.NS,2026-01-08,1191.7222352987674,1193.4302460235428,1187.244428854916,1192.9606088504802,2786392,1.0521675605870362,24.218230933485778,-4.773046054106711,0
KOTAKBANK.NS,2026-01-09,1173.9888511317176,1175.692511316621,1173.886080778628,1175.6718400018892,3643893,-0.22187030662540463,24.59689265922759,-6.1531056995902,0
KOTAKBANK.NS,2026-01-12,1165.174306430554,1170.0979813095028,1164.0477391093564,1164.116264732761,3185002,-2.0629416614649454,24.61357157878522,-7.07551858213451,0
KOTAKBANK.NS,2026-01-13,1165.805128783399,1173.9548535206732,1163.5484394854577,1166.931477570758,2873540,-1.1368962621717382,24.552021772945633,-6.850796876084086,0
KOTAKBANK.NS,2026-01-14,1136.2983525376626,1137.8984140149435,1136.0907922557485,1137.15308289291,2954911,-2.3186280742384935,25.33894274191382,-9.227829107938334,1
KOTAKBANK.NS,2026-01-15,1132.253073503422,1139.9977524548601,1126.6275239774795,1134.7897446202237,4427085,-3.7623252466029045,25.012648932372645,-9.41648035357211,1
KOTAKBANK.NS,2026-01-16,1146.5994339732727,1153.9705471934762,1133.4653393759108,1149.374620652019,3663234,-2.894553842448344,25.30444003855829,-8.25225639857946,1
KOTAKBANK.NS,2026-01-19,1130.0458704511066,1143.3816231351432,1127.793291284425,1136.6684743327287,2502800,-5.027793200163,25.206769302390065,-9.266512528580906,2
KOTAKBANK.NS,2026-01-20,1113.3601875428187,1119.9962490357993,1108.4861683556276,1116.7477458341834,2253687,-7.446311968133667,25.441527507022666,-10.856665867447246,3
KOTAKBANK.NS,2026-01-21,1113.529665586543,1116.3013482136907,1108.05182940805,1113.7709300405083,3678337,-9.986599438430876,24.02461702023735,-11.09428737681364,2
KOTAKBANK.NS,2026-01-22,1100.0170490201265,1115.1009761881253,1095.9859975607599,1108.152134787186,3189033,-11.542802401408714,23.552155036624303,-11.542802401408714,3
KOTAKBANK.NS,2026-01-23,1095.0400501380811,1101.6157603254912,1078.2770744215231,1099.1681243745852,3101732,-11.405922078177255,23.5242898904231,-12.259942547917435,3
KOTAKBANK.NS,2026-01-26,1080.5334950926263,1084.0326027074373,1071.0094786480852,1082.5246811082402,4159170,-13.15181049458899,23.596586178046554,-13.588489688256388,3
KOTAKBANK.NS,2026-01-27,1089.5659829206195,1096.4230437901722,1081.568290109404,1088.2040602483405,3012225,-12.022444934484543,23.746361693807703,-13.135138612115881,3
KOTAKBANK.NS,2026-01-28,1098.994189959224,1106.5837772936459,1087.5978627810073,1094.9123767940985,2926693,-10.907567164505272,23.921340341861413,-12.599653579317593,3
KOTAKBANK.NS,2026-01-29,1075.903910229551,1082.952688280105,1064.6162545076456,1079.9222724305525,1889429,-10.535969918301136,23.74096904264022,-13.796224503186572,3
KOTAKBANK.NS,2026-01-30,1063.7843053241024,1073.0056672834664,1062.4027236904853,1066.9077544044742,2367007,-11.221636998376738,23.866672882429683,-14.83509611345002,3
KOTAKBANK.NS,2026-02-02,1071.7112341531752,1078.2205664103117,1065.4684764206665,1067.5912150193624,2510082,-11.655808457859873,23.740433106653562,-14.780539515340296,3
KOTAKBANK.NS,2026-02-03,1052.315358184996,1056.0487402243837,1044.0319795852117,1054.2480251464997,4062227,-12.603690755434037,23.85581348446208,-15.845647045369105,3
KOTAKBANK.NS,2026-02-04,1062.6353369980093,1064.139740766267,1053.2022257086312,1055.4573443199197,3948641,-11.253018360789024,23.724813942522342,-15.7491142844558,3
KOTAKBANK.NS,2026-02-05,1081.539005416614,1091.642621686847,1061.9697108074458,1073.144607145201,2747557,-8.009785394245917,23.999013101212014,-14.337245233628593,2
KOTAKBANK.NS,2026-02-06,1073.4508925217156,1076.63400051247,1059.846007422794,1071.3053325466858,4303500,-10.37608570252948,22.565445088730716,-14.48406359140776,3
KOTAKBANK.NS,2026-02-09,1051.321430235338,1055.791646872814,1046.5932962763518,1054.763884817473,2843897,-12.015834607571573,22.735298865740454,-15.804469034321745,3
KOTAKBANK.NS,2026-02-10,1057.727281554648,1064.7434598133837,1052.0887616734767,1058.681926169901,906600,-10.72237187606091,22.755307711747278,-15.491715083639923,3
KOTAKBANK.NS,2026-02-11,1048.6005282361598,1061.8855584293938,1044.4751769566658,1055.3741010884448,3149739,-11.404800600139108,22.622468489703852,-15.755759096791733,3
KOTAKBANK.NS,2026-02-12,1047.8782213217992,1060.071371340777,1042.0345350808707,1052.4238246493583,2107476,-13.857271361357338,20.82796190280678,-15.99126212724239,3
KOTAKBANK.NS,2026-02-13,1055.0433276916783,1061.1779783845932,1050.6814189087863,1057.3885891235127,2208376,-14.00717332038386,20.751104464458226,-15.59495449191478,3
KOTAKBANK.NS,2026-02-16,1063.6068302286797,1068.6134996364444,1058.444816716382,1065.1303783568076,2876576,-10.342115358671677,19.132891581168508,-14.976973477865908,3
KOTAKBANK.NS,2026-02-17,1068.995806288926,1076.3870796015754,1064.2065368195754,1064.521847818965,2539287,-13.113760499323046,16.069452707274984,-15.02554885334092,3
KOTAKBANK.NS,2026-02-18,1057.4748049076265,1063.116873434076,1046.4796402492736,1062.686415037357,2317672,-11.22878295968267,15.11841783505947,-15.17206054171375,3
KOTAKBANK.NS,2026-02-19,1087.6888176597542,1096.8117921207934,1078.165703280243,1088.2436259460744,2370198,-8.777907847712552,17.155965507559518,-13.131980317660897,2
KOTAKBANK.NS,2026-02-20,1100.9491032271399,1105.6182987454508,1099.4560510011895,1102.9343100369783,1681333,-6.186890549729762,17.442561062374153,-11.95931033427714,2
KOTAKBANK.NS,2026-02-23,1110.1246453721437,1116.2616109619714,1101.0777173928907,1112.911135407954,2715883,-4.3986267416821985,17.570165664259637,-11.162919671350235,1
KOTAKBANK.NS,2026-02-24,1114.8578166539476,1120.090515010315,1111.2715939905338,1113.5534279630012,1783098,-4.574223134238842,17.543123277661792,-11.111649274737378,1
KOTAKBANK.NS,2026-02-25,1103.0038808606007,1105.4247586299448,1098.7308182191398,1099.0979085906085,3899854,-3.346530460568198,16.389996377070766,-12.265547456560189,1
KOTAKBANK.NS,2026-02-26,1111.4912949990103,1117.0833865922423,1102.3378688563619,1112.957501022739,4472612,-1.9239020885574831,16.858606272162643,-11.159218579938612,1
KOTAKBANK.NS,2026-02-27,1110.6854007018987,1114.5348403515309,1103.7211197264214,1113.774734289409,2937483,-3.0973266438069524,16.377767796961347,-11.093983706237953,1
KOTAKBANK.NS,2026-03-02,1107.6126133467653,1112.7989225552415,1101.2565415650427,1104.9845688389075,3335419,-2.7874359331044984,16.234013203056328,-11.795650361718103,1
KOTAKBANK.NS,2026-03-03,1100.639532460355,1108.7029979744216,1094.1040275039763,1100.6667968332752,2478066,-1.4399804307548614,15.483951719561102,-12.140312434278421,1
KOTAKBANK.NS,2026-03-04,1090.9312333827854,1097.2238872571959,1082.0039641956882,1086.8944211995438,3352088,-2.4131092054976766,15.865404757263684,-13.23967931233705,1
KOTAKBANK.NS,2026-03-05,1101.491154883931,1103.3255371647126,1096.985909008834,1099.6752553849235,3380290,-0.7649562849861291,16.215222814898624,-12.21946129396173,1
KOTAKBANK.NS,2026-03-06,1101.39804422849,1112.8720730223772,1094.5985306392765,1107.6203102884056,3885716,0.7689620656193608,16.174822839252943,-11.585254789758281,1
KOTAKBANK.NS,2026-03-09,1116.2675077417487,1130.7949340394941,1098.5187575379891,1108.9303803139712,3069377,2.4392699461316614,15.497890278029447,-11.48067968722355,1
KOTAKBANK.NS,2026-03-10,1111.7414831177696,1115.1198463913015,1097.6868047890262,1107.2561222382676,3167793,1.7507802705293285,15.454975498695644,-11.614325756914145,1
KOTAKBANK.NS,2026-03-11,1091.170215796257,1097.8495429282887,1087.794204681615,1097.1538932673745,2827231,0.20472108278100087,15.613118681154239,-12.420726643770818,1
KOTAKBANK.NS,2026-03-12,1071.20967562994,1071.6319297001917,1064.581347869335,1068.3987965084466,2131217,-1.0670653079661307,16.940109248794034,-14.716075085670077,1
KOTAKBANK.NS,2026-03-13,1047.744703398173,1050.6774228782635,1035.427049089427,1049.3893709894558,2375938,-1.6419773258463999,17.36256226726502,-16.23348452484604,1
KOTAKBANK.NS,2026-03-16,1030.743469334994,1042.8890577305779,1023.3387232763632,1039.0420573755855,2051106,-2.6741656583657014,17.56846265160272,-17.059449061865585,1
KOTAKBANK.NS,2026-03-17,1029.8310656413519,1047.4339173414673,1017.9864449457002,1026.9426467194264,3106810,-2.5900336330512808,17.52093242914831,-18.025273090570725,1
KOTAKBANK.NS,2026-03-18,1033.022279789579,1041.51175689655,1019.7684280134953,1029.4872903422417,3022958,-2.460549838175763,17.538122114835772,-17.822149316591272,1
KOTAKBANK.NS,2026-03-19,1040.1807434592602,1047.0110130314724,1034.9808337234563,1038.5248755160385,3154716,-3.2260080699896165,16.9889935566902,-17.100732615367153,1
KOTAKBANK.NS,2026-03-20,1036.550922562014,1037.3681026501408,1035.4411765344287,1035.8916332412732,2316236,-3.305658828489899,16.99350670015861,-17.3109286930642,1
KOTAKBANK.NS,2026-03-23,1053.681513596191,1054.9146369463442,1049.7252562910612,1052.5039409975855,3532619,-0.2142606371357214,17.127845467232213,-15.984866915408613,1
KOTAKBANK.NS,2026-03-24,1045.9051124019136,1050.1559403877973,1035.1076661879238,1041.6226617022157,3079716,-1.6113682538628327,17.34482162905379,-16.853454758666096,1
KOTAKBANK.NS,2026-03-25,1035.105553677888,1039.4949337709636,1029.4691760263772,1038.8930734281385,4021730,-1.561628965814954,17.33876786122785,-17.071341564767163,1
KOTAKBANK.NS,2026-03-26,1040.4724256655825,1047.670347141359,1030.6772509593945,1037.2224696621392,2783520,-1.4444138028026576,17.328322181371416,-17.204695932636803,1
KOTAKBANK.NS,2026-03-27,1048.0709404818776,1060.82963899142,1047.0325978395883,1049.858260101165,1916335,-0.7121628793620549,17.652932140775864,-16.19605589433202,1
KOTAKBANK.NS,2026-03-30,1054.376997650675,1055.28656019531,1040.6562941959219,1050.1450528256926,3194375,-1.4069005856572336,17.510336838342123,-16.173162935949314,1
KOTAKBANK.NS,2026-03-31,1050.6968476972197,1060.4026281541258,1040.998077263108,1050.7809164220357,2531710,-1.2908078331207773,17.51273586125653,-16.122405724893383,1
KOTAKBANK.NS,2026-04-01,1025.4404469766546,1042.646813211459,1020.0681044168457,1029.0931636486994,2554065,-3.161163153429103,18.471299198569493,-17.85361010768224,1
KOTAKBANK.NS,2026-04-02,1020.7080276333301,1023.0908898636111,1013.3200262248882,1017.0249002642977,2635680,-6.54437333550767,17.11507125356812,-18.816947834835453,2
KOTAKBANK.NS,2026-04-03,1026.314103725792,1030.0155908533377,1020.6539721044408,1029.4611588456016,2959694,-6.661607180296469,17.01743791037615,-17.82423523863147,2
KOTAKBANK.NS,2026-04-06,1000.3222594647626,1010.3555073001052,999.0968866120354,1003.1388177560642,2556745,-9.863529455265185,17.954119901119125,-19.92539125676419,2
KOTAKBANK.NS,2026-04-07,1018.127647524768,1019.8789580659381,1015.4127227483117,1018.419895690873,3235042,-8.543239137268333,18.721838978260173,-18.705593642370356,2
KOTAKBANK.NS,2026-04-08,1025.793366042046,1037.8891866651154,1018.86838978829,1023.5231749192108,4274945,-6.8760692819722085,18.60621581122976,-18.29822919760614,2
KOTAKBANK.NS,2026-04-09,1010.0534287234196,1023.1057261623166,1009.9659767478146,1013.3716142425675,3686421,-8.947860694470211,18.177645035832235,-19.108567941284484,2
KOTAKBANK.NS,2026-04-10,1005.114662693728,1012.4201269765026,987.0492245754604,1002.3035551623084,4002381,-10.00841334385445,18.280082324534845,-19.99206530447224,3
KOTAKBANK.NS,2026-04-13,1025.721032046801,1035.2233938179347,1019.899646657857,1024.346512161426,3135586,-7.297663601059523,19.648936608277058,-18.23250707982228,2
KOTAKBANK.NS,2026-04-14,1042.391899760646,1048.6406794722388,1038.1177627821464,1040.8047586882005,1821739,-5.438706638312651,20.360015845479897,-16.91874309431608,2
KOTAKBANK.NS,2026-04-15,1037.683840213666,1048.3552350863429,1033.642714065138,1038.2778442419065,4118376,-4.472980632652613,20.106389839045175,-17.120451653523517,1
KOTAKBANK.NS,2026-04-16,1033.7602001371308,1043.10485347595,1028.287250421142,1038.9192736218158,2636875,-5.524902144118993,19.72623093905935,-16.650160933088586,2
KOTAKBANK.NS,2026-04-17,1031.5656126160306,1034.30794183826,1025.8345348173707,1029.8666491920965,3852303,-7.019884013869637,19.631981566297195,-17.37642986322392,2
KOTAKBANK.NS,2026-04-20,1035.046734494378,1041.9909526423921,1021.9360172391547,1030.5052596397513,4172857,-7.0721410528959865,19.62386068227497,-16.68719449128909,2
KOTAKBANK.NS,2026-04-21,1027.5284794656825,1028.5014347961326,1016.5795514729806,1021.1861783251139,2212607,-7.773264214531251,19.71648244241371,-16.951358333531687,2
KOTAKBANK.NS,2026-04-22,1014.71520432909,1019.2784609578249,1009.5532353102932,1019.2069712940043,4045246,-7.104465695440476,19.620237881024256,-17.112318654968828,2
KOTAKBANK.NS,2026-04-23,1038.5309555284905,1040.7934880454986,1037.8817435321614,1040.5519451361126,2491775,-2.606409840907553,19.40195697906998,-15.376424533388743,1
KOTAKBANK.NS,2026-04-24,1041.3782610402661,1043.645434696806,1037.4389307894437,1038.3224799348582,3286644,-1.0546029300985582,18.730013992616215,-15.557737266107596,1
KOTAKBANK.NS,2026-04-27,1026.8454353067652,1030.575576743524,1019.1704389287192,1024.3237499858003,3717062,-1.4165266252032849,18.919344848821453,-16.69619324210968,1
KOTAKBANK.NS,2026-04-28,1007.6890176503645,1010.3167654498121,1005.2460104402967,1006.6607494607197,3275581,-1.9749785758238159,19.2745849880156,-18.13264844733775,1
KOTAKBANK.NS,2026-04-29,1011.5505663514097,1017.900002262325,999.1852252826062,1007.1923095905762,3018533,-2.1656392420593917,19.25586174245773,-18.089418968046278,1
KOTAKBANK.NS,2026-04-30,995.0240727895532,1000.2537228668988,989.045762637956,997.042698401277,1607268,-3.994336398937881,19.22831611154537,-18.914842813966892,1
KOTAKBANK.NS,2026-05-01,1001.7074363490585,1013.6130481762509,989.3045532605014,999.0005449505454,2239657,-3.561288372925331,19.247135413531804,-18.75561964784962,1
KOTAKBANK.NS,2026-05-04,981.7391093679786,982.007930596419,973.896161413907,978.7965213238948,2918623,-7.003054031686496,19.30474490671912,-20.398725238196114,3
KOTAKBANK.NS,2026-05-05,983.6636883136874,987.2895943679735,969.6046391117515,985.9535753490782,2085212,-5.344458065280888,19.347467273270862,-19.816673083808478,2
KOTAKBANK.NS,2026-05-06,976.2080439559325,983.1892972487958,964.3140238747778,972.5191644970326,3352695,-6.388906676611605,19.65068030885892,-20.909235435838703,3
KOTAKBANK.NS,2026-05-07,963.3170589136589,975.7931609589073,955.6606784512222,972.0894620268609,4298443,-6.279560030790165,19.65624804070275,-20.94418127355756,3
KOTAKBANK.NS,2026-05-08,972.4576057764795,973.8360788139724,959.6036608918497,967.18587119865,2967494,-7.8746238463226925,19.198444401318188,-21.05831982799472,3
KOTAKBANK.NS,2026-05-11,986.4109725597929,995.6767144605436,985.0044576165843,986.3525527988699,3013344,-6.074637008970541,20.263908370364195,-19.493935882881807,2
KOTAKBANK.NS,2026-05-12,987.689273026927,990.0588906882172,983.6877190092025,987.398996884716,2420370,-6.031887194253438,20.269441687074206,-17.517896702609626,2
KOTAKBANK.NS,2026-05-13,1005.4423856996883,1018.0171944644819,995.5425508550336,1009.7139620155516,4310197,-1.8831338422692356,20.68273244358228,-15.36066199298084,1
KOTAKBANK.NS,2026-05-14,1007.7563398949316,1019.0793227009563,1001.8799878930863,1015.5176516698543,3000273,-0.14820173960850003,20.481369131021324,-13.622354715222029,1
KOTAKBANK.NS,2026-05-15,1026.5729531402794,1034.647870483391,1026.1602440700674,1032.0074083981456,2827161,0.24733808853936168,20.7204418534246,-11.562295795935562,1
KOTAKBANK.NS,2026-05-18,1025.831957441447,1028.6120530367034,1022.2502347238476,1028.3985204844005,4947626,2.518066520926787,19.275527527419044,-11.871558848917719,1
KOTAKBANK.NS,2026-05-19,1030.6511171502646,1033.9550630796302,1027.301689759649,1031.6415638296494,4421560,1.2982531267034192,18.80725957951937,-10.243227465348237,1
KOTAKBANK.NS,2026-05-20,1038.9386302502319,1048.0504990561456,1037.4469846765485,1045.7951429698555,1861279,2.1760101379632024,19.15500430618274,-9.011811799307424,0
KOTAKBANK.NS,2026-05-21,1052.6995072430823,1058.1683336542649,1047.239829344705,1056.1598092358242,3207651,4.222359733772318,19.053793905723516,-8.1100460843059,0
KOTAKBANK.NS,2026-05-22,1069.195740082372,1070.2901731863876,1052.5908405793089,1061.851325490942,2322562,5.941091401096621,18.717017084373936,-6.582143389320927,0
KOTAKBANK.NS,2026-05-25,1055.4201304885637,1058.8594849942447,1054.457499655074,1056.6263994410047,3249954,3.1512663826487985,17.822014683236816,-5.383610275234507,0
KOTAKBANK.NS,2026-05-26,1060.856528188054,1060.880204374001,1046.2801817700324,1053.563642842312,3923044,1.2258672001262072,17.276890943055403,-5.406038545623126,0
KOTAKBANK.NS,2026-05-27,1072.3710982777611,1073.8666898137988,1065.4032191088982,1066.9806073575955,3498037,2.7644587886440197,17.612053231435038,-4.201399573107412,0
KOTAKBANK.NS,2026-05-28,1082.3575155115152,1096.633496340443,1078.698231761679,1083.2721430399836,3713801,4.269135297061877,18.09203177570035,-2.7386679110552925,0
KOTAKBANK.NS,2026-05-29,1080.7142435027417,1085.452689849894,1073.0622179943,1074.5203333778866,3198239,4.335870495546179,18.061948408832706,-3.5244470630380054,0
KOTAKBANK.NS,2026-06-01,1064.2743604497791,1065.0077904699242,1063.6739461788293,1063.9110026709589,3169399,3.2416858350519773,18.358889966380946,-4.477003300875138,0
KOTAKBANK.NS,2026-06-02,1054.4960470571782,1062.2167772828623,1046.6099332596564,1051.3810949111705,2862158,2.956847363091075,18.507020313786487,-5.601998093272043,0
KOTAKBANK.NS,2026-06-03,1059.049347139959,1064.4431660840703,1048.780605047934,1060.8426299773646,3019377,4.085103404512513,18.62531505205877,-4.752496414440143,0
KOTAKBANK.NS,2026-06-04,1050.0394788437268,1051.0166440196429,1047.9737812541227,1048.030110125008,3334749,0.7186729142981019,18.065224671446522,-5.90286546644877,0
KOTAKBANK.NS,2026-06-05,1063.2759448481395,1065.9538980085936,1049.875463206557,1057.307992320868,2927647,1.8284793744618666,18.21641281515897,-5.069853016962811,0
KOTAKBANK.NS,2026-06-08,1071.2035473197814,1078.6649120974255,1059.0458702305198,1063.193189292461,3926330,3.7946439597050796,17.761576715412524,-4.541452004585034,0
KOTAKBANK.NS,2026-06-09,1045.2237983817845,1057.805545307188,1041.4396034333915,1055.2083239776193,2786131,4.822635087630789,17.089734371627443,-5.258371240496418,0
KOTAKBANK.NS,2026-06-10,1071.3482586882394,1077.9323573534937,1069.2361909727424,1074.1256837339292,2758323,6.645540628736679,17.7247288176653,-3.559880587592601,0
KOTAKBANK.NS,2026-06-11,1052.3201143378956,1056.5692635160963,1044.801549208558,1054.3899959544028,2028456,5.751739383386512,18.375542499001206,-5.331844627710447,0
KOTAKBANK.NS,2026-06-12,1067.0079855876686,1082.3059469981283,1065.7786786921224,1074.5256179198439,2689414,7.560063240309556,19.03725912515505,-3.523972591693436,0
KOTAKBANK.NS,2026-06-15,1077.0905081632582,1078.9229466786267,1073.7038045481352,1077.5698850562057,3404744,10.091307190049337,17.776603550215153,-3.250643789859542,0
KOTAKBANK.NS,2026-06-16,1045.9994258007455,1051.942666082533,1032.09999973264,1050.0410867557323,3937789,6.500053654551019,19.586296237216793,-5.722310407260133,0
KOTAKBANK.NS,2026-06-17,1068.4721606553967,1073.5242236869713,1065.4169206008103,1069.2252703152094,3439851,9.943876619458836,19.53181325683681,-3.9998630425588044,0
KOTAKBANK.NS,2026-06-18,1080.6603373420492,1083.2112791742798,1074.4274057163598,1080.693949208778,2063057,11.172272864214627,19.616982532714886,-2.9701504318767613,0
KOTAKBANK.NS,2026-06-19,1073.6486758708702,1078.46387832375,1064.4659895382065,1074.0830605528677,3300115,11.052393602662747,19.66053048669699,-3.5637074997813434,0
KOTAKBANK.NS,2026-06-22,1057.6221507079313,1062.3900044724082,1056.7781264641278,1060.6619288408265,2945597,7.533754115716196,19.5711161640005,-4.768720623068246,0
KOTAKBANK.NS,2026-06-23,1040.9702987648582,1041.399102814821,1031.163646018806,1039.8400091753392,1279276,5.311025477651565,20.595150498711288,-6.638211735090249,0
KOTAKBANK.NS,2026-06-24,1067.7558979905652,1072.950169893224,1065.4343679471388,1069.3539792659453,3989251,5.906624994205556,21.16289855193598,-3.9883069399849758,0
KOTAKBANK.NS,2026-06-25,1056.3177631374206,1065.1193047160284,1049.0171067515369,1056.5159093123982,3841029,4.0371782386184,21.512359800197984,-5.140970001760914,0
KOTAKBANK.NS,2026-06-26,1034.5746466801027,1039.6861439639138,1026.9843439874119,1039.5792294694886,3217875,0.7336983251986284,21.61216546977674,-6.661625779045643,0
KOTAKBANK.NS,2026-06-29,1044.1973967899405,1052.8927666561779,1029.892100538719,1041.8870751100299,2366900,1.3116077432001605,21.58762537721426,-6.454416406316099,0
KOTAKBANK.NS,2026-06-30,1012.448485791354,1022.7405842597983,997.5807778745262,1020.5904508094521,2131899,-1.0712163417663567,22.405426251502508,-8.366528761258774,0
KOTAKBANK.NS,2026-07-01,1017.9464126693919,1020.2675795461569,999.0021128075317,1007.6342362023325,3020238,-3.6489848919314505,22.28058369241911,-9.529799412696715,0
KOTAKBANK.NS,2026-07-02,1015.0619903446083,1024.004654677279,1009.6443317790228,1018.7204344292932,3216586,-3.544858882068236,22.329826842544957,-8.534427737828043,0
KOTAKBANK.NS,2026-07-03,1018.6941754561547,1039.3486414604163,1015.6159441548743,1023.3897292046613,2883595,-3.622126314952623,22.310680204962242,-7.713798145298423,0
KOTAKBANK.NS,2026-07-06,1016.4477107141812,1021.0204087391448,1011.8071381265697,1017.6402151029356,2369282,-3.6896848648390934,22.321881558673713,-8.232272001168251,0
KOTAKBANK.NS,2026-07-07,1023.6754002473839,1027.0695841334993,1003.857187817866,1016.8489723797538,2067225,-3.4848080333817366,22.31596407820125,-8.303623885581201,0
KOTAKBANK.NS,2026-07-08,1014.205428851021,1015.7408794191689,1009.6428290906052,1010.4557302176526,3935851,-5.297648031291613,21.97056821071023,-8.880147198098909,1
KOTAKBANK.NS,2026-07-09,1005.5618656887526,1012.5250792051452,1001.5322787317776,1008.6975698883386,3460701,-6.884195594872999,21.37257911680919,-9.038692798483316,1
KOTAKBANK.NS,2026-07-10,996.9595831289915,999.9689641632466,992.0537424731766,998.5218114454664,3598419,-7.072785834913842,21.42774723433912,-9.95631203080981,1
KOTAKBANK.NS,2026-07-13,989.949255296912,993.4079061766777,980.4508055347072,990.6047502896025,3471464,-6.890261703969625,21.375794542748945,-10.535175160093912,2
KOTAKBANK.NS,2026-07-14,980.8545445324329,986.2410695895354,974.822892268248,982.3915621822016,3092320,-6.561800765002124,21.264926032853946,-10.460003085201242,2
KOTAKBANK.NS,2026-07-15,972.2643209176039,973.571960924268,970.2937538240417,972.9008042796058,2954648,-8.289808800352905,21.100095893591593,-10.188699069713259,2
KOTAKBANK.NS,2026-07-16,988.9212917411716,996.3936115369811,981.0418500627791,984.1827005761414,4099775,-6.092135038109814,21.309627496650478,-9.14723443231612,1
KOTAKBANK.NS,2026-07-17,992.3634654964236,996.4738211072198,986.3492278524408,992.3297391135839,3815230,-6.145631516948258,21.284815947004667,-8.39515762596722,1
KOTAKBANK.NS,2026-07-20,983.9025741622974,987.6287461993396,968.7991570080511,980.3107190296976,2568243,-7.7956171180818545,21.353489121631988,-9.504668302587904,1
KOTAKBANK.NS,2026-07-21,964.7975346482939,966.6394598754582,962.6668730051749,965.3969333374973,1408982,-8.511247362186925,21.621980718134502,-10.881403206002638,2
KOTAKBANK.NS,2026-07-22,967.9098084599118,973.8684962050373,961.635142113825,962.6159413432456,1862511,-10.381442700731991,20.704233076640968,-11.138124659805326,3
KOTAKBANK.NS,2026-07-23,989.3025944637,993.9645604799227,980.1262149524543,986.8523752907355,3155474,-6.405373810715476,21.815189369231366,-8.900789000136712,1
KOTAKBANK.NS,2026-07-24,971.0554893883115,977.1395934528978,970.0545858951544,973.7849485378875,3639991,-9.375362271676547,21.08418778115997,-10.107081143510477,2
KOTAKBANK.NS,2026-07-27,967.7553455556937,976.7080899560859,967.6189868919035,970.9337963261114,3431402,-9.895978925258497,21.0071254474011,-10.370279290909979,2
KOTAKBANK.NS,2026-07-28,976.6803178317725,982.958397027157,969.1465082282618,970.9989826193015,3940628,-7.527524887682624,19.94356840794146,-10.364261754724923,2
KOTAKBANK.NS,2026-07-29,976.4129497537591,982.2309512258129,964.4726537050468,968.7670736743275,3304880,-9.395419228285407,18.94552837152841,-10.570295756366521,2
KOTAKBANK.NS,2026-07-30,960.2700336747897,966.8788692337359,958.8614868903275,962.4943316728846,4239535,-10.937381265290902,18.496242021102148,-11.149350801928726,3
KOTAKBANK.NS,2026-07-31,969.8485564440692,983.7201559834454,966.5039218624827,974.9553032766855,3276633,-9.22905880529925,19.102948196644455,-9.999042295994876,1
KOTAKBANK.NS,2026-08-03,985.5411321492171,987.4648508380508,977.561377274703,979.3093919398199,3574540,-7.669978028712221,19.014429131554603,-9.597103716561318,1
KOTAKBANK.NS,2026-08-04,987.6287526727086,991.4048716599999,986.4158596379665,988.3133225318181,3688922,-4.955251402990846,18.600036096638316,-8.765924714142725,0
KOTAKBANK.NS,2026-08-05,988.790312636662,1000.3823338359773,980.4315039704148,994.3356497402634,2954856,-7.015294372138403,16.475542020913476,-8.20998618594012,1
KOTAKBANK.NS,2026-08-06,997.9146487555688,1008.2254594284451,991.2834543948366,1004.0576268119542,4183740,-4.965214630282755,16.57776093877925,-7.31252222601515,0
KOTAKBANK.NS,2026-08-07,1018.2588751211953,1030.201496126679,1016.7416376249458,1022.3100048638007,4349456,-1.6611744556016772,16.9584346833141,-5.627592158430749,0
KOTAKBANK.NS,2026-08-10,1037.2525299769268,1037.9753992602245,1029.2194813243852,1037.7343171418215,3702583,-0.39858042847588093,17.53815626803814,-4.203729062059081,0
KOTAKBANK.NS,2026-08-11,1067.8423820058345,1071.5734706691578,1063.1119798791294,1066.0283642451495,1911372,4.452120181965213,18.16321123987182,-1.5918233387265834,0
KOTAKBANK.NS,2026-08-12,1077.9409571330737,1089.9181717116403,1069.520129688453,1080.6368241931639,3349987,7.244949146028468,17.978956787634406,-0.2432739421715624,0
KOTAKBANK.NS,2026-08-13,1062.6569200278336,1078.6851305166851,1058.3246435584244,1070.9216668407216,2862640,5.1241960647105955,18.080774484803992,-1.1401083539915313,0
KOTAKBANK.NS,2026-08-14,1075.3817221374015,1082.3847134542748,1063.9786201570053,1080.7874367865402,3320668,5.6085874172771,18.19368696292288,-0.22937045592906768,0
KOTAKBANK.NS,2026-08-17,1089.907161765935,1096.5614073980269,1078.2453190700942,1088.9539932401972,2017442,7.007759429991478,18.12217062761264,0.0,0
KOTAKBANK.NS,2026-08-18,1105.7495211462096,1113.7288791519961,1103.20263187982,1113.2276911615513,2227768,9.478174379843285,18.991670973693726,0.0,0
KOTAKBANK.NS,2026-08-19,1099.9356920707542,1109.630484450185,1086.3728627570185,1099.2852698647932,3616328,8.79103725088548,19.342123616463876,-1.2524321311312758,0
KOTAKBANK.NS,2026-08-20,1104.79357853227,1110.4629110858068,1095.8327525960906,1105.5667699371318,1394217,9.603393815999418,19.30789831519382,-0.6881719961911892,0
KOTAKBANK.NS,2026-08-21,1101.968952859132,1105.569659469711,1091.958446240573,1095.4746764604438,2716057,9.709639179000785,19.25272771292551,-1.594733480136834,0
KOTAKBANK.NS,2026-08-24,1102.5440841991551,1109.8953250198954,1099.2525508008023,1101.134261751758,3420221,11.157781287626811,18.969071090971315,-1.0863392552852291,0
KOTAKBANK.NS,2026-08-25,1098.1645872374902,1100.6737693213572,1095.0725559272514,1097.2053170900244,3554967,11.68716826646854,18.76001526706988,-1.4392719655409447,0
KOTAKBANK.NS,2026-08-26,1107.0947079019497,1113.7136240373945,1099.6077045192667,1102.4361824753646,3751114,13.31434588459144,18.32418374323209,-0.9693891709544822,0
KOTAKBANK.NS,2026-08-27,1086.6277150208996,1104.0779210461528,1074.9408479867398,1082.8547865294365,2929004,10.025789509969263,19.251979320780787,-2.7283640959760436,0
KOTAKBANK.NS,2026-08-28,1088.1387852041134,1093.8326244316765,1085.9726173857832,1092.1214432002455,3409138,10.056304890731415,19.258481682343877,-1.8959506782734947,0
KOTAKBANK.NS,2026-08-31,1090.6701593062096,1101.5572811619795,1081.5768298761745,1093.7337348197366,1693979,11.57010870005626,18.710259325267106,-1.7511203230557992,0
KOTAKBANK.NS,2026-09-01,1094.0489887950025,1100.1743987407551,1085.7895719412877,1094.6406026683846,2490344,13.38761962751176,17.85767100298595,-1.6696573972008188,0
KOTAKBANK.NS,2026-09-02,1116.0333322508525,1119.5111612988962,1111.8785357621723,1119.4430924563155,2568692,16.291767503271505,18.493248580580293,0.0,0
KOTAKBANK.NS,2026-09-03,1113.1841913000153,1119.9802154287936,1103.3609276903655,1113.2058574841144,3118214,12.803686281461712,17.725031022322373,-0.5571730277521447,0
KOTAKBANK.NS,2026-09-04,1117.6803861723597,1118.9088533897575,1113.4485706584167,1116.6729545690787,3312175,14.673466276690128,16.952858023630554,-0.24745678506609137,0
KOTAKBANK.NS,2026-09-07,1122.8260928132033,1135.5502138486002,1115.3312542637611,1116.9027212722674,3271351,15.033870022702223,16.855520682709276,-0.22693169498004817,0
KOTAKBANK.NS,2026-09-08,1118.3263598050319,1124.7464227031783,1109.6076637543501,1118.4439483380372,3645057,15.184873347755534,16.828210391351178,-0.08925367667291795,0
KOTAKBANK.NS,2026-09-09,1144.0450009183737,1159.6020427742642,1138.1652535278736,1147.5193491551963,3367186,18.451522593857295,17.766347186079397,0.0,0
KOTAKBANK.NS,2026-09-10,1146.721609240587,1153.5486913396262,1145.9410947136087,1147.253357029794,3972470,19.195855941903027,17.4838418959314,-0.02317975079010326,0
KOTAKBANK.NS,2026-09-11,1130.9817806468918,1149.0160231952802,1126.7218337904767,1138.334049353908,2978685,16.757562682938378,17.789846059107486,-0.8004483591540712,0
KOTAKBANK.NS,2026-09-14,1160.710150807828,1167.5045854171901,1153.127227136636,1163.0189383125075,3223015,18.75909165016738,18.41396545178299,0.0,0
KOTAKBANK.NS,2026-09-15,1160.1723865812914,1162.0664809012455,1157.5113731869192,1157.5774112945278,1965153,17.12656147638445,18.630248021317012,-0.46787948490978337,0
KOTAKBANK.NS,2026-09-16,1129.6968148535143,1143.5558483741222,1128.6902224903663,1134.3612707726336,3185822,14.08232934914353,20.02855925615538,-2.4640757425201554,0
KOTAKBANK.NS,2026-09-17,1116.6891417223787,1123.6896227370364,1110.825074299821,1123.200390025723,2144640,11.866128002240917,20.381350625488437,-3.4237231204987673,0
KOTAKBANK.NS,2026-09-18,1102.655113248623,1112.8517929674763,1098.6414985781228,1105.4202087790804,2865596,8.129647907177851,20.68115466721199,-4.952518625105151,0
KOTAKBANK.NS,2026-09-21,1084.2451148907253,1087.1302674101837,1078.0904381864116,1080.721038960155,4498706,4.14236294475927,21.558176558396394,-7.076230372633773,0
KOTAKBANK.NS,2026-09-22,1067.9718145828933,1083.2351779644398,1057.3699043503595,1074.9506542465513,3612653,0.8369655349386163,20.192322027689364,-7.572386069115922,0
KOTAKBANK.NS,2026-09-23,1071.5561096715448,1082.1606319967623,1069.4873975652667,1072.9744551588226,2435371,-0.7090605153181051,19.79815311031914,-7.742305837627694,0
KOTAKBANK.NS,2026-09-24,1085.5092169590064,1090.9171947660475,1079.343808196486,1087.1977147851208,3888006,1.519816850135669,19.985158334094535,-6.519345560907219,0
KOTAKBANK.NS,2026-09-25,1090.9623566222083,1094.5427081335313,1081.511751924908,1094.3480433876205,3024648,1.2546969125954544,19.900646106021103,-5.90453797979642,0
KOTAKBANK.NS,2026-09-28,1095.852793970744,1108.7411170284115,1095.134213200988,1100.9432297808012,3845577,1.1009865076971659,19.858355946579948,-5.337463259349473,0
KOTAKBANK.NS,2026-09-29,1090.0367042573207,1093.3664637039428,1087.27162007409,1088.1198128194546,2731487,-2.2554126654807605,19.032288738405462,-6.440060692539406,0
KOTAKBANK.NS,2026-09-30,1102.116607950292,1105.8407293731645,1093.1394373813332,1098.6398932837012,3988757,-0.05870874456194164,18.91976969220453,-5.535511323849784,0
KOTAKBANK.NS,2026-10-01,1112.2655990005323,1120.6717195029526,1108.6238489646476,1116.0216223708444,1826429,0.9456554518463944,19.403334455393047,-4.040975980137896,0
KOTAKBANK.NS,2026-10-02,1118.0970793583465,1128.9476867712158,1111.0827495975445,1120.200379831427,4060156,2.2570766720846347,19.21258673071219,-3.6816733649418065,0
LT.NS,2025-10-06,921.3945952156074,928.9325253377544,913.7716027010163,925.4119121934207,4304836,,,0.0,0
LT.NS,2025-10-07,928.3702522259671,936.068418393588,924.6505311135807,925.7465972971856,4711745,,,0.0,0
LT.NS,2025-10-08,925.778535665947,929.3361986195445,917.9268726387162,929.0063182885854,3493707,,,0.0,0
LT.NS,2025-10-09,942.5940504210809,946.7388403432831,927.7921447089955,933.3347857342775,3979300,,,0.0,0
LT.NS,2025-10-10,917.5933586695492,923.0923020919506,917.2319376680526,922.0037771185158,3828791,,,-1.2140347481903069,0
LT.NS,2025-10-13,912.5897586341943,915.0924351924472,908.1548311566592,910.3529559923414,3972003,,,-2.462335069174104,0
LT.NS,2025-10-14,932.0401872074834,935.9060033888433,916.7205732919101,917.2691307269549,1961709,,,-1.7213175007383175,0
LT.NS,2025-10-15,907.129309117319,910.6144853862033,904.2195998376742,909.4483348877322,2987137,,,-2.55925860812668,0
LT.NS,2025-10-16,885.2877268159498,891.9123362073769,878.1982484712889,879.035966493878,2033376,,,-5.817721579688174,0
LT.NS,2025-10-17,889.7455267974673,890.0074017197626,875.8433523744385,885.0111855050625,3569944,,,-5.177520539020475,0
LT.NS,2025-10-20,876.7736890895071,889.535525059034,868.871243537635,873.191206715436,2911636,,,-6.443944867170581,0
LT.NS,2025-10-21,879.7900742165253,882.5125665723058,872.8329916777975,877.2127847687173,3581735,,,-6.013062174834472,0
LT.NS,2025-10-22,889.4273359150139,893.9947562414548,883.4956614680227,891.0966178467027,1918133,,,-4.525510945608335,0
LT.NS,2025-10-23,893.0655093738116,894.4186103078183,885.4476238543824,890.3756164069121,2573925,,,-4.602760979659449,0
LT.NS,2025-10-24,897.3056231789107,907.5177962827244,889.1062664020995,900.1685382905919,4001168,,,-3.5535209820335756,0
LT.NS,2025-10-27,905.6791521340584,910.3529429862979,897.2025139878893,900.9204732301874,2346780,,,-3.4729566495894537,0
LT.NS,2025-10-28,916.5484869455387,924.4470286243185,911.2598518687654,917.3192397535089,3515787,,,-1.715948684819324,0
LT.NS,2025-10-29,907.1371907139658,912.8498408714879,901.1166214762835,904.7870999064231,3363442,,,-3.058675864673277,0
LT.NS,2025-10-30,909.2425348333877,912.3474331998058,898.0437178472957,903.7840901341914,3381662,,,-3.1661410301811355,0
LT.NS,2025-10-31,913.7617710601678,920.8184817754516,909.5292019113987,910.194068407742,2968813,,,-2.479358712461377,0
LT.NS,2025-11-03,906.3149098338287,909.6155912702349,902.8652233976403,907.1994290846251,3313805,,,-2.8002124263579287,0
LT.NS,2025-11-04,918.2505755431422,922.9573295670965,912.2056250787109,918.9009511461572,3279786,,,-1.5464798707534255,0
LT.NS,2025-11-05,909.5049954462257,914.2871765205848,899.9917568536179,913.2258936507129,3028296,,,-2.154520799066162,0
LT.NS,2025-11-06,934.4996890328161,938.46541501226,925.6148387251396,935.2418219086003,2075076,,,0.0,0
LT.NS,2025-11-07,961.1038737136134,973.7137958185302,952.2011628218723,958.3958573992599,2974768,,,0.0,0
LT.NS,2025-11-10,956.3161700664048,968.5250380596651,953.954728822168,960.6740513236605,2450399,,,0.0,0
LT.NS,2025-11-11,963.3082532755845,967.9803249474394,962.7172804648833,966.0888382248792,3388169,,,0.0,0
LT.NS,2025-11-12,974.1660538653562,983.0208844831378,973.2327711283423,979.0133298593692,2843611,,,0.0,0
LT.NS,2025-11-13,971.2725724551034,972.6260209284563,954.8550852271864,964.1899274899364,3334545,,,-1.514116500493623,0
LT.NS,2025-11-14,950.2394235097813,950.9528330223266,941.2668586587404,948.16989584913,4406443,,,-3.1504610886829987,0
LT.NS,2025-11-17,957.4863021455163,965.4139074023161,956.3370282976223,961.601510093213,3480648,3.9106475098224625,20.95673871698373,-1.778506914574618,0
LT.NS,2025-11-18,970.3740659512738,973.6440647270085,960.5632066028725,963.7938294112969,3884793,4.109897052302869,20.956140872886557,-1.554575406063008,0
LT.NS,2025-11-19,957.7829201722636,961.149161419623,950.3519598075901,960.2068642681364,2173375,3.3584858752122138,20.99836864886631,-1.9209611368554258,0
LT.NS,2025-11-20,959.562216562399,961.6814291502371,949.5657381596351,959.3650222654903,3397829,2.7889495740517356,20.980100697178557,-2.0069499561054194,0
LT.NS,2025-11-21,928.2911654108618,938.494823297831,926.3308125919617,931.3438459490504,2101102,1.0130184997424463,22.4414263646005,-4.86913532803136,0
LT.NS,2025-11-24,928.559415200245,933.664087020971,921.2103416785893,928.2779444032898,3000424,1.9690152366681701,22.1297898509979,-5.182297718394424,0
LT.NS,2025-11-25,918.4405261481713,922.2612722849431,912.9026194193091,918.9980882547941,1968677,0.18848966676432433,22.243563165166798,-6.130176145119082,0
LT.NS,2025-11-26,929.7561816014098,935.890735432393,922.1135480646656,928.2399885397255,3669404,2.066269509890617,22.265144346640106,-5.186174669035104,0
LT.NS,2025-11-27,940.4120563189972,947.486754828747,934.9549531618671,938.4410893775317,2277014,6.757985469081196,19.933316666906865,-4.1441969424119485,0
LT.NS,2025-11-28,950.7106955179786,955.8788183404318,941.6196169524488,944.003290468884,3460955,6.66569032459805,19.91768396153736,-3.5760533919915294,0
LT.NS,2025-12-01,942.3955109573524,951.359787242649,941.8025749308246,947.5356499941486,3361784,8.514108102206386,19.36386292748588,-3.215245278605372,0
LT.NS,2025-12-02,929.3597368570383,931.1056784640995,928.9229203461882,929.7221764982063,2869138,5.9859355268440995,20.337851087637183,-5.034778573264509,0
LT.NS,2025-12-03,934.2813694684565,937.7817571777676,932.9812001093009,935.3894152777226,3328652,4.970594270467732,19.955701387297307,-4.455906089441386,0
LT.NS,2025-12-04,942.2760071704608,948.9393895044881,935.8858465394013,941.5289635655832,3319105,5.745142411367832,19.989689746602707,-3.8287901860509232,0
LT.NS,2025-12-05,960.3581261666285,961.2363667289968,952.3796646371844,954.7378771946026,3179472,6.062124655860246,20.12784186063691,-2.479583466780133,0
LT.NS,2025-12-08,973.8790296107578,986.0112180594924,972.7887088644507,978.3277654588109,2464434,8.592022773229369,21.16597036381168,-0.07002605374707427,0
LT.NS,2025-12-09,957.050372360837,960.7177471513811,949.5183669224745,957.6893253103863,2838207,4.400876358782702,21.74359058036415,-2.178111768104929,0
LT.NS,2025-12-10,952.8641887552936,956.1442891234005,948.0399172252268,952.2723867158242,3154967,5.248227656463289,21.378367347570304,-2.7314176761399356,0
LT.NS,2025-12-11,943.9096585722641,952.7111186283279,941.4450585907663,942.8746252336906,2963390,4.325207262023745,21.631003129295546,-3.691339384609782,0
LT.NS,2025-12-12,944.3648102506348,944.5666949363538,942.4063805515008,943.874122970688,4069874,3.7003157603372028,21.566093875836824,-3.5892470323901304,0
LT.NS,2025-12-15,938.6229426501824,945.0084326452265,934.8687214153272,943.0723861284677,3384740,3.9542526035360126,21.53251680814764,-3.671139363961906,0
LT.NS,2025-12-16,941.2035213424086,956.7535807724885,936.0153196916096,939.4771173226653,3904750,2.239214808826029,21.299328085630233,-4.038373261208106,0
LT.NS,2025-12-17,949.005958634175,955.8336764493472,947.2162239547033,950.1730450069608,3569568,4.045784467252456,21.405552153143447,-2.945852111794134,0
LT.NS,2025-12-18,938.2744950815179,940.5446579383556,935.5453881603019,936.7501109289572,2700957,0.16127262329637126,20.740700656414297,-4.3169196620114425,0
LT.NS,2025-12-19,923.5203328638161,928.2025155034838,918.861759617946,924.1852184902731,2195006,-3.5695729113251917,19.72902211103934,-5.600343702876021,0
LT.NS,2025-12-22,914.7546960022602,918.3261978119959,909.4078849654209,911.9737503902329,2846427,-5.069388609625303,20.003313604378842,-6.847667689955372,1
LT.NS,2025-12-23,912.8032000419246,915.0929191970665,906.1496204837172,907.1217566048946,3485274,-6.103691429489288,19.908066683072605,-7.343268070190778,1
LT.NS,2025-12-24,889.8216464567655,893.333572293332,888.3983684510305,892.9432290073586,2588949,-8.791514704337489,19.732774377811342,-8.791514704337489,1
LT.NS,2025-12-25,889.9534099262705,897.4698095007655,886.7573163217875,891.5214999656774,3453126,-7.536733733926859,19.395488629019113,-8.936735305356825,1
LT.NS,2025-12-26,889.9725915034542,897.4322355869455,886.0852800782357,888.8540753049505,1869189,-6.255821958053143,18.932549451008835,-9.209195810170389,1
LT.NS,2025-12-29,881.8249072867363,884.5084326288192,879.5708315663766,879.6149913347806,1964576,-8.526038894269739,18.432525171543954,-10.15290961757045,2
LT.NS,2025-12-30,888.4232945209257,893.3644405860716,883.6891414942338,887.9885980890507,2514266,-7.865295357675139,18.726429366885483,-9.297598816493513,1
LT.NS,2025-12-31,888.0705030930081,890.6261124088508,873.5116989573581,886.458492424304,4612325,-7.680467052278672,18.725536428764812,-9.453889401930837,1
LT.NS,2026-01-01,898.8241948793898,902.582639013444,896.1554248345798,896.9278974206961,1515717,-6.508171904928551,19.182034267420775,-8.384506107844746,1
LT.NS,2026-01-02,896.3397599436163,899.3793629529011,891.0097386087637,893.9271504653382,2824959,-4.017495326399478,17.395589415850207,-8.691013370191115,0
LT.NS,2026-01-05,893.6150204229897,897.7703108661943,888.1347905505398,892.7649675487011,2049296,-3.8256835755606566,17.385424135119603,-8.809722981305812,0
LT.NS,2026-01-06,893.8174378708462,905.8193429609101,877.1823304225012,885.8603938090203,4020383,-3.6058502046183105,17.298548596845727,-9.514981380665155,0
LT.NS,2026-01-07,884.5915083697448,891.0843711123697,884.081046887666,884.8907726179086,1757185,-4.670044003384543,16.968673856150932,-9.614022033283332,0
LT.NS,2026-01-08,896.9455870230368,903.0205517462887,891.417012919911,891.5846617260977,2019852,-4.99300682608792,16.776897738152318,-8.93028373227872,0
LT.NS,2026-01-09,884.2202979421144,895.9829645722475,879.2063399036268,886.2984930472152,1717352,-6.112775029947937,16.66299479682985,-9.470232323136196,1
LT.NS,2026-01-12,891.9506525609484,896.4658495536288,883.3019251091537,890.9284694084728,3190684,-5.974147841933474,16.713197523235113,-8.99730961411418,1
LT.NS,2026-01-13,880.2135035691194,885.8229644280444,873.5189239207372,881.3903337756566,2394148,-5.198525316949132,16.16164923306811,-9.971569651430146,1
LT.NS,2026-01-14,880.0705988536615,900.2023188209769,870.5753812270382,888.5568219445306,4666878,-5.006748266366379,16.25774127446653,-9.23955835492375,1
LT.NS,2026-01-15,881.83059669728,886.1894611705744,879.9251398565883,881.5036427465482,3698859,-6.375302634527391,16.163320567346435,-9.95999585897649,1
LT.NS,2026-01-16,887.828881113634,890.9278844602544,887.7609299734768,889.6594052313636,2544949,-6.816370599484878,15.803255352636125,-9.126936467845725,1
LT.NS,2026-01-19,887.5393284312532,890.9766330527194,882.3371685881226,889.4113356032427,3361383,-9.088613550068125,13.59748506617672,-9.152275206405758,1
LT.NS,2026-01-20,903.1716074458235,905.5700056901662,895.6718732726357,904.8784940812145,2865446,-5.5144011563516,13.754352284752333,-7.572403103929526,1
LT.NS,2026-01-21,894.8120827886943,904.4332787018894,889.01588107762,891.5319429863796,3022150,-6.378473698993292,14.21755812684656,-8.935668617050997,1
LT.NS,2026-01-22,881.725190439209,892.0940251823934,874.4884843640511,874.9935824343896,4165351,-7.199371049197212,14.836028421330838,-10.624957214823771,2
LT.NS,2026-01-23,864.9453527955272,868.7779501092874,863.2237362347379,867.6699071240408,3147606,-8.073557055130076,14.894052920208663,-11.373024180510626,2
LT.NS,2026-01-26,857.8497571330611,860.1580960273722,845.7187732545943,852.5104145843667,2711993,-9.602865366027624,15.47654751636482,-12.921470159469028,2
LT.NS,2026-01-27,835.1534792971254,838.7690796277174,829.3453054093853,837.6346382369571,3386809,-10.840336311323927,16.0102131345168,-14.440936329510489,3
LT.NS,2026-01-28,841.7519065863992,846.4512922194003,839.2334265841962,843.0531696506276,2085027,-11.273722814937193,15.665579152497,-13.887467725109682,3
LT.NS,2026-01-29,844.7549266191741,847.1793938122594,836.3025202564789,842.1593839401927,2685809,-10.097754554302707,15.381840810168779,-13.978762264537803,3
LT.NS,2026-01-30,838.5942451304685,839.4977249701961,832.7463722194501,836.4799261256667,3087957,-9.49001245744654,15.127555436911328,-14.558882845259802,2
LT.NS,2026-02-02,826.2294785784791,836.7981599134217,825.7948012866633,831.763692876124,3631612,-8.79521559472376,14.85187868852737,-15.040616148137321,2
LT.NS,2026-02-03,827.2675098318283,831.1058481570763,820.4615439702311,824.9897248277667,3524284,-9.054135365965122,14.912282308006702,-15.73253400479514,2
LT.NS,2026-02-04,839.6213657061708,845.3642654612461,838.7236377920701,840.6410600483399,3818727,-5.857278185216819,15.738226710021763,-14.13384941662702,2
LT.NS,2026-02-05,833.8219505743361,835.2626698001883,830.5445052371063,832.4124948072817,3185942,-6.630126717153917,15.89991885210694,-14.974345147388945,2
LT.NS,2026-02-06,822.3877243323045,822.655241098347,815.8738668519833,818.4824084799193,3037088,-7.917122594154491,16.446218261281984,-16.39721508209795,2
LT.NS,2026-02-09,825.91528653368,834.4556342684716,819.5516455230636,825.503842069585,3063523,-6.151685657731242,16.59288723157667,-15.680020190515197,2
LT.NS,2026-02-10,823.2432357651606,826.7100966317493,821.6839958648866,822.5376495194777,3247518,-7.370696956067146,16.22884666042131,-15.982997939606047,2
LT.NS,2026-02-11,844.9231068765941,848.7213111643232,836.4536797613189,842.0580428188833,3781586,-5.008745472559406,17.92299108444342,-13.989113617090265,2
LT.NS,2026-02-12,835.6156235141603,840.8626817930821,828.9153997204165,835.912451610028,4170623,-6.802714687114852,17.527254247077792,-14.616846766519199,2
LT.NS,2026-02-13,844.478715792107,848.0700824562986,839.7042707887736,843.5887398542145,4116617,-5.6311535660282575,17.834927506948716,-13.832762626899854,2
LT.NS,2026-02-16,856.238463653204,863.0593702785102,843.4568379528056,853.7521035128486,3852525,-4.369891903685641,18.285806547128665,-12.79463951369424,1
LT.NS,2026-02-17,845.8432630344091,852.8067743957389,843.2813047992297,847.5706941718506,2777391,-4.322317591435787,18.271559380078088,-13.42603125806261,1
LT.NS,2026-02-18,840.3073506121278,844.0554920114566,836.3474757936953,839.1996227058454,2107113,-5.163479078540744,18.435024759648424,-14.28108309552919,2
LT.NS,2026-02-19,847.1489169113762,849.8600705747257,845.1021035962654,845.8435486633573,1925338,-5.130316281370984,18.450688199734095,-13.602448213359985,2
LT.NS,2026-02-20,849.9803918727879,854.4885113672015,846.8902073709994,850.8386591173661,2369313,-4.000890694051995,18.53298421630911,-13.092229373466735,1
LT.NS,2026-02-23,831.8071268601191,835.7915026880831,829.007100386341,835.7124592165103,3324140,-6.197580623798327,19.02255785095493,-14.63727472060502,2
LT.NS,2026-02-24,821.9520362158307,825.1111759031763,814.5428513834189,823.6393762748819,3164115,-6.552256734355588,19.20033787948692,-15.870463541778946,2
LT.NS,2026-02-25,792.9268774663949,799.1139003915703,783.2026269532392,798.1408055023902,1970087,-10.175603203886574,20.66197633916939,-18.474980762821737,3
LT.NS,2026-02-26,803.1471678469302,804.2378518190693,802.5896922550519,803.0516860877294,3155401,-8.899788140906805,20.80144404239834,-17.973365469591286,2
LT.NS,2026-02-27,803.3705631610909,803.7792375403458,793.5951816808463,799.7239117372305,2905875,-10.10898024179766,20.474503708029918,-18.313276505427435,3
LT.NS,2026-03-02,796.2463556036457,800.5645910856288,787.5652620551363,797.3631001779767,3220625,-10.34934363219403,20.452996532405376,-18.55441842732476,3
LT.NS,2026-03-03,786.9657037973676,789.1293974266907,777.3364271257507,780.5526820608854,2669574,-13.739503461905745,20.065234606521066,-20.27149597922141,4
LT.NS,2026-03-04,768.8044161033354,774.10295324944,759.5386608558143,769.5565295298827,4190358,-13.681552794161679,20.037718761221154,-21.3946831918595,4
LT.NS,2026-03-05,766.8445549785572,767.006285161017,763.4206625786064,764.3824953807035,2397194,-12.641359808142383,19.62211251176205,-21.9231779519791,4
LT.NS,2026-03-06,753.0866531436182,762.5955785627514,752.8616306956708,757.4744527463532,2766406,-12.700158605585276,19.634734800776517,-22.628790676919486,4
LT.NS,2026-03-09,753.3260542685083,757.9498065349642,751.8867631091721,757.7801090494856,2061720,-11.111923551229097,19.284412444807472,-22.597569824883045,4
LT.NS,2026-03-10,761.2048143370994,763.8016535146587,758.3884913794419,762.3336139489955,3741336,-8.989721872826827,19.04359855985272,-22.132458190482318,3
LT.NS,2026-03-11,776.6333095592648,791.9144765911147,776.6179984613576,782.5900770798809,3076901,-7.171919251048364,20.73438070924153,-20.06338900489778,3
LT.NS,2026-03-12,782.8755839277276,785.4072791278211,777.3070659926158,781.6118266045077,2994147,-7.189560371862447,20.73339156146397,-20.16331108415218,3
LT.NS,2026-03-13,789.9460053892432,798.708349925719,788.4092732637428,791.3437658073411,2957451,-5.395964554389632,21.12669159424204,-19.169255241804105,2
LT.NS,2026-03-16,790.4600950231825,791.383796147152,780.0981002202992,782.7099573176305,3517047,-5.897556719369712,21.265554413687756,-20.05114399922795,3
LT.NS,2026-03-17,768.6022365310454,769.9372398888995,765.4688570014524,766.3601681842848,3080267,-7.106701438702401,21.900110502098098,-21.721171223034418,3
LT.NS,2026-03-18,760.5998551576982,763.8452733622693,751.3419287770298,762.3563054908672,3968545,-9.312506642605712,20.95427812361879,-22.075572992314964,3
LT.NS,2026-03-19,748.0319702459641,751.8730985463986,743.2274212093072,747.1237128013572,2791590,-10.245975707713328,21.436750991975476,-23.632575995533035,4
LT.NS,2026-03-20,749.330767660013,756.0170484682899,743.0477743484668,746.5004861819693,2613129,-8.79455948621234,21.07659120272503,-23.696279249329123,3
LT.NS,2026-03-23,745.2411674689544,745.6715945459135,730.7122688154951,738.7948109995245,3165485,-10.50377074595752,20.887030606131045,-24.483916629612512,4
LT.NS,2026-03-24,721.651698682493,722.9744467905637,716.8646078424654,720.9417720865232,4086222,-12.351516978257015,21.720089017334654,-26.308769152798206,4
LT.NS,2026-03-25,732.3301810986192,736.9297378475519,728.3093433697726,735.3746386626386,2896361,-12.669364667441464,21.32692044455189,-24.83351034019089,4
LT.NS,2026-03-26,728.4676769786721,734.3294198039105,723.6446970225225,729.9081813388163,2640286,-12.681264654814006,21.3285439051443,-25.39226554645436,4
LT.NS,2026-03-27,715.5888907359903,720.7775175680914,711.1400242361209,714.9815381486618,3099332,-15.24524873669818,21.414939893882593,-26.917995850464937,4
LT.NS,2026-03-30,722.090016935115,726.2790463758266,718.8977181228349,721.9993142187371,2147964,-15.432206697002727,21.2660492707932,-26.200672237883605,4
LT.NS,2026-03-31,716.2926464063888,724.7490793306171,710.6515783992262,714.9911912496518,1509646,-15.64229436362714,21.29573334566352,-26.91700915650297,4
LT.NS,2026-04-01,724.8873767905148,732.7280495554234,723.5366691295022,723.6744387891629,4311619,-13.766114854078793,21.857465168156693,-26.029448990464054,4
LT.NS,2026-04-02,721.4057415860173,729.2224941210928,715.3258925610729,716.6089505097536,2208822,-15.278782743904163,21.55991605658618,-26.75164951761517,4
LT.NS,2026-04-03,707.8590271261821,711.7377513517704,702.6422852259359,711.2535159276979,3479727,-16.405594843853187,21.296169206712623,-27.29905650851705,4
LT.NS,2026-04-06,711.4404035246924,716.4995341227487,701.8628149585387,713.4813624205992,2397643,-14.625975172190698,21.141758161387024,-27.071336661288093,4
LT.NS,2026-04-07,715.4869395731356,718.1900068619308,714.616215019262,717.8526705555835,2886823,-12.84381353860784,21.198203697961695,-26.62452238397539,4
LT.NS,2026-04-08,723.2655488156435,723.8686831130401,720.9216000941473,723.7713767950751,3119464,-9.317833168610301,19.952340810926565,-26.0195404496524,3
LT.NS,2026-04-09,721.440582670332,724.0030941289184,717.8645883661889,722.2620888184124,2555179,-10.060323472191946,19.75946585069024,-26.17381267108474,4
LT.NS,2026-04-10,725.9515262969516,731.1861911796451,721.1482215161366,726.1240613051461,4443761,-9.203157408686746,19.92144066754424,-25.779060255474562,3
LT.NS,2026-04-13,727.989638163423,733.4268582166492,723.8392673313493,731.9102029206383,4750341,-8.208668954298092,20.17999750750568,-23.575403465687906,3
LT.NS,2026-04-14,731.4571487301167,735.1353333610585,729.8300278328463,732.932835786261,3076482,-6.100785682895138,19.446029040232016,-23.033278501964816,3
LT.NS,2026-04-15,729.9798611034747,731.5229400334954,714.5223479555951,730.9401462310782,3045727,-5.018004762092665,19.109380997012018,-23.072944441849174,3
LT.NS,2026-04-16,717.6978563858097,722.170127983482,712.0100809910311,717.6467409303023,2849833,-6.114184290304081,19.655152588291376,-24.47199542215546,3
LT.NS,2026-04-17,724.452746652285,729.2409538240029,718.7706011746283,722.095166354227,2542019,-4.6706903795702415,19.678938248594275,-24.003825392780207,2
LT.NS,2026-04-20,718.3108229348602,722.5346248345803,712.2749758385947,721.730954271647,3144804,-4.757205203374449,19.672989983187772,-24.042156524619184,2
LT.NS,2026-04-21,721.7267131804892,724.9689955840472,712.9216253288484,717.4321980558753,2478271,-5.889995544145632,19.57896109249733,-24.494574769733703,3
LT.NS,2026-04-22,728.4375929089367,729.384632417737,724.8931034307325,727.7816326352729,3200592,-7.0034678498758325,18.31737500322662,-22.30781463014231,3
LT.NS,2026-04-23,712.5822417357238,718.4703169404148,705.1785553083188,714.6954089178209,2532957,-8.561336383225704,18.863548352702935,-22.667513543948438,3
LT.NS,2026-04-24,722.8532925250906,730.380572709325,721.4169234955285,728.1989488005802,2895117,-7.979442024458184,19.404164545771998,-20.151325793205743,3
LT.NS,2026-04-27,728.8869604226005,730.8829113682134,726.0958308468385,727.268997068192,2919904,-7.083206203155545,19.250036393416043,-19.826749631696817,2
LT.NS,2026-04-28,733.5955424938389,733.7278960590927,723.9008104412331,729.3079296871931,2043297,-4.834833546330897,18.479237604548366,-19.40266737936902,1
LT.NS,2026-04-29,725.5294645241084,730.4460642794676,718.3284300062126,725.125627786708,3508428,-4.883632159399143,18.488557082765965,-19.86486224065055,1
LT.NS,2026-04-30,711.9898834796542,713.5625404068843,708.7947134155365,710.0457826628688,3150497,-4.962756435539162,18.56035019963808,-21.531367215901497,2
LT.NS,2026-05-01,709.8476124922049,712.4232941450043,697.0696226309389,708.1412204952842,2807600,-5.138545305291952,18.561201759734335,-21.741844332999783,3
LT.NS,2026-05-04,711.7447547059777,713.4975966602167,710.1190579375357,710.2733405546795,3600559,-3.860540168962201,18.424157733468924,-21.50621932109581,2
LT.NS,2026-05-05,715.5687224518604,722.042842277567,710.500116224742,715.3371671434403,2905148,-0.7774005003014728,17.235544977062776,-20.946605337352896,2
LT.NS,2026-05-06,712.3536609836764,725.1107154538462,710.9581507720313,712.9184240393569,1917384,-3.0537107812313113,16.149902596701924,-21.213905656666967,2
LT.NS,2026-05-07,694.3182690562919,694.9551146214973,690.8080882441774,693.7043974317813,4117336,-4.960046322625001,17.739746194142455,-23.33728760609487,2
LT.NS,2026-05-08,680.2295509118286,689.6092528614143,679.2808288586841,680.3010353926486,1951826,-4.85054521069358,17.638449419389474,-24.81852095695952,2
LT.NS,2026-05-11,694.9905317478575,698.1144262509999,692.5213951660029,696.5565912252587,2242200,-3.523926199432692,18.85970081006351,-23.022085751687516,2
LT.NS,2026-05-12,685.9710327646743,687.4532244969192,684.1266454052894,686.789619737657,3649132,-3.9443243297451747,19.07058027113933,-24.101454037207304,2
LT.NS,2026-05-13,699.7366257127433,704.6343642174534,696.5599678303298,697.9461944228179,3962022,-3.5552235905130125,19.356083376532535,-22.868517818904422,2
LT.NS,2026-05-14,685.7077063996422,695.2129349571006,680.7138273784805,689.4694436476648,3007369,-3.7872129343044625,19.46039097509159,-23.80530113628896,2
LT.NS,2026-05-15,690.5720405126854,693.0669754245205,685.3009303209408,687.2666231211049,2827185,-3.3724814386761337,19.380138180092292,-24.048739403522458,2
LT.NS,2026-05-18,693.3278055077792,695.3147109283581,689.5288825114993,691.7428065727553,1923683,-3.046828830131232,19.468417281187545,-23.554067082218655,2
LT.NS,2026-05-19,682.7111039119609,689.1102166260162,682.3386467382251,684.2759639698514,2408116,-4.677381301617956,19.550850152464744,-24.37924335193269,2
LT.NS,2026-05-20,700.2165690742237,702.6752262177547,690.8350243237343,696.7713303526806,4122885,-3.730466181455405,20.19067120255845,-22.998354485133333,2
LT.NS,2026-05-21,696.8564584956148,703.1221019947618,687.1297897242029,696.7003652134091,3309820,-3.5391202169867575,20.191196372160114,-23.006196989926586,2
LT.NS,2026-05-22,698.9496123718213,703.8712228088488,696.004366807284,699.8563098835818,4048750,-3.617529403219366,20.16982241444072,-22.657426995853825,2
LT.NS,2026-05-25,695.0614488442861,698.2395099761006,690.115932762034,696.9078302854994,3533067,-4.782331561367004,19.999586131946405,-22.983269594320742,2
LT.NS,2026-05-26,701.6645410049202,702.9121006983996,701.0484105340919,701.728946725163,2799208,-4.257400888257878,20.13396121617675,-21.289534015509336,2
LT.NS,2026-05-27,711.946781297089,717.8161682782394,705.583241332829,714.4279357186006,2554665,-2.2590372956826865,20.902098769691513,-18.350494213805145,1
LT.NS,2026-05-28,714.1605676012348,716.0124586174067,712.5481716768744,712.5827938430843,1778723,-0.705632283740798,20.245188244163575,-17.873976267657454,1
LT.NS,2026-05-29,723.0092940163778,730.1989372814247,713.7301722458532,726.7932627588254,4126424,0.6506201153954061,20.997987868296736,-14.870691414010961,1
LT.NS,2026-06-01,721.8100786719659,721.9398357921782,711.2783156038984,720.7499902765421,1540903,-0.13591823785565893,21.14551769965594,-15.578540033934441,1
LT.NS,2026-06-02,726.6475183581667,735.2455141990243,723.6015099312876,726.6543238775665,3691038,1.2854351737602077,21.19439484928594,-14.886965327795455,1
LT.NS,2026-06-03,728.7918805638875,730.4355792784246,723.4803702047359,730.1935671676977,2723238,0.33140909639217675,20.82706160592453,-14.472413694415154,1
LT.NS,2026-06-04,718.1739744820957,726.2893661026606,717.9776638333483,720.1619235943546,3872964,0.7648733444098887,20.539660825810678,-15.647420295519499,1
LT.NS,2026-06-05,719.3057020499228,727.3703937561247,718.1247720970681,721.282734833371,3347830,-0.9497698367459728,19.778921701498653,-15.51613965393691,1
LT.NS,2026-06-08,720.9972902547577,723.183966808624,720.6105965373932,720.6178725173056,2645927,-0.9145343164219555,19.777575591911184,-15.594014989567684,1
LT.NS,2026-06-09,715.2920618199173,716.1635328981164,706.1590548143424,712.5571362419556,1656461,-2.2968067072055676,20.005337474397507,-16.538169181654972,1
LT.NS,2026-06-10,709.9643090863956,717.5527778046629,705.05914730939,714.9020464493359,3240068,-1.4099048420861182,19.97886233525948,-16.26350980480168,1
LT.NS,2026-06-11,715.8256020770623,716.1035224905274,713.5528595151012,715.434761447697,3126642,0.758962156583487,19.020060430432704,-16.201112886988046,1
LT.NS,2026-06-12,706.3498764822565,715.4764233541407,704.548247204829,714.0898383785444,4312226,0.8400327097326299,19.010467803948004,-16.35864375146484,1
LT.NS,2026-06-15,717.5900421166849,723.4591415234152,711.2860705183276,712.7817373569786,1747108,0.3531593626110441,19.00333826092107,-16.511861648812733,1
LT.NS,2026-06-16,715.6174039850866,719.9663091667993,709.7968447018028,711.2930691060326,3132875,-0.5653415232927173,18.898206150812822,-16.686229389146344,1
LT.NS,2026-06-17,711.3530633031743,716.5231426308679,702.5306487980074,707.4461745415928,3365343,-0.7675842443176872,18.937689299048632,-17.136816222093675,1
LT.NS,2026-06-18,706.9295917293546,711.1768635420108,703.4682867038583,707.9184924145569,2847490,2.049013244747866,17.153688374086094,-17.081493620717858,1
LT.NS,2026-06-19,700.7739836765267,706.531836579379,693.7769680274702,701.7599533761447,2400483,3.154326815203312,16.331144967407788,-17.802843414536483,1
LT.NS,2026-06-22,722.9994465300433,725.2858865925587,720.8885816937174,723.7619345786238,2582106,3.9056903195058945,17.347642572230367,-14.935466692424127,1
LT.NS,2026-06-23,716.2618187585662,718.0758030940988,708.6392145585435,710.9057958278744,4407107,3.511435728954293,17.666389007097496,-16.44646276823549,1
LT.NS,2026-06-24,703.9551431937605,705.5960801292596,698.6614474185674,705.2218955560663,2862119,1.0424444164016444,17.26624370195983,-17.114497795899187,1
LT.NS,2026-06-25,696.076441062002,703.3889838357699,694.3223420037241,700.2469086453327,2778344,1.56315339236055,17.005838174054457,-17.699213459371087,1
LT.NS,2026-06-26,716.5919354548969,720.1551822227742,711.7085215577777,716.8799024063359,3163334,4.308848747920746,18.236110304647717,-14.219311379129284,1
LT.NS,2026-06-29,706.8724564923999,714.4314992238374,702.0032410235393,704.90011831107,1660750,1.902052556715783,18.9079101613207,-14.416413467364853,1
LT.NS,2026-06-30,707.4635449235063,712.7371415164342,701.3882162516413,707.7964767689367,2074303,3.4372846684004754,18.61194132559164,-11.861653610722456,1
LT.NS,2026-07-01,704.5110978485718,709.759739622829,702.7623478047457,709.1923057461797,1796315,1.7826473123129238,17.89903403172433,-11.687838026816122,1
LT.NS,2026-07-02,712.8139242993598,721.3313338710192,706.8952572523442,711.3178373780664,2539825,2.0981002586642594,17.910251054065395,-11.054574342677926,1
LT.NS,2026-07-03,723.5347928719711,729.1586914915654,716.4483811857109,721.2204760098276,2877380,3.0526503547277706,18.285241238124488,-9.549303717610403,0
LT.NS,2026-07-06,723.982749824682,732.7954567104432,717.5947297074191,731.0809854389577,3987032,4.903540133773321,18.569034486882366,-7.6152467451237715,0
LT.NS,2026-07-07,727.7461180631889,732.9400541782253,724.1114705142226,726.4009716212332,4547051,3.515891001961635,18.642595669030186,-8.206647602745976,0
LT.NS,2026-07-08,723.2368372219913,732.3680734987572,719.1467092052906,727.3587195430799,2655072,1.8099493563998204,17.943742781192782,-8.08561955359346,0
LT.NS,2026-07-09,707.1916708837259,717.0646611745657,705.2353411983936,710.5504574544525,2694559,-0.2852070532984752,19.207651256422707,-10.209634781220778,1
LT.NS,2026-07-10,707.4202129774867,719.407590156456,707.3164267125343,710.6773177258661,4117862,-2.2174042962072815,18.2527318386988,-10.193603787246342,1
LT.NS,2026-07-13,705.7409031901194,707.9466324217276,701.0629087070537,703.2271935515626,4157051,-2.431189311325044,18.34210169253754,-11.135056098645158,1
LT.NS,2026-07-14,705.0479803715157,712.9878752812614,698.6351873130994,700.9473895456547,2903028,-3.537711603329452,18.155825165603318,-11.423148847260157,1
LT.NS,2026-07-15,683.3833110609347,687.2973496228916,677.8495595192057,686.219657729718,2626835,-6.022226354108717,18.944139431552408,-13.284253016181136,2
LT.NS,2026-07-16,686.6650675943577,690.9309637101863,686.3705768862659,688.8652307630891,2187546,-4.3457855526521705,18.681238048022802,-12.949939011612965,1
LT.NS,2026-07-17,678.5439361114938,680.5522221923242,667.0403016900941,674.3007528970495,2871936,-6.5136706685728685,19.507811382018197,-13.850495117259332,2
LT.NS,2026-07-20,673.3380326050647,681.9390464816837,671.002654957215,674.8193689893246,2857366,-6.355449299084814,19.523361280133866,-11.944879574292743,2
LT.NS,2026-07-21,666.2016765022366,671.149126553463,661.4533710851982,664.2883999334547,3466677,-6.774016265288063,19.742623771805114,-12.863788867630388,2
LT.NS,2026-07-22,660.2209562760702,663.7467124735039,651.7621258974608,656.8857494248573,2911662,-8.115279192810387,19.83295608825968,-12.078048364728067,2
LT.NS,2026-07-23,663.0826536754416,673.8022990171174,657.0087013948718,665.3786633698021,1858789,-6.996598540530153,20.327312240659094,-10.866948423177947,2
LT.NS,2026-07-24,670.9258871835533,677.4673584197591,668.651345268644,669.41267169776,3799442,-6.256519037188813,20.47261926383978,-9.391259693323594,1
LT.NS,2026-07-27,672.6097631992284,680.054776825221,665.0471496543663,678.0225602997635,3624328,-4.876552699863412,20.92546436510817,-7.799028596794733,0
LT.NS,2026-07-28,685.8634377994197,695.4258316875938,683.7481312342774,690.134629472555,3849459,-2.9746444261111504,21.669245866897594,-6.151967556612725,0
LT.NS,2026-07-29,682.6388574787366,685.4100222577578,680.4361668799376,683.0732048993963,2827658,-3.445204811233815,21.800836854299792,-6.802755785034142,0
LT.NS,2026-07-30,691.7265123348158,697.1235945962245,689.1819450713717,694.768781110897,3715219,-1.8575177007750021,22.427844058196147,-5.207033006567807,0
LT.NS,2026-07-31,682.8190747006872,687.606318878946,679.1430591357882,681.9677976928355,2998895,-2.8203598093749616,22.907718684407445,-6.953575499009023,0
LT.NS,2026-08-03,686.0786235868073,688.6211765922349,683.2371994175815,687.4059699914725,3711075,-5.023193794837788,20.971973848418223,-6.211601332603567,1
LT.NS,2026-08-04,678.785922432097,686.7275418121785,677.4469239973417,682.6582734544412,4291000,-3.9734550680569414,20.476542852597778,-6.859368263653687,0
LT.NS,2026-08-05,677.2418602032363,683.9093366705674,668.9297687307067,674.3978420941561,4079536,-4.370830465722497,20.62770873184359,-7.986406234523646,0
LT.NS,2026-08-06,675.5155364211122,688.9706710552817,675.2228154533456,678.7027471251898,3897939,-3.0766521428593374,20.67562222779527,-7.399052957273399,0
LT.NS,2026-08-07,690.1141040611337,693.7199251251537,678.540766652511,685.749277079396,1217654,-4.342516120544637,19.623309256100853,-6.437637448218336,0
LT.NS,2026-08-10,691.6025321006094,694.3560284820991,686.8207768749838,692.6222122220499,4038641,-1.7417937336196898,19.338893877552067,-5.499906894056316,0
LT.NS,2026-08-11,696.3567185181206,701.9995061189557,690.1184657081116,693.7089047306056,3407233,-1.99034221004325,19.300110275335882,-5.3516405788502475,0
LT.NS,2026-08-12,689.4663817840703,702.7148056428613,685.1724294633428,694.1064399822396,2855920,-2.127189711691446,19.28817562536064,-5.29740160465999,0
LT.NS,2026-08-13,694.215990863719,698.6747858471524,692.6996520246784,697.8032076096288,2933719,-1.8999424811632526,19.33813125487928,-4.79302146955205,0
LT.NS,2026-08-14,695.3006947779415,707.559358234469,691.1112940686669,699.6440462656269,2731698,-2.991655182001063,18.874468299945995,-4.541860849353707,0
LT.NS,2026-08-17,702.6622255602448,705.0099935630576,697.8997718564166,703.4926132027363,3258141,-3.773641058337296,18.468861809148162,-4.016769497295403,0
LT.NS,2026-08-18,700.7545120664581,704.8026902969738,695.8412215592763,704.5045402409152,2105532,-3.0143725346963746,18.417278442742653,-3.635225881587578,0
LT.NS,2026-08-19,715.6268741757158,715.8811760252986,710.0620594932061,710.9467893425148,1390896,-2.256373610379625,18.639528079658056,-2.754030879951541,0
LT.NS,2026-08-20,694.8316856085628,698.4223117649935,694.0223334351265,696.4949203776284,1276776,-1.9781194888225162,18.364315050136582,-4.7308117363444975,0
LT.NS,2026-08-21,695.2717894053836,696.8009373769814,689.3452502394658,694.6961977129681,2475815,-2.248716768397341,18.37156639177752,-4.97684777072177,0
LT.NS,2026-08-24,676.4436451097896,686.6472417640352,671.991029066901,682.5650763382496,3589367,-2.9381851843586215,18.80110155182578,-6.636188064934833,0
LT.NS,2026-08-25,676.7089572129522,685.9839489812822,670.9198658042118,684.1435080126769,3005769,-2.3973099527298203,18.810552714426173,-6.420284258671893,0
LT.NS,2026-08-26,699.5512977217462,706.4424306507445,690.3521576723241,697.0521793612904,4149793,1.5785793236251067,18.62621822079789,-4.654587761879158,0
LT.NS,2026-08-27,692.6781344672336,693.1073498225535,687.7525698654614,692.3978092771715,3080625,0.5128112664605222,18.71564746265017,-5.291229963881483,0
LT.NS,2026-08-28,689.5800587573343,697.6887428866236,678.2937127901886,692.7554768637806,3387152,2.7368683614014344,17.58409711386936,-5.2423068495162095,0
LT.NS,2026-08-31,696.5930075963915,708.9832450515502,689.5526920539681,698.3667092674958,4243889,3.4894286323520873,17.70513076838613,-4.4747814295593376,0
LT.NS,2026-09-01,677.7617347187202,682.0777161627633,675.0968055026981,680.5634561503133,4185831,2.4499985576278194,18.723446457768432,-6.909977183760629,0
LT.NS,2026-09-02,675.09031418044,677.2701313267586,674.8002102046048,675.6297015883875,2497889,2.853456964158796,18.539348088588834,-7.584834642809913,0
LT.NS,2026-09-03,676.3500896844083,679.5813679675674,675.5981580761776,677.906071772456,4705284,1.8827487402750531,18.209125757389256,-7.273464188727907,0
LT.NS,2026-09-04,655.231145167622,659.7567436620147,649.8787146691932,654.0829710163744,3420125,-2.2900224823211857,20.873095552833675,-10.532077287764762,1
LT.NS,2026-09-07,643.9401579764462,647.340106685645,641.2799847819713,645.8077859072489,3039895,-4.751283552905972,20.743313025005396,-11.663988153174143,1
LT.NS,2026-09-08,660.0297123838313,665.6847668415988,649.1170661548259,653.7347029223686,3611428,-5.274322573554324,20.34851961123207,-10.579714704267495,2
LT.NS,2026-09-09,665.6444499261257,671.3835137515734,655.5478522251746,660.9822491288104,2207004,-3.234053921620228,20.511407948107582,-9.58836814338132,0
LT.NS,2026-09-10,661.7900108638395,665.5214735421612,656.8932141434543,663.2872867161336,2077138,-4.531218910617452,19.83327507896271,-9.273076454330042,0
LT.NS,2026-09-11,668.296343585647,670.0611712344446,667.5490572686061,669.6692858344172,3683225,-1.8033860103109478,19.410906344009398,-8.400122671453081,0
LT.NS,2026-09-14,679.9401409530165,681.650818842974,667.7632586489361,670.7219329053523,1962793,-2.427100987547015,19.255130418067644,-8.256137655852779,0
LT.NS,2026-09-15,673.6474657628061,678.3303659051068,671.757683367913,674.5250333904929,3361617,-1.191407235539943,19.250533543096,-7.735935303324471,0
LT.NS,2026-09-16,670.0524274784386,679.2910751414589,667.0956979092034,671.2961195520286,2904455,-0.45992474301163044,18.97662945483414,-8.177598252132478,0
LT.NS,2026-09-17,673.2676157541829,676.8711657828844,666.4029508161634,671.5506952236257,3342797,-1.0537826658074456,18.878353856476867,-8.142776436674614,0
LT.NS,2026-09-18,668.5995561237918,671.267702295345,662.1332042011051,665.8007622149677,3723783,-2.9090099736435837,18.746230551345473,-8.929273845741491,0
LT.NS,2026-09-21,679.3761738354544,686.1771477995919,671.6139590343771,675.2896271215684,3658512,-2.5024587422450173,18.999035264624393,-7.6313513042458485,0
LT.NS,2026-09-22,679.7517774452317,689.0662934510705,675.4293537956833,687.0381314372995,2538899,-0.961609869473512,19.70929501831428,-6.0243468068334245,0
LT.NS,2026-09-23,696.6031726069475,702.3011492362391,694.423304337334,697.8039256904309,2605945,0.5326972197932545,20.242341827602846,-4.551761078637062,0
LT.NS,2026-09-24,691.7987940576279,696.7638597884695,690.67390935741,693.6935243386193,2773516,-0.5889458841966899,20.25926687242097,-5.113997196615649,0
LT.NS,2026-09-25,690.2424696676692,691.8749696278176,683.6918721079307,685.1065495107022,2538493,-2.0778418443663016,20.547223058937178,-6.28855582950929,0
LT.NS,2026-09-28,693.3440178979682,702.0901060408058,686.8070335708886,694.9830541900957,2034401,-1.2096159722132405,20.936702051248602,-4.937610465574882,0
LT.NS,2026-09-29,699.3408669047573,703.856540206918,691.3359568819745,698.8273773956722,2560738,-0.8058376519903709,21.000102857684425,-4.411769514689212,0
LT.NS,2026-09-30,697.0475355377629,701.9909976114828,692.5483606913912,700.8796390054805,2642494,-1.4160202265410593,20.836910353266244,-4.131053472187296,0
LT.NS,2026-10-01,694.7359937618379,700.9352163152961,692.8272722138327,694.8680658681112,2391926,-0.233577368896698,20.12615912715322,-4.953338999659984,0
LT.NS,2026-10-02,698.1645536482814,701.6311459652879,695.9607646124923,697.7210394945819,3412272,0.43541936627433664,20.144917562360305,-4.563098563471146,0
M&M.NS,2025-10-06,1166.2821343901549,1183.2730026060135,1165.467051198829,1173.1528641549678,3427239,,,0.0,0
M&M.NS,2025-10-07,1193.514458503928,1197.238598052483,1186.7299864655072,1193.6662617224395,2746245,,,0.0,0
M&M.NS,2025-10-08,1168.383138919501,1172.6804206451075,1157.7167464985166,1172.238504953851,3561054,,,-1.795121254216292,0
M&M.NS,2025-10-09,1174.1256199086272,1179.4513997088031,1167.8753594549248,1176.7947368690257,3262296,,,-1.4134206012548667,0
M&M.NS,2025-10-10,1178.2962544545514,1192.9069342709295,1171.0685385232423,1174.541823109152,3882461,,,-1.6021596007657402,0
M&M.NS,2025-10-13,1188.340215725359,1201.519835139834,1173.7969841366707,1185.9245844109691,3239673,,,-0.6485629660252901,0
M&M.NS,2025-10-14,1184.7453490966486,1192.7605846019235,1181.3630771861792,1185.94067587099,2673402,,,-0.647214895753323,0
M&M.NS,2025-10-15,1183.5610205994408,1192.913252465696,1180.709278224782,1186.3762876975904,4357311,,,-0.6107212927614847,0
M&M.NS,2025-10-16,1187.3138033467499,1189.6106860607113,1175.7010567856187,1182.8980130395687,3277320,,,-0.9021155266072722,0
M&M.NS,2025-10-17,1202.9623484393067,1203.9026812855716,1201.5192256916569,1203.1582435408172,3520852,,,0.0,0
M&M.NS,2025-10-20,1204.1824662907504,1209.4453900560823,1197.9003927730023,1203.5100888782138,3244723,,,0.0,0
M&M.NS,2025-10-21,1234.7331004466323,1237.0529118912423,1224.2476505979485,1232.6196448097412,4000772,,,0.0,0
M&M.NS,2025-10-22,1242.11801135749,1256.929348240737,1227.0368663153033,1236.9790826489789,2832819,,,0.0,0
M&M.NS,2025-10-23,1238.5687545102412,1247.0273596173065,1225.356849190755,1237.628221022756,3802292,,,0.0,0
M&M.NS,2025-10-24,1236.9888485783467,1247.1987617099915,1220.7733171459756,1235.7973891331285,3702527,,,-0.14793068374883145,0
M&M.NS,2025-10-27,1251.2019753195734,1257.3176868739604,1242.5067529021287,1244.5212342703169,2554187,,,0.0,0
M&M.NS,2025-10-28,1233.2036466145976,1244.0631572019265,1231.587855352791,1236.090660324207,2816657,,,-0.6774150343085816,0
M&M.NS,2025-10-29,1251.7469233516338,1262.5201150343776,1234.5089186214968,1238.5807112034688,2160817,,,-0.4773340063041309,0
M&M.NS,2025-10-30,1238.247849884747,1240.1331275664163,1231.972936881587,1239.028124733831,2791054,,,-0.4413833517036503,0
M&M.NS,2025-10-31,1242.375068069748,1246.2847255114666,1234.3248303168148,1244.201297266982,3505847,,,-0.025707637163974173,0
M&M.NS,2025-11-03,1251.1740942317767,1254.4409248408008,1249.246208228775,1249.7676838119814,2845697,,,0.0,0
M&M.NS,2025-11-04,1262.0489117302561,1269.7861787463503,1245.4788848962266,1256.1420277594561,3298075,,,0.0,0
M&M.NS,2025-11-05,1264.7109408647823,1267.8682864653322,1256.3889353491547,1257.9048499646221,3956080,,,0.0,0
M&M.NS,2025-11-06,1286.4755800113717,1288.7175241455739,1274.1012482464398,1282.1500082823084,2836828,,,0.0,0
M&M.NS,2025-11-07,1285.4765132295804,1302.345105822429,1279.6144268515131,1289.0077160507235,2387261,,,0.0,0
M&M.NS,2025-11-10,1324.7441448796203,1336.5171338883383,1320.3023421036048,1330.304770720952,2866639,,,0.0,0
M&M.NS,2025-11-11,1337.3874984203364,1345.1431440653819,1313.1611907015538,1331.4516394104066,2245359,,,0.0,0
M&M.NS,2025-11-12,1339.6228940190676,1360.8631292137807,1329.0029885167128,1347.216060954999,2854120,,,0.0,0
M&M.NS,2025-11-13,1337.9189497761765,1341.1826889492188,1334.7855014997347,1335.8812909545316,1962816,,,-0.8413476003568787,0
M&M.NS,2025-11-14,1345.3937631861959,1365.7719033827989,1330.7331062779465,1358.8845910260256,4484330,,,0.0,0
M&M.NS,2025-11-17,1346.3920066636808,1355.5505118198585,1344.1452455409176,1347.8036259042349,3351184,14.887297903421093,16.54434061257359,-0.8154456379127928,0
M&M.NS,2025-11-18,1358.811440987469,1379.4139739031284,1329.87115136979,1355.5542094950492,3905979,13.562245408445106,16.099194986018244,-0.24508199982323786,0
M&M.NS,2025-11-19,1350.5460717201418,1357.442448928571,1342.545660759785,1351.6158145645531,3396315,15.302117176040376,14.833140047050996,-0.5349075638560463,0
M&M.NS,2025-11-20,1359.8262217321023,1363.565754451019,1358.4058525427622,1359.325188126071,3321489,15.510814718859557,14.832776389003024,0.0,0
M&M.NS,2025-11-21,1359.7972350087246,1362.598283025376,1353.4911634501786,1355.8578558979336,4114288,15.437171262988025,14.859152707263418,-0.25507746479098703,0
M&M.NS,2025-11-24,1334.8486609941908,1349.862473407237,1334.6359340174897,1343.4310743272147,2416105,13.281324292174679,15.321851896936506,-1.1692650101457702,0
M&M.NS,2025-11-25,1337.2909284920306,1349.7616390307433,1336.095623299537,1339.4127325890045,1536631,12.940955634673724,15.417809023221277,-1.464877993213476,0
M&M.NS,2025-11-26,1362.4696052994395,1365.2565501757344,1362.1451506097178,1364.7806797519524,3444829,15.037757742157233,15.956287094485125,0.0,0
M&M.NS,2025-11-27,1375.4216441727347,1376.567310696867,1362.9897009710382,1372.8166500366888,2647088,16.055368671142347,15.792239402565258,0.0,0
M&M.NS,2025-11-28,1348.7357673697002,1354.4169420238118,1343.1425450210031,1352.1040020681103,3323282,12.379565142566396,16.395133292631638,-1.5087701600956627,0
M&M.NS,2025-12-01,1374.8719726559389,1378.0403640467473,1357.9533098409145,1370.3552504310942,3538270,13.863212539281333,16.584856137733475,-0.1792955822271569,0
M&M.NS,2025-12-02,1356.7392388378303,1361.6507427516965,1350.6319038462757,1356.1304193732121,1312996,10.02018547112602,16.015376204845573,-1.2154740884757431,0
M&M.NS,2025-12-03,1365.3208587395593,1374.7802669729206,1364.6637349464024,1368.6422598981017,2890532,10.643929157408817,16.10924139037074,-0.30407484775738514,0
M&M.NS,2025-12-04,1373.4469151391634,1394.2928020540041,1361.7052162044176,1378.1206186706593,2833684,11.351744834309185,16.115860266284425,0.0,0
M&M.NS,2025-12-05,1386.3304854431572,1394.312868959643,1375.8953889107124,1388.7165113940832,3705080,12.374125694522032,16.08180748315739,0.0,0
M&M.NS,2025-12-08,1414.8241917434852,1430.243484867071,1413.5926969143081,1420.3193474419982,2511566,14.125762448300417,16.965195005134703,0.0,0
M&M.NS,2025-12-09,1404.9847230705454,1413.2476351392818,1393.849850168051,1406.636746961075,3620904,13.797215051534861,17.149098628503946,-0.9633467646248395,0
M&M.NS,2025-12-10,1416.1068034704065,1422.6069162245876,1413.6664549568468,1417.3580747267251,3438832,14.43405035345231,17.159074752058412,-0.20849344343624177,0
M&M.NS,2025-12-11,1427.5441541516884,1446.808792108214,1422.6673941827648,1439.3235017246523,1980135,16.165523041202068,17.396329711056513,0.0,0
M&M.NS,2025-12-12,1430.7628760261591,1442.70148693382,1428.4900323648535,1428.6309866710424,4287992,14.823139134252594,17.769009174182436,-0.742884767795271,0
M&M.NS,2025-12-15,1420.6645037056783,1436.4401955231801,1409.0671425806406,1416.276312525583,4457790,13.323166446881164,18.18424813643708,-1.6012515026297525,0
M&M.NS,2025-12-16,1427.5708931172028,1431.640118886222,1400.2183238234113,1411.7758544466149,3347742,12.389827204870961,18.308097381018015,-1.9139302071444542,0
M&M.NS,2025-12-17,1426.7120670866157,1428.3135928685697,1408.7888730637246,1417.6615253842583,2328317,12.70021937065664,18.29201292797302,-1.5050109523284894,0
M&M.NS,2025-12-18,1396.3124705867467,1417.1698561280427,1386.285927418004,1394.2358775282514,2995103,8.742024608813459,18.64328112766768,-3.1325566589008758,0
M&M.NS,2025-12-19,1401.821368102205,1414.8171017392312,1397.618795691124,1403.8617786064276,3263724,8.910269591526987,18.666732125317527,-2.463777119996513,0
M&M.NS,2025-12-22,1380.2225622425465,1381.2035981097824,1374.1608831012868,1380.6987795396894,2725469,3.788155160221418,17.340155665235624,-4.073074754543815,0
M&M.NS,2025-12-23,1410.2897931043315,1418.660746427149,1386.4378763831562,1402.6639140271288,3890430,5.348468732086764,17.84823500669484,-2.5470012581324863,0
M&M.NS,2025-12-24,1409.7000365672986,1414.1609046682997,1407.9514255409697,1411.7102995006926,3478936,4.7872231051028,17.652018226962365,-1.9184847736365307,0
M&M.NS,2025-12-25,1451.2014278436757,1462.874235443321,1441.0831832465042,1444.8754839680582,1306788,8.158972938055499,18.4789822897084,0.0,0
M&M.NS,2025-12-26,1455.868486653966,1469.6109699895371,1443.4853727555485,1456.9017241880183,1720609,7.21305796013072,18.045664116816162,0.0,0
M&M.NS,2025-12-29,1453.24830431671,1465.3459787978702,1449.1311777409876,1451.9659564451356,1476305,7.72830170055514,17.85559522410062,-0.3387852221558463,0
M&M.NS,2025-12-30,1428.8109383019064,1439.3392766674936,1418.70145149631,1438.4956297679275,3109349,6.1186354401698395,18.149979206125124,-1.2633724097175558,0
M&M.NS,2025-12-31,1444.136771919226,1448.3804329020127,1427.2932814384444,1443.0054838262365,3472373,6.761512278629711,18.09116594972348,-0.9538213958478647,0
M&M.NS,2026-01-01,1449.8545660770799,1457.8628240711441,1441.562720071444,1442.8619326492512,2844442,6.145456970332597,18.072954850890252,-0.9636745777476419,0
M&M.NS,2026-01-02,1462.1889517757422,1469.9142566483501,1456.4832111139053,1463.9317334414288,4380026,7.970885522651039,18.37458081695148,0.0,0
M&M.NS,2026-01-05,1443.770281907869,1449.9541033511177,1441.7858414963455,1448.0906272992218,2639365,7.790466885278824,18.472895319060452,-1.0820932274599682,0
M&M.NS,2026-01-06,1496.9236128523246,1500.8669977182383,1481.3150267221145,1484.0283158883767,2468693,10.79693956767449,19.476496399679885,0.0,0
M&M.NS,2026-01-07,1507.5490992417376,1508.4654451787471,1497.1793442992898,1507.3016568896269,2660504,10.442775110472514,19.27389686465745,0.0,0
M&M.NS,2026-01-08,1507.6891059919067,1516.9793673011293,1503.8045955162238,1504.0211800976363,3047195,9.557323627845072,19.324629487366455,-0.2176390357561231,0
M&M.NS,2026-01-09,1535.0065625497116,1541.8604865565217,1526.5372587360332,1537.2262870048987,1754680,13.691423489142451,19.28395797619078,0.0,0
M&M.NS,2026-01-12,1518.9691634779847,1531.5117553995915,1515.101105987497,1523.2491687276179,2723185,11.157246870723881,19.46410842992828,-0.9092427312385909,0
M&M.NS,2026-01-13,1525.1812460277781,1538.8213404598412,1516.6855359134975,1527.4142352149963,3221642,12.630335061796604,19.011162074766023,-0.6382958626748425,0
M&M.NS,2026-01-14,1504.1804976975718,1505.2057654069802,1501.9752149956375,1504.5925522361722,3045731,9.933223335380003,19.7157351093205,-2.122897262725676,0
M&M.NS,2026-01-15,1543.5910487624672,1543.8620168597927,1522.6055878195689,1538.7101255354232,3035583,11.652790379093902,20.48528685189682,0.0,0
M&M.NS,2026-01-16,1498.7061607443595,1514.7674233034177,1495.1803333584535,1508.9882064883084,3026036,8.66063693399084,21.505145344078585,-1.9316126250077503,0
M&M.NS,2026-01-19,1481.979598705825,1502.3423925643972,1464.6684996129893,1483.5199155707646,4318015,4.449743520187277,21.38641759493311,-3.5867840893978764,0
M&M.NS,2026-01-20,1469.2025818971092,1481.18368165397,1455.071498153638,1472.6515471543782,2162513,4.693095096223154,21.291912285649918,-4.293113906562396,0
M&M.NS,2026-01-21,1500.6627457874936,1501.5856627015592,1491.772092717535,1496.6001292721635,2989093,5.590828172388029,21.647960798671203,-2.7367075555317366,0
M&M.NS,2026-01-22,1512.9881187993315,1520.4245063665237,1502.1490478059097,1514.2459845497337,4122161,5.205395641445887,21.47164764265348,-1.5899122635055551,0
M&M.NS,2026-01-23,1526.3746449740395,1535.8873440967263,1506.816625218056,1516.8650592932372,2721781,6.176127596657799,21.293617626281165,-1.419699908362182,0
M&M.NS,2026-01-26,1538.022028430806,1539.699870884849,1531.3271217610127,1535.930490353557,2960600,8.448505194201816,21.252066539098873,-0.1806470975746044,0
M&M.NS,2026-01-27,1533.5055243862332,1556.4219995494668,1528.673111859751,1534.2089969003787,4311957,8.672279106356795,21.210166993812333,-0.29252609444408995,0
M&M.NS,2026-01-28,1551.3389129094305,1556.0310321444888,1524.5869391508595,1542.412275483293,3024845,8.799755644438534,21.21921929152126,0.0,0
M&M.NS,2026-01-29,1570.4637165944807,1573.8933253792623,1560.4476119181409,1573.7036246156167,3605006,12.872122284324794,20.971546303911573,0.0,0
M&M.NS,2026-01-30,1575.6503878170058,1586.7116832888485,1565.8678818885082,1569.4667826910104,2152459,11.796389545484608,21.045478708992064,-0.2692274363694902,0
M&M.NS,2026-02-02,1557.6974229350833,1574.1100176116447,1554.8616308419855,1555.509248152189,3361837,12.661014205486554,20.516489671067458,-1.1561501275611397,0
M&M.NS,2026-02-03,1563.2560056290592,1569.4531279150306,1557.0816827427518,1564.7263692711856,2915146,11.553904939264182,20.21742202712107,-0.5704540044269013,0
M&M.NS,2026-02-04,1581.65310379307,1586.4693025691208,1575.8116927804324,1579.1042847586928,3446284,11.857530919566539,20.26498130955893,0.0,0
M&M.NS,2026-02-05,1576.21880115715,1590.2891657955302,1575.8157152911308,1581.6153088590615,2985150,9.463779156628437,19.392870774107816,0.0,0
M&M.NS,2026-02-06,1597.850506267041,1603.511202957683,1589.1433321770887,1601.195870880682,3950009,9.90417845603715,19.523194695674203,0.0,0
M&M.NS,2026-02-09,1606.7802511264913,1619.4558352045826,1586.605343351141,1597.7544603019458,2768283,10.0407659841933,19.490006877379784,-0.21492752019421912,0
M&M.NS,2026-02-10,1601.1375562930564,1603.4279964134876,1595.3161171217885,1600.6235221888498,2756465,11.270655889797766,19.131628324676935,-0.035745076679294385,0
M&M.NS,2026-02-11,1611.3672845815913,1624.2223452512274,1585.6457720012531,1608.2581110810927,3016794,11.451974999892345,19.133774124174167,0.0,0
M&M.NS,2026-02-12,1621.0240977363007,1626.6653092055556,1608.6759986309762,1614.2388230926617,3080072,11.877566838896625,19.100022841574233,0.0,0
M&M.NS,2026-02-13,1651.8695111512707,1653.838343873494,1630.9021452540828,1646.2275049732273,1806355,12.452477623615366,19.413054238074366,0.0,0
M&M.NS,2026-02-16,1660.2609835904489,1661.4436182590064,1643.8742503018148,1653.9800022711406,4561652,14.217989612702286,18.898317947403573,0.0,0
M&M.NS,2026-02-17,1660.5830660361937,1681.246073876204,1646.6450790202039,1648.393540473148,3564530,11.075612427676496,18.01144329954412,-0.33775872684805863,0
M&M.NS,2026-02-18,1662.239457375648,1677.3544960578567,1646.2891699136042,1659.307760510462,3212149,10.08465046966811,17.67013310651822,0.0,0
M&M.NS,2026-02-19,1695.262198391562,1704.7914013654063,1676.4182479405174,1679.960422603486,2558121,11.697923196429215,17.78652289084334,0.0,0
M&M.NS,2026-02-20,1704.5235375540217,1712.633192413966,1691.9185560629612,1696.0882697998263,2808342,10.33432645134187,17.020741765119034,0.0,0
M&M.NS,2026-02-23,1713.6667907015856,1715.6559297335302,1697.710508950639,1711.2323683076952,3929663,12.34093564200669,16.67486151262215,0.0,0
M&M.NS,2026-02-24,1678.4685655479989,1701.563392413586,1675.4071395194408,1681.1880462450194,4013765,10.067590538618898,17.801357966112427,-1.7557125858008282,0
M&M.NS,2026-02-25,1636.1965170434032,1649.1066599898438,1626.4930295463753,1632.0780561084518,3188135,8.473091514563635,19.471577047554845,-4.625573572893682,0
M&M.NS,2026-02-26,1664.9318349919836,1689.7656796789033,1654.9994665641746,1657.6828931827247,3635941,7.731980551301221,18.949748501841327,-3.1292930239467,0
M&M.NS,2026-02-27,1666.8399871614765,1671.9361803316367,1666.4183577440588,1666.874957681425,1273805,10.463087154309036,17.790836851368443,-2.59213251500946,0
M&M.NS,2026-03-02,1665.5478616637713,1676.879458527941,1657.900932133076,1666.8826127001364,3736757,12.359975434426529,16.763290007512843,-2.591685175486602,0
M&M.NS,2026-03-03,1682.5064697407838,1684.4395740831217,1672.134151646674,1681.2716821860663,3544825,14.16629313531821,16.466235570586452,-1.750825117412791,0
M&M.NS,2026-03-04,1723.9574248903623,1734.4656370755479,1718.9650049608247,1721.0622740954811,1684267,14.998137473934303,17.05600895222376,0.0,0
M&M.NS,2026-03-05,1748.3176249651656,1769.922615053143,1741.4219298950093,1750.9659320333471,3716959,15.632859515490338,17.33160730334886,0.0,0
M&M.NS,2026-03-06,1778.4416395248602,1783.660597797547,1761.478097903514,1771.7677289532833,1738717,16.80457125031376,17.419153660305962,0.0,0
M&M.NS,2026-03-09,1752.7223691146362,1768.3629679829724,1748.95405514735,1753.4768335363206,4293001,14.163814348960969,17.841738009236348,-1.0323528935572424,0
M&M.NS,2026-03-10,1745.683249336069,1752.6200925782418,1736.1886769224373,1738.0827027892817,2205124,13.288522378684831,18.185637104293388,-1.9012100521721198,0
M&M.NS,2026-03-11,1690.724452219579,1701.9915329436867,1685.305778379834,1689.4605486465448,1731447,9.533655527811224,20.433381235496203,-4.6454836580279935,0
M&M.NS,2026-03-12,1703.514236301169,1723.0705271845775,1694.5855162070134,1702.8017098432606,2445593,8.203456051591452,19.835630846984103,-3.892497757071467,0
M&M.NS,2026-03-13,1717.616396861187,1734.5319159887079,1711.8516175900593,1726.0611260641601,3185919,9.977550662439171,20.014175917626503,-2.579717540973925,0
M&M.NS,2026-03-16,1766.7051084169038,1773.4362531442478,1744.5740291437635,1751.3513061134547,3415363,12.590221382091382,19.935767845011622,-1.1523193760781592,0
M&M.NS,2026-03-17,1764.0483868045626,1779.4924197981898,1761.0744424739344,1766.0693164778104,3303938,12.867613862761562,19.96907712935552,-0.3216229973236562,0
M&M.NS,2026-03-18,1753.098668287793,1763.9208960567028,1752.5068307226982,1763.271818566545,2180629,11.662784756232591,19.9755453766561,-0.47951603632363504,0
M&M.NS,2026-03-19,1750.281906332801,1756.4142374959538,1750.2362281826113,1751.834041709382,1870320,10.762334677521057,20.187846442128784,-1.1250733895959097,0
M&M.NS,2026-03-20,1733.1298605787003,1739.8982249353642,1731.1175561875534,1735.026013830753,3068426,8.358136901543634,20.351066382723758,-2.0737320429826456,0
M&M.NS,2026-03-23,1729.2313803072723,1736.7666919421988,1728.5339198556228,1732.0831725412006,3770381,8.407343905262476,20.341991148942203,-2.239828379509279,0
M&M.NS,2026-03-24,1714.2375043795296,1728.8743772320022,1700.6866326770296,1712.3290073808694,4197345,6.978873148088094,20.752804282744183,-3.354769397878632,0
M&M.NS,2026-03-25,1758.830301372775,1775.324079190132,1737.1511538534712,1749.25399183974,3517941,8.766993294619096,21.482088523239113,-1.2706934856999474,0
M&M.NS,2026-03-26,1730.9768730864125,1745.5069767201117,1714.6164844275047,1722.582243680515,3525904,6.711734288503979,22.112846750184318,-2.776068469303583,0
M&M.NS,2026-03-27,1719.483781233261,1738.539721914966,1704.6584463858917,1718.966694977221,2384568,4.418538129404959,21.504890720689843,-2.980132954970105,0
M&M.NS,2026-03-30,1667.7632580585246,1681.387883537971,1645.109960319317,1679.9302119196361,2964526,1.5689554657772442,22.59349457937,-5.183383551516796,0
M&M.NS,2026-03-31,1687.045009551936,1692.614674984187,1685.186845753194,1686.3634939248366,3292820,2.3034519681986776,22.579311728578837,-4.82028392507755,0
M&M.NS,2026-04-01,1689.4059631038976,1697.9768938050313,1685.8078905444181,1686.7596957597825,3593546,1.6544209520767517,22.513424882149195,-4.797921973876418,0
M&M.NS,2026-04-02,1686.2359718285559,1699.3734530414783,1676.6147679354813,1679.9959553483195,3284628,0.0021150941626579822,22.267672563069617,-5.1796729393632335,0
M&M.NS,2026-04-03,1666.7202184901887,1672.6681117320788,1655.3948151424331,1661.7337883380808,2900161,-2.0255125911459837,22.29881270227181,-6.2104043784682705,0
M&M.NS,2026-04-06,1653.7434091139926,1666.2790068346035,1643.3339340963937,1662.2208531473154,2431965,-2.864106363815988,22.11833999994389,-6.1829140476943545,0
M&M.NS,2026-04-07,1654.7064905325615,1660.952653932897,1641.756050783007,1651.8313182926327,4644448,-1.7461894294309221,21.61427624397265,-6.769307776674882,0
M&M.NS,2026-04-08,1642.9422333943244,1662.2170357905134,1640.8256434304312,1649.5551888742402,3214817,1.0708515257818574,19.833132062068863,-6.89777435732184,0
M&M.NS,2026-04-09,1693.7139542852676,1714.051001564889,1681.3291931013173,1689.2055852470498,2537250,1.9016117131909427,20.526706346650727,-4.6598739979878285,0
M&M.NS,2026-04-10,1704.0411938129091,1713.6430273079725,1685.0175027791104,1693.1454271292869,2528105,1.5760312029885704,20.482001219712515,-4.437506143677449,0
M&M.NS,2026-04-13,1712.1319848250528,1720.3829148016164,1702.5175301815646,1704.455877645638,2532057,2.2541038378604217,20.556332038865126,-3.7991351918014282,0
M&M.NS,2026-04-14,1696.1526882146045,1712.929201018929,1684.300640585795,1695.4291092196663,2360160,0.8420665846933018,20.492882446728654,-4.308613284130414,0
M&M.NS,2026-04-15,1675.7683856118542,1684.1282314628784,1675.6101593612568,1679.987185796376,3766856,-2.3866125541966543,19.427641244710834,-5.180167899949783,0
M&M.NS,2026-04-16,1683.0677166427624,1683.682114290456,1677.1750350549,1679.9670745629226,3499192,-4.0548394558411305,18.657725702093465,-5.181302994190684,0
M&M.NS,2026-04-17,1720.0188969967694,1742.8012844868877,1711.4902217258455,1731.66751925285,2645191,-2.2632881864330767,20.528480994560795,-2.2632881864330767,0
M&M.NS,2026-04-20,1728.5104607388582,1729.2924993138909,1721.1167588224494,1726.1598775659343,3113462,-1.557873788118136,20.34049244730746,-2.57414392654578,0
M&M.NS,2026-04-21,1732.1129004205904,1750.026147171706,1724.7542037665628,1734.11984786708,3241693,-0.22800151660460344,20.233637583341586,-2.124876781023932,0
M&M.NS,2026-04-22,1722.1766438820928,1729.464855753585,1695.0092870380447,1717.4192562420064,2129890,1.654889640238122,18.667468675786235,-3.06747164558554,0
M&M.NS,2026-04-23,1662.7544937904631,1665.6120332819312,1658.7670832459848,1662.0021475779745,2636594,-2.396025446147898,20.812109508656135,-6.195257966469203,0
M&M.NS,2026-04-24,1641.6747666084475,1658.4995177367782,1629.808385533671,1646.7580452193295,3786851,-4.594453791196895,20.490338001577886,-7.0556474018073745,0
M&M.NS,2026-04-27,1699.325422013698,1703.2089699121916,1689.512133941375,1694.9285215980535,2873680,-3.22167142128742,21.879362971873046,-4.336866853344512,0
M&M.NS,2026-04-28,1700.0115125316258,1718.703223704441,1693.3259637888877,1707.5315246590424,3482856,-3.3145806493888874,21.844980477998124,-3.6255431930792725,0
M&M.NS,2026-04-29,1743.633168151045,1747.7291354942881,1739.956554334965,1741.946884034748,2739557,-1.2093957555071144,22.689511435593115,-1.6831125452404838,0
M&M.NS,2026-04-30,1723.025807754696,1735.7883544837935,1717.6245884991908,1735.1506527807908,3054087,-0.9523384368254506,22.640647796938477,-2.06669732008975,0
M&M.NS,2026-05-01,1699.1488759205138,1709.3902797555947,1680.5166554974019,1687.2091770461363,3106415,-2.7559723256853186,23.860034657977092,-4.772552887454495,0
M&M.NS,2026-05-04,1666.9729801020198,1685.988560546754,1659.3269370782232,1665.3491526987796,3198653,-3.852818438534522,24.11767342077091,-6.006350297246533,0
M&M.NS,2026-05-05,1659.5540314950865,1674.915358692151,1651.5031214408996,1673.7433105437033,2637341,-2.2534043791143654,23.98345796812866,-5.532577256472004,0
M&M.NS,2026-05-06,1669.9784639681243,1683.1575585494436,1652.3256922848443,1678.9649612967555,3212018,-4.01822896336852,23.077634302140297,-5.237863075390436,0
M&M.NS,2026-05-07,1664.6932776241135,1682.0748391070754,1662.749194290482,1679.1974063561463,2119189,-2.5185930879951135,22.69517726835005,-5.224743688712808,0
M&M.NS,2026-05-08,1671.3471436683312,1680.169497261066,1662.292131189903,1668.9863702491834,1685013,-2.907579586857556,22.745013776735725,-5.80106280436773,0
M&M.NS,2026-05-11,1674.7725242049714,1695.1017070208914,1673.209926578562,1688.358217632231,2587195,0.5016878470781361,22.047445239965306,-4.707700109784064,0
M&M.NS,2026-05-12,1674.0855552740654,1684.3934932891846,1669.4366928833203,1678.6735856761368,3159674,-0.45600537940977404,22.08713932152773,-5.254308550486142,0
M&M.NS,2026-05-13,1690.8340072247245,1697.4922479725121,1674.2616426433144,1685.3298024395924,2582133,-0.08477160817776941,22.117890176996603,-4.878626306437828,0
M&M.NS,2026-05-14,1685.733397568229,1710.5267171886946,1680.215297910128,1689.72996561648,3883880,0.5794067680444215,22.09511135820733,-4.630277546892058,0
M&M.NS,2026-05-15,1688.10824168563,1693.4276448695966,1681.3889442475584,1682.7178003928047,4159118,1.2627782020193656,21.885094099511644,-5.026049809197453,0
M&M.NS,2026-05-18,1658.3920771134074,1675.0959789533263,1647.2049428680807,1665.4547236267886,3022083,0.19455119175950664,22.106752962153692,-6.000391788900106,0
M&M.NS,2026-05-19,1652.923321491121,1662.8613619096902,1648.5748078910565,1657.372892419421,2329979,0.33548063082593504,22.075230703097052,-6.456536862280693,0
M&M.NS,2026-05-20,1689.6363442297018,1698.7763097881457,1687.5498241698247,1695.5051781482464,4213397,2.785598783473575,23.033858719533722,-4.304319892432562,0
M&M.NS,2026-05-21,1716.7493702577171,1721.9111936780653,1701.9204305161134,1718.7437265486594,3788517,1.7486409919305057,22.320256109368287,-2.9927174729584394,0
M&M.NS,2026-05-22,1741.3858190067867,1757.6957715171404,1731.899507373398,1740.377108243219,2156724,2.7895820617141576,22.58280408378681,-1.7717119573347873,0
M&M.NS,2026-05-25,1724.7352700063848,1729.9957931030497,1707.898726614082,1724.4838280073243,1742850,1.1750348380593412,22.702816301660427,-2.66874151579074,0
M&M.NS,2026-05-26,1687.5585570494782,1697.9229709746307,1682.2788338430764,1695.4344585460055,930291,0.0003155145980482388,23.199830986067028,-4.308311363836248,0
M&M.NS,2026-05-27,1706.4149202293709,1721.060809533006,1692.5310817178831,1718.3430401042824,4510208,2.283103980327339,23.34525074755781,-3.0153325391338304,0
M&M.NS,2026-05-28,1734.6780606059972,1739.3379709069816,1725.9679045929927,1737.558915844509,3506565,3.428152977139165,23.533737341456394,-1.9307730099014653,0
M&M.NS,2026-05-29,1751.5256679446013,1764.7253833105524,1740.5787913331073,1740.881711150211,2329174,0.5320993663573859,21.80860398391726,-1.7432317621745463,0
M&M.NS,2026-06-01,1733.6717282178945,1748.0347134509484,1729.4488319993482,1733.6148864231122,1547656,0.43188403079386095,21.824155039010023,-2.1533772123003225,0
M&M.NS,2026-06-02,1701.4211440343743,1706.7273364707426,1682.828372827325,1703.874786793334,3185629,-1.744115962397097,22.350306917758324,-3.8319324283019207,0
M&M.NS,2026-06-03,1725.642152662745,1744.8992072360845,1708.3891062053765,1722.1564758322386,3584417,0.27583361331338097,22.40568816083515,-2.8000991501495376,0
M&M.NS,2026-06-04,1754.062101548385,1759.5307858411345,1736.7495370687873,1747.3046722513805,2148058,5.132515911469593,20.546794988766052,-1.380714655885229,0
M&M.NS,2026-06-05,1734.2543248690158,1735.1926708485857,1727.7613905064593,1733.580331356892,4033309,5.272315893012602,20.489399444564942,-2.1553275281151807,0
M&M.NS,2026-06-08,1715.4867495439116,1737.7641076132331,1713.1805536532195,1718.241100905074,3384218,1.3754314125907996,18.972157304978158,-3.021086069776846,0
M&M.NS,2026-06-09,1746.8677486848485,1750.3708046349893,1728.8441511777507,1744.4815689765426,2108167,2.163945074154827,19.352324937808003,-1.5400528822624326,0
M&M.NS,2026-06-10,1728.6180823865143,1747.6048315036332,1708.213302852589,1731.55277585347,2957044,-0.5966948979065911,18.588952476231174,-2.2697643964636027,0
M&M.NS,2026-06-11,1778.0805683454437,1791.0322805780922,1762.3748491128651,1769.382840610387,3548351,1.9728654555000613,19.60557327104165,-0.13460502208747505,0
M&M.NS,2026-06-12,1760.1744474812463,1782.0974533973372,1747.500539723611,1767.5346251435462,2087669,4.7608470360526844,17.68443789233201,-0.2389197940882326,0
M&M.NS,2026-06-15,1762.54851864594,1767.762290460524,1757.6356752399863,1759.8181668760071,3344613,5.672625108322538,17.239170697770444,-0.6744429239794125,0
M&M.NS,2026-06-16,1773.7617462469661,1778.3776907166732,1754.6987634781765,1761.235069326569,3541190,5.22731043832787,17.215762928807095,-0.5944718065802435,0
M&M.NS,2026-06-17,1747.7105667571875,1763.1521930793665,1747.0328613695551,1753.5446392320384,3320435,4.44200323738031,17.300767221043635,-1.0285258853885204,0
M&M.NS,2026-06-18,1765.209207853784,1801.8815390639834,1749.307240574078,1777.8723094482684,4396616,5.876313452999327,17.66058777015062,0.0,0
M&M.NS,2026-06-19,1789.0904511935685,1805.2422524320405,1782.1998645121014,1797.344972387033,2807975,7.690811885940407,17.676273288148185,0.0,0
M&M.NS,2026-06-22,1821.1213915923956,1839.411547754321,1814.7346584386257,1821.447213928404,3308026,7.882746380849093,17.764207519634855,0.0,0
M&M.NS,2026-06-23,1835.4368242807395,1842.409981325342,1814.2613685474478,1825.9659157207252,3721042,8.774328213740379,17.58819569548972,0.0,0
M&M.NS,2026-06-24,1822.938319363098,1824.6338346903703,1811.7061861504933,1816.4724088033238,2304141,7.7814209523795475,17.738367760369485,-0.5199169839736117,0
M&M.NS,2026-06-25,1810.8877300601446,1826.7494570291828,1806.9018093959994,1816.753535722247,2817330,7.517388736100439,17.752047274599178,-0.5045209178968668,0
M&M.NS,2026-06-26,1811.092782389199,1816.3943800159032,1796.4768812163727,1807.9729428494177,2128185,7.44362140980348,17.775307748559047,-0.9853947829144172,0
M&M.NS,2026-06-29,1838.874898022331,1849.1182786483869,1829.161091322597,1840.5583491317923,4356549,10.513862852043676,17.90675211148222,0.0,0
M&M.NS,2026-06-30,1851.8913654650391,1885.9375843104344,1848.6815593848623,1863.3198872274966,3788990,12.42611097056352,17.912667475518585,0.0,0
M&M.NS,2026-07-01,1868.2316469568345,1875.147382915928,1843.2014770763756,1861.7651199495826,2134066,9.805923564498809,17.021808952698162,-0.08344070648155233,0
M&M.NS,2026-07-02,1840.5144771011264,1851.090421705448,1821.7845235140464,1841.6664643575468,2471007,7.151894486080468,17.185484709722427,-1.1620883251650782,0
M&M.NS,2026-07-03,1890.5857949985666,1892.5535170428261,1854.1974618574995,1876.5302249843098,4668661,7.823196254203046,17.606661806404333,0.0,0
M&M.NS,2026-07-06,1902.630687163619,1924.383384117494,1853.504808727933,1880.1060364565815,3260134,9.024277637273158,17.256139594149925,0.0,0
M&M.NS,2026-07-07,1879.3812224014034,1882.7059157559613,1877.6656246622101,1877.6663254592231,3119730,10.74838758848269,16.26700302705262,-0.12976454253380565,0
M&M.NS,2026-07-08,1919.1708747010573,1924.5347790658623,1897.598135886224,1913.4139283138597,3290895,11.352266902290875,16.63838285283424,0.0,0
M&M.NS,2026-07-09,1896.9704488147693,1908.9676232724971,1895.3456568584963,1902.241978570005,2702285,9.477840505077474,16.69942175512448,-0.5838752179304851,0
M&M.NS,2026-07-10,1903.8914427134537,1905.7961894549137,1882.277589473822,1895.4752106043225,3164812,8.880184016177095,16.807439458484662,-0.9375241522018851,0
M&M.NS,2026-07-13,1890.0623410084124,1892.5267945376806,1875.414775221368,1890.7318794332691,3270461,9.06296976569745,16.75324450196807,-1.1854230046594583,0
M&M.NS,2026-07-14,1867.909114121424,1879.014025379647,1846.4826311887396,1861.585759317485,1784815,9.25601891327712,16.578505366868473,-2.7086752233504763,0
M&M.NS,2026-07-15,1865.1312879252666,1884.6736613885573,1862.6583992026979,1869.144854260573,2380243,8.535134901565877,16.420503973947472,-2.313617215711261,0
M&M.NS,2026-07-16,1841.8448436232402,1860.2147745156915,1833.539400198614,1852.6117746805735,3748494,6.026831158959034,16.3603076603161,-3.1776790548852296,0
M&M.NS,2026-07-17,1847.9063052755128,1859.547027012766,1832.1351517428272,1840.4521483193016,3520605,6.1648032703947475,16.296861222786912,-3.813172827630329,0
M&M.NS,2026-07-20,1816.827191338651,1826.3589784768064,1813.1119252076342,1825.440941969548,3130588,6.238928926098142,16.257846047737523,-4.597697604398398,0
M&M.NS,2026-07-21,1800.6983639664816,1814.531003419826,1793.8240370721794,1813.103918885587,4263675,3.933681566455527,15.954279778806008,-5.2424625923293,0
M&M.NS,2026-07-22,1790.6130500606596,1801.2919761926169,1788.3690527204867,1795.416083970909,3232972,3.6882103166599345,16.07993500079916,-6.166874955641866,0
M&M.NS,2026-07-23,1801.9238218715634,1808.4573236271547,1789.064535075458,1801.2248186280028,3317482,1.7996092923921125,14.868110845076888,-5.863295339588137,0
M&M.NS,2026-07-24,1792.9996784290154,1799.8852744039941,1774.624871122479,1798.3386969880532,1881405,1.74277048982876,14.87446956563661,-6.014131580363957,0
M&M.NS,2026-07-27,1797.837253280238,1813.614271962659,1796.186105438638,1799.8492505347158,3838586,2.2747284016149782,14.799226087537349,-5.935186114131586,0
M&M.NS,2026-07-28,1853.1562757294132,1854.4540320259296,1837.1391328211062,1851.899538784053,3264401,5.147777888169736,16.896031158217532,-3.214902359575411,0
M&M.NS,2026-07-29,1854.9942192007743,1862.9550091078045,1817.0250749646852,1848.9329285263047,2938664,5.439741148308697,16.82822657230024,-3.369945145344322,0
M&M.NS,2026-07-30,1854.8613466645916,1872.1642838350529,1838.4504300277538,1862.8947035369818,2700155,4.782255375533606,16.531915882572314,-2.640266386134049,0
M&M.NS,2026-07-31,1893.755413464911,1909.75031886307,1867.306152084455,1879.526882262779,3609880,4.572406028799314,16.442665970365372,-1.7710253672577059,0
M&M.NS,2026-08-03,1876.0395069963247,1882.0687950860606,1874.7753547372745,1878.6047155834617,2885939,3.1380267963837083,16.060001926573513,-1.8192202019284287,0
M&M.NS,2026-08-04,1882.9896523977654,1887.314313588609,1875.7404628617817,1885.2839378925983,4291537,3.248583210736422,16.07116529573818,-1.4701466318921552,0
M&M.NS,2026-08-05,1884.7213047648668,1890.704260911647,1878.813138206592,1886.2492612456,4175827,3.841338415277362,15.961034759232302,-1.4196963169489263,0
M&M.NS,2026-08-06,1896.5606390527864,1918.1704313457553,1869.2874988005308,1891.3380879688484,2335953,4.105375373162556,15.962116981127583,-1.1537409662563225,0
M&M.NS,2026-08-07,1880.297558051134,1880.6751609773773,1872.7659027661136,1878.568182417019,2859645,3.9046623925876434,16.036635574180956,-1.8211295204455635,0
M&M.NS,2026-08-10,1878.3936650311643,1887.0956397666898,1867.0829614746544,1867.952417939678,3916271,1.4883564447064623,15.347841050757467,-2.375937046420651,0
M&M.NS,2026-08-11,1856.498123022639,1869.7781244388195,1854.9663749933243,1868.8241863547637,3481629,0.29540280039930256,14.932749872139727,-2.330376156422642,0
M&M.NS,2026-08-12,1813.0777705123317,1828.4550138671293,1808.7213711053769,1825.602616683574,3381729,-1.942377310570087,16.386348573419045,-4.589248062371265,0
M&M.NS,2026-08-13,1867.9840999455953,1876.5189790633528,1858.484527397657,1859.1632638361095,3539978,0.9500525647387681,16.980579023980543,-2.8352811524455124,0
M&M.NS,2026-08-14,1906.9680394908712,1910.1859668760646,1897.8740634142118,1908.505253716325,2963759,1.7039442427463358,17.82551187436502,-0.25654013096164663,0
M&M.NS,2026-08-17,1915.6844654430552,1926.733851098304,1904.740780460901,1912.9146440072316,3986777,1.7450402750945004,17.82842714790386,-0.026093899455836844,0
M&M.NS,2026-08-18,1946.7239018261503,1954.9343396120585,1923.4214963749052,1928.759831637604,3409458,2.7211174576444064,17.953869339063598,0.0,0
M&M.NS,2026-08-19,1958.124158739316,1965.3321394029615,1936.9273253446759,1954.459013220622,1652710,2.145123138250171,17.5250628650451,0.0,0
M&M.NS,2026-08-20,1935.7948398991168,1957.287004448212,1917.585177175899,1924.1434739326828,3473708,1.1513517002259777,18.057935884803317,-1.5510961899366849,0
M&M.NS,2026-08-21,1944.328610772173,1946.283623582554,1936.1863206602811,1946.209776717699,3506841,2.6766145940363417,18.29220505851458,-0.4220726271117692,0
M&M.NS,2026-08-24,1942.3696801546891,1949.6730123526174,1926.3463013832627,1936.7862374097379,3629318,2.4357952852772202,18.343013981073224,-0.9042285200835387,0
M&M.NS,2026-08-25,1983.130032428543,2001.2328477269848,1961.0151188072343,1991.2891298778927,2978698,6.9673594091072655,19.302194949839834,0.0,0
M&M.NS,2026-08-26,1999.2390705122957,2010.2424261289789,1986.9644018487904,1987.3192888170158,2487073,6.322379685398549,19.3344453257194,-0.19936035411995956,0
M&M.NS,2026-08-27,2020.7122946903983,2040.6018815462699,2008.4293400545403,2009.6254223228827,3936849,8.475259079543607,19.22028960023881,0.0,0
M&M.NS,2026-08-28,2019.099700714482,2019.4984994520316,2004.2944449472482,2005.8560232595519,3586892,8.987132596264292,19.069569467466017,-0.18756724618729237,0
M&M.NS,2026-08-31,2053.034422320448,2061.337648282853,2026.639128188026,2059.976857293739,2599989,12.848178756807105,19.98963505464412,0.0,0
M&M.NS,2026-09-01,2054.884317734779,2061.3424629863393,2045.8779008013962,2047.8901483478041,3177324,12.94940830564897,19.94915410740993,-0.5867400356047603,0
M&M.NS,2026-09-02,2091.8329153702207,2098.7811117686383,2068.4233437511734,2077.270254423994,4280689,15.698543249635488,19.711598793283997,0.0,0
M&M.NS,2026-09-03,2091.078575708783,2106.6524125213396,2068.892055638993,2093.502101140574,3109217,16.22658534847412,19.721727297220166,0.0,0
M&M.NS,2026-09-04,2111.7597011262833,2121.4188374453834,2099.332992971744,2104.238304574747,2122453,17.01012206983199,19.61919966579766,0.0,0
M&M.NS,2026-09-07,2111.123115689481,2119.3301893700072,2099.470817831598,2110.5850022903674,2757501,17.26454322012443,19.586095508388894,0.0,0
M&M.NS,2026-09-08,2075.098523442844,2108.8859920638065,2065.3570046805844,2094.3108147468743,3278133,13.08987182544401,18.616457058400414,-0.7710747269516594,0
M&M.NS,2026-09-09,2022.1258780909193,2037.5278372547511,2011.4707338128628,2030.8519366572027,3577571,9.8391350667272,21.084805534097004,-3.7777708808998334,0
M&M.NS,2026-09-10,2056.7949910764905,2061.760941579686,2055.671195845579,2057.746814816828,5047622,10.459641702233125,21.250331774100843,-2.5034854041036114,0
M&M.NS,2026-09-11,2040.0396326100088,2049.0319989371505,2030.475493799734,2046.2504243352441,2230069,8.870505851544142,21.33891330579992,-3.0481870138046374,0
M&M.NS,2026-09-14,2062.4824472208843,2083.2056411154904,2053.084170091301,2075.7193747466654,2726397,10.492609622880856,21.56710619552453,-1.6519414051491155,0
M&M.NS,2026-09-15,2083.1201119910907,2096.4415677833426,2073.041855074727,2085.047579442207,2928995,10.595944596701322,21.56933117105043,-1.2099689337528585,0
M&M.NS,2026-09-16,2103.0412375264523,2119.9250682801703,2100.1452604737237,2115.853500995335,3636429,12.17252907487496,21.79532867908375,0.0,0
M&M.NS,2026-09-17,2127.08598260519,2139.3352983776444,2110.7694843077493,2136.8750596639734,2803114,12.982182998218628,21.860691085004163,0.0,0
M&M.NS,2026-09-18,2087.4460736550946,2091.4633981415263,2058.1394637508843,2075.146365100689,2456096,10.46425594362761,23.686689856496088,-2.8887367225387317,0
M&M.NS,2026-09-21,2077.5915187684427,2107.3232240737,2069.227298020518,2091.0659448389815,1842973,11.944283203176775,23.55718423352188,-2.1437432487136365,0
M&M.NS,2026-09-22,2085.6111037498495,2085.933239013815,2076.3657029480023,2083.0087709773043,3181879,11.460927474420068,23.644600449482663,-2.5207972943041224,0
M&M.NS,2026-09-23,2104.966034424976,2123.550413793531,2096.146138771186,2112.8907397052876,2690906,15.736618714077366,22.407703515232672,-1.1224016046337049,0
M&M.NS,2026-09-24,2124.1922027824608,2137.299995806563,2117.2531816868927,2128.494750631317,902639,14.486704424197882,22.06006500419483,-0.3921759016633497,0
M&M.NS,2026-09-25,2146.69756486517,2169.1682439677375,2140.1248314502186,2144.5166520231387,2913460,12.366295447562536,21.084584286231824,0.0,0
M&M.NS,2026-09-28,2135.074567720073,2144.5102559605507,2125.8500647417873,2138.0854900889867,2381227,11.771086952947375,21.17705612121806,-0.29988864521451886,0
M&M.NS,2026-09-29,2108.5038062542567,2115.8123719656282,2088.9740164479936,2115.3558415330112,2618417,9.674403564127454,21.535774284340974,-1.3597847544162045,0
M&M.NS,2026-09-30,2116.3009879837555,2135.4277002298913,2100.654858759717,2104.950439870283,2526159,7.699901897746941,21.437313078372227,-1.844994400744293,0
M&M.NS,2026-10-01,2077.044169885713,2083.7471387868386,2054.5846688887664,2060.5166187074738,2175388,7.087472770212044,21.90380713689145,-3.9169681073084384,0
M&M.NS,2026-10-02,2046.5867802356527,2049.9043021752527,2035.633433996774,2046.5104715611956,3790978,5.1536425334711256,21.88478686027934,-4.57008251110963,0
MARUTI.NS,2025-10-06,1177.972174143541,1179.4578883534239,1168.8028197057304,1173.177495921274,2497462,,,0.0,0
MARUTI.NS,2025-10-07,1166.393337666421,1178.6449118814653,1148.4602824412918,1163.4045633391427,5240547,,,-0.8330310303520383,0
MARUTI.NS,2025-10-08,1162.129502370886,1166.1752758845964,1158.143676861099,1161.183155614458,2997187,,,-1.0223807010035668,0
MARUTI.NS,2025-10-09,1149.2431112017343,1156.4771092548306,1142.8075468527677,1148.3588151436918,3947654,,,-2.1155094488146897,0
MARUTI.NS,2025-10-10,1131.6414691651885,1141.725473747942,1129.125715367174,1138.7121741705716,2231434,,,-2.937775560009126,0
MARUTI.NS,2025-10-13,1166.0587114298419,1172.7367475896879,1149.0884234882508,1156.9331382065284,2850421,,,-1.3846462083718314,0
MARUTI.NS,2025-10-14,1159.7502540106357,1163.3711295271096,1158.6689077680485,1163.3265927993418,3187726,,,-0.8396771295204886,0
MARUTI.NS,2025-10-15,1176.9782348431088,1182.522824112645,1172.4346065783163,1177.5617913551594,2910645,,,0.0,0
MARUTI.NS,2025-10-16,1156.607405170362,1169.1959301789757,1155.765543300015,1158.9048984932363,3873589,,,-1.5843663575779265,0
MARUTI.NS,2025-10-17,1173.5640969639487,1182.6310966136975,1162.9901847413296,1167.8331266456412,2999493,,,-0.8261702087261402,0
MARUTI.NS,2025-10-20,1153.7909963548302,1155.777049588326,1138.7901280702217,1154.0866349918808,3575045,,,-1.9935392380779349,0
MARUTI.NS,2025-10-21,1136.6159203452735,1142.245744486898,1134.7084168454005,1135.5055523133547,3531860,,,-3.5714677013599094,0
MARUTI.NS,2025-10-22,1132.2813112292047,1146.5424179268418,1115.4587025271237,1138.5547802341132,2892520,,,-3.312523504703413,0
MARUTI.NS,2025-10-23,1137.9448251513877,1147.6592019294626,1135.6599295010062,1141.4720907427234,2659594,,,-3.064781897424107,0
MARUTI.NS,2025-10-24,1135.447203183774,1159.4301688651021,1135.1950615506464,1141.9935257903267,2133469,,,-3.020500989922581,0
MARUTI.NS,2025-10-27,1148.5723780795795,1152.854472697989,1147.364682049868,1151.6580637193745,4041731,,,-2.1997765065028485,0
MARUTI.NS,2025-10-28,1163.2109943488906,1176.5327934025604,1160.192999612789,1163.5806870075733,3341148,,,-1.1872926287372465,0
MARUTI.NS,2025-10-29,1188.907651238637,1197.4332055554403,1174.747208217585,1184.067278011121,2782390,,,0.0,0
MARUTI.NS,2025-10-30,1167.0344112152475,1184.4218463451475,1165.6619084553047,1167.0600364004324,3873003,,,-1.436340816651549,0
MARUTI.NS,2025-10-31,1192.3301172264435,1192.9488444212386,1175.9559456762636,1188.0681059545502,2692795,,,0.0,0
MARUTI.NS,2025-11-03,1211.5059481011333,1218.399209243709,1203.3467097763867,1214.9863485404546,3497916,,,0.0,0
MARUTI.NS,2025-11-04,1210.832207857934,1215.2637044167332,1206.4296721677194,1209.436606005429,2953541,,,-0.4567740651318819,0
MARUTI.NS,2025-11-05,1174.9169105876185,1187.9202641435097,1174.2201276055184,1185.244747991001,2119577,,,-2.447895861972582,0
MARUTI.NS,2025-11-06,1165.0280249236964,1167.3191098511872,1152.6951878297498,1165.5159450133472,2151098,,,-4.071683898879652,0
MARUTI.NS,2025-11-07,1160.3979724183673,1167.9923247273239,1154.9826751594348,1158.861664045768,3221455,,,-4.6193674984174375,0
MARUTI.NS,2025-11-10,1185.9909196590934,1187.0371331404194,1183.6232872642956,1186.9944664613704,2605048,,,-2.3038844932463998,0
MARUTI.NS,2025-11-11,1191.2180040670794,1193.401361887214,1186.325203861268,1187.02000556836,3289049,,,-2.30178248551437,0
MARUTI.NS,2025-11-12,1179.114701980776,1183.6724136843063,1175.8046461012232,1178.045036140036,3375224,,,-3.0404713966371455,0
MARUTI.NS,2025-11-13,1166.6608641493945,1175.6723505006842,1156.6674415335208,1168.1812404181762,1663431,,,-3.85231555716693,0
MARUTI.NS,2025-11-14,1157.6801095304645,1173.0502121186046,1141.3409212802812,1149.5745663221521,2343304,,,-5.383746269814527,0
MARUTI.NS,2025-11-17,1167.001849052296,1182.4240587634301,1159.851338345579,1161.489693209422,4163219,-0.9962518674698662,20.34408883420869,-4.403066371510866,0
MARUTI.NS,2025-11-18,1163.3036212397374,1165.6576740301814,1146.4712889046214,1159.9943449980167,1942009,-0.29312402998816767,20.203061042806695,-4.526141681221274,0
MARUTI.NS,2025-11-19,1195.9858773983938,1198.48482675016,1188.8644433595755,1189.376998979009,3226828,2.4280272434396233,21.483588247038814,-2.1077890786353137,0
MARUTI.NS,2025-11-20,1191.913174653731,1201.0851839033712,1188.9123033355427,1198.1571979396176,3234962,4.336482825683241,21.256832557267995,-1.385130838799431,0
MARUTI.NS,2025-11-21,1207.12997232714,1221.3477102763181,1204.0346071721422,1209.9275713126617,3512622,6.254029662409,21.175133545708334,-0.4163649438423733,0
MARUTI.NS,2025-11-24,1208.097485730113,1208.3216907484643,1199.6962910200384,1206.196230553887,2837124,4.258076004610434,20.806412602933495,-0.7234746297460015,0
MARUTI.NS,2025-11-25,1190.5567661002358,1193.9839043288566,1183.4569156994085,1190.288825829311,3233222,2.317683890049249,21.193052325169916,-2.032740758018592,0
MARUTI.NS,2025-11-26,1175.0365511590041,1188.1816069560152,1167.2463318452794,1177.660180713711,2404747,0.00835534570449159,21.160779428835667,-3.0721470962684405,0
MARUTI.NS,2025-11-27,1158.589573388115,1174.9437581676,1152.685579640292,1158.2556976006554,4288919,-0.05601847860208231,21.202979669196555,-4.669241840284788,0
MARUTI.NS,2025-11-28,1168.243848973637,1178.2870805589055,1168.0569136517906,1170.7639174280205,3292813,0.2509597232266625,21.31851311387398,-3.639747159756812,0
MARUTI.NS,2025-12-01,1174.5732631861308,1176.537002795799,1165.02028225554,1165.154888780532,2277428,0.9590487796203417,21.073339779802534,-4.101400795143451,0
MARUTI.NS,2025-12-02,1182.5204866248232,1186.4982033802844,1171.102280306064,1178.3328399181785,1680069,3.7716493343050717,20.702157598017326,-3.016783576729687,0
MARUTI.NS,2025-12-03,1182.6294041538852,1187.1969079399285,1174.8675061378256,1180.0397452318412,2989152,3.6436512074717875,20.698155992671488,-2.8762959641969954,0
MARUTI.NS,2025-12-04,1173.1673219335764,1178.411715192081,1167.1814353460757,1175.6848814081368,3670230,2.9972516141986594,20.74366287967145,-3.23472499748908,0
MARUTI.NS,2025-12-05,1154.2246339068504,1160.9438828354575,1151.833729741897,1159.0864794009055,4290795,1.4967644933669533,21.205883211690352,-4.600863969105562,0
MARUTI.NS,2025-12-08,1163.032863135728,1164.768472695179,1161.12338509195,1163.0761230584285,1341228,0.9914452647670879,21.093357343135047,-4.272494546493066,0
MARUTI.NS,2025-12-09,1154.2550656633696,1162.428035227385,1149.3173761400003,1159.8158990272166,1719333,-0.32355194808524335,20.898433035170505,-4.5408287574188355,0
MARUTI.NS,2025-12-10,1176.2475031867625,1178.080732414229,1171.2389283128703,1172.225463279737,2444807,-1.0000964431070902,20.48384538355211,-3.5194539685228343,0
MARUTI.NS,2025-12-11,1162.3609010857508,1165.9487567091846,1160.145042772754,1161.991885163038,3355657,-0.43426653979397045,20.209916482900585,-4.361733236021803,0
MARUTI.NS,2025-12-12,1166.673108411145,1171.0845258174463,1158.6755762725702,1170.3999449876849,3985615,-1.4871336818414016,19.605416258670978,-3.6697040757972865,0
MARUTI.NS,2025-12-15,1199.7924281140472,1201.848165049317,1193.2283804535277,1193.4547594028588,2640968,-1.7721671657843219,19.319358207953552,-1.7721671657843219,0
MARUTI.NS,2025-12-16,1188.4896330693712,1206.8051568498834,1187.2912435175724,1197.1449178306561,2913369,-1.0163152093907835,19.307603501791316,-1.4684470102261704,0
MARUTI.NS,2025-12-17,1215.0831816427633,1224.6687234988206,1203.2811496543736,1208.2578633254643,3654660,1.941634027357697,18.55773556145627,-0.5537910136252266,0
MARUTI.NS,2025-12-18,1214.0339767829353,1221.3369406942556,1208.1627793360694,1216.3551174020458,3993674,4.361945677896029,17.88206510033986,0.0,0
MARUTI.NS,2025-12-19,1241.6981444158196,1251.7215075842994,1227.7453261348935,1244.1498330061575,4036972,7.359650561106235,18.776973479058764,0.0,0
MARUTI.NS,2025-12-22,1249.3552775648782,1249.50825753558,1234.082385258352,1249.4803091751255,2689067,5.264206740578659,17.61445781802086,0.0,0
MARUTI.NS,2025-12-23,1266.6188734758105,1269.861685492082,1254.3955318746766,1259.788404554826,3027644,6.130343098271851,17.70465436886111,0.0,0
MARUTI.NS,2025-12-24,1264.3607836753754,1265.8135415380157,1251.9701876009444,1259.0091430243124,3045160,6.872751414458822,17.49037430713066,-0.06185654096324544,0
MARUTI.NS,2025-12-25,1255.1227215446024,1258.870355412851,1246.26364147109,1247.1349870547256,4804595,6.758689825243747,17.54896190376899,-1.004408157302561,0
MARUTI.NS,2025-12-26,1234.6573760302854,1240.70769534769,1226.618857375526,1228.958862385967,3584219,6.905536916825672,17.431171609700943,-2.447200026400731,0
MARUTI.NS,2025-12-29,1251.3629103035607,1267.751875284353,1244.6004723373367,1247.556704257754,2871355,7.410053791395432,17.676253179735856,-0.9709329164205416,0
MARUTI.NS,2025-12-30,1229.8622103962475,1233.7708134638524,1218.381333366144,1232.3257590969342,1556311,6.235497130724488,18.15361541581047,-2.1799411201594787,0
MARUTI.NS,2025-12-31,1249.3754609767093,1252.8399128109663,1225.1781619811813,1243.176968590054,2538892,4.523373972863798,16.903376265823297,-1.3185893682393424,0
MARUTI.NS,2026-01-01,1253.569332414445,1255.6754370036335,1239.838165658125,1249.16949894404,3839801,4.257563289036237,16.842508063683777,-0.842911839194016,0
MARUTI.NS,2026-01-02,1255.9186359913676,1263.8574145167343,1252.54205283612,1262.7715009921442,1888609,4.367528349002869,16.891309024226913,0.0,0
MARUTI.NS,2026-01-05,1247.4666790388721,1260.8339831262779,1242.669480486174,1254.7657736320732,3226583,4.026670109546182,16.993811281447613,-0.6339806808896897,0
MARUTI.NS,2026-01-06,1247.8784535684445,1251.7242524072988,1237.0930565146998,1242.6879276601896,2786705,4.40221740251745,16.758310143557008,-1.5904360619617308,0
MARUTI.NS,2026-01-07,1251.1246056470397,1252.2384191890199,1244.8081057485856,1248.114153327632,4517680,5.982538406896198,16.376390489250355,-1.160728417848833,0
MARUTI.NS,2026-01-08,1231.9232493296263,1257.4920721903131,1229.0945089818467,1243.5151782274704,2788014,7.361024064326327,15.520165276056993,-1.5249253526504414,0
MARUTI.NS,2026-01-09,1218.014270277231,1232.807558076775,1211.258633564603,1225.0558144107881,3713869,4.637305282010917,16.08585001467576,-2.9867388163039243,0
MARUTI.NS,2026-01-12,1259.737275717905,1272.129784193661,1241.7050311805638,1253.6574860655533,1906301,7.595779594389329,17.152157932577015,-0.721746960509495,0
MARUTI.NS,2026-01-13,1234.4504210808336,1251.181518772772,1231.3601636601732,1241.580202717783,3064159,5.367529500747548,17.290844228846407,-1.6781577868768327,0
MARUTI.NS,2026-01-14,1227.7656607920974,1228.1839233057967,1218.3875555800907,1226.6389747697024,3410538,3.948954238715574,17.75020664208857,-2.8613669372529293,0
MARUTI.NS,2026-01-15,1221.9451610181263,1231.6625627240783,1217.7346890921358,1222.8556431062782,2659369,4.012194291521731,17.736107592222623,-3.1609723417502344,0
MARUTI.NS,2026-01-16,1242.2809842702288,1243.2125396832923,1234.5136010450515,1241.1516182789292,3176130,7.080156686879868,17.53044687222508,-1.7120977703589668,0
MARUTI.NS,2026-01-19,1204.8009242386127,1211.4107183812023,1202.2369484202397,1209.0747625549518,3409066,3.9549122008940563,19.33292827023372,-4.25229254817705,0
MARUTI.NS,2026-01-20,1231.0229659364643,1235.5726996675119,1221.0301662063637,1225.943273636776,1620146,5.701540620802237,19.626628965260316,-2.916460129677678,0
MARUTI.NS,2026-01-21,1211.8030640477077,1214.3828962175608,1201.2760444032199,1212.38493517773,2874931,3.42591704036459,19.7936598996192,-3.990157029583419,0
MARUTI.NS,2026-01-22,1218.9737322028002,1231.8591033822286,1213.4499740202016,1216.0164348170363,2322912,4.649305244194379,19.57307462421522,-3.702575338323122,0
MARUTI.NS,2026-01-23,1217.912236688912,1222.7848362682075,1205.4404270704542,1205.970661540862,3101260,3.0391932864924476,19.699520263399936,-4.498109072516643,0
MARUTI.NS,2026-01-26,1227.0662011558816,1238.8153632989834,1224.0861493136917,1234.9177006610582,3068577,3.474194638005823,20.08886467079157,-2.2057672594924416,0
MARUTI.NS,2026-01-27,1225.160780509589,1240.745613888376,1217.6567565285927,1236.538971781596,3470578,3.290667100047151,20.081046143369974,-2.0773773552806296,0
MARUTI.NS,2026-01-28,1231.8241077242008,1239.108972635914,1216.4302181296848,1225.851595214762,2964475,1.4561239304393903,20.122760498512907,-2.923720225581161,0
MARUTI.NS,2026-01-29,1228.984152961053,1229.0085195437937,1206.2040822344882,1221.2064235774085,3679403,0.39883962388584937,20.074160744872575,-3.2915755053133933,0
MARUTI.NS,2026-01-30,1220.1280498717051,1225.0556554417176,1209.4902675834048,1222.2964706848607,4297759,-1.7564895916510226,18.896330330459985,-3.2052537038951834,0
MARUTI.NS,2026-02-02,1222.127921200648,1236.2541463322002,1218.9657153489911,1224.680651300353,2257803,-1.9847978149527323,18.856809250623254,-3.016448317202569,0
MARUTI.NS,2026-02-03,1237.4168964193661,1237.9613703644113,1230.4504449260112,1230.9199572414634,1974699,-2.2915314356750205,18.750002843095526,-2.5223521219520206,0
MARUTI.NS,2026-02-04,1228.420689359777,1233.8389363277083,1218.845051858563,1230.6734289721842,2568729,-2.2506360822814986,18.750562511499915,-2.541874915195741,0
MARUTI.NS,2026-02-05,1208.2450414117961,1210.7629459174786,1197.5190177799036,1210.280473865799,2760037,-2.9551342534270053,19.149655293225866,-4.1568111954620175,0
MARUTI.NS,2026-02-06,1201.799057654334,1224.985986018723,1198.6754471564093,1205.1276233431745,2847473,-1.9391405011332297,18.739913551115805,-4.564870018342959,0
MARUTI.NS,2026-02-09,1211.9728882607058,1215.7256802242268,1211.4074675452712,1213.7101753787438,3736637,-2.713025288830262,18.294558930117944,-3.8852100775835896,0
MARUTI.NS,2026-02-10,1205.7171526951581,1213.5091882702147,1196.2312820013829,1203.7719163917839,3166841,-2.3170693702024847,18.11391460640327,-4.672229659443938,0
MARUTI.NS,2026-02-11,1215.133488404058,1223.217066794993,1205.2177265988719,1213.3071603728085,4998568,-2.402699613323933,18.07528365976718,-3.917125194896476,0
MARUTI.NS,2026-02-12,1211.058232147749,1216.1018888742901,1202.2521362361897,1213.5464155389905,2054279,-2.8517413717804363,18.001040310554124,-3.898178365165683,0
MARUTI.NS,2026-02-13,1214.8726231928636,1231.4205971670478,1206.0389840689065,1210.1576839413133,3277853,-4.166535038959374,17.655748811826083,-4.166535038959374,0
MARUTI.NS,2026-02-16,1228.4795045183882,1235.852184184998,1211.0590940104214,1227.398575854277,4216778,-2.18106027060162,18.152165177510657,-2.801213450737139,0
MARUTI.NS,2026-02-17,1200.6953361927635,1205.655632823281,1196.1706994569242,1201.8426598129354,2983927,-3.2868483661992465,18.90639121595825,-4.825009206442954,0
MARUTI.NS,2026-02-18,1186.698702516332,1197.636274200079,1178.5236349494419,1191.9237919241084,4001046,-4.502021009353429,18.946258070890178,-5.610493189969179,0
MARUTI.NS,2026-02-19,1208.456250943954,1211.3548460138102,1199.775205250465,1209.4604290004536,1636584,-2.7385873388018567,19.501197646247594,-4.221751278818431,0
MARUTI.NS,2026-02-20,1233.8809842897585,1251.0535061421863,1231.6651236929117,1236.087907659015,2096627,0.9005380096524851,20.119432238919032,-2.1130975249413098,0
MARUTI.NS,2026-02-23,1270.8283903962356,1278.6168064939297,1250.8243540768021,1270.2324872783163,3141028,1.3221315548301416,20.57661994360365,0.0,0
MARUTI.NS,2026-02-24,1268.8741327081523,1283.2867250161444,1268.2504004593604,1270.7671414240092,2890815,2.3507896342368273,20.350637414915653,0.0,0
MARUTI.NS,2026-02-25,1277.4114490967113,1280.204043471219,1269.5834394031594,1277.5345536150624,1836157,4.1491897691344315,20.014470173457298,0.0,0
MARUTI.NS,2026-02-26,1286.3274199765517,1296.5411289663223,1284.5285917189356,1289.8910791462167,2944661,5.4818764927687,20.105568565169555,0.0,0
MARUTI.NS,2026-02-27,1304.09262607972,1312.4770315752974,1298.3246956630446,1309.5390942403403,3403827,5.510001755969363,20.121042320577693,0.0,0
MARUTI.NS,2026-03-02,1311.718720997722,1334.8191683324428,1306.4074593758985,1314.227312149651,2613844,8.696943551488623,18.326857711112087,0.0,0
MARUTI.NS,2026-03-03,1323.850079080911,1331.9649089508982,1317.3641393702023,1328.6710607146233,2970162,8.379489433724284,18.19054001376723,0.0,0
MARUTI.NS,2026-03-04,1341.0649675264574,1353.2019172987805,1333.3319298345973,1335.776914991857,1448782,10.177623973530991,17.723817770477517,0.0,0
MARUTI.NS,2026-03-05,1341.6343791669394,1352.3592634082438,1331.320542068544,1343.927536321835,3327769,10.518862890536873,17.7420965707358,0.0,0
MARUTI.NS,2026-03-06,1334.349023527222,1337.7864226356608,1320.8234221750847,1328.9543751344866,2158749,10.197902612032772,17.925276732925926,-1.1141345632613708,0
MARUTI.NS,2026-03-09,1324.8770115875388,1339.2664596930458,1320.1971479497263,1323.4718059703496,2700185,7.17085075887145,16.928878174241053,-1.5220858118191627,0
MARUTI.NS,2026-03-10,1313.9612064204928,1315.2010574636356,1297.983628200364,1314.9541064650111,3986886,6.341501276780237,17.118664334697854,-2.155877387267524,0
MARUTI.NS,2026-03-11,1297.437117922805,1298.2913398911312,1293.761464954403,1296.0893974865633,3395420,5.729714962723187,17.505341217855104,-3.5595772496930134,0
MARUTI.NS,2026-03-12,1268.321926146876,1276.855685787467,1260.4668006124273,1270.4216686785312,3017586,4.030051279696956,18.54356760136497,-5.469481475502791,0
MARUTI.NS,2026-03-13,1268.543792772644,1281.0731395487167,1259.8004258063797,1263.7479807200884,3286838,3.391281168635163,18.642991313183327,-5.9660624129473705,0
MARUTI.NS,2026-03-16,1275.6445664421294,1277.2290710528353,1251.280064806616,1259.5214675014017,2775019,2.8448899036704,18.687056260849992,-6.28055207883026,0
MARUTI.NS,2026-03-17,1268.7046482648122,1278.5561450624095,1255.1861416944412,1260.8787034348704,3885141,2.433850066136367,18.646838411417612,-6.1795618173178575,0
MARUTI.NS,2026-03-18,1267.7037562416626,1269.9220584130128,1259.5394437060988,1269.0825923582165,2426543,3.120987459533464,18.71462690601011,-5.569120502468461,0
MARUTI.NS,2026-03-19,1264.24684023753,1282.3150525574474,1259.8337557137745,1271.717429576407,3207305,5.076257697058462,17.950082814329075,-5.373065496005703,0
MARUTI.NS,2026-03-20,1264.0587887756442,1276.3833947607575,1262.0066667545386,1267.5702957358612,3893213,5.181415742464113,17.92358113950594,-5.681648639699299,0
MARUTI.NS,2026-03-23,1249.3058559235421,1258.4806690500122,1240.3819025294076,1253.4966358969311,2706069,3.2780857675327457,18.22443674062417,-6.728852410629383,0
MARUTI.NS,2026-03-24,1268.2395300043995,1284.3347768300482,1264.8718288984257,1266.5267856148148,2957057,5.213186017093174,18.193782136746435,-5.759294948212512,0
MARUTI.NS,2026-03-25,1269.1137615324049,1274.4152219593286,1260.3645988015655,1264.7481715540578,4841648,4.239735234517461,18.119914695695048,-5.891639439465724,0
MARUTI.NS,2026-03-26,1257.8281815764801,1259.7349650585163,1253.667170830715,1257.9508738137788,3276697,3.6590655047229026,18.224982440711585,-6.397418029201473,0
MARUTI.NS,2026-03-27,1262.5661312608177,1267.0349240281794,1249.0107475585232,1254.9091890542868,3131654,3.6979895848964217,18.21806523828715,-6.623746062319746,0
MARUTI.NS,2026-03-30,1248.5838898965894,1250.1944541129446,1241.0801988920293,1243.6950579721404,3585658,1.3277253565754599,18.02161078323205,-7.458175804926115,0
MARUTI.NS,2026-03-31,1237.3428917184826,1243.4328036630786,1225.5979657023618,1235.5735836721103,3586007,2.806600646412827,16.999241255801024,-8.06248474871467,0
MARUTI.NS,2026-04-01,1226.6728416367507,1230.4842683231666,1223.9928247447767,1227.0370467998166,3528388,2.945931200771268,16.940176802978225,-8.697677989539033,0
MARUTI.NS,2026-04-02,1214.793555347935,1225.3449714331305,1210.037239865911,1222.589150912643,1118041,1.0855023940749664,16.47991034474682,-9.028640468315752,0
MARUTI.NS,2026-04-03,1232.9885411732755,1238.1272117930996,1227.727773369892,1232.0217015045357,3641958,-0.32895768410032833,15.33205529079088,-8.32677594534389,0
MARUTI.NS,2026-04-06,1236.2063002075597,1245.5515378142923,1222.8571685174122,1237.8281848476183,3873778,-2.5510528785269493,12.996854161798243,-7.894722639927276,0
MARUTI.NS,2026-04-07,1264.3322277170764,1273.196376994939,1255.3010746994764,1260.7865655998255,3643069,-0.7853976939472651,14.158175151908376,-6.186417680640444,0
MARUTI.NS,2026-04-08,1271.330803156435,1285.6912216579722,1270.369850861381,1279.0186308917907,3530566,0.1161672905463762,14.706307079089209,-4.829792059153137,0
MARUTI.NS,2026-04-09,1317.953696304216,1319.852056238266,1302.360867595392,1309.161303802657,2266280,1.4939420054905117,15.989252267645341,-2.5869127300069406,0
MARUTI.NS,2026-04-10,1314.107841143821,1335.2937591061213,1308.1401600974805,1317.7334315338348,3890025,0.6257420896814025,15.486166229693977,-1.9490712170159297,0
MARUTI.NS,2026-04-13,1324.8385222767063,1326.1193213231313,1319.2800469481783,1326.1062033553933,2595360,0.9038688433823827,15.558636299760096,-1.3260635328015247,0
MARUTI.NS,2026-04-14,1316.5947083148792,1323.4667262895016,1313.0597091918207,1318.130635713608,3039182,-0.7933058311171637,15.326587418602768,-1.9195157410666686,0
MARUTI.NS,2026-04-15,1326.642120175201,1333.3008178634316,1324.3768913935144,1331.016960633796,2856601,-0.35634351100385375,15.518918885222426,-0.9606601054825914,0
MARUTI.NS,2026-04-16,1315.9661430824895,1321.1677631405148,1311.979519220495,1320.3362440336223,3037275,-1.7553991305795602,15.570484715244644,-1.7553991305795602,0
MARUTI.NS,2026-04-17,1302.7017989933456,1312.4950430608399,1280.0905612023143,1297.0046930780647,2941981,-2.4041218159343236,16.063854222061263,-3.4914712271014503,0
MARUTI.NS,2026-04-20,1322.912786144401,1328.8877224593145,1311.6856938292206,1320.7370605762076,2899498,-0.20663420118246512,16.946187583716636,-1.7255748631430645,0
MARUTI.NS,2026-04-21,1298.797217929536,1305.3399152249997,1296.7049177527483,1300.8479699424136,3334677,-1.072747440632671,17.408149641589077,-3.205497708405103,0
MARUTI.NS,2026-04-22,1308.3805058917462,1308.6934160783753,1301.8957204091382,1307.4767220704487,2384661,0.8785909834590377,16.951076505475687,-2.712260390999044,0
MARUTI.NS,2026-04-23,1291.1153975151215,1297.072160675581,1285.9850739785397,1293.499960981258,3637635,1.816585222978162,16.198724369092098,-3.752254044782144,0
MARUTI.NS,2026-04-24,1310.8586649350573,1313.8831472046033,1309.533774538396,1310.8663565406118,1606161,3.728462995737103,16.50884937070802,-2.460041846579586,0
MARUTI.NS,2026-04-27,1329.490963148677,1333.6367949346977,1321.202555891129,1330.6402466546454,2546084,5.646492020046856,16.91986516500512,-0.9886909307294522,0
MARUTI.NS,2026-04-28,1339.5947244927468,1348.7032729866594,1333.161343080959,1338.87124445288,4238321,6.185570491875492,16.963336104832074,-0.3762324777415782,0
MARUTI.NS,2026-04-29,1350.0861068368843,1360.2905621249315,1340.6383984109334,1358.7971177819122,2398690,7.069242456236657,17.32409763368205,0.0,0
MARUTI.NS,2026-04-30,1357.5928587481412,1366.7182207960425,1352.9178741191108,1358.6674953341394,4080920,6.837215857511225,17.33836377023169,-0.009539499758759451,0
MARUTI.NS,2026-05-01,1400.0278736491355,1408.63479519623,1383.779076819064,1395.330197968041,2805543,10.079117715362006,18.66590536792104,0.0,0
MARUTI.NS,2026-05-04,1410.2536266145448,1417.625227491167,1392.8134706788082,1407.621818243691,3855231,12.295619942886926,18.220141505960218,0.0,0
MARUTI.NS,2026-05-05,1397.2291596247921,1419.3075788635235,1391.4321521019478,1392.2366623079092,2768753,9.925560052965698,18.607422058629083,-1.0929893055350637,0
MARUTI.NS,2026-05-06,1394.1328089179751,1401.787039329538,1392.5791263814485,1393.1444681884789,1618518,10.15192585545741,18.572472271649175,-1.0284971337880866,0
MARUTI.NS,2026-05-07,1387.3973866268966,1391.3043587607951,1379.4922575022274,1390.3422373549915,3888872,10.524366753674297,18.461319192019328,-1.2275726807260967,0
MARUTI.NS,2026-05-08,1380.5741753582154,1403.1793946733349,1379.3451318023654,1385.916145149335,3192035,10.439556681689188,18.483623907129292,-1.5420102766976473,0
MARUTI.NS,2026-05-11,1349.589513661132,1363.432917562414,1341.0885264177161,1358.3792788996082,3135822,9.221249227641204,19.36717386536671,-3.498279062306908,0
MARUTI.NS,2026-05-12,1365.038151993098,1366.8987440725375,1352.6346426328566,1364.4497209005192,2922713,10.430470425354233,19.15727610791106,-3.0670238826674523,0
MARUTI.NS,2026-05-13,1349.2599350611733,1358.0574413946447,1340.6938163196107,1341.70169814417,4250934,9.344840210277706,19.810863058726582,-4.68308456470009,0
MARUTI.NS,2026-05-14,1294.8583164913537,1309.0002222066394,1280.3795548881844,1301.412743861294,3462378,6.447267497000975,21.94750999827307,-7.5452847494872906,0
MARUTI.NS,2026-05-15,1294.3162646737208,1296.2437366234274,1288.0520500578466,1295.8136413085108,3221274,5.177825985213813,21.96038120518938,-7.943055122197862,0
MARUTI.NS,2026-05-18,1284.8909696897422,1285.044267794567,1274.943371596926,1283.877279523903,3211804,3.720152379787156,22.168435859115863,-8.791035853236895,0
MARUTI.NS,2026-05-19,1267.7484378056593,1277.9550317936657,1258.112972917168,1270.439286310858,4735777,0.7656110062086663,21.800159938545946,-9.745695197023696,0
MARUTI.NS,2026-05-20,1233.2865346131575,1238.0972605155184,1221.8270959600256,1223.777197743053,2943715,-4.319048355864908,23.870158665120243,-13.060654368800806,1
MARUTI.NS,2026-05-21,1213.088606787237,1216.1473933504687,1201.540216311025,1211.1236687816747,1371418,-7.488583319428788,22.791719351664156,-13.959583953251709,2
MARUTI.NS,2026-05-22,1206.9515872492525,1214.188981138728,1200.831186582672,1208.3809837926924,2807880,-8.298525720323935,22.630563441605183,-14.154429255692701,2
MARUTI.NS,2026-05-25,1201.84743344288,1212.7958004202937,1189.6917243839919,1199.0003188614178,1905540,-9.584894797442667,22.504695184157633,-14.820848659661523,2
MARUTI.NS,2026-05-26,1199.807974803155,1215.4759692912414,1189.2517394138617,1204.3654390532968,2221871,-8.630798312241728,22.59808924712606,-14.439700817084521,2
MARUTI.NS,2026-05-27,1230.4785355287227,1232.782558485141,1224.2066929308698,1224.4371940125352,2235628,-8.007393577502597,23.01838110089881,-13.013767040050418,2
MARUTI.NS,2026-05-28,1234.943490745383,1248.8422662034616,1225.2614600142028,1231.8218714436432,4379798,-6.703926593696163,23.094935430848256,-12.48914619833016,2
MARUTI.NS,2026-05-29,1248.6765032409198,1248.8028455728652,1243.8655720986294,1246.858960011322,3312421,-3.8662722914083125,22.979730160121,-11.420884228190985,1
MARUTI.NS,2026-06-01,1272.717776594117,1276.6903416329706,1259.2316178907586,1263.3332098470914,2662800,-4.346349659036008,22.649462605399677,-10.25052372210531,1
MARUTI.NS,2026-06-02,1251.9402497916649,1259.1277412266845,1246.9363477798156,1247.7524077225114,5306626,-4.081611644614602,22.5198207986669,-11.357412086767082,1
MARUTI.NS,2026-06-03,1241.5523923312674,1255.868914704054,1239.5289878078922,1254.1145564526691,2817528,-4.081309037248337,22.519898953590236,-10.90543353345822,1
MARUTI.NS,2026-06-04,1267.909933084666,1269.6439958482988,1265.9928283478778,1268.9480303386572,3177583,-1.898100609448461,22.64846424813035,-9.851636718593848,0
MARUTI.NS,2026-06-05,1259.6336403354276,1277.4099996724588,1257.7289704021225,1262.0952850263873,3455689,-3.720522025062256,22.29420335341945,-10.338468140461131,1
MARUTI.NS,2026-06-08,1246.6033946623188,1256.9467212070085,1241.117334060793,1249.9484371719616,3335408,-6.0641341403546605,21.87526530893071,-11.201402182616116,2
MARUTI.NS,2026-06-09,1252.5305254324835,1263.376617958281,1239.8586266176433,1257.6988393731356,2389221,-6.062749156504221,21.87574757324493,-10.650799591726734,2
MARUTI.NS,2026-06-10,1238.4753548734282,1245.4950678387386,1227.8345209235792,1235.3085072606868,2450882,-9.088083048248363,21.735723876961035,-12.241449283444739,2
MARUTI.NS,2026-06-11,1214.3646890457637,1224.271765288545,1210.3295791372418,1219.0614298593948,3323738,-10.275219356772137,21.908673076559985,-13.395671048887658,3
MARUTI.NS,2026-06-12,1209.46028974489,1217.4075764832535,1208.9219669784486,1209.124715529105,2085198,-13.344904504331579,19.93614592369646,-14.101593207915286,3
MARUTI.NS,2026-06-15,1218.58502511196,1224.6309340506855,1215.2815204110343,1215.4561620522618,3217322,-13.651795794924304,19.752029792537055,-13.651795794924304,3
MARUTI.NS,2026-06-16,1226.9691284596304,1228.1293724969385,1211.5266957978563,1218.42976776661,3463356,-12.484005000498966,19.772066233051238,-13.440545466476106,3
MARUTI.NS,2026-06-17,1227.8038072072577,1234.950115049347,1223.3911536528942,1233.3918308146033,2438544,-11.467054639466333,20.308102812332223,-12.377613444957603,3
MARUTI.NS,2026-06-18,1218.37892365507,1226.1839890302429,1210.2961823656453,1219.5989499312254,3740964,-12.280666071728552,20.404901850428033,-13.357484650746908,3
MARUTI.NS,2026-06-19,1206.8063222199087,1208.6724060736492,1188.1351570790048,1205.1848468143821,3294128,-13.040565186249331,20.517840503505496,-14.38148860763555,3
MARUTI.NS,2026-06-22,1201.5078505121223,1226.5564115691086,1200.342380766511,1212.5631854596943,3211661,-10.734564028246673,20.21383749473694,-13.857318084723492,3
MARUTI.NS,2026-06-23,1198.6105818210006,1211.840176359161,1195.2873022015283,1200.7771916771126,2800473,-11.99549728482372,20.133776096892248,-14.694616400920902,3
MARUTI.NS,2026-06-24,1198.5031905179599,1209.7579505614267,1188.2283599709185,1191.8938533081912,2379793,-11.165510563427905,19.81026598831333,-15.325704826362141,3
MARUTI.NS,2026-06-25,1162.851740569053,1175.5332410853803,1162.5557933140196,1165.4169184491932,2159966,-10.449861203033938,19.027405573889336,-17.20667416882613,3
MARUTI.NS,2026-06-26,1167.737871706978,1171.105273556915,1153.8391614607756,1169.2769899293291,1989006,-9.76503467361287,19.13076700298847,-16.932447708983933,2
MARUTI.NS,2026-06-29,1188.4716946583228,1191.2614125228076,1184.9498432438775,1190.8860878469457,2783585,-7.242996909443022,20.054569079476146,-15.397298307521934,2
MARUTI.NS,2026-06-30,1172.7295545455481,1186.279018947456,1168.9668462997674,1176.0516048869645,2829465,-7.429531063855832,20.13204799384604,-16.451166808827942,2
MARUTI.NS,2026-07-01,1188.8630108427217,1191.1393424941482,1185.8749612810368,1190.3408909726247,3545380,-2.732221750175856,17.752440066424878,-15.436030079596996,1
MARUTI.NS,2026-07-02,1186.2606891813205,1200.5188829624785,1177.2100204943024,1189.2745527274521,3308356,-1.804036748468607,17.523869642211583,-15.511784677270324,1
MARUTI.NS,2026-07-03,1159.6858187100813,1166.0709385000073,1152.2545886303126,1164.1312277298396,4383341,-3.661904370918523,18.51085528474513,-17.298011963018446,1
MARUTI.NS,2026-07-06,1152.6421787906897,1159.9707052241026,1143.1308272528652,1151.487880008285,2971277,-3.9626710773731144,18.628031752821393,-18.196218253776987,1
MARUTI.NS,2026-07-07,1136.6131428415158,1140.4776569813773,1125.6253176254156,1138.1383057576436,3199911,-5.498923428732039,18.77818535602347,-19.144596154547088,2
MARUTI.NS,2026-07-08,1129.3635791697445,1142.209023564391,1118.2114747965566,1133.615502202965,3411034,-7.417423470447149,17.947415504216202,-19.465904299679547,2
MARUTI.NS,2026-07-09,1141.169407386512,1143.5229418563983,1137.296947150128,1139.1277198541566,2210432,-7.524963936616336,17.902265011126428,-19.07430638753086,2
MARUTI.NS,2026-07-10,1166.2739820665504,1174.4953049021099,1161.960173199768,1164.4704578803235,2485685,-6.607684170649941,18.83339057394137,-17.2739124395465,2
MARUTI.NS,2026-07-13,1129.521563985431,1146.8140396128927,1123.4298299279908,1144.4329190239553,2831688,-9.411633438934718,18.732393315052075,-18.697415442744425,2
MARUTI.NS,2026-07-14,1137.5938398936166,1149.6609708197388,1135.506204422313,1137.5860005587772,3267290,-8.82918810509995,18.55356280946173,-19.183832914855014,2
MARUTI.NS,2026-07-15,1127.4447083654945,1133.3422037285,1122.1470521505048,1125.2140218183113,3225370,-10.278210548720523,18.52449239401971,-20.062760662359135,4
MARUTI.NS,2026-07-16,1111.1716615182206,1127.3501059259738,1094.1311025048426,1108.0193600959144,4271783,-12.682053669273918,18.23380044994218,-21.284300531913804,4
MARUTI.NS,2026-07-17,1110.0489961289372,1119.460034479737,1101.03141329863,1109.0857074930457,2444898,-12.123456869593053,18.298016614693722,-21.20854528406877,4
MARUTI.NS,2026-07-20,1111.2698737412918,1119.8237998180005,1094.0887624315415,1108.9019643336046,1846226,-11.28418330259111,18.26122501393011,-21.22159873046038,4
MARUTI.NS,2026-07-21,1085.1271162819694,1098.9441736357292,1084.5594487003402,1084.827764264262,2659771,-13.745029389948094,18.703500263305383,-22.93187344752752,4
MARUTI.NS,2026-07-22,1089.7998036631984,1092.5812741893853,1077.4535240997584,1084.8650416233459,2180703,-12.178614876615024,18.34099660677998,-22.92922519651288,4
MARUTI.NS,2026-07-23,1067.883779979603,1070.7695937110389,1064.7083960211705,1069.0895487915056,3294699,-12.302241494523102,18.403868165414202,-24.049944741164687,4
MARUTI.NS,2026-07-24,1072.1335351044775,1073.850003332352,1064.8033173239662,1069.045169850815,2281708,-11.585202409578743,18.406538303996083,-24.053097501381636,4
MARUTI.NS,2026-07-27,1086.9443224382303,1097.4325042511218,1074.317198458462,1085.256537258589,3391206,-10.711996767850064,19.05439350965514,-22.901412638468578,4
MARUTI.NS,2026-07-28,1094.0574665441736,1103.6491977418868,1086.350563760389,1091.1037188140679,3080252,-10.450011344185361,19.155641712754328,-22.48601828469433,4
MARUTI.NS,2026-07-29,1095.1105810586,1099.9402673192392,1090.6850757483999,1093.229905542984,1931437,-11.363941431252089,18.6383700681113,-22.33497013373792,4
MARUTI.NS,2026-07-30,1092.5762012222494,1095.5271882631998,1080.1458302738342,1086.115855887442,3217085,-10.944835107582762,18.529567044172097,-22.840365088784743,4
MARUTI.NS,2026-07-31,1091.82819650874,1098.3319484339913,1080.7394533034364,1086.7883342425293,492928,-9.823929738645953,18.411562721344254,-22.792591010096018,3
MARUTI.NS,2026-08-03,1095.6883169036357,1101.5187130689662,1089.8733719757788,1093.95817354652,3760216,-9.781346929827006,18.43336270140359,-22.28323265751404,3
MARUTI.NS,2026-08-04,1104.7661269117514,1116.331308046715,1091.70776777692,1099.866734856538,4399639,-8.403761956840139,18.50085553181123,-21.863477774956863,3
MARUTI.NS,2026-08-05,1104.4152786747757,1114.131157218445,1098.0871525083053,1098.356479221854,1968538,-7.847793981546025,18.45467186267763,-21.97076906691541,3
MARUTI.NS,2026-08-06,1111.9554540452332,1112.3754592032028,1092.9062871758663,1101.0233044526938,2559780,-5.525371476688978,17.544757872565235,-21.781312978903976,3
MARUTI.NS,2026-08-07,1087.7443120320759,1103.7012817317113,1080.8979600410996,1083.5664160862589,2921271,-7.330219835100882,17.931457754645884,-23.021481903552797,3
MARUTI.NS,2026-08-10,1075.850032702087,1082.7700594023595,1066.813162022407,1073.8629190927666,3527974,-9.82656275427235,16.87770931392622,-23.710835881143133,3
MARUTI.NS,2026-08-11,1088.1339907381312,1103.4499875328984,1078.2300384444984,1082.820947944316,2632395,-7.927429081788406,16.982660172855844,-23.074441308719805,3
MARUTI.NS,2026-08-12,1088.053732667393,1105.6197072669875,1083.2401267957484,1093.6170265987535,2982419,-8.125728109267794,16.828137462557276,-22.30746835373194,3
MARUTI.NS,2026-08-13,1087.5527183732045,1100.7611201960792,1083.4331537958828,1094.6452238100446,3283066,-7.95689512572072,16.85426621231058,-22.234423364093026,3
MARUTI.NS,2026-08-14,1105.3683949455212,1118.27011214561,1094.9661944694635,1114.0415720240453,4083207,-4.302749940268635,16.923538859463452,-20.85647170388065,2
MARUTI.NS,2026-08-17,1121.583047967397,1124.7016418132873,1113.9904888153285,1120.6481767442472,3282799,-2.6782481864955354,16.808038021917202,-20.387126554879977,2
MARUTI.NS,2026-08-18,1123.2339599844954,1123.7763176359538,1116.3818994238652,1117.3125271264223,2771799,-1.829810887294392,16.51238759950514,-20.624097137077023,2
MARUTI.NS,2026-08-19,1102.0335012995643,1113.2606938180973,1097.5546403164226,1100.875524934227,3518364,-2.8881024655285636,16.991413849429257,-21.79181150319164,2
MARUTI.NS,2026-08-20,1115.8976621160634,1133.7279653941207,1114.5086457758762,1119.8414911354887,3296324,-1.6930699150343842,17.71951846469441,-20.444434959616476,2
MARUTI.NS,2026-08-21,1129.536320362288,1140.1768481556219,1127.4740056654903,1130.0337669645573,3213050,-2.957283345637718,16.6285041191703,-19.720357249469465,1
MARUTI.NS,2026-08-24,1150.3685280056059,1163.8482357238368,1148.6264932323168,1154.4728203329448,3522343,0.877281764802107,17.130199675252562,-17.984162694110818,1
MARUTI.NS,2026-08-25,1186.6423493102807,1192.913780217096,1183.6946947006843,1184.667959266957,3709701,4.138760382516438,18.570003174449887,-15.839045408866747,1
MARUTI.NS,2026-08-26,1160.8286522942615,1166.7413177987555,1151.498090492842,1166.2993694032161,1980054,3.651336260324256,18.88219919822225,-17.14398325692168,1
MARUTI.NS,2026-08-27,1153.5588439027088,1164.7658119360854,1146.7206177212972,1148.2515046930687,2725593,3.6309965372510744,18.896989978762623,-18.426136209954613,1
MARUTI.NS,2026-08-28,1113.849879215548,1115.093806990018,1093.6045129915149,1109.2659732707707,2920964,0.016253547990663364,21.477607177677026,-21.19573887716396,2
MARUTI.NS,2026-08-31,1123.4623045461205,1128.4510424163395,1115.427376663962,1121.3523501650727,2784159,1.1227670463141548,21.70405632619495,-20.33710080139285,2
MARUTI.NS,2026-09-01,1134.429378532686,1134.8377637255026,1119.6487348486257,1130.013704147991,3990110,4.165263959147869,20.746488943367623,-19.721782548246914,1
MARUTI.NS,2026-09-02,1130.1641105014571,1138.5387430706912,1120.701540048893,1131.1328625560427,2903210,4.264845778739779,20.742694182809217,-19.64227551066432,1
MARUTI.NS,2026-09-03,1116.6794320585727,1117.2633093052593,1106.497114137113,1114.4072180422445,1090557,4.238903027530827,20.759262252267575,-20.830495549386583,2
MARUTI.NS,2026-09-04,1119.7946773261704,1121.4611884757464,1105.2210330356183,1113.0130216280536,3742935,4.112815156666794,20.76986088276933,-20.929541784399508,2
MARUTI.NS,2026-09-07,1117.9407034933813,1120.096120146612,1112.000744744427,1115.2781027100086,4146029,2.766310491642421,20.359818601560455,-19.945265679429713,1
MARUTI.NS,2026-09-08,1125.9701790831793,1138.8177310763283,1115.469968312897,1125.5964318644967,1714473,3.1612680312298247,20.462888279868448,-19.204615345591392,1
MARUTI.NS,2026-09-09,1133.5450863276344,1139.1135785235867,1115.2400350250593,1129.0826121507905,4069873,3.279521208304237,20.469643283762107,-18.79102987630048,1
MARUTI.NS,2026-09-10,1145.1296182859098,1151.2063835397544,1131.6115649577778,1137.9036049234548,1672526,4.76816066677328,20.424431081210724,-17.89520535523861,1
MARUTI.NS,2026-09-11,1142.7960945877164,1153.0782987241073,1125.1988720413349,1136.0014668375043,3535691,4.5283088752765766,20.44510416504225,-16.74288546977327,1
MARUTI.NS,2026-09-14,1151.6594389508143,1155.0662767553638,1148.4442987648051,1152.010814478148,2838071,5.306660010905739,20.719223825669875,-15.569566482974862,1
MARUTI.NS,2026-09-15,1167.1826063593717,1176.926719657163,1159.480284419203,1160.5642000978364,2520004,5.518619967101346,20.757987222523866,-13.500579025641946,1
MARUTI.NS,2026-09-16,1149.917090252163,1163.8717507352942,1140.8946282658378,1143.9413509169974,3591660,4.15028021935453,21.267145095260286,-12.10003464981284,1
MARUTI.NS,2026-09-17,1159.104722385649,1169.752906393117,1158.9212185269112,1162.9580762104442,2563439,5.625200802496866,21.71746725719631,-10.252675297036474,1
MARUTI.NS,2026-09-18,1184.5177487870685,1192.2338236393139,1173.8177047424706,1179.971444644595,1414123,8.897011491602157,21.343738734362677,-8.093128255828253,0
MARUTI.NS,2026-09-21,1187.7189945479697,1188.031440345515,1182.5215464098092,1186.3631975840176,3311699,10.476223407201246,21.052614986495836,-6.617875378443571,0
MARUTI.NS,2026-09-22,1189.7691871590453,1197.6794513497825,1185.7704848392352,1190.1479880765576,3362155,9.911799391764342,21.000665963480625,-6.209871513892451,0
MARUTI.NS,2026-09-23,1215.2676217695189,1218.7104734098825,1211.6524519033585,1213.850518276693,3198572,10.994112998759409,21.470186634639045,-4.341983339322397,0
MARUTI.NS,2026-09-24,1189.2474072201867,1198.0089064395074,1188.580594846472,1190.0726487562213,3300773,8.71765781921836,22.48907115751127,-6.215808661713718,0
MARUTI.NS,2026-09-25,1200.9333779698802,1214.5444059718918,1196.7456733676509,1207.709516914636,2165877,8.407939815065447,22.338104333069705,-4.825927615623304,0
MARUTI.NS,2026-09-28,1208.5131942023647,1213.5717030888807,1193.5688504227744,1200.6075011192522,3363596,7.135096101910077,22.455826391638784,-5.385605051230213,0
MARUTI.NS,2026-09-29,1215.813854817752,1218.3074786240534,1210.1303370703047,1216.267039788903,3906015,8.85647571830046,22.602218744743453,-4.151548313266595,0
MARUTI.NS,2026-09-30,1217.4696627941523,1232.9454785446962,1216.0282867050755,1217.8017999579604,1884793,10.621207609345218,21.984473626336616,-4.030600872365664,0
MARUTI.NS,2026-10-01,1191.292633231091,1211.700318015848,1188.3348075908764,1199.5528633643155,2814385,7.118094199921243,22.213120109457986,-5.468716237009441,0
MARUTI.NS,2026-10-02,1195.463371854573,1195.6685710042927,1186.1753253805252,1192.2081683994193,3035914,5.501995006916638,22.251595248760996,-6.047518109843908,0
NTPC.NS,2025-10-06,1307.5446789548091,1308.8781727864991,1294.807261596489,1304.3474198766507,3708526,,,0.0,0
NTPC.NS,2025-10-07,1310.3867814502275,1312.3444674041184,1302.112732777088,1307.693441521868,3076037,,,0.0,0
NTPC.NS,2025-10-08,1317.853438893397,1319.0490578852157,1300.4594581045812,1310.8724600075573,1501077,,,0.0,0
NTPC.NS,2025-10-09,1315.214996803277,1318.3546396131756,1306.0369482992426,1312.803539367208,3926800,,,0.0,0
NTPC.NS,2025-10-10,1322.8846951628482,1338.810718982057,1312.537742567233,1318.1967265934293,3475318,,,0.0,0
NTPC.NS,2025-10-13,1326.87998735852,1337.3982140686333,1314.2169727550727,1330.7288357754678,2729974,,,0.0,0
NTPC.NS,2025-10-14,1341.0449802117973,1348.4151389355657,1338.8774730983107,1341.997731707052,2152073,,,0.0,0
NTPC.NS,2025-10-15,1344.8305036080676,1346.8803917839653,1336.0108520002552,1343.5467483179225,1728394,,,0.0,0
NTPC.NS,2025-10-16,1347.2844090891608,1350.892952607694,1339.4361150945026,1343.9256521711493,2417404,,,0.0,0
NTPC.NS,2025-10-17,1344.607298184451,1355.7032462032982,1335.733830851628,1343.6877864995627,3026985,,,-0.017699317756336708,0
NTPC.NS,2025-10-20,1333.72179785876,1346.7561374541006,1323.8696903326638,1332.3236412801211,2707685,,,-0.8632926138648189,0
NTPC.NS,2025-10-21,1325.918588020614,1332.38723634459,1319.7402567032648,1320.854333532069,3196314,,,-1.7167109357432042,0
NTPC.NS,2025-10-22,1329.3332880588575,1332.8021750440705,1318.6062319909995,1330.6623100653442,2475370,,,-0.9869104056744349,0
NTPC.NS,2025-10-23,1328.0530307042513,1340.0434762358232,1313.7985305099403,1320.4768746175816,3880313,,,-1.7447972300912218,0
NTPC.NS,2025-10-24,1324.851359554813,1342.1955635571337,1322.3783795295267,1334.5987932550609,4932513,,,-0.6940011079497377,0
NTPC.NS,2025-10-27,1333.2666449254493,1340.9048445361934,1330.2398200975795,1334.9384362508206,3284898,,,-0.6687286536877668,0
NTPC.NS,2025-10-28,1349.1796791219138,1359.021953110665,1327.3135463496012,1349.3066792319348,4025473,,,0.0,0
NTPC.NS,2025-10-29,1357.4879950860375,1376.0889206650113,1353.920834116075,1360.8438239055577,3335031,,,0.0,0
NTPC.NS,2025-10-30,1380.102204522658,1389.3410147206928,1368.289637467679,1375.8761057899098,2300014,,,0.0,0
NTPC.NS,2025-10-31,1367.4794824513788,1375.9750499959653,1350.2275883531347,1369.2249883672353,3102565,,,-0.48340961767455726,0
NTPC.NS,2025-11-03,1382.2931125009397,1389.681660886581,1371.3035857090076,1377.1583949182595,3850400,,,0.0,0
NTPC.NS,2025-11-04,1375.3357951402468,1404.0792111082262,1372.609288583,1390.6169100469235,4067721,,,0.0,0
NTPC.NS,2025-11-05,1359.738645154583,1380.5336114859197,1345.1646045157195,1366.1575883713745,2258782,,,-1.758882802217887,0
NTPC.NS,2025-11-06,1393.8209242628016,1399.972708080951,1387.3573306676392,1395.5561526684453,3862733,,,0.0,0
NTPC.NS,2025-11-07,1436.5554000494842,1445.642841695729,1429.1876554936614,1435.2729195828224,3578044,,,0.0,0
NTPC.NS,2025-11-10,1442.3971640244479,1465.3133856639286,1420.87305916282,1452.945752971021,3827532,,,0.0,0
NTPC.NS,2025-11-11,1464.6181020876193,1474.5580416432563,1460.1346640756508,1468.3424644605675,2970301,,,0.0,0
NTPC.NS,2025-11-12,1482.71161563014,1483.4806861833679,1473.7010491140898,1480.041108550936,4748217,,,0.0,0
NTPC.NS,2025-11-13,1467.6754684061132,1503.8183726824357,1464.015018859448,1475.5919542593924,2612779,,,-0.3006101834495456,0
NTPC.NS,2025-11-14,1472.6983763079782,1483.1244895968644,1464.9893820014654,1474.9259166567751,1894936,,,-0.3456114742089178,0
NTPC.NS,2025-11-17,1496.0864554134396,1501.817653992178,1490.5580673890518,1493.393716571553,3389714,14.493553926972936,14.690270582830161,0.0,0
NTPC.NS,2025-11-18,1482.949537142241,1483.4261448054197,1474.2686154932285,1477.339975285777,3389096,12.97295898085087,15.340125958327716,-1.0749838510524468,0
NTPC.NS,2025-11-19,1463.431046588082,1471.242967556152,1444.9252967592406,1459.925087659787,2853174,11.370490432865644,16.014814839941234,-2.2411122090831737,0
NTPC.NS,2025-11-20,1448.0490476517723,1459.1409651942192,1441.7351845109195,1454.2462791233017,2780469,10.774097990646126,16.15285283629421,-2.6213741904662524,0
NTPC.NS,2025-11-21,1462.7409215979926,1472.2748712423781,1461.5715276606677,1467.0203254067983,4141173,11.28993842959758,16.22567873411506,-1.7660038924833144,0
NTPC.NS,2025-11-24,1463.4248476100925,1472.211640093194,1451.0911220891162,1453.11959630484,4460459,9.197272745506435,16.55677889673887,-2.696818650018984,0
NTPC.NS,2025-11-25,1451.85302244473,1456.0273370335517,1444.579094124604,1450.4564052953058,2437198,8.081882034948883,16.5297311980218,-2.875150122823622,0
NTPC.NS,2025-11-26,1449.825571213332,1453.890985532837,1437.5151869044519,1449.8625122448263,2640859,7.9130677112655645,16.548197935858358,-2.9149181387118195,0
NTPC.NS,2025-11-27,1434.8322086641606,1440.373182872167,1433.388646958889,1433.6116259114324,3195606,6.6734326854609005,17.016191125161406,-4.00310313326917,0
NTPC.NS,2025-11-28,1386.5571815182193,1401.0837426504293,1386.0508510128195,1393.460509776679,3408440,3.7041881140245314,19.135292451582618,-6.691685232498168,0
NTPC.NS,2025-12-01,1378.8742901155215,1385.8968228562424,1375.6443903045931,1377.5997167163803,4209470,3.398279069247545,19.282880933687952,-7.75374896587927,0
NTPC.NS,2025-12-02,1386.1339273201058,1387.4856827143474,1374.609673957602,1383.122823386824,2429303,4.71425866380315,19.071577942379864,-7.383913027160894,0
NTPC.NS,2025-12-03,1392.4635432916873,1394.769020939753,1387.7018025891455,1392.4268369027288,3310388,4.641637955038469,19.05412096781448,-6.760901599386548,0
NTPC.NS,2025-12-04,1399.8555240024316,1406.2309133744982,1382.662591835763,1401.9317083858791,2554826,6.168592221040403,18.9057054126707,-6.124440405149634,0
NTPC.NS,2025-12-05,1406.1511736232453,1427.3517427355732,1403.1713518143565,1413.4542298304711,3751987,5.9085499682705045,18.82094955027903,-5.352874185422607,0
NTPC.NS,2025-12-08,1400.8565912160527,1416.5387159254437,1400.7953888130432,1404.0913238303892,3887646,5.1802304661917375,18.980763769101273,-5.9798291468762255,0
NTPC.NS,2025-12-09,1386.9930400826413,1397.4051102286762,1386.2353615415527,1391.2096358460674,3386043,3.1055176157569253,19.03793901781336,-6.842407303016785,0
NTPC.NS,2025-12-10,1397.7010670538534,1401.1567312689333,1392.7659023833519,1398.7022986800232,1863595,2.7819852733588224,18.952067161625006,-6.340686775414928,0
NTPC.NS,2025-12-11,1394.4635184470076,1400.7134443085756,1390.5301092589123,1396.3678147705984,3325502,1.4893571372056158,18.72233520676797,-6.497007502060548,0
NTPC.NS,2025-12-12,1410.0268723497998,1429.877300260439,1408.0258864204097,1412.879699333689,2148475,3.1882788685087204,18.926706576247483,-5.391345654159019,0
NTPC.NS,2025-12-15,1423.4170796541857,1430.2981368095693,1402.0594007057416,1420.5967292977307,2380614,3.1542003112902117,18.919814916833673,-4.874601149450763,0
NTPC.NS,2025-12-16,1445.949106290949,1458.1720767466704,1437.1276109998703,1443.908153531936,3839453,3.8322016005985615,19.278433459263724,-3.3136313947552454,0
NTPC.NS,2025-12-17,1436.1835681875386,1443.7881079043257,1416.2731726461761,1437.1149085190632,3651220,5.193933756374225,18.526993990349897,-3.7685178012996867,0
NTPC.NS,2025-12-18,1468.5812327055933,1484.403590607755,1455.206804264978,1456.9111588248215,2125859,4.3964555664105065,17.93563462009772,-2.4429296401813017,0
NTPC.NS,2025-12-19,1499.2277288124862,1500.368959935252,1489.9347370581881,1494.221344820812,3242201,4.10712307281067,17.57876467017,0.0,0
NTPC.NS,2025-12-22,1497.0442406242166,1506.2826246196528,1486.9189726916002,1496.4875265279409,2581849,2.9967927892617263,17.27225607453319,0.0,0
NTPC.NS,2025-12-23,1501.2283610637344,1529.386003693526,1498.110357556017,1506.7921154379244,2125339,2.618575155863412,17.126739559689565,0.0,0
NTPC.NS,2025-12-24,1493.8588121633177,1496.8692388453167,1489.3230558573805,1491.3581212451286,3649572,0.7646417811510986,17.28791582713755,-1.0242948602309454,0
NTPC.NS,2025-12-25,1511.1549141833596,1512.2129347284172,1493.49102629865,1508.7574703188793,3590519,2.247607542434249,17.56408695965248,0.0,0
NTPC.NS,2025-12-26,1528.1240701260363,1534.0798514638884,1520.8956182097836,1530.6702534796875,3162276,3.779466900226991,18.002128551038176,0.0,0
NTPC.NS,2025-12-29,1516.1104204927324,1531.115822740395,1504.6738034545474,1522.9402575246615,3945111,1.9784830098883655,17.76917069964678,-0.5050072631550329,0
NTPC.NS,2025-12-30,1544.4986594207103,1563.6739018437702,1519.0928271858616,1535.0260199822053,3272529,3.9047237373556865,17.54550294612931,0.0,0
NTPC.NS,2025-12-31,1540.2573556536497,1558.4650106875652,1540.156919980375,1541.5425574132987,3415308,5.590524503167615,17.113343354040648,0.0,0
NTPC.NS,2026-01-01,1550.4074487595567,1567.9725201670321,1547.4715819812848,1550.1373968097862,3516265,6.593870588707484,17.056243338572347,0.0,0
NTPC.NS,2026-01-02,1560.25032729285,1568.2369577036925,1556.2096502765082,1566.6794472926358,3894374,6.793302053139749,17.12830017213529,0.0,0
NTPC.NS,2026-01-05,1588.6471529903797,1592.2485467825318,1576.098658890677,1577.8382954950926,3172055,8.58282411904716,16.813621556466067,0.0,0
NTPC.NS,2026-01-06,1580.675980896342,1585.7727417935394,1563.1009945712465,1576.5808131210026,1134962,8.695498007747338,16.791472013576257,-0.07969653022620315,0
NTPC.NS,2026-01-07,1596.4769174622527,1601.1457600135977,1591.562462595281,1593.8119295371737,1188792,9.928487430816467,16.922031796975435,0.0,0
NTPC.NS,2026-01-08,1616.231842410592,1623.5185412614976,1599.960052628609,1616.6262740717632,3300233,12.765985211927777,16.64614413580528,0.0,0
NTPC.NS,2026-01-09,1602.1951473834965,1627.1049236975696,1596.5174386770416,1607.309508692505,3556919,15.346613514730922,13.952324764102345,-0.5763091648753327,0
NTPC.NS,2026-01-12,1607.28620487515,1614.5013686092964,1603.927582379368,1608.6746638891677,3853772,16.77373654834753,13.146057992506895,-0.49186446553092233,0
NTPC.NS,2026-01-13,1582.522010813087,1598.083823659038,1563.0679446154297,1576.2630809823825,4625025,13.964071326841388,15.063277781527265,-2.4967547377365618,0
NTPC.NS,2026-01-14,1594.6471755438959,1606.7254893686702,1573.7537728953484,1588.7231677910227,3166217,14.097425134733065,15.082878305824831,-1.726008461464723,0
NTPC.NS,2026-01-15,1606.244593478445,1616.6839022773195,1605.7889418223635,1613.6176345204888,2927649,15.099589007679647,15.418021714049152,-0.1861060654233082,0
NTPC.NS,2026-01-16,1617.2993580751865,1635.1034586017593,1605.4177785164375,1610.044252133617,2095472,13.908481658208682,15.509948587037073,-0.40714555019375487,0
NTPC.NS,2026-01-19,1616.5393254857363,1632.3634360682042,1610.124084307689,1614.0288897744515,3680287,14.951845537464648,15.168583477760475,-0.1606669605071831,0
NTPC.NS,2026-01-20,1605.7766440807723,1611.377351814097,1594.5817254086473,1611.1717208536163,3008665,15.810851171525876,14.725418751805504,-0.3374034744844656,0
NTPC.NS,2026-01-21,1604.4156013353766,1611.020137800478,1587.2991026246748,1605.1633183756826,2688883,14.760898004564638,14.937233045456837,-0.7090665220483627,0
NTPC.NS,2026-01-22,1598.1569421992726,1612.9971341353619,1595.2868029718688,1611.0435451387007,3161520,15.373866978119244,14.82093945187113,-0.3453320673182825,0
NTPC.NS,2026-01-23,1596.3374388466125,1611.6016206212744,1595.032772628375,1597.3432719140321,2916162,13.055858376855145,15.153451211565732,-1.1927928221260098,0
NTPC.NS,2026-01-26,1589.2677388671932,1610.935020676375,1586.128312697224,1594.2270995988654,3196334,12.222354642965328,15.249369527808312,-1.385550564910809,0
NTPC.NS,2026-01-27,1571.7013207564075,1578.8096865723896,1570.344771828004,1578.3894653831649,2500399,9.313702642531307,15.282198096183963,-2.365222519382426,0
NTPC.NS,2026-01-28,1585.9224145967457,1594.8377908292312,1583.773695562944,1590.9709517982287,2527205,10.705897097519724,15.166758763093302,-1.5869668014807714,0
NTPC.NS,2026-01-29,1591.4304693862834,1598.1800707879543,1582.6029614666056,1596.9346048901436,3165312,9.610980409970104,14.84809883830714,-1.2180718263363755,0
NTPC.NS,2026-01-30,1588.5675486095517,1593.0188552827422,1575.563042060891,1590.075716485495,3392331,6.415004844960093,13.365287902576082,-1.6423435652444196,0
NTPC.NS,2026-02-02,1593.8259983206106,1599.9322278681154,1590.6593554099413,1592.1688627169758,3147254,6.39372761168473,13.366185091449253,-1.5128673674953297,0
NTPC.NS,2026-02-03,1586.2318252975926,1604.1264327278145,1582.9689224581336,1589.3402915213098,3277344,5.478405098993644,13.332537750560538,-1.6878349058207953,0
NTPC.NS,2026-02-04,1610.8545546704784,1622.7334229219348,1603.8801666940265,1612.710545558063,1582892,8.13704116967009,13.332760189422219,-0.24221606295176112,0
NTPC.NS,2026-02-05,1601.1184187107,1620.4403149906575,1597.8710013008804,1605.5955631471186,2398337,6.418400222255216,13.201085069420571,-0.6823290640242896,0
NTPC.NS,2026-02-06,1625.66487469906,1635.0657578566475,1610.3001068910353,1619.2868974691085,2353514,5.789401328468213,12.819958421144795,0.0,0
NTPC.NS,2026-02-09,1610.4754176696233,1619.943464957284,1587.6337837570184,1607.0399541698025,3225336,5.522192760327571,12.958449679821587,-0.7563170750314541,0
NTPC.NS,2026-02-10,1609.954882283927,1629.5779803787239,1599.3904535794334,1624.2324743084503,5407816,5.811396886111364,13.095645774757536,0.0,0
NTPC.NS,2026-02-11,1644.4366554032238,1658.3256645606984,1639.3702232799988,1646.0090802015347,3052855,6.776752434492006,13.500130225122831,0.0,0
NTPC.NS,2026-02-12,1664.5481412469287,1678.2840431414222,1660.28506693774,1669.022732707683,3316461,7.669341836573018,13.895563099314575,0.0,0
NTPC.NS,2026-02-13,1699.0736202124629,1709.2192966899918,1692.2427071098043,1700.225753977013,2668913,8.524162802745483,14.487431699982329,0.0,0
NTPC.NS,2026-02-16,1700.8620857554272,1714.9344253757386,1694.2936693327022,1707.6889233107026,2815743,8.229653709530837,14.437659252478843,0.0,0
NTPC.NS,2026-02-17,1722.5887037218995,1745.4244097898556,1718.2816825968268,1734.7561931695516,1893493,10.032811431684529,14.88847333598564,0.0,0
NTPC.NS,2026-02-18,1767.8516035851546,1778.8533053069032,1760.6715905255203,1770.4391287421345,2702678,11.0820603065916,15.568062318294446,0.0,0
NTPC.NS,2026-02-19,1747.773020689404,1750.2665250262562,1732.2513855011348,1748.2819339090165,4124316,8.143852537151641,15.895433314542418,-1.2515084237242458,0
NTPC.NS,2026-02-20,1741.7861048524603,1749.5967990802799,1735.1839523387146,1737.1837488057213,3779294,8.08022595591218,15.923253610727606,-1.8783690100681705,0
NTPC.NS,2026-02-23,1708.1490687853322,1724.1040780710407,1677.8702188533753,1707.7682978474231,2899102,6.159954910875798,16.901224392155704,-3.5398466898569847,0
NTPC.NS,2026-02-24,1727.126235258242,1741.4369987071907,1704.1874984267436,1731.1600441208996,3998516,9.826847117549686,15.852683504505313,-2.218606897213238,0
NTPC.NS,2026-02-25,1699.17856519343,1710.5215146011162,1688.2040584620486,1701.5845636356075,2135223,7.10390571074182,16.82946315091148,-3.8891235506891997,0
NTPC.NS,2026-02-26,1660.8710117208363,1684.529145556727,1660.172796663492,1667.077971077741,2471769,3.3130733956770797,17.565150914361297,-5.838165005866635,0
NTPC.NS,2026-02-27,1639.8172094162665,1648.099176139725,1624.9811820872487,1646.7015634112845,3548350,2.2767890527909174,17.966469426799577,-6.9890889396894025,0
NTPC.NS,2026-03-02,1615.285702521779,1630.681193531813,1600.5945372399842,1614.1121632657632,3267297,0.005159355686834566,18.921023668473033,-8.829841305385,0
NTPC.NS,2026-03-03,1638.8008825006043,1641.2337462150308,1610.124588000352,1620.802713405908,2685602,0.5977632568668234,18.948670537358293,-8.451937878403115,0
NTPC.NS,2026-03-04,1607.0215167703827,1609.4164980612545,1596.8062478089778,1601.2388129360093,4912108,-0.24449259428908077,19.253325809631534,-9.556968836671553,0
NTPC.NS,2026-03-05,1576.4333801617138,1580.9436296441804,1563.1542115057127,1570.4540222016371,3150582,-2.5194553592012947,20.002106823450127,-11.295791156772683,1
NTPC.NS,2026-03-06,1564.6977810913136,1579.3930090514878,1556.6063129089441,1571.032198636432,2856291,-1.647177143462264,19.868983006628106,-11.263133923580726,1
NTPC.NS,2026-03-09,1583.1885084726143,1597.6546978123624,1571.3112894572105,1572.723405704971,3452408,-1.348847595132785,19.868851543387112,-11.167609200867423,1
NTPC.NS,2026-03-10,1535.5449588971435,1541.681485909343,1525.6129830321695,1539.1678967309617,2617330,-2.4849106961495004,20.60653637501226,-13.062930447966703,1
NTPC.NS,2026-03-11,1526.7334571489853,1542.587202212939,1521.4496099839191,1527.3712193365195,3817702,-3.997542028647616,20.52919492894516,-13.729244087499936,1
NTPC.NS,2026-03-12,1527.2845196555961,1552.0504108001733,1524.9661680595398,1527.332891723416,1885291,-4.358457319015619,20.477977060467182,-13.731408952277347,1
NTPC.NS,2026-03-13,1518.4198833976877,1535.391793325944,1496.2405693899343,1522.1315648856046,2346909,-4.2730135990043046,20.46868440628595,-14.0251963383202,1
NTPC.NS,2026-03-16,1522.4810213332953,1528.8930365056412,1510.3583607100072,1517.4457139256467,4625924,-4.693167322956993,20.458114792181505,-14.289868016882068,1
NTPC.NS,2026-03-17,1542.7443715262273,1551.3927102417651,1535.8409066387126,1540.4128802680648,3129357,-3.078472968580692,21.019218485967002,-12.99260984123748,1
NTPC.NS,2026-03-18,1589.9824102364635,1608.159215755504,1566.0039643713437,1581.983742804162,2971746,-1.905289379953068,22.088693484838817,-10.644556080946243,1
NTPC.NS,2026-03-19,1577.147399719211,1581.4828728946895,1567.8637363947655,1577.4199699928206,3205510,-1.7548375070912114,22.069905683053808,-10.90233239967141,1
NTPC.NS,2026-03-20,1565.9160023016939,1576.2535509643646,1541.2236090384436,1553.947666046745,2040668,-4.035062071118245,22.279934694334276,-12.228122344381465,1
NTPC.NS,2026-03-23,1545.9283366302839,1557.6634296526427,1533.65565553552,1550.929064984014,2226258,-3.4915677759097985,22.20154345520092,-12.398622477016675,1
NTPC.NS,2026-03-24,1550.0658957582011,1566.3715592516146,1524.461654145733,1555.903236115003,2886214,-4.2068631968794845,21.960780594749384,-12.11766556354611,1
NTPC.NS,2026-03-25,1559.5616271738654,1570.234805176477,1547.3058962180803,1556.2630466177995,1581066,-5.452341342658141,21.519545023543877,-12.097342328651717,2
NTPC.NS,2026-03-26,1562.930571178,1575.9605698334574,1560.8780850658281,1569.075086446226,2365534,-5.9883933455663785,21.21605442402242,-11.3736778083398,2
NTPC.NS,2026-03-27,1622.5148104621628,1627.4137330750634,1606.0112275844515,1612.6839016470522,3798093,-5.1488369779831284,22.130203746516475,-8.91051403767632,1
NTPC.NS,2026-03-30,1578.7581458186942,1586.847416145428,1570.2724883148837,1581.2456639107281,1037740,-7.404349684182443,22.63899283627691,-10.686245110602865,2
NTPC.NS,2026-03-31,1577.645432944271,1584.3954974163562,1566.2773419621192,1573.021899591639,4566509,-9.323171418250409,21.971553112606827,-11.150749322330944,2
NTPC.NS,2026-04-01,1600.371393694922,1612.9776415886101,1597.6900220365474,1603.7791856409665,3306392,-9.413480553809094,21.87791902863927,-9.413480553809094,1
NTPC.NS,2026-04-02,1593.5531168367545,1598.0489914401292,1578.9435328669572,1595.1517284992944,3744368,-8.75889651661248,21.710980553375776,-9.900786612606026,1
NTPC.NS,2026-04-03,1608.5169867920567,1621.8524792284552,1602.8761712211974,1611.7384067604737,3785196,-7.22119016664119,22.02418435494662,-8.963918578461083,1
NTPC.NS,2026-04-06,1633.064676038884,1638.5022288007601,1609.6338782069986,1625.4012875263263,3603023,-4.8230787762553735,21.797552202204542,-8.192195871701891,0
NTPC.NS,2026-04-07,1659.7527176022704,1661.481083292351,1631.5295113530187,1651.143140764952,1943223,-4.6221551628163215,21.9360575197669,-6.738214606787418,0
NTPC.NS,2026-04-08,1695.5954780804987,1705.9747744128047,1680.2238052489256,1690.9635398848395,3490288,-0.6241843031342009,22.629165354326908,-4.4890325550905,0
NTPC.NS,2026-04-09,1711.457830879404,1716.5892119637556,1695.095316069139,1699.2142728223052,2607143,1.9277023811782756,21.841778446719236,-4.023005070523555,0
NTPC.NS,2026-04-10,1663.7687413628523,1670.5388247110602,1650.3210745814213,1665.4353574541042,4020510,1.1376556905679402,22.343224281957298,-5.930945017162692,0
NTPC.NS,2026-04-13,1643.0396815179486,1653.3150347706755,1642.4236252667833,1652.9345939255002,2374963,2.405187913409268,21.64796036171608,-6.637027667826068,0
NTPC.NS,2026-04-14,1701.3242535132877,1716.2365392802594,1689.2594442376917,1698.3470511864032,4077654,4.784316878242745,22.969082359615335,-4.0719884906153965,0
NTPC.NS,2026-04-15,1666.420051111177,1671.5890066407978,1658.764707242282,1671.2229308787798,3191544,4.370623380933969,23.198359188642414,-5.604044570221733,0
NTPC.NS,2026-04-16,1684.8976804017705,1694.601053374939,1669.4191175512972,1682.680238264838,3551181,7.146100075306228,22.388045384542902,-4.956899621827027,0
NTPC.NS,2026-04-17,1628.4648317985439,1647.344610821078,1623.3838258075373,1634.0872020563954,4200416,4.013603506961316,24.15363034385833,-7.701587954769995,0
NTPC.NS,2026-04-20,1609.0453205253725,1623.9522366047352,1588.9185196259018,1609.2049013657415,3391523,2.3196383755996752,24.631501137275432,-9.10701897392807,0
NTPC.NS,2026-04-21,1628.9544332843245,1640.3698639906047,1627.6816847105972,1627.8400692150005,3549507,5.7610461257910694,23.887858009674844,-8.05444577066301,0
NTPC.NS,2026-04-22,1633.2406802085495,1639.9031961024418,1629.4029783183237,1629.961063454098,2507194,6.7167590182917625,23.714073120649225,-7.93464530959862,0
NTPC.NS,2026-04-23,1634.8384379173046,1643.6162841815026,1618.918652224676,1624.0278588284416,2065224,6.330968685937011,23.76765159250693,-8.269771467246967,0
NTPC.NS,2026-04-24,1611.4241254047406,1616.1889523919972,1605.5954741517667,1609.6354014390881,2091828,5.748769592072667,23.930670488199567,-9.082702968573365,0
NTPC.NS,2026-04-27,1566.5345933695735,1574.433145575788,1564.0261474449576,1572.8979642649335,4997211,3.6543152634983755,24.955263705255792,-11.157749581458386,1
NTPC.NS,2026-04-28,1591.1951326116218,1602.190563213112,1572.7955943960978,1587.421809174846,3318537,3.051709675304748,24.728874022360447,-10.337396897532368,1
NTPC.NS,2026-04-29,1580.9015241099196,1596.0648111902885,1578.2279302790428,1583.4151455842186,1413983,0.09048151010195848,23.494783405412722,-10.563705925929979,1
NTPC.NS,2026-04-30,1549.7694129718366,1562.4196761537953,1545.6590810129157,1556.1147778344407,2157798,-1.3506353769869417,24.017814030346017,-12.10571701835168,1
NTPC.NS,2026-05-01,1558.9867825447625,1571.4850220093806,1557.9765796967588,1558.034402270124,3296020,0.26299059567274075,23.621056902416335,-11.997290560501806,1
NTPC.NS,2026-05-04,1579.4861849954664,1581.813482929219,1562.6109676127903,1570.3061106668667,4194404,1.249383103349877,23.715102335952214,-11.304145667942766,1
NTPC.NS,2026-05-05,1566.7447843833688,1575.1708213701418,1560.9832768662602,1567.893599065207,3072622,0.7706368025908406,23.70827612739231,-11.44041195140285,1
NTPC.NS,2026-05-06,1566.4083539101878,1574.483430372453,1558.8536156499556,1571.444947700375,2604160,0.9755356663881498,23.7146155266695,-11.239820551364643,1
NTPC.NS,2026-05-07,1570.0652413148698,1576.9021509015174,1562.2932679269002,1573.5333586830839,1785645,0.2841337725242532,23.601413112004778,-11.121860495647129,1
NTPC.NS,2026-05-08,1563.8089178917655,1564.8194247231456,1560.3953449103828,1561.6027079580995,3416856,-3.1674647236685893,22.192651644174017,-11.795741372503986,1
NTPC.NS,2026-05-11,1568.1143895970567,1569.6292058947581,1553.4457858998242,1563.9807861744202,2489130,-1.0918529694878942,21.49381331746321,-11.661419995523891,1
NTPC.NS,2026-05-12,1582.9095700010382,1584.2050484890824,1574.0053085061584,1579.2144360667612,2372490,0.39367134537222626,21.63217431608531,-10.800975281835024,1
NTPC.NS,2026-05-13,1604.291247329788,1606.4248174149445,1593.1087499905236,1600.3363501250321,3703468,-0.21467017072916983,21.2226325172835,-9.607942789761847,0
NTPC.NS,2026-05-14,1614.9774703111939,1626.214404100037,1613.63629850043,1617.0009189659947,3214206,1.3697249030508063,21.366906812174154,-8.666675249386003,0
NTPC.NS,2026-05-15,1591.2963473931031,1614.7032092392603,1582.543953035619,1605.3511912619492,2745076,-0.39629355928562093,21.270123443330764,-9.324688705760664,0
NTPC.NS,2026-05-18,1619.8036923496527,1621.3125426480917,1616.2872722797392,1619.0631263498399,2452044,-0.3899443925095225,21.27236973786702,-8.550195255786319,0
NTPC.NS,2026-05-19,1634.0563273547275,1651.795202729899,1626.0953224210812,1629.5498856006166,2469065,-1.3077760874403377,20.83362204202402,-7.9578699348797794,0
NTPC.NS,2026-05-20,1612.7048600702497,1617.9672441153523,1607.6174557375384,1617.137964513191,1615737,-4.36588806501862,19.58733433335473,-8.658934483551617,0
NTPC.NS,2026-05-21,1600.1744675430577,1619.405649672022,1587.867902969132,1609.5533469509846,4279911,-5.276610919845826,19.516429034546277,-9.087337665512186,1
NTPC.NS,2026-05-22,1625.618587609386,1635.2835940831515,1619.8799603456641,1624.1483796591733,1806889,-2.479050154071716,18.97321200338063,-8.262964069648538,0
NTPC.NS,2026-05-25,1642.5315895485091,1655.176215275026,1637.219528566314,1652.6450633242525,4566698,-0.017516155951458057,19.579588782563032,-6.653381271660697,0
NTPC.NS,2026-05-26,1617.974650914185,1631.6986394390944,1616.791066372113,1618.5126029152984,2774032,-4.700714628104741,18.67336904707823,-8.58129056008704,0
NTPC.NS,2026-05-27,1648.8730048172242,1655.5267899145638,1636.857939007214,1652.1192981496288,3104577,-1.143093023448749,19.232641229653726,-6.6830781511573285,0
NTPC.NS,2026-05-28,1681.1906061041032,1695.511704918774,1673.6977205230933,1676.8203878324189,3834496,-0.34824503783688066,19.633743910649976,-5.287882502700336,0
NTPC.NS,2026-05-29,1679.3086726242402,1685.3671676505066,1665.727965270134,1682.2957302774162,1902732,2.950180881433573,17.640412526730113,-4.978617848744826,0
NTPC.NS,2026-06-01,1676.1968967378568,1690.2715522604947,1674.073707931058,1678.9042325769067,2771518,4.331290014839673,16.985880493674177,-5.170180362555687,0
NTPC.NS,2026-06-02,1686.4660051603812,1689.4444956100933,1675.4761442914767,1688.2578012232152,3739385,3.7115275112591384,16.762889063478028,-4.6418612300614726,0
NTPC.NS,2026-06-03,1676.8662511150735,1687.856988246649,1673.3507166715224,1676.7894055904223,3687296,2.8729730535457687,16.92492759225955,-5.289632477692052,0
NTPC.NS,2026-06-04,1667.786279616852,1692.144083272129,1665.5826697550742,1674.6750182881867,801352,3.118613956307459,16.88224576952392,-5.409059758071799,0
NTPC.NS,2026-06-05,1657.6576446315075,1657.707920703694,1642.8188728604575,1646.726495167498,2515453,2.304316474106405,17.426362566184757,-6.987680715265943,0
NTPC.NS,2026-06-08,1616.9119627997648,1625.5306428236554,1608.487388183829,1614.0744079268154,2557697,2.617871254040627,17.09169544027559,-8.831973846308594,0
NTPC.NS,2026-06-09,1659.3903051676648,1666.4679759737608,1650.8993961545964,1661.33238307791,3216849,4.656013510453372,18.837379169622874,-6.162693983257306,0
NTPC.NS,2026-06-10,1666.6544716753033,1672.7604491327438,1663.1088842198885,1664.0383588391517,2183752,5.091729321888372,18.797051743707595,-6.009851916150244,0
NTPC.NS,2026-06-11,1681.6189313070165,1690.977490315025,1653.4072277705748,1669.5635307538637,3827630,7.290513176496094,17.918387376305663,-5.697772736187834,0
NTPC.NS,2026-06-12,1667.325469816792,1693.9338852148205,1655.0296471659328,1670.401490132918,3509217,7.212105695424342,17.923815361636276,-5.650442140888023,0
NTPC.NS,2026-06-15,1654.6577980484851,1659.5014483849084,1629.8820756767575,1655.3315041939406,2989498,5.414574454592547,18.14176257193346,-6.501642596996582,0
NTPC.NS,2026-06-16,1643.536981782549,1657.8540027437086,1635.153916652857,1650.679661185783,2176686,5.280081643928769,18.165996228809426,-6.764393398909929,0
NTPC.NS,2026-06-17,1647.7491503725282,1655.7677800069193,1639.12454700089,1653.9261630538092,2677835,5.248749914792472,18.16550949188534,-6.581020708184737,0
NTPC.NS,2026-06-18,1661.1573739246394,1673.9017983269625,1637.0572205348658,1651.465153468529,1768571,4.952662385922824,18.189780343591625,-6.720026311107031,0
NTPC.NS,2026-06-19,1627.225365121336,1641.3585147562476,1617.6788636278072,1638.0508089285001,1871846,4.895489779878881,18.214348636486935,-7.477710905976975,0
NTPC.NS,2026-06-22,1651.4430380248384,1659.607269512592,1638.541191206568,1648.937993223599,3700227,5.432113220328527,18.271489952019767,-6.862768312450251,0
NTPC.NS,2026-06-23,1648.0342493666133,1656.8489285347225,1643.121081104136,1654.1088215356674,2620093,4.742508918259403,18.122645532607265,-6.570703579575632,0
NTPC.NS,2026-06-24,1664.4698143066887,1676.9694988835317,1657.1100355562764,1663.3736370815334,3297429,3.939002382316459,17.821607374670716,-4.8566707223036465,0
NTPC.NS,2026-06-25,1689.0918574081822,1700.761181059137,1672.31003850896,1678.9673975399828,3063760,3.832185736394833,17.77820497056691,-3.351191335157322,0
NTPC.NS,2026-06-26,1676.4899238945231,1691.5602721016555,1668.0856141820402,1676.9945685411158,2357716,4.462785318821627,17.612243558902303,-3.128854305743267,0
NTPC.NS,2026-06-29,1678.9079598233936,1688.4268418343834,1667.654126982837,1675.0569414986442,3946133,3.458408399124102,17.499989118571598,-3.240780817047162,0
NTPC.NS,2026-06-30,1707.1002138608733,1717.1679758103712,1706.0956579330054,1706.6069529015344,2420130,4.728733252159167,18.177685805538317,0.0,0
NTPC.NS,2026-07-01,1693.297029442514,1696.9452792403642,1687.854481931622,1688.8529143851752,3554897,4.434683462123323,18.317908606033022,-1.0403120933132448,0
NTPC.NS,2026-07-02,1647.8439885378973,1662.3025784640204,1634.5202172525837,1652.7433431529819,3245240,2.683352886924384,19.41486766171758,-3.156181313862272,0
NTPC.NS,2026-07-03,1664.6417126324336,1673.5135614409865,1650.9146712783856,1665.2471898318338,1775367,2.5304837099480393,19.365139764598847,-2.423508412372377,0
NTPC.NS,2026-07-06,1659.120479769911,1663.0120013561498,1653.256506944415,1654.1577129462144,2472200,0.09152900737918745,18.82078359398351,-3.0733051840757475,0
NTPC.NS,2026-07-07,1640.2995798579586,1643.2444052032922,1631.9722876677038,1634.3322381337398,2064303,0.9774181053608499,18.14586031200803,-4.2349947446841725,0
NTPC.NS,2026-07-08,1656.541083417552,1666.4029321980684,1646.6922612879555,1653.2246779907246,1907721,0.06690678102567738,17.42967013637998,-3.1279771138896684,0
NTPC.NS,2026-07-09,1650.7582357745941,1662.3422658177221,1648.5129240523743,1651.792531929217,2646543,-1.4925782203516036,16.850236534844793,-3.211894858340014,0
NTPC.NS,2026-07-10,1629.063603533808,1630.0763660387363,1627.7071900169512,1628.3526887316273,3141867,-3.2065136096430247,17.270332951353303,-4.585371226623747,0
NTPC.NS,2026-07-13,1661.1168103725227,1669.1221568138203,1643.6227749367797,1668.0558851831436,3460498,-0.6461564145985976,18.768918738225388,-2.258930660797276,0
NTPC.NS,2026-07-14,1630.3266433867757,1649.1201216189047,1606.4074404066355,1637.5498705727239,4339539,-3.003565605546221,19.40034368902364,-4.04645499723304,0
NTPC.NS,2026-07-15,1626.536813168093,1649.0599328106503,1623.6182494794048,1637.2722150417344,3494971,-2.356717570908873,19.32163509725736,-4.062724445246091,0
NTPC.NS,2026-07-16,1600.1488216488722,1610.5442558686639,1592.50118955531,1601.9647154654956,2680246,-4.341755984215601,20.244795444888048,-6.131595635311838,0
NTPC.NS,2026-07-17,1606.6323020600437,1613.77226714669,1587.9872194066272,1608.5759633293603,2980266,-2.316749742601132,19.772180463393425,-5.744204276532683,0
NTPC.NS,2026-07-20,1596.903473120775,1607.973709839333,1584.582298498708,1597.6384325158542,2488474,-1.0182910608236617,19.023642627014553,-6.385097646556193,0
NTPC.NS,2026-07-21,1622.601690319104,1625.4570363315345,1609.5050430876306,1614.8279651718465,3362746,-2.7992241877513924,17.192981275502873,-5.377863225838109,0
NTPC.NS,2026-07-22,1618.8567230355661,1636.5448371984244,1615.0097071569958,1615.897228930385,2190925,-2.893030058655044,17.182959032060445,-5.315208860301834,0
NTPC.NS,2026-07-23,1647.9303336601693,1653.532159797438,1642.646050120469,1643.7302905496101,3296144,-1.547305012861,17.93720989453199,-3.684308343231746,0
NTPC.NS,2026-07-24,1631.3231012227554,1641.711542324593,1626.6655246227294,1636.7003447863974,2561084,-2.0175476102957113,17.968432835154495,-4.09623364045737,0
NTPC.NS,2026-07-27,1613.142677270101,1622.6875547158593,1597.3458811582614,1606.88619954568,4524844,-2.9266225239790167,18.530919820153265,-5.843217337554584,0
NTPC.NS,2026-07-28,1603.0039166996046,1613.1347225284126,1585.1963015435083,1612.8761798090416,2977126,-2.2901767233010517,18.56992132309089,-5.492229650953551,0
NTPC.NS,2026-07-29,1618.0658846789938,1624.4003685912196,1609.3263916151675,1609.3959357144695,2895483,-2.692395122229585,18.55681137688433,-5.696157338500763,0
NTPC.NS,2026-07-30,1562.6529089946835,1579.0307429806298,1560.4756474527264,1576.013197855217,3185330,-4.5687888391009785,19.433327021521347,-7.6522455756016345,0
NTPC.NS,2026-07-31,1572.8975350018356,1575.5490444999484,1551.6460508611415,1557.5348908016122,3931970,-4.915349248510548,19.567811665395475,-8.734996763400815,0
NTPC.NS,2026-08-03,1548.5035705238795,1549.3030542463716,1544.4102340824957,1545.1629201843446,2719476,-6.293449084545555,19.489917027326793,-9.459942281537437,1
NTPC.NS,2026-08-04,1578.4443820261022,1580.057432737142,1569.7366407029924,1575.6447069987044,2192730,-4.743588421475032,20.446336772289595,-7.67383759219843,0
NTPC.NS,2026-08-05,1591.3960790876938,1606.2158021863008,1588.3183209824272,1590.4618516034311,4474401,-4.383367864722764,20.590917624947316,-6.805615147684474,0
NTPC.NS,2026-08-06,1586.256229536239,1586.7940483671077,1584.10921479004,1585.2184095705315,2750861,-5.583728910210639,20.340093682456327,-7.112858829305768,1
NTPC.NS,2026-08-07,1582.9487916750372,1604.0157949279403,1562.1230757548772,1595.5894088377038,3384343,-4.854229180612646,20.48428983490613,-6.505161828567562,0
NTPC.NS,2026-08-10,1561.7440828683962,1563.4550611458676,1547.5441887904758,1558.369769980258,2968582,-6.966161485470945,21.430667157320947,-8.686076349873462,1
NTPC.NS,2026-08-11,1550.8454947334294,1565.409948174526,1544.2692908394129,1549.189596349181,3293882,-9.223995969588428,20.487523886082872,-9.223995969588428,1
NTPC.NS,2026-08-12,1563.671758649129,1572.4433918739687,1543.2555967074672,1558.0179499814665,1817776,-7.746972118725859,20.522970407803264,-8.706691524222398,1
NTPC.NS,2026-08-13,1566.1233750369177,1573.1409394756856,1554.0859237031239,1562.4725822182968,1695865,-5.461874120301902,19.784918113050676,-8.445668783792526,1
NTPC.NS,2026-08-14,1553.1329281567764,1554.0637154172396,1548.6555525412666,1553.7445438093062,2175072,-6.695861533553337,19.610618259191238,-8.957095178379248,1
NTPC.NS,2026-08-17,1542.1546480786951,1555.9804079766768,1537.2836267285231,1554.3830670942702,3805963,-6.031749274634512,19.57900220253679,-8.919680395562468,1
NTPC.NS,2026-08-18,1559.821454301494,1569.3317494675955,1555.275132165446,1562.061773627984,4057924,-4.422017923863642,19.442814023881713,-8.469740441863195,0
NTPC.NS,2026-08-19,1562.9003802230263,1579.4722766029354,1562.2659082452747,1563.2467201353913,3070760,-5.442572873076723,19.063886644191605,-8.400307553089792,1
NTPC.NS,2026-08-20,1584.134401837076,1598.7022510187314,1577.8978459652749,1580.8576365358576,3694482,-4.294419185350751,19.435814957483537,-7.368381814680913,0
NTPC.NS,2026-08-21,1587.6359332858945,1591.2107902144744,1569.4766195477391,1588.297207821622,2143996,-2.4598774692481284,19.123435397368034,-6.932454182186765,0
NTPC.NS,2026-08-24,1607.352561405086,1617.2016116778357,1597.3021474067798,1599.463019978955,2973687,-4.11214431203889,17.753230232960984,-6.278184484155291,0
NTPC.NS,2026-08-25,1633.8763872203579,1635.8986392436423,1628.0479447094967,1634.114698225941,2657481,-0.20977512859388092,18.208942110517686,-4.247741669652971,0
NTPC.NS,2026-08-26,1649.5127265116876,1655.064106023899,1646.437148368857,1651.859851074515,1207340,0.8909719409370576,18.478899890944987,-3.207950239153756,0
NTPC.NS,2026-08-27,1688.8611531433198,1694.20607220394,1669.292425265416,1688.2017476997046,2719959,5.383204224267235,18.299884982191767,-1.0784677262997033,0
NTPC.NS,2026-08-28,1673.5489882323693,1688.9277319578694,1668.1344217242445,1676.1030842477912,3534232,4.197944172848778,18.467780261011566,-1.787398592387146,0
NTPC.NS,2026-08-31,1654.9141220987065,1661.150520755955,1645.3417062343358,1645.8107347415003,4382953,3.015219291500615,19.180002582771557,-3.562403051075691,0
NTPC.NS,2026-09-01,1645.9797464789615,1649.6708545007323,1640.4552556672575,1644.473565541832,3549640,1.8358364487966128,18.963569629588786,-3.6407555503078615,0
NTPC.NS,2026-09-02,1641.1958345809867,1659.500020514917,1637.6977976505052,1641.4561210245372,2053456,1.5817152004815593,18.97752797598735,-3.8175651263010035,0
NTPC.NS,2026-09-03,1672.6616003345262,1681.8629696425405,1667.1146433664849,1671.9109727354955,3035810,1.7144346823749768,19.08236321791129,-2.033038720898772,0
NTPC.NS,2026-09-04,1642.5875405545864,1655.7071119181717,1636.4715691835938,1650.8285360600578,3918394,0.8632118468517858,19.418680571269554,-3.26838096766473,0
NTPC.NS,2026-09-07,1644.7445982321808,1661.5724070575047,1625.4913665814258,1650.7031163872123,2992185,2.7268214048960404,18.605558282183384,-3.2757300337535655,0
NTPC.NS,2026-09-08,1660.8007413521534,1668.168628626925,1658.0494737811587,1660.1933168916546,4372076,2.9337116931204887,18.640846518980545,-2.719644141316102,0
NTPC.NS,2026-09-09,1665.3291578121234,1675.9702439168639,1663.347160852658,1663.6364724577359,2179357,3.3702419360955416,18.61827745764442,-2.5178896857733446,0
NTPC.NS,2026-09-10,1657.1203707102966,1672.8060569960487,1654.9549792055234,1661.6616032675308,3979111,5.434497980656006,17.443763700301652,-2.633608726226533,0
NTPC.NS,2026-09-11,1671.3560389822053,1674.442516989745,1662.3667870002694,1670.2803053597177,3284356,7.238708758561363,16.984940280768512,-2.1285889806117897,0
NTPC.NS,2026-09-14,1685.1361634028374,1705.04714593407,1676.0347773512292,1693.5233857470334,2777811,9.601606641258819,17.011123417144482,-0.7666420866419554,0
NTPC.NS,2026-09-15,1724.470753179402,1728.2763818081717,1716.9602926283071,1726.5250015836789,3132402,9.57578151437275,16.990865837624046,0.0,0
NTPC.NS,2026-09-16,1723.570867129782,1736.043294619463,1721.5531432731539,1728.7091538909594,3241775,8.692274017648005,16.892266311753165,0.0,0
NTPC.NS,2026-09-17,1713.114995488185,1714.6381383301764,1712.6392611337621,1713.3583605224806,2971020,8.083425613677097,17.144054427565898,-0.8879916748243954,0
NTPC.NS,2026-09-18,1741.2686630472795,1758.32336337944,1736.2296601107537,1746.7211082008293,3103376,9.471841472877184,17.79624814877677,0.0,0
NTPC.NS,2026-09-21,1711.557644179041,1728.008450226196,1700.265582750465,1725.7803888271305,2216782,10.742676229467229,16.597226231760366,-1.1988587803389184,0
NTPC.NS,2026-09-22,1781.8977951213592,1784.5655730343183,1751.8170116373665,1764.7991087199155,3684242,13.917567796662178,17.244798552275718,0.0,0
NTPC.NS,2026-09-23,1802.117418827508,1804.269921881219,1777.7560047931072,1795.0575087544678,3677349,15.214173801773011,17.63388325471971,0.0,0
NTPC.NS,2026-09-24,1829.3226143462753,1832.2124643311336,1827.519686384363,1829.0202044982818,3041791,17.05934717277138,18.089469281641534,0.0,0
NTPC.NS,2026-09-25,1845.409601491357,1849.9567543470841,1826.1438153345593,1845.7315024924828,2035828,18.792468803611317,17.81893016142922,0.0,0
NTPC.NS,2026-09-28,1809.3277701197976,1813.3253113835647,1787.377074501704,1801.0977995165058,2733243,15.872196348834322,19.784510667970427,-2.418212124336805,0
NTPC.NS,2026-09-29,1783.2671185916925,1784.9666889468174,1761.841643951716,1780.3277712595561,4391181,13.97294276811063,20.356398391340775,-3.543512756032241,0
NTPC.NS,2026-09-30,1781.7082148331162,1789.3526181163284,1770.4575635817314,1788.4524950423706,1930398,14.40628481775892,20.326312463945996,-3.1033228491122555,0
NTPC.NS,2026-10-01,1774.1003145079537,1781.8787173628982,1761.6587439265456,1775.5558430272702,2971653,12.315986081963448,20.50250025620518,-3.8020513476877404,0
NTPC.NS,2026-10-02,1759.8973301818085,1771.724377263405,1758.552837408923,1770.3915507480851,1015675,11.464752442410253,20.59696791166174,-4.081847855045995,0
POWERGRID.NS,2025-10-06,1332.8861071684291,1345.5800611861357,1330.9362614118695,1336.1262777887991,3210719,,,0.0,0
POWERGRID.NS,2025-10-07,1323.484824267081,1328.794962650247,1316.498194248533,1318.8220204680968,2849131,,,-1.2951064288129865,0
POWERGRID.NS,2025-10-08,1337.110133896738,1342.9971689797721,1320.6465777567803,1326.584144238729,2932912,,,-0.7141640508606439,0
POWERGRID.NS,2025-10-09,1335.5505032926544,1345.4342980943884,1330.6335021965033,1333.12574152548,3481469,,,-0.22456981149153732,0
POWERGRID.NS,2025-10-10,1317.9826403718118,1323.0539857920319,1306.6457673444631,1316.5841263711661,3568950,,,-1.462597640843799,0
POWERGRID.NS,2025-10-13,1313.7430982956737,1324.744801595901,1307.1894673332486,1316.030622362934,2976852,,,-1.504023666020704,0
POWERGRID.NS,2025-10-14,1326.4795979427874,1334.7508255636383,1322.6618568352628,1328.760941408707,3606786,,,-0.5512455298971708,0
POWERGRID.NS,2025-10-15,1317.6261235676488,1320.5927520445173,1300.0694634696051,1314.5004510653544,2403812,,,-1.6185466211497745,0
POWERGRID.NS,2025-10-16,1303.5116253275069,1317.6334929975649,1286.7009558971806,1310.8999312014014,4193453,,,-1.8880211404228686,0
POWERGRID.NS,2025-10-17,1329.29744250734,1340.6787681699486,1321.1949470525885,1328.75661795999,1692729,,,-0.5515691107434328,0
POWERGRID.NS,2025-10-20,1316.8062493416912,1327.289982577907,1310.8317449855426,1314.7926026461155,2756140,,,-1.5966810545773757,0
POWERGRID.NS,2025-10-21,1319.1828072571961,1325.735157725378,1314.2476547001434,1321.6959547017104,3916642,,,-1.08001192155055,0
POWERGRID.NS,2025-10-22,1301.0270496062287,1304.5669722504626,1296.067582897596,1304.3336833330784,3130389,,,-2.379460308821668,0
POWERGRID.NS,2025-10-23,1297.4095925665981,1304.7729207880395,1294.1479008825945,1301.4612480270712,3234688,,,-2.5944426315075764,0
POWERGRID.NS,2025-10-24,1308.1149096959273,1312.0887137717816,1307.2596751115498,1308.0994481318921,2536197,,,-2.0976183256637637,0
POWERGRID.NS,2025-10-27,1271.5195591129172,1278.5168630528717,1266.2085711669044,1270.5474231441092,2771627,,,-4.908132991233327,0
POWERGRID.NS,2025-10-28,1263.1146381075398,1264.7821313558281,1249.95446504064,1262.0821569166403,3305266,,,-5.541700818480788,0
POWERGRID.NS,2025-10-29,1268.6261822788792,1273.8963407784047,1262.1489684796181,1268.2547411413907,2783835,,,-5.079724706839183,0
POWERGRID.NS,2025-10-30,1263.5915994526788,1272.8374233587924,1262.1398100794113,1271.349271743007,2345195,,,-4.8481200559122195,0
POWERGRID.NS,2025-10-31,1262.4626173275585,1263.6014149848988,1262.0391275683382,1263.0596924468593,3987713,,,-5.468538906581511,0
POWERGRID.NS,2025-11-03,1239.5506928419845,1261.2937392019612,1239.3064865786282,1246.0879586736887,3464168,,,-6.738758200618422,0
POWERGRID.NS,2025-11-04,1255.8199348140147,1268.8253836703043,1247.2209468455828,1255.1781056825328,2580579,,,-6.058422280282539,0
POWERGRID.NS,2025-11-05,1254.9584807280412,1265.3820740242022,1243.5719427409679,1249.989921697492,3131880,,,-6.4467227030260315,0
POWERGRID.NS,2025-11-06,1260.2324454362276,1263.5800327157579,1250.426904713988,1257.85330924566,1721606,,,-5.858201417359721,0
POWERGRID.NS,2025-11-07,1265.9844363780048,1276.8703120103448,1260.6433098212294,1263.260545262747,2084250,,,-5.453506434035571,0
POWERGRID.NS,2025-11-10,1253.993153147647,1259.1231528291087,1252.2389936138402,1256.153135206959,4125754,,,-5.985447925939336,0
POWERGRID.NS,2025-11-11,1276.7843235406656,1278.1964832596339,1257.1614802571623,1272.0777847259608,2446189,,,-4.793595794615635,0
POWERGRID.NS,2025-11-12,1259.9256079221846,1268.350028021466,1258.483084280431,1262.693544938019,3169153,,,-5.495942567068324,0
POWERGRID.NS,2025-11-13,1271.9366889561995,1286.6931584445083,1271.813638954369,1280.5113766120921,3286113,,,-4.16239857723224,0
POWERGRID.NS,2025-11-14,1304.496036934025,1310.499090689991,1290.7969338413377,1300.6210895772151,2886565,,,-2.6573227996340876,0
POWERGRID.NS,2025-11-17,1324.7213531092852,1331.826621420809,1305.3918299936947,1316.7547381999523,2276812,-1.449828501307937,16.713545277609136,-1.449828501307937,0
POWERGRID.NS,2025-11-18,1326.9377440538647,1334.5158889340598,1305.2187269932842,1313.5459784183104,2710084,-0.40005716980019423,16.301971919277356,-1.6899824324881685,0
POWERGRID.NS,2025-11-19,1357.8168887487261,1358.1470424720915,1345.079694192974,1353.9444862929606,762535,2.062465631980892,18.533843688401454,0.0,0
POWERGRID.NS,2025-11-20,1369.644970629829,1370.2450742099156,1332.0940762091589,1356.0434034799139,3242086,1.7190922986911605,18.493370176002166,0.0,0
POWERGRID.NS,2025-11-21,1363.3505568379828,1369.1999915443107,1353.8218336286886,1359.6003079157724,2984126,3.267256583380629,18.0807511968262,0.0,0
POWERGRID.NS,2025-11-24,1365.4059221586385,1366.2248389961546,1346.9392576608288,1358.8692488823742,3904975,3.2551390363944055,18.08165987255958,-0.0537701432650417,0
POWERGRID.NS,2025-11-25,1338.978558550317,1352.8339756487774,1337.1575141923356,1340.2050325736939,3421185,0.8612603522838658,18.390828321356945,-1.4265424352404632,0
POWERGRID.NS,2025-11-26,1361.149993363494,1366.3312774961717,1353.774199822417,1360.8239754489734,3424686,3.524040204480383,18.579943603000583,0.0,0
POWERGRID.NS,2025-11-27,1349.6516315146685,1355.3542719236611,1331.5488818728184,1351.1396608312261,1808096,3.069626343861831,18.70392502380107,-0.7116507933770166,0
POWERGRID.NS,2025-11-28,1368.421525861892,1383.4632422462116,1356.1342116346586,1365.7594559991044,3800880,2.784771683464804,18.557686887735763,0.0,0
POWERGRID.NS,2025-12-01,1390.8023053339164,1403.1263115551412,1378.6004924375022,1384.518158813033,2782947,5.303160059357648,18.583427891645975,0.0,0
POWERGRID.NS,2025-12-02,1393.8603299247447,1396.9157296635233,1382.8820984242907,1394.197423419747,2910303,5.485487676657019,18.61840553031784,0.0,0
POWERGRID.NS,2025-12-03,1379.7291492481786,1385.9930103743422,1376.9063065577325,1382.2908855525814,2136371,5.976783641766592,18.34257140744873,-0.8540065895374371,0
POWERGRID.NS,2025-12-04,1373.669757918635,1377.2405618467753,1370.33683875487,1376.268891582994,3963231,5.747973185473354,18.3960214912385,-1.2859392461633812,0
POWERGRID.NS,2025-12-05,1333.679365722816,1337.4761086509566,1324.3124212570906,1332.3950493518253,3235589,1.857320653611616,20.806299908594287,-4.432828022040836,0
POWERGRID.NS,2025-12-08,1329.5463536903671,1330.8437844925713,1327.452082716805,1330.1708464535254,3415511,4.692734975753332,18.871664204317465,-4.592360873051582,0
POWERGRID.NS,2025-12-09,1344.127577823112,1345.502766333648,1336.2229159730844,1342.6789066398087,2509772,6.386014514306426,18.834965368774345,-3.695209581837522,0
POWERGRID.NS,2025-12-10,1343.0335886497148,1346.4469319248542,1327.6820272606294,1338.4920325797632,3927659,5.5381059624631135,18.876081936390566,-3.995516696864021,0
POWERGRID.NS,2025-12-11,1323.67627397859,1328.965763518609,1319.7754284433147,1328.6847697785659,3002574,4.509814832941417,19.061653663853825,-4.698950990777839,0
POWERGRID.NS,2025-12-12,1310.4642674210654,1326.6854285643797,1300.034571273046,1323.5843657205187,3629225,4.791909173857656,18.97876920065154,-5.064781824515618,0
POWERGRID.NS,2025-12-15,1331.2555165294868,1359.7997771429891,1320.6652333738166,1342.6627469066034,2137264,7.750238461152215,18.772837387951746,-3.6963686524923656,0
POWERGRID.NS,2025-12-16,1345.6159969647244,1349.2721011671808,1340.7741108074124,1341.4206898411478,2544475,6.870943953545039,18.743782365602257,-3.785456255481112,0
POWERGRID.NS,2025-12-17,1378.5889284207942,1378.9142135107609,1358.405846219952,1371.2889718029094,3985839,9.704002248329546,19.504471521513683,-1.6431282422432636,0
POWERGRID.NS,2025-12-18,1362.751743543197,1371.8686075497112,1356.8801199436944,1361.5574670648382,4913298,8.244535118436813,19.702951556337663,-2.341128724427577,0
POWERGRID.NS,2025-12-19,1363.0464917830525,1364.8703837750782,1357.1595159794886,1364.7386053687785,2756966,8.03302695446133,19.697484077601953,-2.1129588648005626,0
POWERGRID.NS,2025-12-22,1361.6461706978803,1385.7261729864824,1356.695799615632,1357.2885268841208,2917606,8.051199240170593,19.69143341603419,-2.6473221019943205,0
POWERGRID.NS,2025-12-23,1390.3460743323578,1398.4402025797779,1382.7871283437435,1391.1207350128082,2596444,9.358150241770979,20.534922929492325,-0.22067810162726964,0
POWERGRID.NS,2025-12-24,1394.8597006120092,1395.170728992203,1389.558901095899,1393.743176298059,4144768,10.378577754309571,20.29968374561828,-0.0325812624566324,0
POWERGRID.NS,2025-12-25,1430.5185130429493,1437.7403171812973,1428.1605177745985,1429.4029849109108,2595193,11.627511556574222,21.084246036699223,0.0,0
POWERGRID.NS,2025-12-26,1421.0212921906411,1424.2452613607043,1416.1770692693967,1421.826373145835,3085321,9.319031079837359,20.928390817175693,-0.5300542845548928,0
POWERGRID.NS,2025-12-29,1443.135169235083,1449.6627616856556,1429.922544912524,1447.7347068454555,2852317,9.94718035528448,21.22002451984955,0.0,0
POWERGRID.NS,2025-12-30,1449.3978838812022,1465.1248498496911,1437.6637129045835,1449.39031303204,2172740,10.341802787695698,21.161906581747065,0.0,0
POWERGRID.NS,2025-12-31,1464.7967617060538,1466.7242319336622,1461.591880197548,1463.6155102995015,2866649,8.10011231012988,19.621465745537552,0.0,0
POWERGRID.NS,2026-01-01,1439.9138820499727,1458.1575737293533,1436.318265145912,1441.9554010261006,3272749,6.335490245055375,20.264412559365613,-1.4799043273986956,0
POWERGRID.NS,2026-01-02,1432.9572718299808,1454.7545742751217,1422.775352603469,1447.6013818957501,2158375,6.472569435857278,20.27061508806667,-1.0941485855444633,0
POWERGRID.NS,2026-01-05,1425.8323751066796,1432.6283590246471,1425.6658889778678,1428.7578239032446,3373095,5.143141996800016,20.732955360745546,-2.381614990478198,0
POWERGRID.NS,2026-01-06,1431.1349978447884,1448.7991220876154,1425.3840665893963,1432.7812122476232,5153259,6.907613195284634,20.206631633105477,-2.106721187012328,0
POWERGRID.NS,2026-01-07,1413.5143721960749,1420.5716137043257,1397.7464128533531,1406.5271732486392,3727745,3.35849445807912,20.667411683402985,-3.9005009614294317,0
POWERGRID.NS,2026-01-08,1407.9495172513646,1425.8553439105906,1392.7194121997359,1404.5564547669874,3286102,3.953462064972535,20.53390722851858,-4.035148241933351,0
POWERGRID.NS,2026-01-09,1421.9973329865165,1427.1648795305289,1412.7917557248547,1422.755944872316,2292976,4.173245048595797,20.628462850316502,-2.791687102224294,0
POWERGRID.NS,2026-01-12,1429.1369203140862,1437.302360794183,1424.7623099818152,1431.7440744044443,1624433,3.4110000862609624,20.35466376735855,-2.1775825461521126,0
POWERGRID.NS,2026-01-13,1407.5071368679633,1424.892478441081,1404.8648900818398,1410.3146324472502,3578439,1.156020571890748,20.801626458011892,-3.641726770259779,0
POWERGRID.NS,2026-01-14,1382.257842301819,1388.2922133109005,1373.7634455021957,1378.1735066182355,2851869,-0.29786631579357126,21.727153923640564,-5.837735599275106,0
POWERGRID.NS,2026-01-15,1393.5840399890276,1394.670725006276,1361.3134388029537,1386.0379781324195,3715744,0.7098239747458823,21.747913894603407,-5.300403802854426,0
POWERGRID.NS,2026-01-16,1409.6091850441253,1414.525904510912,1406.7680601724726,1412.2025492822809,1860233,5.9897775790505925,20.131688028265714,-3.512736825718654,0
POWERGRID.NS,2026-01-19,1395.9967617318202,1400.4736981759136,1392.5315373249323,1395.5800215812594,2520854,4.917351429113537,20.501951257504675,-4.648453657362506,0
POWERGRID.NS,2026-01-20,1436.4369845938963,1445.0340250347733,1425.3902893952497,1430.7601178219004,2891198,6.560109848044315,21.50632933785321,-2.2448103512429873,0
POWERGRID.NS,2026-01-21,1431.9483510514158,1434.7367266688036,1419.7147899480437,1430.2579671518563,3236228,6.855919373328412,21.46167637525949,-2.2791192709360697,0
POWERGRID.NS,2026-01-22,1397.0739006017411,1399.2544772328235,1390.5095456323731,1396.651229449665,3192619,5.11531863817678,22.574834616748056,-4.575264499358411,0
POWERGRID.NS,2026-01-23,1360.4415673010963,1379.318445965494,1359.4647005352435,1370.3603276223455,3547882,3.5340370522103814,23.30392053184275,-6.371562887993242,0
POWERGRID.NS,2026-01-26,1380.4574146731584,1397.8574457982254,1361.5817885804054,1382.702611367213,2244505,2.9821237353057084,23.090450743248308,-5.528289251029539,0
POWERGRID.NS,2026-01-27,1387.3406923842376,1398.144394000834,1381.9675352057666,1384.4759666298162,2158218,3.209677405062772,23.082638910844764,-5.407126606187084,0
POWERGRID.NS,2026-01-28,1404.517490393055,1420.4401580593171,1393.4714024405655,1408.9366152606126,4681418,2.745420128932108,22.753322324893393,-3.735878354261213,0
POWERGRID.NS,2026-01-29,1398.864412044794,1416.7815324436797,1385.2738108592114,1388.4453100281223,2726780,1.9747857592266937,23.08364509886119,-5.135925367174943,0
POWERGRID.NS,2026-01-30,1392.0226551388125,1399.6112801547076,1384.6136786553361,1390.0413110149063,2119037,1.8540331127579135,23.079138267624398,-5.026880267860756,0
POWERGRID.NS,2026-02-02,1388.1960496624883,1396.2144822779042,1377.8604874160362,1389.774480436362,2506856,2.393444938845679,23.007081830943783,-5.045111188253893,0
POWERGRID.NS,2026-02-03,1387.5431957364615,1395.7272628494773,1376.3616278218326,1387.0125720701344,3166847,-0.2953131844904866,21.85735029008682,-5.23381569068585,0
POWERGRID.NS,2026-02-04,1382.4037248569575,1390.8390746465902,1371.8093362791421,1380.2819761813114,4010818,-0.9658307459845084,21.893868826934053,-5.693676620107524,0
POWERGRID.NS,2026-02-05,1363.6334178096347,1388.4450184421694,1357.9007618284604,1373.9122215891687,3475704,-3.8820937067793215,20.504881516504174,-6.128883445077504,0
POWERGRID.NS,2026-02-06,1376.8456820303256,1377.3444513684235,1374.7131212271752,1376.4186524113265,2205949,-3.193619248603652,20.48619453172047,-5.957634178824167,0
POWERGRID.NS,2026-02-09,1383.9419723314552,1386.3171876697709,1370.1979929162314,1381.0482453116533,2171996,-4.606262543716233,19.712704097539543,-5.641322082665845,0
POWERGRID.NS,2026-02-10,1377.7026678804941,1389.2210207555383,1373.6927322120087,1384.8621073057545,2431105,-4.45209307293466,19.737093316126693,-5.380743948089995,0
POWERGRID.NS,2026-02-11,1410.1463417134562,1411.155000885634,1402.2265617215528,1404.665664662923,3013412,-4.027686589937507,20.00044577819867,-4.027686589937507,0
POWERGRID.NS,2026-02-12,1391.908694994147,1403.3613644887255,1370.4277891021036,1384.1840899559045,3768128,-4.006456165640482,19.987752342370673,-5.427068774868538,0
POWERGRID.NS,2026-02-13,1353.9292482866256,1363.6577749344751,1351.3096157294146,1354.0465438956587,3228542,-6.462748597101631,20.77792175740386,-7.486185110283605,1
POWERGRID.NS,2026-02-16,1367.33010959673,1378.2438580259388,1361.527798291411,1370.2977058270735,2958905,-4.091674397027134,20.90487640821864,-6.375841456704167,0
POWERGRID.NS,2026-02-17,1358.1798821793104,1366.7216626819784,1347.8267786888835,1354.5003072270254,3602510,-5.463563058437759,21.071731584086642,-7.455182204932209,1
POWERGRID.NS,2026-02-18,1342.6833541097917,1365.3697253440744,1336.656878468083,1347.9781317701222,3667727,-4.162666928310166,20.506583341808515,-7.900803026179748,0
POWERGRID.NS,2026-02-19,1337.6824682521951,1342.0419949549498,1337.2371939679833,1337.7478406660844,3017919,-4.756563103900757,20.586579632799992,-8.599776973370599,0
POWERGRID.NS,2026-02-20,1330.5557758691677,1343.422595562989,1326.439015965064,1327.254106258542,3099421,-6.712454019817482,20.192511974622292,-9.316750408927799,1
POWERGRID.NS,2026-02-23,1296.7530663111133,1314.663049273704,1293.915445747364,1303.8741497571102,3006819,-8.931060161748771,20.50067099610674,-10.914161500632302,2
POWERGRID.NS,2026-02-24,1294.70217746143,1299.0240110027646,1289.9997975927706,1294.6397964077282,2683858,-8.202058844046533,20.227345120868893,-11.54508904167021,2
POWERGRID.NS,2026-02-25,1305.968283194588,1315.7208965514067,1287.0328464867998,1304.4107032719362,3498401,-5.352214579084357,19.51669657423069,-10.877502042526654,2
POWERGRID.NS,2026-02-26,1303.4132202014705,1308.1062131439364,1294.141703048024,1303.992984146961,2395899,-5.9193900369171715,19.394156151951616,-10.906042265149052,2
POWERGRID.NS,2026-02-27,1316.5071905495377,1326.412929238408,1310.549048317099,1311.5531673844494,2805986,-7.127120819105182,18.523993793861717,-10.38950064719767,2
POWERGRID.NS,2026-03-02,1303.6539672367235,1311.3901180517867,1299.99604563091,1303.4126822546082,4269029,-6.604231781866665,18.348664585127448,-10.94569078542429,2
POWERGRID.NS,2026-03-03,1312.1303055154708,1318.7498878908889,1305.3922031564075,1317.2510233459857,2762607,-7.933481864780645,16.88277729151214,-10.000200593909058,2
POWERGRID.NS,2026-03-04,1316.0046606270257,1319.3974917865705,1307.968987390285,1308.8822838506205,2205476,-8.486279125082397,16.899927427801682,-10.571985973093279,2
POWERGRID.NS,2026-03-05,1276.4770648738436,1276.5002171974302,1270.9632179960736,1275.8310332496044,2491035,-8.650706321840163,17.09232805957665,-12.830178125911672,2
POWERGRID.NS,2026-03-06,1276.8452949594166,1283.890912205693,1266.141318338934,1280.3380347098878,3503208,-6.569242490305571,16.506804255069607,-12.522241961764225,2
POWERGRID.NS,2026-03-09,1301.3759389443126,1305.711921634898,1287.804742556194,1291.8297703806259,3543434,-6.572117550044421,16.50497323732182,-11.737081132989836,2
POWERGRID.NS,2026-03-10,1290.4754259946912,1300.0577485443162,1274.4887462714676,1282.83909151325,3640465,-7.341180169705474,16.526231289508402,-12.351359869728284,2
POWERGRID.NS,2026-03-11,1302.4588360831615,1303.9751718088858,1287.2375252102217,1301.077838207487,1767871,-7.655332105424407,16.187384725039795,-11.105216564612252,2
POWERGRID.NS,2026-03-12,1285.6348955918163,1298.8259932947503,1282.9832210210905,1287.5119191519595,3571473,-7.269525860843484,15.965890994211643,-12.032093805258025,2
POWERGRID.NS,2026-03-13,1294.546827031581,1298.2119222185815,1286.2362095555827,1297.5621347406002,3239013,-6.652980421623922,16.211453149245294,-11.345423329445426,2
POWERGRID.NS,2026-03-16,1327.3465883292793,1338.6789499180668,1318.6782377354577,1324.6541736608995,1986263,-4.685674380422933,17.538886262425947,-9.49438808626496,0
POWERGRID.NS,2026-03-17,1327.5748727641642,1328.8812586966778,1324.481114464357,1324.8762863283582,2897374,-4.479864638071518,17.545222028388217,-9.479212470408493,0
POWERGRID.NS,2026-03-18,1322.625383256881,1325.3461677730115,1316.991916385599,1320.9196246081535,2491522,-4.300740906389999,17.522256049634155,-9.749547247018986,0
POWERGRID.NS,2026-03-19,1318.5741992077271,1320.386862376758,1302.271224719431,1318.8854308206173,2692884,-4.005116913866836,17.495956001246,-9.888531411454348,0
POWERGRID.NS,2026-03-20,1346.0998814317747,1349.862982975578,1333.2436302134652,1344.5420127047307,2351052,-2.3159116342074904,18.48768341434304,-8.135572269960745,0
POWERGRID.NS,2026-03-23,1357.9252863390861,1359.1261994038746,1330.4162895393388,1350.68750400871,3290081,-2.1983838295303038,18.514117436083648,-7.715687999759091,0
POWERGRID.NS,2026-03-24,1378.7030092694997,1387.1527987260174,1367.649097764641,1385.513802352816,3065232,0.047058479224992844,20.02611805091503,-5.336217565137957,0
POWERGRID.NS,2026-03-25,1389.4533882647,1395.7803624297355,1386.5772390032507,1389.78485421832,2831413,-1.0593845082825348,19.593816071087495,-5.0444024104440714,0
POWERGRID.NS,2026-03-26,1373.3382143809492,1392.846896082718,1363.2638616342063,1378.5473284687037,3135573,-0.4072262878979105,19.269649091757703,-5.812194612052879,0
POWERGRID.NS,2026-03-27,1371.1815169643507,1371.2938259442592,1358.2586466770854,1368.5545242866995,2200988,1.0714535963660898,18.28234936014223,-6.494942513512281,0
POWERGRID.NS,2026-03-30,1372.0543673690295,1378.4745882373102,1352.1707173873892,1369.1926620473914,3309582,-0.08064260598138473,17.949965348285907,-6.451342417981632,0
POWERGRID.NS,2026-03-31,1331.034156481405,1340.7544110787996,1329.4239674737412,1335.6957098248006,2800150,-1.3883051411573422,19.033008052135898,-8.739986668255828,0
POWERGRID.NS,2026-04-01,1328.0188298084267,1337.0904732880156,1321.165465214237,1327.7413946165414,2792060,-1.5012659832253084,19.058856762528396,-9.283456941171387,0
POWERGRID.NS,2026-04-02,1314.1429909574947,1325.8402052344597,1311.7193513608381,1320.1859728672225,1840450,-1.3127935822432324,19.004779506123594,-9.799673235420192,0
POWERGRID.NS,2026-04-03,1320.6689157748674,1324.432430701843,1317.134089001405,1323.628702983366,3319852,-0.2731506542779205,18.88870693772107,-9.564452298506298,0
POWERGRID.NS,2026-04-06,1357.5738928707935,1377.1368064296007,1345.1128111131943,1354.4638469418123,1690903,3.8799524627531,19.29486205368637,-7.45767331581183,0
POWERGRID.NS,2026-04-07,1353.0325546611784,1357.1527628048443,1348.3640165855008,1354.9849931059882,2253131,4.661157247421355,19.132283880689567,-7.422066548835904,0
POWERGRID.NS,2026-04-08,1320.9062980452804,1333.6027242846142,1316.13307852174,1323.7192128317115,2548027,1.4802477096625077,20.325027782826982,-9.558268307717155,0
POWERGRID.NS,2026-04-09,1307.2851088248083,1318.242241356435,1299.5823830711995,1308.9239119969754,3377771,0.37814067329819956,20.607912020105672,-10.569141773502476,1
POWERGRID.NS,2026-04-10,1305.0841555999334,1312.8961891776798,1292.8274195417684,1312.6916224197516,4073804,0.0868020499369182,20.556400415613957,-10.311716896800727,1
POWERGRID.NS,2026-04-13,1322.280913399095,1322.7231155583352,1307.077237560887,1313.7984610128506,2468584,0.796814309055005,20.46951681718912,-10.236093306772464,1
POWERGRID.NS,2026-04-14,1336.8635941046616,1340.1528096657623,1325.8708082340038,1339.2943709713209,3764481,1.6734356045017273,21.004306216572104,-8.49411190666739,0
POWERGRID.NS,2026-04-15,1359.7042308870639,1361.0958468650513,1345.0685360108068,1354.4435477473985,2383954,3.4809290689412187,21.117038165794153,-7.4590602370538495,0
POWERGRID.NS,2026-04-16,1369.604258167002,1379.4744490097366,1366.7742710653506,1369.2716825423506,3644098,7.323904722300756,19.733786431283036,-6.445943425254164,0
POWERGRID.NS,2026-04-17,1368.3139366107123,1372.4614833892513,1350.0470055994483,1365.3356186582648,4066684,6.6386830387052065,19.79006502682902,-6.714870876240275,0
POWERGRID.NS,2026-04-20,1374.4138344349467,1384.352734904314,1369.3130256122668,1383.0851438938444,3286878,7.064040139462868,19.943231632209848,-5.502153115962683,0
POWERGRID.NS,2026-04-21,1360.9295720059704,1376.93603044426,1358.5854664446676,1367.9214911014758,3408676,6.632351644964429,20.13852547526244,-6.538193844259254,0
POWERGRID.NS,2026-04-22,1377.403490410166,1386.789877573964,1364.8806325310265,1383.5308933070064,3499511,6.337288414128706,20.009257224529964,-5.471697753196625,0
POWERGRID.NS,2026-04-23,1373.600070064246,1379.1393941111185,1372.8797732066826,1378.4734801119246,3928525,7.064910204472374,19.73445492227498,-5.817240223844999,0
POWERGRID.NS,2026-04-24,1355.6699140963117,1360.5430202552043,1351.4360869887862,1354.3581909457348,4713930,4.377135759783002,20.47532275590164,-7.464892151314329,0
POWERGRID.NS,2026-04-27,1367.6986787467713,1368.184214625825,1356.8409741677697,1363.6615700074094,2506806,2.944723016929518,19.71202293597083,-6.829248500628305,0
POWERGRID.NS,2026-04-28,1390.115873061581,1397.5040823586796,1386.3226884638202,1386.3450537675571,4150095,4.6395854521291024,20.219724220068056,-5.279423181032861,0
POWERGRID.NS,2026-04-29,1380.0502101421926,1388.9857464742995,1361.198118452108,1379.220513048334,4409958,4.4136590413270005,20.27163179119233,-5.766199979248487,0
POWERGRID.NS,2026-04-30,1407.7620213991981,1418.5377814992644,1402.694966921771,1404.9455183607893,3579563,6.525213299734833,20.843476783616527,-4.008565878528203,0
POWERGRID.NS,2026-05-01,1374.5941559758705,1388.1247337676846,1353.2171059342506,1376.9268893617443,1874769,2.408617681783487,21.133923391065352,-5.922909420385825,0
POWERGRID.NS,2026-05-04,1358.5378623600009,1360.868108164684,1352.7217302205936,1356.922808700214,2928252,0.4616393261208218,21.564558840878142,-7.289667323725935,0
POWERGRID.NS,2026-05-05,1353.736603467571,1355.2904678750408,1349.8389102993226,1354.165873200195,2998546,-2.262549034111916,20.1630920982703,-7.478032060271733,0
POWERGRID.NS,2026-05-06,1347.4176577770888,1358.4696451330158,1331.1380298761303,1347.7862026136395,3428559,-3.0219534683519456,20.163086620823034,-6.895211660505229,0
POWERGRID.NS,2026-05-07,1337.791291451088,1342.8037329000695,1328.625298255879,1336.674330230101,3687989,-3.0374726622636405,20.16802395004462,-7.662817475373029,0
POWERGRID.NS,2026-05-08,1337.5987844862948,1343.4422594220262,1326.746978234605,1338.4546587025657,4237483,-2.1993910399603633,20.088310032329623,-6.583458293474287,0
POWERGRID.NS,2026-05-11,1334.4223996256912,1335.071430863686,1325.8978031820352,1329.6284114355024,3592803,-2.8896043419285866,20.15791115204187,-7.1994802786605305,0
POWERGRID.NS,2026-05-12,1316.473320014245,1336.875713351221,1312.6561187507668,1323.5515708450062,2436718,-0.9091995198058478,18.923753665502897,-7.556692951877064,0
POWERGRID.NS,2026-05-13,1321.7950291954053,1335.4813855026462,1320.1203741318238,1327.6184504594362,3386080,-0.009259646313930503,18.867459544622776,-7.2726422135409035,0
POWERGRID.NS,2026-05-14,1316.806909884854,1324.7294287973566,1312.6483966241076,1316.6664765844646,2841971,-0.2665909466614158,18.949688250150768,-8.037581567630935,0
POWERGRID.NS,2026-05-15,1314.5193030244707,1333.3826889546986,1307.6648540809435,1314.6333665390534,3741411,-0.6795966590961489,18.937858181086,-8.179583904623799,0
POWERGRID.NS,2026-05-18,1318.324415690994,1321.3663744429855,1303.1960356642953,1304.1327227569604,2456634,-3.7159444527436025,17.701159568036168,-8.850358175884132,0
POWERGRID.NS,2026-05-19,1282.7238655151655,1300.8338577727102,1276.6404962318811,1285.050072708443,1986463,-5.161305900313751,18.11449480361006,-10.18410027638157,2
POWERGRID.NS,2026-05-20,1301.208490844255,1301.5444057558327,1295.5306159115523,1296.5268052495792,2966105,-2.0542428725471185,17.18424724877317,-9.381957946708052,0
POWERGRID.NS,2026-05-21,1330.3451354761664,1339.998990037248,1322.7806325909248,1323.00997429804,2280796,1.0761559302231882,17.92466391279889,-7.5309719764828476,0
POWERGRID.NS,2026-05-22,1344.6045069335335,1352.467014326991,1327.155886476996,1339.6537409488137,3398679,2.0539567761818533,18.257818187485537,-6.3676905540099416,0
POWERGRID.NS,2026-05-25,1351.1833739397814,1354.4674400022975,1341.3661439793896,1344.6297029732607,2667460,2.346725382570569,18.278156082574924,-6.019906046847268,0
POWERGRID.NS,2026-05-26,1337.8060838822094,1346.5957081412926,1331.849761107286,1333.9536611988467,2177917,-0.39877041882889763,17.56865461491674,-6.733352175956419,0
POWERGRID.NS,2026-05-27,1321.2601012173977,1336.387180444589,1312.2499014701525,1329.0057091746494,3297619,-1.8781025325902534,17.259442280320176,-5.673137117753047,0
POWERGRID.NS,2026-05-28,1349.7872995746986,1353.8472050282214,1344.2610516334648,1345.6029745198625,3799234,-1.7285618569531813,17.354338759797262,-4.495137684319117,0
POWERGRID.NS,2026-05-29,1304.6740739558877,1316.0498300168467,1302.8392490590418,1308.905471035485,4022330,-4.133060534832778,19.003759001463244,-7.099761844618158,0
POWERGRID.NS,2026-06-01,1311.2505426207024,1312.0277183556302,1297.289584702446,1302.8563377605733,3851291,-5.800713462036066,18.528901029747352,-7.529102186077941,1
POWERGRID.NS,2026-06-02,1305.2515016485138,1315.9776912660984,1304.907591950537,1314.0254894232478,4035062,-3.939992318918095,18.565786934892405,-6.73636590953447,0
POWERGRID.NS,2026-06-03,1303.075717973057,1310.4448344372004,1294.541099577331,1295.8448078472927,2543516,-6.3378480295528945,18.508842141047978,-7.765476247135128,1
POWERGRID.NS,2026-06-04,1300.5618908677884,1306.913010439266,1297.948587671778,1302.0896450697983,3155140,-5.541190029707666,18.61021846871976,-7.320986610996661,1
POWERGRID.NS,2026-06-05,1312.6433531196917,1324.5765549135442,1305.371365984082,1307.6362977989222,3094212,-3.449744200549132,18.07975726036818,-6.9261917483748325,0
POWERGRID.NS,2026-06-08,1278.9725459075341,1296.8858176398119,1275.1686175671587,1284.6625225855908,3108980,-5.7931563930036845,18.524822216102628,-8.561399300062389,1
POWERGRID.NS,2026-06-09,1286.0902754230717,1288.8732729738936,1279.6993722158636,1285.6529003063276,3716440,-7.263137931468555,17.696062865219794,-8.490907049096496,1
POWERGRID.NS,2026-06-10,1284.0341078634387,1285.903829798539,1262.385570397742,1275.8137748743834,3846178,-7.497476813580917,17.744191464102382,-9.191227830462022,1
POWERGRID.NS,2026-06-11,1281.5416273148753,1294.673882477493,1280.883717694332,1281.8499449454416,4246782,-8.761590524803308,16.729593221719007,-8.761590524803308,1
POWERGRID.NS,2026-06-12,1287.8353525032214,1292.4805925785513,1286.5587039892619,1291.8414205966862,3753701,-6.179374476774024,16.211777227982633,-8.050425890967395,1
POWERGRID.NS,2026-06-15,1295.673147389951,1304.4553017742362,1291.2419285021804,1297.6861781310631,2405290,-4.3655121860537776,15.87682339385387,-7.634412781704891,0
POWERGRID.NS,2026-06-16,1288.9290850133475,1312.8003466675793,1281.7598243145778,1298.4624239280488,4506710,-4.113487894987822,15.88657462085274,-7.579161828067105,0
POWERGRID.NS,2026-06-17,1307.1695006548143,1312.5056143045251,1299.7273134088928,1302.615490451095,2851177,-3.3514745940379176,15.906568990256833,-7.283558442115757,0
POWERGRID.NS,2026-06-18,1286.6405532488739,1290.911421347496,1275.7729446767612,1284.010352637594,2734219,-3.939925859385751,16.23555040588764,-8.607818889966323,0
POWERGRID.NS,2026-06-19,1289.8150139502507,1299.352473838784,1273.8200104086684,1283.1861140515837,3473047,-4.1292803078258,16.217939157890772,-8.6664858329359,0
POWERGRID.NS,2026-06-22,1268.5233826521749,1274.33434975752,1260.9894388651883,1270.6330335056225,3369225,-4.436982349541319,16.33337824039497,-9.559978169963124,0
POWERGRID.NS,2026-06-23,1282.8554291557427,1296.007921879014,1277.1432124808775,1286.1079734754746,3021462,-2.829024436548855,16.771744868868495,-8.45851624367382,0
POWERGRID.NS,2026-06-24,1296.2299282784,1299.2507761649747,1293.8035126219409,1296.3418430973932,1695036,-2.355843077596531,16.931322508418734,-7.730098700916798,0
POWERGRID.NS,2026-06-25,1310.5333284909711,1315.9647789847534,1288.573054422763,1306.6126660397977,3408540,-0.7635806579314841,16.956738504841017,-6.999050926595418,0
POWERGRID.NS,2026-06-26,1342.7613375787237,1351.8462326791978,1332.8066495461856,1333.3930061142821,2854414,1.4269864171039481,17.97741061432173,-5.092902985305125,0
POWERGRID.NS,2026-06-29,1336.5794160232379,1345.5688244972716,1320.762936215385,1327.7608958732421,3273694,1.811792059502304,17.85505346764641,-5.493780468982301,0
POWERGRID.NS,2026-06-30,1330.8280164074495,1335.816289052938,1318.5937970398027,1318.6820468053957,3410805,2.6171722652073903,17.412361972855006,-6.139986955226629,0
POWERGRID.NS,2026-07-01,1309.5364839354934,1326.6276174009217,1305.822625631367,1312.7398556215724,1888771,1.2504986635330173,17.31036871032851,-6.562935112729296,0
POWERGRID.NS,2026-07-02,1284.6860417830671,1292.4336142573384,1278.5336228334538,1287.3894671724895,3241759,-2.6923838684171697,17.16052113453505,-8.367303190906473,0
POWERGRID.NS,2026-07-03,1266.5644350365978,1275.7515922086168,1259.4466349168317,1263.7208082490113,3279176,-5.6681014189549295,17.39933719865925,-10.0519705758093,2
POWERGRID.NS,2026-07-06,1276.403333342019,1280.529567654716,1271.6680568193697,1272.8271363095141,2772851,-5.3399509548968,17.52594292352625,-9.40380821353296,1
POWERGRID.NS,2026-07-07,1254.9966424882753,1258.9078162757692,1248.549295635369,1251.353451195537,3382755,-6.192134884886147,17.984376590786933,-10.932243646319806,2
POWERGRID.NS,2026-07-08,1232.9404287427672,1238.3676228668392,1229.4539601499594,1234.9786294295727,4896837,-7.074994418456648,18.2619944551724,-12.097756582726726,2
POWERGRID.NS,2026-07-09,1231.4766318431118,1234.1804780650414,1226.694328295472,1233.1352591513514,2173741,-8.358164889509235,17.71427391326967,-12.228962402036503,2
POWERGRID.NS,2026-07-10,1224.4754710552804,1231.6105942969073,1219.0574497193759,1226.7152592662485,3236543,-6.279308444193099,16.15606952786334,-12.685919615053098,2
POWERGRID.NS,2026-07-13,1238.0171594167134,1243.1527232750889,1231.2068479913407,1239.4835422238518,2554489,-4.864143014083222,16.53577454046567,-11.777109786434215,1
POWERGRID.NS,2026-07-14,1233.6203779644334,1250.1472713043986,1220.0222928988262,1240.0444433771888,1451309,-5.63010737931201,16.266615391973946,-11.737186448055127,2
POWERGRID.NS,2026-07-15,1229.3048807526852,1231.316210062652,1226.3457937852695,1227.884151806243,2525804,-5.244505794945353,16.049708649526742,-12.602721190294375,2
POWERGRID.NS,2026-07-16,1247.0249653951091,1250.0962180518882,1234.2394034544886,1241.9453396120496,2409990,-4.6190602686595135,16.396767784459293,-11.601886095833747,1
POWERGRID.NS,2026-07-17,1245.5824674069704,1255.7806283087216,1238.385912475098,1252.5122812069237,3843679,-4.215546531155945,16.572278992260568,-10.849761443540961,1
POWERGRID.NS,2026-07-20,1220.6745017203027,1234.6082871300457,1216.1634611534075,1231.1472375463113,2734098,-4.165707654611994,16.529498545058388,-12.370464088689781,1
POWERGRID.NS,2026-07-21,1235.8319527676529,1238.7700374679266,1229.8039011165752,1234.542601057912,3603989,-3.975435301101704,16.561807454065793,-12.128791833984687,1
POWERGRID.NS,2026-07-22,1222.8206137342224,1239.1421951421758,1212.6436378133778,1223.6601699168748,2750409,-4.087869717713599,16.6039170762284,-12.903372129008106,1
POWERGRID.NS,2026-07-23,1211.8262247755142,1214.9129595609259,1209.1846960493092,1212.4900567385191,2222449,-5.410921027099991,16.649573360664256,-13.69842880788832,2
POWERGRID.NS,2026-07-24,1235.7450430114548,1255.7808597022063,1232.7891893435883,1239.6600752844502,3851807,-4.039299598253643,17.87495974108035,-11.764544668549481,1
POWERGRID.NS,2026-07-27,1240.4159497627525,1241.8872038410407,1238.3457515310881,1241.171083314561,2198210,-4.35506640734169,17.80671454340534,-11.656995442592756,1
POWERGRID.NS,2026-07-28,1237.722409213924,1244.3342938229023,1235.3208222670098,1237.5972326267556,3782531,-4.687481915507929,17.800948921897874,-11.911371903537304,1
POWERGRID.NS,2026-07-29,1244.7838187938626,1249.7325048765738,1233.2200810150503,1238.5212021210966,2724691,-4.920430380250007,17.75838853810888,-11.845606400016639,1
POWERGRID.NS,2026-07-30,1260.9080365015138,1263.2848621211438,1249.882482462127,1251.2410042928482,2312032,-2.5521093562393404,17.66254280575848,-10.940247294946692,1
POWERGRID.NS,2026-07-31,1239.9580979506254,1245.74348588175,1239.847649596926,1240.411895972404,2584497,-3.3334383540141843,17.808320846148305,-11.711032224249795,1
POWERGRID.NS,2026-08-03,1230.7822996767586,1241.0101613048282,1225.850942851013,1232.1987671795116,3427232,-3.024812460610471,17.69711828158329,-12.295619219656917,1
POWERGRID.NS,2026-08-04,1243.7973909661052,1252.626088426494,1239.578875720428,1241.6077801906422,3854405,-3.4600666664540425,17.45122901765975,-11.625912609103894,1
POWERGRID.NS,2026-08-05,1217.6139001890335,1226.0342751706912,1213.6306464016782,1218.8860346799956,3662138,-5.974952427079705,17.91817706291591,-13.24318140805042,2
POWERGRID.NS,2026-08-06,1233.3785995923715,1239.939573539851,1222.2905211103255,1233.127354892629,3026516,-5.624108280680817,18.130873262095786,-12.229525004544517,2
POWERGRID.NS,2026-08-07,1212.72057014435,1214.876541326765,1201.3222157047526,1209.2716554985489,2874320,-9.308684689853186,17.52818803899741,-13.927505394696126,2
POWERGRID.NS,2026-08-10,1202.7417074369544,1217.2355386721536,1200.7718582685648,1205.3812767807751,3413499,-9.216992266667134,17.525469461648086,-14.204411414675667,2
POWERGRID.NS,2026-08-11,1185.750888564004,1195.7054018442914,1173.8158961245442,1182.1523764718288,2220463,-10.35349428350223,18.112873887402827,-15.857778040311688,3
POWERGRID.NS,2026-08-12,1166.378891434196,1170.9270464993003,1163.4588626924633,1166.9443840066626,3075259,-11.106196783053923,18.311188181343823,-16.940239407419366,3
POWERGRID.NS,2026-08-13,1188.1479985186702,1201.29227509311,1182.1060299319904,1184.9346049094775,2538656,-7.958342434479837,18.52843998308167,-15.659746984922807,2
POWERGRID.NS,2026-08-14,1201.764086570762,1215.7896775114116,1194.827897078513,1199.5517818764727,3756554,-5.077785057717776,18.406722323191907,-14.619338173622442,2
POWERGRID.NS,2026-08-17,1208.156955565568,1218.7299735256893,1206.214110512842,1215.9075219344031,2455900,-4.471904530582682,18.76691064121631,-13.455183418567362,1
POWERGRID.NS,2026-08-18,1194.5152887758622,1195.4005910698882,1190.0402147371587,1194.6219318502774,3150771,-4.53361272876649,18.813084287384356,-14.970230785596971,1
POWERGRID.NS,2026-08-19,1178.5086547298956,1184.2974778175399,1176.8994612128606,1179.3270468367414,3300738,-4.506278996790125,18.79810567794574,-16.058876915546637,1
POWERGRID.NS,2026-08-20,1188.4610509496704,1192.4183114961616,1183.780144443709,1183.8233615203771,1330460,-3.9989041968446326,18.860283177387753,-15.738842108155549,1
POWERGRID.NS,2026-08-21,1196.1557118849917,1202.7005254857665,1193.085103818172,1193.702757793197,3296837,-2.691129927966962,19.02408333081994,-15.035654963621536,1
POWERGRID.NS,2026-08-24,1188.2845518015342,1201.4197741479043,1175.448905021268,1181.9820860960647,1947309,-4.63914640000943,18.887645617416354,-15.869898821761119,1
POWERGRID.NS,2026-08-25,1175.0076021243096,1176.7167288480723,1165.0164589118742,1173.4787134657054,2986717,-5.368011627889368,18.948399350675043,-16.47514454262584,2
POWERGRID.NS,2026-08-26,1160.1051261665218,1168.667758079696,1150.4324624889796,1157.338896651104,2484672,-5.745269621027793,19.127599591478138,-17.623930499353357,2
POWERGRID.NS,2026-08-27,1179.27488703535,1185.1914621893488,1176.964824278652,1180.27699058701,3044253,-4.965464023102905,19.77788894313481,-15.99126263884665,1
POWERGRID.NS,2026-08-28,1183.7900027314147,1190.5824260442807,1168.6519599035578,1173.248701837712,3542471,-6.328367438667604,19.57739960963287,-16.491516111842408,2
POWERGRID.NS,2026-08-31,1178.0062024006638,1180.938030412161,1160.6333288730018,1173.3688460047347,3253964,-4.693052933029318,19.06334810567053,-16.482964593975513,1
POWERGRID.NS,2026-09-01,1164.944879383552,1174.9098216655775,1160.9538926889265,1174.226452253846,4107049,-4.885708176646109,19.03274515305932,-16.421922636269425,1
POWERGRID.NS,2026-09-02,1194.1743178707222,1205.5645252623535,1179.9464081565955,1189.5843112585117,3751494,-2.7847485352635037,19.366294524319866,-15.328794197909456,1
POWERGRID.NS,2026-09-03,1174.2181568532799,1176.2974601465132,1164.4098394977393,1175.7440945821033,1422790,-3.030619670008583,19.472497479153077,-14.611000506562588,1
POWERGRID.NS,2026-09-04,1194.1411763429576,1201.975289150435,1191.3830025954721,1192.017487499339,3518327,-3.843197722906344,18.72324589017527,-12.152888885318136,1
POWERGRID.NS,2026-09-07,1174.0296936564264,1179.5526059582335,1167.848866441055,1173.5454675011079,3569543,-5.448532980067355,19.15442221205885,-13.338130082413091,2
POWERGRID.NS,2026-09-08,1186.7268231523653,1200.6353977032882,1185.8553002888573,1189.7521569439364,2589534,-3.8659649861425227,19.675993414720434,-11.725453589244495,1
POWERGRID.NS,2026-09-09,1159.6060515838408,1165.6964283645268,1154.2676190775744,1165.1948299360954,3016120,-5.920477748739561,20.449625096285178,-13.407234377446308,2
POWERGRID.NS,2026-09-10,1158.4541035634784,1166.779258308219,1151.2590166116001,1163.4160303802514,4770427,-7.019029396517573,20.120119043695283,-13.53942786910225,2
POWERGRID.NS,2026-09-11,1192.8477034992134,1200.0431401808664,1179.9013962201536,1186.0075518651859,3205219,-4.385990192763234,20.98178836313273,-11.860513515260585,1
POWERGRID.NS,2026-09-14,1190.1359965632985,1197.6819192835278,1176.43507933962,1195.6460076115625,3956691,-2.9664661693841743,21.098514946053772,-11.144220825002826,1
POWERGRID.NS,2026-09-15,1196.5068948649882,1201.4759134592482,1192.9771437896425,1201.3770361630545,1616077,-3.2402135899479045,21.0142858458438,-10.718312985914036,1
POWERGRID.NS,2026-09-16,1177.989869902309,1187.1336147500683,1176.8047528407633,1186.0332521611313,1528944,-2.6953120787448714,20.677463158168326,-11.858603568832693,1
POWERGRID.NS,2026-09-17,1177.124151171077,1184.8010914693384,1173.760789723474,1175.300209706578,3047849,-4.689470633881621,20.459264985419654,-12.656241702650206,1
POWERGRID.NS,2026-09-18,1196.8179079066758,1199.9705365064601,1182.1337438661797,1194.0886429413308,2275903,-1.255550189089527,20.346515630068286,-11.259958133831782,1
POWERGRID.NS,2026-09-21,1198.6471524311255,1206.7489025889156,1188.0968867542867,1200.5481168205383,3507580,-0.4009652425616572,20.394138790659987,-10.77991506009286,1
POWERGRID.NS,2026-09-22,1207.726075115078,1214.6710336390436,1199.5348507609535,1213.1109553036806,2483008,2.618831501591079,19.77078220173989,-9.84629357433292,0
POWERGRID.NS,2026-09-23,1217.9889054640935,1228.0970905682902,1204.9968049550296,1213.854111213538,3144323,4.0198768552973,19.33427420074522,-9.791065106208984,0
POWERGRID.NS,2026-09-24,1215.4790109789828,1219.2876270663512,1191.387966926135,1209.4269177528438,3192679,2.0669759108974173,18.917129023962282,-10.120076972601,1
POWERGRID.NS,2026-09-25,1225.869199507898,1228.5318525691919,1216.6150699044947,1220.2715981282101,3434770,1.7272965256510453,18.76240842686813,-9.314142341010589,0
POWERGRID.NS,2026-09-28,1219.194418819374,1230.7783451536186,1217.698448566826,1223.741026314657,3884266,0.6442516588589964,18.369423870713113,-9.056307879275337,0
POWERGRID.NS,2026-09-29,1211.9701717960488,1223.5722827946215,1202.4450125094525,1220.9142361272786,2014296,2.2008891328722413,17.602957373892565,-9.266383974595128,0
POWERGRID.NS,2026-09-30,1206.0635886431612,1214.2247289105558,1193.4452964387644,1200.0446415552308,2882222,1.7567302279769992,17.931596525643855,-10.817331391272367,1
POWERGRID.NS,2026-10-01,1222.6228694697443,1227.3177940794978,1200.9108803314964,1213.528882709527,1878451,2.509286617810891,18.173112200018164,-8.989406938173328,0
POWERGRID.NS,2026-10-02,1224.1670024101563,1234.1175725332305,1210.9273141343026,1219.6205099020663,3055832,2.1712065201879627,18.07987807849844,-8.532555344936664,0
RELIANCE.NS,2025-10-06,690.9649678919146,692.6655652192387,688.6626979683899,691.7020109420306,3377230,,,0.0,0
RELIANCE.NS,2025-10-07,701.1753896061118,701.8292889224167,696.8725963804387,698.3464834855332,3042524,,,0.0,0
RELIANCE.NS,2025-10-08,706.6653427480569,709.724743078574,705.3231714950264,706.665104197446,2922170,,,0.0,0
RELIANCE.NS,2025-10-09,696.4785386464603,703.0533861859494,689.0965553026514,690.6955703307203,2389554,,,-2.2598446947316164,0
RELIANCE.NS,2025-10-10,677.3364698748073,685.2263116927035,676.2686520790663,680.3638480736871,3384114,,,-3.7218840958092914,0
RELIANCE.NS,2025-10-13,677.0287381166744,685.5803687629291,675.1828043477395,681.7864786638158,2111655,,,-3.520568001144564,0
RELIANCE.NS,2025-10-14,678.2991762391941,680.6562364173101,678.0856471225644,679.5809333141045,2766263,,,-3.8326741652399465,0
RELIANCE.NS,2025-10-15,679.5395239141894,680.8487348654771,678.9174903731418,679.8209378800142,4177193,,,-3.7987111798761464,0
RELIANCE.NS,2025-10-16,666.3585757178704,674.227586652939,665.6528523236568,673.2708004498996,3236795,,,-4.725619469419251,0
RELIANCE.NS,2025-10-17,679.7780539112481,687.9665986365686,678.4402691215829,680.7908380692797,4381880,,,-3.6614608496271295,0
RELIANCE.NS,2025-10-20,683.3375779432723,691.1196216544568,681.9906161616999,687.5560406410976,2950940,,,-2.704118746326145,0
RELIANCE.NS,2025-10-21,685.5832511750847,689.8644655486556,680.2355183756468,688.4828614931299,3466124,,,-2.572964562183311,0
RELIANCE.NS,2025-10-22,703.0847128098466,708.0516346087712,696.4068473654114,698.2463915001215,4395147,,,-1.1913299025689938,0
RELIANCE.NS,2025-10-23,703.7979406201991,707.2943588623249,701.3140961008661,702.5642570105923,3053236,,,-0.5803098472664803,0
RELIANCE.NS,2025-10-24,693.801904708031,699.8737906397557,688.8968489197822,695.7428151647746,3625880,,,-1.545610355993987,0
RELIANCE.NS,2025-10-27,698.6828397013729,704.1297935319383,695.5351240376302,699.2160648301108,4456516,,,-1.0541116751187296,0
RELIANCE.NS,2025-10-28,693.6217345150736,700.164142248196,691.3222901273916,691.6001190614793,2062394,,,-2.131842232831904,0
RELIANCE.NS,2025-10-29,697.8671641441607,705.6578974061183,695.1976806682176,699.316931620498,2440855,,,-1.0398380411458463,0
RELIANCE.NS,2025-10-30,696.4503739464002,699.4234312665357,691.3667313206115,699.2858869371798,2463087,,,-1.0442311664231263,0
RELIANCE.NS,2025-10-31,698.9947847971274,703.8401273254391,695.5735560808744,698.1235002196033,1166968,,,-1.2087202165647182,0
RELIANCE.NS,2025-11-03,693.6699773714525,693.9697825341378,691.1059591413314,692.826484048511,4292967,,,-1.958299633976035,0
RELIANCE.NS,2025-11-04,697.6500387968384,705.9505152604048,695.176563882706,703.4556250836633,1734724,,,-0.45417257689943646,0
RELIANCE.NS,2025-11-05,706.6896468426197,708.2515296698691,698.9734174145591,702.5419821634526,2543245,,,-0.583461955246245,0
RELIANCE.NS,2025-11-06,701.6043998892436,706.1022659582741,698.3509000067264,699.3280487953054,3187520,,,-1.0382648525532057,0
RELIANCE.NS,2025-11-07,697.5190651646058,701.1322638564576,696.1488442275656,696.7656016854869,2877981,,,-1.400876094370318,0
RELIANCE.NS,2025-11-10,702.695662974575,706.9110959468192,697.1635377997516,701.6196762586261,2899992,,,-0.7139772303529801,0
RELIANCE.NS,2025-11-11,709.272548287068,712.436988594625,701.6157021991222,705.0942849269572,3161844,,,-0.22228623730794483,0
RELIANCE.NS,2025-11-12,711.3829479050503,711.4317177115763,703.3350058386818,708.9883109849587,3685435,,,0.0,0
RELIANCE.NS,2025-11-13,715.4596709541812,717.8383590124268,703.1000843862928,713.0586027913878,2835870,,,0.0,0
RELIANCE.NS,2025-11-14,726.1609776829645,739.0736614010178,724.1667968853532,732.0275114332142,3086304,,,0.0,0
RELIANCE.NS,2025-11-17,732.6882944602868,739.7320353228139,723.3965928703935,728.8703239327641,1718977,5.373457414141947,16.149009572191268,-0.43129355811624137,0
RELIANCE.NS,2025-11-18,722.5033360201115,726.7176208482807,720.2309712293111,724.8057141032602,3221019,3.788839958879109,16.110438373433695,-0.9865472563749145,0
RELIANCE.NS,2025-11-19,714.1021301449622,728.1146510087187,713.8692460783125,718.1605007635131,2622579,1.6267106579604507,16.061123287711823,-1.8943291683875652,0
RELIANCE.NS,2025-11-20,725.2202557533606,728.2746816833717,723.2896469425393,723.8900765475494,3608106,4.805953251000994,14.60424362806513,-1.111629653062185,0
RELIANCE.NS,2025-11-21,734.8440963679642,737.1811858855898,731.0668710770761,734.170975015889,2856310,7.908581135600601,14.169069141702098,0.0,0
RELIANCE.NS,2025-11-24,734.1519913401297,737.7663470252037,731.8415604436204,733.5745915611932,3416933,7.59594308747118,14.202698310144596,-0.08123222995609636,0
RELIANCE.NS,2025-11-25,725.8462412563899,727.1313453721257,722.2336215841673,726.6188952135358,1405551,6.921612951976419,14.532768477932386,-1.0286540954836498,0
RELIANCE.NS,2025-11-26,716.1314104060505,726.2663846027679,706.1043555865309,719.8645482732436,2457388,5.890317311806159,14.907784926899314,-1.948650550007891,0
RELIANCE.NS,2025-11-27,728.0852542281157,729.3297735555018,725.0477046603798,725.909170466233,3871373,7.818305796294567,14.60283379990159,-1.1253243223728893,0
RELIANCE.NS,2025-11-28,736.7107582177864,737.0163661796687,726.8673437266247,732.8189440200326,3073701,7.642304073642414,14.525834852974251,-0.18415751124281066,0
RELIANCE.NS,2025-12-01,735.5481602772411,740.6523044874147,729.0141248289982,738.0202275881654,2289492,7.3396470926229584,14.422409756761962,0.0,0
RELIANCE.NS,2025-12-02,731.50696382033,736.0880592829755,723.954433132551,732.5560329593262,1894254,6.401491443173146,14.698475260674035,-0.7403854832944146,0
RELIANCE.NS,2025-12-03,736.1622649321994,740.7583200302695,732.913905573485,735.0073406410934,2895130,5.264753185762139,14.254087831327606,-0.40823907454652364,0
RELIANCE.NS,2025-12-04,731.0521958322242,740.5474879970097,728.398473234751,736.4456463293621,2572879,4.822532456025441,14.192358755537434,-0.21335204645392958,0
RELIANCE.NS,2025-12-05,735.6292259114799,741.6907873463996,733.7406136295,738.7905176623088,2848604,6.187301048497229,13.784912892498403,0.0,0
RELIANCE.NS,2025-12-08,747.9529392027695,749.5771422892162,741.0519601170715,746.970935349734,2725771,6.829773073252565,14.008923340054293,0.0,0
RELIANCE.NS,2025-12-09,744.9664548924621,754.1920620630377,743.4847694820257,749.3934451619839,3891673,8.356465608902974,13.444998048319338,0.0,0
RELIANCE.NS,2025-12-10,757.1021260129178,757.6978330304199,754.3609532893321,755.9428812147938,4560810,8.097322835166999,13.330795499671844,0.0,0
RELIANCE.NS,2025-12-11,763.264849146647,763.5825862364914,756.2483893332957,756.9759518944601,3860992,8.2498540346579,13.312433216368202,0.0,0
RELIANCE.NS,2025-12-12,757.4573687696699,761.5471313524231,757.3398287411097,760.0282739499936,3251126,8.867309825685199,13.25321543264062,0.0,0
RELIANCE.NS,2025-12-15,763.6784070078338,773.5404953102845,754.1798508789251,766.232624477194,2106092,10.59516951484538,12.956168547602035,0.0,0
RELIANCE.NS,2025-12-16,751.9864249961788,754.6939193486735,743.2457957788195,753.3686312826505,3884794,7.095402242757087,13.7064577018675,-1.6788626304342857,0
RELIANCE.NS,2025-12-17,748.0108866369636,752.4671928902908,746.1838929219455,750.9006259227864,2772508,6.883381347605022,13.76372206276807,-2.0009587251480943,0
RELIANCE.NS,2025-12-18,747.6422542634512,750.419765201473,745.5676991253428,747.0884356654095,3851081,6.82946822344368,13.786131631688997,-2.498482601787766,0
RELIANCE.NS,2025-12-19,738.4057954618477,741.8223414188549,726.8969714552237,741.7941277434404,3178463,6.462507039530774,13.948247302891318,-3.189435682202668,0
RELIANCE.NS,2025-12-22,744.0001575507321,744.4087037126117,737.1814116753148,739.7592229518111,2954573,5.435928891926678,13.939369253510185,-3.45500839819316,0
RELIANCE.NS,2025-12-23,753.0539778311,757.0919886061091,751.1097369309254,753.5676323810108,2318770,6.87473271167911,14.751587800987956,-1.6528912619486413,0
RELIANCE.NS,2025-12-24,748.1790481856491,753.0509821736167,744.5514117598929,746.1924295274797,2771001,5.247493924241908,15.120102376534389,-2.615419170305866,0
RELIANCE.NS,2025-12-25,756.7037189140556,758.1051632084188,751.0922468718408,755.3321397444972,1534875,5.928480041839834,15.384679520376821,-1.4226077544184812,0
RELIANCE.NS,2025-12-26,739.6480915929446,749.4892297817888,733.0131782535871,740.642351714449,4091089,1.176846518291108,14.753278843038316,-3.339752438785215,0
RELIANCE.NS,2025-12-29,740.7241535589017,743.9217718797152,731.4274584499061,738.0812764622477,628376,1.263729943041736,14.731448840576967,-3.6739949612761724,0
RELIANCE.NS,2025-12-30,738.3259210450136,750.6802172081722,736.3994030633553,739.9345254079075,2552342,2.08729194738273,14.6295799018248,-3.4321299079675627,0
RELIANCE.NS,2025-12-31,746.9585393733287,753.9543664015806,744.2414820873636,745.5715371066286,3079581,3.8168398726988517,14.450534288960137,-2.6964510137717723,0
RELIANCE.NS,2026-01-01,752.1201328122019,755.9491709092829,750.5648451322234,752.3792541890111,3534660,3.9355668166270785,14.500674419671395,-1.8079849181095842,0
RELIANCE.NS,2026-01-02,757.9050554595696,764.0917267440824,750.497578173795,759.9977008669131,2223880,3.5178080760363883,14.231809099009313,-0.8137115819800922,0
RELIANCE.NS,2026-01-05,754.5551140816291,763.313010067261,753.6888365793719,757.2439226434163,4123057,3.22657455076929,14.289415171151653,-1.173103512775997,0
RELIANCE.NS,2026-01-06,752.1382938809701,760.0500640491728,751.5449207734405,753.4720470358736,3206583,3.695630818194773,14.057488309368122,-1.665365978122768,0
RELIANCE.NS,2026-01-07,766.4593887759029,768.1230830500169,757.3909842872081,761.692055630273,2641148,5.810469130249851,13.959962742771046,-0.5925835969225468,0
RELIANCE.NS,2026-01-08,761.7429125416463,768.899147797534,757.4588814162473,760.3671530285716,2568982,4.746872468935348,13.860178619290334,-0.7654948720859367,0
RELIANCE.NS,2026-01-09,752.6713188211519,763.4838651888953,745.6954909232937,749.2314096299817,1650825,2.2396344614012076,14.416293511556223,-2.218805921871614,0
RELIANCE.NS,2026-01-12,737.0773014024569,740.6202840951146,736.284678137901,739.5213587528855,2797297,0.2033997319593306,14.818763553577307,-3.4860517382085954,0
RELIANCE.NS,2026-01-13,731.3466141887153,732.705640608213,726.9210776713411,731.8125881595972,3565479,-0.10148640735722081,14.976841129899022,-4.492113128318154,0
RELIANCE.NS,2026-01-14,738.5525499707175,740.2587744748657,734.1404153280995,736.6000707679915,3237134,0.21669581224983414,15.067082362913936,-3.8673051450166307,0
RELIANCE.NS,2026-01-15,744.2792241743015,744.6681584666678,736.909232990924,738.2694940242633,2397177,0.2476554385230756,15.070635668860536,-3.6494309377664735,0
RELIANCE.NS,2026-01-16,741.749710275899,750.3866141645102,737.7941193784009,744.825130991221,2943455,0.8168233328179397,15.260278018001209,-2.7938634824612785,0
RELIANCE.NS,2026-01-19,742.4187521190179,742.6465650587645,738.0217972805591,741.4273299408807,3720147,-0.7421447269909898,14.972673219518043,-3.23730597522367,0
RELIANCE.NS,2026-01-20,745.4496784080815,746.1637370846383,740.3397153583005,743.251400391462,3438742,-0.8196021476000848,14.958717969661553,-2.999248968472501,0
RELIANCE.NS,2026-01-21,749.8309338972055,756.3460375891806,748.9619514446027,749.2675638493505,3209628,-0.883045205044608,14.926225009219449,-2.214087482821403,0
RELIANCE.NS,2026-01-22,744.2175783533371,747.7562968612381,737.721351551862,746.9055263856894,4068948,-1.330349462696634,14.941076703872872,-2.522353848440162,0
RELIANCE.NS,2026-01-23,755.1784723840392,756.3226463126557,749.7888391517863,751.4274966511629,1072062,-1.1316391236514178,15.004598462444383,-1.9321975276284764,0
RELIANCE.NS,2026-01-26,742.4460523647821,747.2108845944944,737.6700467885723,745.896113266288,3571517,-2.654091011170623,14.914793784283503,-2.654091011170623,0
RELIANCE.NS,2026-01-27,749.0021429617459,754.2898646395032,739.3319114089612,743.0656531570714,3188358,-1.3675878843054212,14.165038794293903,-3.0234905928117506,0
RELIANCE.NS,2026-01-28,744.8494021953351,750.3123108510608,738.9741430535936,740.0799829484964,4457039,-1.4410219675862423,14.17966360703967,-3.4131464379426157,0
RELIANCE.NS,2026-01-29,725.1176714108926,735.5510395662233,723.2746835944656,729.9404144395982,2583529,-2.2953134337487247,14.637340387560524,-4.736448028737783,0
RELIANCE.NS,2026-01-30,737.0136607303024,738.0822998188397,726.8022313025024,734.6258291511612,3412328,-0.9663460957941794,14.651257869320824,-4.124960790804022,0
RELIANCE.NS,2026-02-02,729.2162698892943,736.4937709355885,726.470387635197,730.9047736081446,2490707,-1.1969366611389032,14.700521229704924,-4.610590797168657,0
RELIANCE.NS,2026-02-03,733.0031624992431,736.3585276450874,729.4534916222541,731.419984601475,1651522,-2.939039155590706,13.557807162209754,-4.543351296151343,0
RELIANCE.NS,2026-02-04,737.64400584968,742.2217126567981,735.0208396658629,736.0599035378655,1861012,-1.3578971842465037,13.450689426632891,-3.9378016512825464,0
RELIANCE.NS,2026-02-05,741.747058945681,745.3368131357939,734.7270163093772,740.4251863086879,3571056,-1.9735627085657792,13.052319628020154,-3.368094406853883,0
RELIANCE.NS,2026-02-06,747.4968168967968,750.2504911249348,740.2727760309522,746.7750005455688,2647478,0.8280175737890083,12.028617456568908,-2.539388602110393,0
RELIANCE.NS,2026-02-09,746.4026869363839,747.6069932557878,743.5320726854577,746.3068382298072,3376909,1.1144520298612681,11.979591278238283,-2.6004878428378397,0
RELIANCE.NS,2026-02-10,741.3522437777818,744.772460208589,735.2910547068689,742.9375308563101,2167531,0.40584745613094775,12.04473881246815,-3.040211663759207,0
RELIANCE.NS,2026-02-11,735.4717040585423,749.817071042886,724.2219526174946,742.6390031779375,2675784,-0.393326969008434,11.835843898951492,-3.07917211373695,0
RELIANCE.NS,2026-02-12,722.5157708329448,729.5135466021267,721.2749672615395,728.1570600064111,2848060,-3.2194128224214635,12.76686276758731,-4.969191242249971,0
RELIANCE.NS,2026-02-13,712.829766561417,718.508452038894,710.5864597421075,716.0185927171168,1804475,-5.786742262460831,13.085118847024718,-6.553366452431941,1
RELIANCE.NS,2026-02-16,707.1065339325434,715.8153357095782,704.4068922971725,705.1344231961262,2730139,-6.88146816225137,13.632411611181455,-7.973844930285434,1
RELIANCE.NS,2026-02-17,696.7370199369603,699.7064952206953,689.5020820754967,697.1330004446911,3131512,-7.477257691618144,13.86259553948086,-9.018099964048131,1
RELIANCE.NS,2026-02-18,699.7793996512019,708.6446196283456,699.048104704616,700.874063871423,4334310,-7.984590532262448,13.482806027983859,-8.52985875540938,1
RELIANCE.NS,2026-02-19,690.6218680056608,696.1286944260733,689.2983591647347,693.6844590812884,2304762,-8.769802020206086,13.653126513992216,-9.46816450753526,1
RELIANCE.NS,2026-02-20,691.4171185621826,696.4472562443694,689.5845493199773,690.9268476091257,1646429,-7.7819164107989724,13.206499964362356,-9.828056710512678,1
RELIANCE.NS,2026-02-23,702.1233890881191,705.9746589000887,700.6811956076493,702.1727176385074,2934729,-5.050380313201785,13.924566615056289,-8.360373180715863,1
RELIANCE.NS,2026-02-24,694.7923128321574,706.3467222061212,692.7826948425907,699.5651723782141,2581825,-4.406512856314848,13.692650642788609,-8.700680442113462,0
RELIANCE.NS,2026-02-25,698.9309128600213,709.5009778879945,697.7887070098856,706.1755518639213,2428900,-4.130398585537609,13.865221673189426,-7.837968613546053,0
RELIANCE.NS,2026-02-26,695.0153463836821,702.1994520818445,693.5585221199929,698.6956002828257,4906081,-5.360358793334752,14.071642995463717,-8.814167138921981,1
RELIANCE.NS,2026-02-27,698.5340874432197,700.1590306031018,696.6635380439229,697.3619932082988,3653420,-6.37238672650019,13.702922517578822,-8.988214423248564,1
RELIANCE.NS,2026-03-02,691.5644206434641,696.7583115255841,687.6818114562554,689.8395865762483,2651674,-6.9578961121848355,13.91501805321404,-9.96995370081889,1
RELIANCE.NS,2026-03-03,686.1025841732487,690.6816418588872,679.9343527199683,687.4199645122328,2632927,-7.511783475930677,13.84254461628546,-10.285735355987436,2
RELIANCE.NS,2026-03-04,693.5915775011588,696.081333655902,692.5688288622608,694.7720611747255,3761642,-7.273169866670215,14.035715350232083,-9.326223005869338,1
RELIANCE.NS,2026-03-05,674.7638486690739,684.274164843916,671.5961711284817,680.8967601158134,1143715,-8.837632597163324,14.92444226462888,-11.137070079677935,2
RELIANCE.NS,2026-03-06,682.1956498580741,688.5957724208389,681.3724935352004,684.8353846770297,3890372,-8.862080808981554,14.910359235645284,-10.623045430322453,2
RELIANCE.NS,2026-03-09,686.4993758241732,691.4230560149372,686.2647802822125,687.1729720482164,3839338,-7.872831105249,14.96627705899053,-10.317970013730571,2
RELIANCE.NS,2026-03-10,680.0045449121509,686.3993050821276,677.7256499269763,682.6695744709442,2822771,-8.127959949369446,15.005336140393629,-10.905702437724507,2
RELIANCE.NS,2026-03-11,673.0365050448117,673.0916137791417,668.4717326958781,671.2978846319922,2171937,-9.29387362193943,15.533928534415823,-12.389806543407945,2
RELIANCE.NS,2026-03-12,672.2194913252499,673.1018077321107,667.3154178542003,672.2519870472707,1749217,-7.9031693890544314,15.261529783730076,-12.265287907056543,2
RELIANCE.NS,2026-03-13,670.1980706449932,671.6093163016977,664.2652120970342,668.3647487184122,2923056,-9.019704699099906,15.036354051860338,-12.772606207619752,2
RELIANCE.NS,2026-03-16,673.6312225910996,682.8494799302257,664.5834765132006,670.6054004409489,2261690,-8.249962969803192,15.138444532952736,-12.480181733516282,2
RELIANCE.NS,2026-03-17,675.0761716224201,676.2207780538971,668.0635447787296,671.1534705524313,2087871,-8.23965919961578,15.140754445460386,-12.408653832722916,2
RELIANCE.NS,2026-03-18,681.4928048914654,686.3976831707839,681.2545236680112,684.5583554419994,3438991,-6.996923463474136,16.326269375837764,-10.659200147073022,2
RELIANCE.NS,2026-03-19,682.460996493519,684.1134829829026,681.8135358440251,682.973693893163,3622213,-7.759256907769874,16.136050288753996,-10.866012216699739,2
RELIANCE.NS,2026-03-20,677.1900279124056,683.7717948789857,665.9094829071722,675.0110698174183,3801396,-9.609846429744195,15.978974736543423,-11.905203686937348,2
RELIANCE.NS,2026-03-23,680.0557401571459,684.2202234148853,669.2872725405439,676.8401400831314,3079227,-9.308061321191497,16.05678916375812,-11.666494160967867,2
RELIANCE.NS,2026-03-24,681.5340620186197,688.8847933990422,676.9024689550142,679.0058834895437,2702626,-8.605252085337334,16.1573365009584,-11.38384587150223,2
RELIANCE.NS,2026-03-25,688.0873838325564,690.6018514117956,686.8518622295375,690.5544049723609,2187945,-7.0134477158745545,17.152674024220318,-9.876663703332778,1
RELIANCE.NS,2026-03-26,703.6157786493311,711.1522145807961,693.1394346407252,697.8965010483689,2263319,-4.155773612601621,16.755444060195277,-8.918456516446472,0
RELIANCE.NS,2026-03-27,703.6789564603979,706.3795063265578,699.4184311047848,701.2805228651858,3999732,-2.058336194316346,16.198302052969648,-8.476812333111694,0
RELIANCE.NS,2026-03-30,715.9143912311911,719.0931122801084,711.3706315018596,714.0995183228971,3272633,1.2714022790342838,16.487391438203236,-6.803822297421447,0
RELIANCE.NS,2026-03-31,699.3503817515262,704.7291151186203,697.0165433990367,704.3757111833944,1976127,1.0389281147332285,16.64118682479198,-8.072863425256138,0
RELIANCE.NS,2026-04-01,704.0816521078442,711.3857754844296,693.6731145034967,699.3767582868857,3204170,-0.2136340409383486,16.709722368844186,-8.725270114402218,0
RELIANCE.NS,2026-04-02,695.7659731074965,695.8162902650793,691.1852478036088,692.0272953097754,2125222,-0.23889302258663925,16.723216381962185,-9.684438745746371,0
RELIANCE.NS,2026-04-03,690.27433401584,690.5244311550026,683.793369993581,689.179940241796,2959042,-0.25283535780592503,16.72612128475586,-10.056043265969217,1
RELIANCE.NS,2026-04-06,678.0478851825592,685.5795242935817,674.4099684447557,678.2641960166716,3009156,-3.4049345725426505,16.594643806979562,-11.480642516434736,1
RELIANCE.NS,2026-04-07,684.5132929818251,684.694876744985,683.000221911067,683.8327773137382,2134058,-2.24888197492632,16.790218809551096,-10.753894382881146,1
RELIANCE.NS,2026-04-08,681.9777718511967,685.4448573419103,676.8616474191223,682.3900770607981,3408977,-3.368209893466634,16.514793640723173,-10.942179272724417,1
RELIANCE.NS,2026-04-09,671.8736698753174,679.0763202712574,670.3299926630409,670.8237913049971,3796561,-3.98912043621662,16.93024680399173,-12.45167983251757,1
RELIANCE.NS,2026-04-10,665.8751623658811,669.9736380117837,662.9110100237275,663.0658221288822,2323963,-4.917986843767164,17.18968399386566,-13.464162064190777,1
RELIANCE.NS,2026-04-13,663.0476977873292,667.3112925807852,661.5388132657141,665.9343870446801,4029864,-3.4653273017010267,17.047040661779402,-13.08978947495849,1
RELIANCE.NS,2026-04-14,676.0003885966918,676.536708335884,668.0146764501662,673.0390714666978,2744714,-2.092009803023276,17.36659078306425,-12.162566567050426,1
RELIANCE.NS,2026-04-15,690.3422015268666,691.1792410819494,687.3512768254708,689.7428668585477,3202307,-0.7238624863058596,18.60624696105495,-9.98257646244648,0
RELIANCE.NS,2026-04-16,713.242926379279,717.3768189340154,711.9100771934727,714.6836077263708,2678405,4.962110203727588,20.438731087161873,-6.727593566770329,0
RELIANCE.NS,2026-04-17,719.3467507386532,720.5259212954177,713.731983002437,718.6450530923435,2615007,4.936904425763355,20.43465133883792,-6.210590604559529,0
RELIANCE.NS,2026-04-20,714.6425311743947,719.6253598408326,701.5320370741205,710.5560467800802,1510523,3.4027931369546405,20.76655603220869,-6.713475409413261,0
RELIANCE.NS,2026-04-21,693.0723692846597,693.2009367514873,692.5026574178746,692.9916774818214,3971351,1.5120203678150812,21.987307886357733,-9.019442652792865,0
RELIANCE.NS,2026-04-22,688.1703049769242,697.2597642140651,681.7230925556975,695.6072773077447,2097775,3.6212526856209237,21.383500541879915,-8.676049308121714,0
RELIANCE.NS,2026-04-23,688.1895350842104,692.3501655203414,684.4966575462835,689.2366413423946,2738990,2.526530917331371,21.595943991995377,-9.512428776472415,0
RELIANCE.NS,2026-04-24,690.1084778048876,697.7164545354457,684.807261609094,686.1903711782358,4524048,2.6670500642058226,21.562775169237963,-9.912363388057432,0
RELIANCE.NS,2026-04-27,681.6436060683742,688.8159597205959,681.1650936833149,681.5466179581033,3104846,1.6315433054908457,21.66470659262084,-10.522026202026247,1
RELIANCE.NS,2026-04-28,681.7688771006002,694.7723381212974,677.2964587735046,680.7736555296249,2434188,1.4333807987724656,21.670615508408638,-10.623505851546666,1
RELIANCE.NS,2026-04-29,692.5946165991616,694.0982362029317,687.8931585358323,689.920490654745,3726881,0.783298482900463,21.240412010754675,-9.42264848963662,0
RELIANCE.NS,2026-04-30,691.6914637278682,692.8475952202763,691.5474343425001,691.6054678779692,3269266,1.263851603947197,21.233370083144763,-9.20143347094642,0
RELIANCE.NS,2026-05-01,691.8472397193672,699.8877510742867,687.910886285682,690.6731895121028,2214384,2.320275976943753,20.928208455748628,-9.323829176530484,0
RELIANCE.NS,2026-05-04,678.5836296478165,682.7604302443781,678.241700843513,682.5212287607869,2445195,0.8393545744727504,21.236460349046787,-10.394072812532496,1
RELIANCE.NS,2026-05-05,671.5381097130378,676.9460403578088,667.6789902517969,669.3132272546092,2532100,-1.4274775036001386,21.968063755574452,-12.128107112686592,1
RELIANCE.NS,2026-05-06,665.6638467134385,666.9019025049013,661.638339325908,665.7879156799042,3579426,-3.5864646020827173,21.376022849019165,-12.590933467332999,1
RELIANCE.NS,2026-05-07,665.8953187252123,673.4543476453729,657.9042194006399,665.7275490761825,2990144,-4.609415855196685,21.087295637998096,-12.598858796641021,1
RELIANCE.NS,2026-05-08,679.7778932890793,680.8014490111884,679.6637621569843,680.3792596093726,3180447,-2.9804425724555994,22.09758300586379,-10.675284771562554,1
RELIANCE.NS,2026-05-11,684.4063505482643,688.9690340501439,677.0273828025258,681.8218377541293,2125340,-4.520053541637125,21.36194292968577,-10.485893516383593,1
RELIANCE.NS,2026-05-12,691.0906344599001,696.2528633025679,688.5063827059938,690.2928859799498,998640,-1.999334301261546,21.40672662810566,-9.373757954091166,0
RELIANCE.NS,2026-05-13,681.8705589596702,689.9815930943727,679.5887655100843,686.5500645992777,2673289,-1.8340177215821152,21.3679241850549,-9.708084855490872,0
RELIANCE.NS,2026-05-14,677.3369464407969,678.6038902874973,672.9685519854219,677.2324328896768,2459186,-2.137901571277734,21.510194822781163,-9.873881923691407,0
RELIANCE.NS,2026-05-15,667.4954831168545,671.7303472398787,661.3452782446951,669.8058254875716,3311753,-2.8111837885802404,21.697438766225382,-10.862215120866503,1
RELIANCE.NS,2026-05-18,664.6429575976331,665.2309372730816,658.039202360734,664.3704243888545,2502234,-2.048430642427057,21.34674822613333,-11.585558507013626,1
RELIANCE.NS,2026-05-19,687.556243781654,688.4862245844232,676.7112125083311,681.936275538034,3055935,-0.27733414346620133,22.616804752162096,-9.24789436410376,0
RELIANCE.NS,2026-05-20,672.7138267076111,678.6697864273812,671.1112879641086,675.6223680308962,3444465,-0.9917654516683472,22.76928550621029,-10.08814941669055,1
RELIANCE.NS,2026-05-21,681.1340349862838,686.8787816577036,676.4035274077906,682.8333824872395,4149041,1.7902750823549862,22.41171586808075,-9.128507336984892,0
RELIANCE.NS,2026-05-22,677.2807511274212,682.8212952608018,668.2227154373222,675.8495359053893,2745674,1.9279705498109978,22.35146639264928,-10.057917907262759,1
RELIANCE.NS,2026-05-25,681.4548622022784,684.3155652270145,679.1183611087386,683.8263864882704,2867073,2.6867510961541496,22.560003331042143,-8.996358326540598,0
RELIANCE.NS,2026-05-26,692.5487920848673,693.2540275248901,685.667181686004,687.3737615754724,2814184,2.1298451630060944,22.410913507398856,-8.52427351423185,0
RELIANCE.NS,2026-05-27,686.6715349084858,686.6963238076263,684.6170882184147,686.463637232335,3932246,-0.47542784184895215,21.22557274880562,-8.645392896633142,0
RELIANCE.NS,2026-05-28,691.0324488121499,692.3161939525686,684.0802736950134,686.5086479086798,2079308,-3.942298313980408,18.239409516552858,-8.639402874103308,0
RELIANCE.NS,2026-05-29,681.273961497916,685.3584381378145,677.7341901889516,681.5135182495,3169287,-5.166881019088043,18.20131140717855,-8.73910913573579,1
RELIANCE.NS,2026-06-01,687.982206918791,690.008039500006,680.6143012060385,685.5515319711438,3231487,-3.5190066881065296,18.098624713237328,-8.198382180669828,0
RELIANCE.NS,2026-06-02,681.2264519138981,683.5717368625948,669.248061461932,682.1970773190576,3306308,-1.5576810679731379,16.71230267937703,-8.647574326849817,0
RELIANCE.NS,2026-06-03,662.794407322765,679.5655616109094,660.9978291101187,672.6102467248522,3382023,-3.3060365141519776,17.112788279352703,-9.931338591481275,0
RELIANCE.NS,2026-06-04,659.6602575558297,665.5734570208944,654.2357090265896,662.7418182089832,2612775,-3.8440822127228547,17.411402420715373,-11.252811392346251,1
RELIANCE.NS,2026-06-05,670.4458553362712,670.4535782819008,662.8575120426103,664.4843138768015,4293499,-3.1632704586284865,17.419671543795452,-11.019475291573567,1
RELIANCE.NS,2026-06-08,677.9266222376128,682.0037162525124,677.1254121132479,677.5715012783036,2971511,-0.5832494175833647,18.324919162197638,-9.266981248261851,0
RELIANCE.NS,2026-06-09,675.5423024540584,680.2929512783844,672.534009517805,679.250307200085,3739486,-0.22376722676713534,18.337629767839037,-9.042173786770114,0
RELIANCE.NS,2026-06-10,678.7542927014775,679.9059856736275,678.2279650901867,678.6603338771149,3178497,-1.632094847182175,17.88934534618562,-9.121176608575754,0
RELIANCE.NS,2026-06-11,683.0510541353112,687.1481810850587,677.1117005061006,681.3699395195615,3883743,-1.4799663729977541,17.917027357452163,-8.758335640350111,0
RELIANCE.NS,2026-06-12,691.3743425006003,698.40366244862,689.5332981797413,692.5165429216337,3370695,0.2668922780733718,18.562042962348915,-7.207530810753482,0
RELIANCE.NS,2026-06-15,690.4736082883215,695.6838904785284,687.426204016172,694.7273271656239,3299509,1.7883837000936875,18.228415785157974,-6.489132893194816,0
RELIANCE.NS,2026-06-16,693.4421091942053,699.284785145743,690.3196890489348,691.6935591070347,2757904,3.343775521100234,17.292634590096107,-6.860055000194509,0
RELIANCE.NS,2026-06-17,699.971890457796,704.9895252109442,693.75918700334,701.3262641313069,4435496,5.337788147613165,17.565900055189314,-3.6847539286192,0
RELIANCE.NS,2026-06-18,709.0446140333058,709.5114526160672,703.842378046358,705.335093501366,3613458,5.949512601686102,17.59236833455614,-1.8520908943440717,0
RELIANCE.NS,2026-06-19,719.2013664870353,719.7656411828366,715.2999858767855,718.8529299914183,2952573,5.654738859049657,17.328493380567895,0.0,0
RELIANCE.NS,2026-06-22,718.7322586687167,722.6276412397848,715.9985876432239,720.835040983395,3002394,5.721905792541371,17.330204360469143,0.0,0
RELIANCE.NS,2026-06-23,711.6820997796767,714.5434001923321,709.1164979937623,710.7149305393616,3604998,2.9584608177469995,17.63019983802001,-1.4039426316216574,0
RELIANCE.NS,2026-06-24,700.589720278572,705.7803044095058,693.476063707646,699.5296737074372,2599404,1.890555369146374,18.202574914643073,-2.955650886074024,0
RELIANCE.NS,2026-06-25,709.1958152223924,718.3987325630319,704.8510894917556,713.9222528064574,3041738,5.417611167886505,18.564854602060173,-0.9589972440167127,0
RELIANCE.NS,2026-06-26,728.4483835709161,730.7210050516795,725.7398582006075,729.2472024311319,3271900,8.87441922445078,18.997510453089536,0.0,0
RELIANCE.NS,2026-06-29,729.0021287487783,730.7947236556649,725.3901158353764,728.0816940725116,1313637,9.589720936518841,18.761387405222344,-0.15982349397224427,0
RELIANCE.NS,2026-06-30,724.086537151108,734.629409919109,723.9298741059583,725.1436174414323,2996293,6.335979394747482,17.507592695115996,-0.5627152186555184,0
RELIANCE.NS,2026-07-01,741.470358070623,746.7539322611905,737.4839946705347,738.3823477677184,2599711,9.289209876182225,17.769469479137083,0.0,0
RELIANCE.NS,2026-07-02,730.4572512097089,732.7709788070592,729.0363472343955,729.0424390464256,3788909,6.767252120988609,18.178199922160708,-1.2649149521964276,0
RELIANCE.NS,2026-07-03,720.0469085347595,725.145528605628,717.1203439665749,721.6569868904417,2236166,6.777758739404516,18.17241210720289,-2.265135526037554,0
RELIANCE.NS,2026-07-06,730.4878405065017,733.5496058329874,727.2082115494723,727.6532117453125,2390141,6.409057345989666,18.040579795978005,-1.4530596587042255,0
RELIANCE.NS,2026-07-07,722.1271917920245,726.9551734337641,719.776258495671,724.6175749181658,2235499,5.418276842184078,18.106782084069863,-1.864179566476143,0
RELIANCE.NS,2026-07-08,726.2438260087877,731.6547297263489,724.0874162568657,724.97508409185,3087718,5.610121901690879,18.08698344493468,-1.8157616736642401,0
RELIANCE.NS,2026-07-09,731.036719728007,737.0779296410568,717.5620095257722,723.9560526558206,3119873,5.454760819287174,18.104850859307867,-1.9537703136473294,0
RELIANCE.NS,2026-07-10,728.4941811121732,729.0114757096736,725.3573094919717,727.2980030526359,2877051,6.7180596682418825,17.911879243264092,-1.5011659946358225,0
RELIANCE.NS,2026-07-13,744.4012119094684,746.4399979472439,735.0688830123809,740.0966611715781,2484506,7.956386450425179,18.432955914844307,0.0,0
RELIANCE.NS,2026-07-14,741.134040575867,746.0806591513289,739.1106391653528,741.3127024121912,4156100,8.66547615909614,18.298304369829516,0.0,0
RELIANCE.NS,2026-07-15,747.2464473347538,748.3607414804342,742.2490859400044,747.4777354232077,2816565,11.130887324852479,17.640717179481562,0.0,0
RELIANCE.NS,2026-07-16,725.0681219088729,733.7141369353949,724.0815099137079,729.7172798873697,4055210,10.10581494002949,18.627104875066635,-2.3760514453025627,0
RELIANCE.NS,2026-07-17,737.8949325698619,740.4919615406311,723.4114668962578,729.695458935338,3195001,9.813797511347566,18.651113935164513,-2.378970723161633,0
RELIANCE.NS,2026-07-20,722.3126278429344,724.6258302606283,722.0442894947324,722.7498847199348,3088316,6.6676923920793385,18.323860366330162,-3.3081722078681652,0
RELIANCE.NS,2026-07-21,711.487261578758,718.6294457961899,704.8976435692796,712.6512581476854,3522595,4.917325850801801,18.91436612865715,-4.6591992811403475,0
RELIANCE.NS,2026-07-22,704.7912481915824,708.0956781810813,704.7552800439333,705.5721757299282,3635945,3.965436096591768,19.20038604547581,-5.606261926925948,0
RELIANCE.NS,2026-07-23,703.6460795704085,706.4158624753098,697.9652711129517,703.1387960274232,4263348,3.1948659964674997,19.233087200653916,-5.931807369577458,0
RELIANCE.NS,2026-07-24,712.7110838575965,716.8747285164923,706.0034970124599,711.3039634213263,3904079,2.7129201015806848,18.953434682973047,-4.8394447469930935,0
RELIANCE.NS,2026-07-27,702.1810262752723,704.7019139367752,698.276407637719,700.4604176110527,2122129,0.8252288662400575,19.509941334261992,-6.290129536170697,0
RELIANCE.NS,2026-07-28,703.0718736843005,708.7912816985844,697.7641525190543,701.1067467527798,4042852,1.3608898798909363,19.45905418955452,-6.203661523667126,0
RELIANCE.NS,2026-07-29,699.7758592218975,706.0209317189182,696.2950276844805,697.4318739315659,2078200,-0.5552893708557716,19.101521553579957,-6.695297949350532,0
RELIANCE.NS,2026-07-30,694.4118758543036,695.5058882666627,694.0827716381937,695.080368556521,3906944,-1.4538798706214107,19.041922160526216,-7.009889978464756,0
RELIANCE.NS,2026-07-31,702.8680377929793,705.3719605754994,698.6987912451874,703.8852094280342,3360253,-2.0821672888726717,18.547940358478378,-5.831949759746669,0
RELIANCE.NS,2026-08-03,708.8470837666468,712.0361017559206,707.8352806668092,708.8382699293045,2852659,-1.6642879954509304,18.657105179568948,-5.169313233393669,0
RELIANCE.NS,2026-08-04,719.9269006332559,728.3654044965392,719.5016570813283,720.7057100104632,2804883,1.4057365396164645,18.84694450193339,-3.5816485420246846,0
RELIANCE.NS,2026-08-05,713.7311404002443,723.6316094475104,712.6045582287669,719.7698683991754,2451317,2.8934004449685746,18.217796799876194,-3.7068484733320695,0
RELIANCE.NS,2026-08-06,718.127085667797,718.8377633715678,708.6588481385971,714.1799343146745,3049363,0.0360937773271619,17.40736464553214,-4.454688016851849,0
RELIANCE.NS,2026-08-07,712.7653408106885,713.145086992588,712.642985165289,712.659217767555,4375036,-2.274672375605502,16.18779540209513,-4.658134417333404,0
RELIANCE.NS,2026-08-10,708.4973178878394,723.7208593109523,706.1883074260903,715.1326352146141,3011622,-1.7785172959736362,16.230409057287044,-4.327232595132813,0
RELIANCE.NS,2026-08-11,719.0265198622765,721.0674933118111,715.3940354958356,717.0471701627013,3815234,-1.1165301719538334,16.221654843262197,-4.071099889453866,0
RELIANCE.NS,2026-08-12,711.0878647814421,711.8731525228533,704.0793030292871,708.1696522996367,3218116,-4.091741298992446,15.590254190355774,-5.258763072229233,0
RELIANCE.NS,2026-08-13,707.7393125978248,712.302329729868,707.269601065796,709.3324250659098,3001071,-2.7035482332545824,15.235997156212836,-5.103203553708635,0
RELIANCE.NS,2026-08-14,715.8654739820743,726.392442409875,705.618871728637,711.672432177257,2050343,-1.383559626604225,15.022263592198348,-4.790149799669752,0
RELIANCE.NS,2026-08-17,731.01066162636,733.1927496382824,724.3994349119703,732.074396904312,2211873,0.6075950861805568,17.069634483918808,-2.0607086725030865,0
RELIANCE.NS,2026-08-18,744.7210268007736,758.3127480350453,736.6702561206359,747.2942348948451,2670600,3.1294659088609844,18.013777392159884,-0.024549296877551807,0
RELIANCE.NS,2026-08-19,737.1706420917093,743.3346550214062,728.7309357602373,738.2442952513802,2906495,1.830298923466045,18.415918801173717,-1.2352796256332232,0
RELIANCE.NS,2026-08-20,731.3422285310227,734.6468323872554,724.3204398605357,734.2730116547116,2390420,1.4250808403415416,18.490691385294895,-1.7665708478955433,0
RELIANCE.NS,2026-08-21,720.5167441034286,722.0999049857568,718.2849444650425,720.0886453685418,1943608,-0.9912522313872296,19.314661037778787,-3.6642014546638846,0
RELIANCE.NS,2026-08-24,716.0524856219744,719.4904470682276,710.903133669749,713.6128268222675,2991489,-3.5784291078122865,18.7062003897046,-4.530557499718246,0
RELIANCE.NS,2026-08-25,710.9924220865272,716.2848491662429,709.4337969750521,714.928496668725,3490372,-3.5591196073685882,18.708890340100982,-4.354542913047976,0
RELIANCE.NS,2026-08-26,723.5309931050199,730.5927490589349,719.1572014928445,723.9392598014874,2794676,-3.1490537451785428,18.937077189276575,-3.1490537451785428,0
RELIANCE.NS,2026-08-27,718.3875591253429,726.722838215404,707.8134474196536,716.2384946552108,2017600,-1.8471243046676022,17.921016938386586,-4.179287126232567,0
RELIANCE.NS,2026-08-28,706.6285559053646,715.5762925271454,702.1416862411921,709.2571568660107,1941967,-2.8009358999092293,18.11627820863829,-5.1132731780375025,0
RELIANCE.NS,2026-08-31,689.9083364604935,692.995565426957,689.4844704113909,691.2526684213597,2479549,-4.357969051877508,19.31725057974582,-7.521972138743971,0
RELIANCE.NS,2026-09-01,688.0817449768002,692.8912454076514,684.4506978567309,689.9424160759631,4825306,-3.1865294296605673,18.94851442617726,-7.697261954520851,0
RELIANCE.NS,2026-09-02,682.0501712545972,685.6790562441072,679.2403928817587,681.2394661213987,2851234,-3.448649258788705,19.073721019334783,-8.861570875325963,0
RELIANCE.NS,2026-09-03,675.029929755552,687.7327625050856,669.4487447234333,676.962125836061,1551505,-3.7228311592610863,19.12158475870789,-9.43380735577658,0
RELIANCE.NS,2026-09-04,663.8842706307922,674.7176258327414,658.6065672218458,669.9129073976063,2964451,-5.819039138293524,18.904080682362284,-10.376874701382999,2
RELIANCE.NS,2026-09-07,672.6467193352505,674.3053958275884,666.0500851592359,669.1921786321648,2279282,-4.463955163309508,18.47799840137814,-10.473296137271449,1
RELIANCE.NS,2026-09-08,656.6340543949959,659.5050458870894,652.9936303554383,655.2607564007512,3447632,-6.539088457551889,19.291290632729048,-12.337087066579311,2
RELIANCE.NS,2026-09-09,645.3195511655051,647.4473734703621,639.523922176641,643.8613654721069,2052697,-7.681109863458224,19.774511538698036,-13.862134621633281,2
RELIANCE.NS,2026-09-10,660.7893311115295,662.0858389063144,657.4196936436742,660.5607624446202,3021268,-4.966275509059182,21.428486306285702,-11.628035038311445,1
RELIANCE.NS,2026-09-11,651.9541963437448,654.3723885271454,644.4130218224486,650.4697280607625,4021584,-7.588663698542019,21.34106893220284,-12.97804640395358,2
RELIANCE.NS,2026-09-14,639.4285217619906,648.4850099482621,637.3913926336002,641.9998375105121,3835898,-9.429292301819213,21.35068624310417,-14.111175880439575,2
RELIANCE.NS,2026-09-15,656.5229423193896,658.1464554551077,649.2256209141365,656.344451740185,2862748,-8.93031057979876,21.861148803789455,-12.192106783143819,2
RELIANCE.NS,2026-09-16,675.4263934899127,683.610472939583,669.2795027254115,679.6658315029356,2362471,-5.571786018972191,24.55378113398922,-9.072096827322662,1
RELIANCE.NS,2026-09-17,671.0236113955248,673.9441404281657,667.6867553744221,670.214071232577,3619595,-6.156132505219015,24.74728180512377,-10.33658402505936,2
RELIANCE.NS,2026-09-18,667.1925836319834,674.2606045891425,665.2621320317211,667.2954492589853,3799469,-6.3654222632065665,24.75670365350148,-10.727046755288939,2
RELIANCE.NS,2026-09-21,670.3338431867116,673.5344647762837,668.2749779354416,670.0727468938919,2960352,-6.300913439253053,24.770963114669485,-10.355490854251403,2
RELIANCE.NS,2026-09-22,683.8395201881474,687.5875559342647,681.1229750745445,684.155597007029,3520199,-4.587086390454487,25.630471810608903,-8.471441410937409,1
RELIANCE.NS,2026-09-23,677.743711385042,683.993724224387,670.2586647280411,676.138410872325,2700044,-4.523102807822498,25.606610483908355,-9.544006619875,1
RELIANCE.NS,2026-09-24,675.1941538589218,677.7204630972991,674.0936488273621,674.1881240879147,2520200,-4.954560053381107,25.593229212296354,-9.804922322374965,1
RELIANCE.NS,2026-09-25,684.9537586089315,686.4484570993906,679.6533743749276,680.5436443994802,3954894,-4.374033104323405,25.755595553725776,-8.954660166008921,1
RELIANCE.NS,2026-09-28,678.2008560804426,692.4084626202164,674.9624253368108,684.1408830533492,3048374,-6.5476287729303255,24.233044284459307,-8.473409891466321,1
RELIANCE.NS,2026-09-29,681.7792968166647,687.20515323239,681.0020374753656,681.0969839376808,4602807,-8.85825794795262,23.24129200685584,-8.880632604788353,1
RELIANCE.NS,2026-09-30,682.2832727014757,682.9780003235891,678.2498647467994,680.0413135332374,2684341,-7.883973109243481,23.08193904383368,-9.021863621367821,1
RELIANCE.NS,2026-10-01,663.2528249255336,669.9842253410533,659.8882105647691,668.9501337768041,1739504,-8.896265672450621,23.410043359114002,-10.505677684425308,2
RELIANCE.NS,2026-10-02,665.3125814551213,671.7101579303635,661.4590196825473,667.0774466218115,3042785,-7.361760123241378,22.8931342294153,-10.756211856380581,2
SBIN.NS,2025-10-06,1005.3119365817229,1009.448761105442,998.0719904021907,1000.8919023127678,1978396,,,0.0,0
SBIN.NS,2025-10-07,998.5599714365186,1000.0562683214088,984.0032983754178,995.751975615669,3080626,,,-0.5135346469705593,0
SBIN.NS,2025-10-08,1000.381406828626,1006.1624567589411,998.1883757178601,998.6279005848965,2701863,,,-0.2261984258879357,0
SBIN.NS,2025-10-09,1016.7112636814936,1016.7514409960382,1004.3421863196389,1008.6971059421144,2568368,,,0.0,0
SBIN.NS,2025-10-10,1027.383816743583,1036.3567547634557,1021.7159257177697,1024.556411316333,2033380,,,0.0,0
SBIN.NS,2025-10-13,1021.7620453472903,1031.9252913888129,1018.0081372288461,1024.2405982958687,3574604,,,-0.030824366230697287,0
SBIN.NS,2025-10-14,1011.577990336976,1011.7453699578184,999.4804452322103,1005.47569726949,3424868,,,-1.8623390411786511,0
SBIN.NS,2025-10-15,986.6816860740782,991.1236219786076,975.3348267985531,986.2223552584015,2490184,,,-3.741527126718236,0
SBIN.NS,2025-10-16,979.8506252692588,989.6320743998749,974.0042800616692,983.6245996750332,3903494,,,-3.995076424216726,0
SBIN.NS,2025-10-17,955.5799877133021,969.9102891103657,951.7112834898311,957.6371337515286,3438283,,,-6.531536655832115,0
SBIN.NS,2025-10-20,979.4808500122397,980.8025018845698,976.4052149982692,979.7423359484351,3811271,,,-4.373997846572597,0
SBIN.NS,2025-10-21,989.4053130681676,992.8868135210305,987.1059637797579,988.048951868114,3419494,,,-3.5632454245554723,0
SBIN.NS,2025-10-22,983.5970143545321,989.0741229545274,979.5984873455449,981.7961187400515,3633206,,,-4.173542042584433,0
SBIN.NS,2025-10-23,974.5318975903684,976.9649557232755,964.4316730051517,970.0497189717488,2350946,,,-5.320028428161894,0
SBIN.NS,2025-10-24,981.6374814142915,984.4669462668036,980.9175321825386,983.3490912954076,2101014,,,-4.021966927910093,0
SBIN.NS,2025-10-27,967.1473362830226,983.770355068565,949.0453851036988,971.5375982383032,2894574,,,-5.1748066277690015,0
SBIN.NS,2025-10-28,969.8862495195367,980.3422800407981,955.3272927355082,960.9675848004105,3119922,,,-6.206473925064282,0
SBIN.NS,2025-10-29,947.8091948104616,960.9002308352714,940.9993415790557,953.3944829091158,2819601,,,-6.945633019443942,0
SBIN.NS,2025-10-30,955.2252052048948,957.3722560310655,951.4240791331916,955.9228744651654,2730495,,,-6.69885387403788,0
SBIN.NS,2025-10-31,964.4432875728027,970.772808352446,956.52462848541,964.3036488031873,1800822,,,-5.880863351948951,0
SBIN.NS,2025-11-03,982.0000454367599,983.9909985698166,968.4603214014933,979.4564057657823,2949528,,,-4.4019055517506285,0
SBIN.NS,2025-11-04,988.1248058372281,1002.9789408123864,984.6931172296839,993.0855515213417,3545204,,,-3.071657104225045,0
SBIN.NS,2025-11-05,998.6974918879448,1004.4195997909517,993.9124677750855,994.3661798657215,3442774,,,-2.946663660210136,0
SBIN.NS,2025-11-06,1008.3728793328556,1010.5576246072227,999.8661831711316,1007.9070401303265,3443228,,,-1.6250321604659668,0
SBIN.NS,2025-11-07,999.1571828053519,1003.2030085329991,993.6419020265506,1001.1039864567873,3535046,,,-2.289032072857211,0
SBIN.NS,2025-11-10,982.0886712422092,985.8724327932105,976.6698508899318,980.7206846504764,4196400,,,-4.278507867569459,0
SBIN.NS,2025-11-11,973.9669185497756,975.0578562839349,968.5201051228497,974.099593639815,2607689,,,-4.924747638999394,0
SBIN.NS,2025-11-12,960.7963478658078,968.8142148005508,959.6086670432907,965.9555841520876,2033978,,,-5.719629150429705,0
SBIN.NS,2025-11-13,961.8068056620175,970.0656465039939,950.4987628884336,959.8849549925989,3817859,,,-6.312142075285565,0
SBIN.NS,2025-11-14,940.4704762922719,952.3943781951037,930.0847710326102,950.1124742713866,2737340,,,-7.265967615126434,0
SBIN.NS,2025-11-17,946.4197444048486,950.7516942133559,936.3358676745655,946.0793889546011,3057675,-5.476366951467093,19.647888731512996,-7.659609709621151,1
SBIN.NS,2025-11-18,954.6100587513727,965.2768007534941,947.2888416814546,954.364927936193,2694768,-4.1563610912131566,19.854554640002686,-6.850914464529989,0
SBIN.NS,2025-11-19,971.8372013593028,981.5136561392147,965.263289892851,975.4594952437966,3021321,-2.3200238374603943,20.9602488889972,-4.792016869960092,0
SBIN.NS,2025-11-20,954.5682722757458,959.666825509706,951.3424400893138,956.6943041653553,2620957,-5.155442745935989,21.368419708447743,-6.623559854921945,1
SBIN.NS,2025-11-21,938.4596939993627,944.6945962192875,936.4370879877803,943.2303468821929,2393762,-7.937685376411219,21.002216793872986,-7.937685376411219,1
SBIN.NS,2025-11-24,936.0909030024644,937.4382531628519,932.3862166722821,935.5107132671634,2884692,-8.662992384439171,21.049303522062125,-8.69114643817075,1
SBIN.NS,2025-11-25,953.5180551565282,965.6492835375175,939.3764498159574,945.3553888654938,2268441,-5.979290058154696,20.87610588922625,-7.730274446195018,1
SBIN.NS,2025-11-26,940.239258027433,950.2292636840823,937.9909806698215,944.2405843045574,3191739,-4.256826133579628,20.230817305845676,-7.8390829557727475,0
SBIN.NS,2025-11-27,944.7565204831549,944.8158405791169,933.2980590289948,937.2697323314001,3416336,-4.712658402295721,20.30326888025639,-8.519460521728462,0
SBIN.NS,2025-11-28,944.3488975683207,952.5915303194726,939.5344134343006,946.5760674385907,4071903,-1.1550373229164967,19.13020087091426,-7.611132292613776,0
SBIN.NS,2025-12-01,956.4752168386394,961.4774860222517,950.2285470758616,958.72803968779,2260592,-2.144879882148021,18.251475362774343,-6.425060728863896,0
SBIN.NS,2025-12-02,958.1010392552531,973.7401349312407,956.7597035038199,959.7393693415294,2593620,-2.8652004005529808,18.054288058183698,-6.326351702931399,0
SBIN.NS,2025-12-03,954.6087953098676,957.03148210836,947.5613578588636,951.6016917182069,2633159,-3.0754274177202334,18.121050424356316,-7.120615204036939,0
SBIN.NS,2025-12-04,955.0182285421041,964.4380203466153,950.3063327865957,955.9153284595251,2424191,-1.4570789760349756,17.88112316930329,-6.699590388451037,0
SBIN.NS,2025-12-05,950.1548721772627,962.9509591351929,948.4046662446797,954.4636423374099,3162322,-2.9374562109927504,17.37231746538157,-6.84127962157487,0
SBIN.NS,2025-12-08,957.815097760649,963.7999613839178,939.2199481951443,952.9255913718395,2940901,-1.9157268746174183,17.054721679742464,-6.991398341108757,0
SBIN.NS,2025-12-09,947.3084828543332,955.6947224492344,943.3492364122045,948.2967201777624,3094827,-1.3185527610985681,16.826747019096988,-7.443191052857056,0
SBIN.NS,2025-12-10,962.6100099794277,969.189204235721,958.083393980422,960.1088637709632,3164159,0.7042605114893963,17.07040859842423,-6.290287858583465,0
SBIN.NS,2025-12-11,964.7612444575864,968.7163752648744,957.3443408550804,964.2250002121024,4640246,0.8684932611934926,17.096629227585534,-5.888539707317609,0
SBIN.NS,2025-12-12,973.1918553412463,981.7589975731405,956.3876533721841,977.5334490438541,3534887,1.3719537675800142,17.372239439272523,-4.589592310692248,0
SBIN.NS,2025-12-15,987.1668916419532,997.7399861167669,979.3898447979941,994.6071683924115,2827510,1.5468542078484582,17.512352549203992,-2.9231424051549437,0
SBIN.NS,2025-12-16,1004.7405330817121,1015.9372405938931,999.2208695179391,1001.3807257121348,2589304,0.835293009558491,17.159414049139617,-2.26202143173575,0
SBIN.NS,2025-12-17,1002.889926324614,1005.4879789167309,989.5481162334258,996.587314079459,2622964,0.22337185824616856,17.220266761096454,-2.7298738193380356,0
SBIN.NS,2025-12-18,1016.6876562490052,1021.0453746467044,1004.8318242460153,1010.3985146048649,2786343,0.24719288340482315,17.236795848411326,-1.3818562409148583,0
SBIN.NS,2025-12-19,1016.4044481877698,1020.6451435727339,1005.9748447295889,1017.3612119003834,2457902,1.6239297479111459,17.216435691533245,-0.7022745977164235,0
SBIN.NS,2025-12-22,1056.8296032900664,1059.2464319524088,1050.3383570639287,1050.9894679327701,3112420,7.165014910166501,18.48096890354033,0.0,0
SBIN.NS,2025-12-23,1065.6299969939698,1065.6867403298002,1049.3253431700414,1056.2582761704462,2521455,8.434320583549116,18.28971885698603,0.0,0
SBIN.NS,2025-12-24,1065.3957063520334,1066.582631038887,1060.4471588776814,1066.5023059900254,2837025,10.409041936042795,18.082744971629033,0.0,0
SBIN.NS,2025-12-25,1075.4023245626252,1080.5666080195997,1071.5952255266257,1071.5957979578648,3566986,11.637940816160341,17.85234325574346,0.0,0
SBIN.NS,2025-12-26,1068.1582137064447,1078.736190605498,1067.6911071814618,1071.6925100637025,2867901,12.796383489812824,17.398944809736467,0.0,0
SBIN.NS,2025-12-29,1061.1445487427404,1072.1353142955447,1058.77866914226,1069.7373112804623,4396276,13.070565088887598,17.312240258714365,-0.18244027693390397,0
SBIN.NS,2025-12-30,1077.337210781541,1084.6170987048267,1067.0975581695527,1074.8955247403285,2898542,12.629403415398134,17.258914079792305,0.0,0
SBIN.NS,2025-12-31,1088.3122609750387,1094.1090488193136,1076.7517159389308,1083.0238708259665,3586654,11.027046853984057,16.430315217520036,0.0,0
SBIN.NS,2026-01-01,1100.7451777741503,1102.916084751391,1093.030095100239,1099.5369026161825,4420303,14.930850725138022,15.274554517932037,0.0,0
SBIN.NS,2026-01-02,1107.8253962047506,1110.0894553643843,1102.2952074891825,1105.0324817803325,3030297,17.154042534039494,14.200726765924895,0.0,0
SBIN.NS,2026-01-05,1101.0432521651096,1103.6849347113944,1095.4702381807535,1100.3182864681291,2374022,17.616855784087626,13.919339805293848,-0.4266114697921153,0
SBIN.NS,2026-01-06,1090.9763270208687,1097.9691302809056,1079.5392905017782,1097.4141842710058,2741071,16.084828752919613,14.025660007623369,-0.6894184229818134,0
SBIN.NS,2026-01-07,1079.310078527206,1084.7038518871066,1066.4710567548548,1081.5128599248412,1444327,14.53784955890094,15.031481158094076,-2.12841000090771,0
SBIN.NS,2026-01-08,1114.750337031704,1116.309260704794,1102.3958097654402,1104.7011576885413,1868134,17.863739709236736,15.356378318396748,-0.029983199340655187,0
SBIN.NS,2026-01-09,1103.3375874453006,1103.6121366945217,1098.5502176923649,1098.9555173963574,1450091,16.09796139998567,15.604569688490672,-0.5499353624596082,0
SBIN.NS,2026-01-12,1113.5399198625403,1119.1911014860611,1111.6331457683136,1113.211314070071,3939359,16.113357280401285,15.610453851599068,0.0,0
SBIN.NS,2026-01-13,1123.409545472027,1127.7308215072019,1107.6383958978442,1118.3416898681214,3036235,16.525561584017122,15.565560312751161,0.0,0
SBIN.NS,2026-01-14,1124.0858491409367,1124.7534294908871,1123.3948137854218,1123.8622219086176,895893,18.102167292218454,15.020374787636767,0.0,0
SBIN.NS,2026-01-15,1122.882365029315,1132.9123236070257,1111.9252629515017,1123.7161912021845,4268866,17.553946227964936,15.109805551107023,-0.012993648472769959,0
SBIN.NS,2026-01-16,1118.366371524951,1119.9665353006922,1107.8271896878696,1114.568198036777,2473935,16.77429590793873,15.492216001741802,-0.8269718200916931,0
SBIN.NS,2026-01-19,1111.6713466824388,1116.288322687495,1087.5088980872017,1103.0996363602121,3824132,15.759262459535893,16.020315921036815,-1.8474315751218162,0
SBIN.NS,2026-01-20,1134.4286756278943,1145.7222467553345,1120.6350197744823,1127.6604436009864,3961215,18.914303888934825,16.50051903724841,0.0,0
SBIN.NS,2026-01-21,1130.8886719360203,1144.9770271372026,1130.4601303710328,1130.649272446755,3497258,17.762611627807523,16.403470123413708,0.0,0
SBIN.NS,2026-01-22,1146.8665231466366,1148.7324489045573,1140.2322349267652,1147.4874058918529,2198609,19.00618690030209,16.620964260151442,0.0,0
SBIN.NS,2026-01-23,1176.799771307438,1190.0341535839934,1168.1918400636682,1168.2103945010922,3225218,19.505925412960877,16.841853824287035,0.0,0
SBIN.NS,2026-01-26,1159.3866529185539,1168.440907860265,1147.1459703382218,1163.9533449843261,1776615,17.02643837422062,16.704999080837776,-0.36440777592842144,0
SBIN.NS,2026-01-27,1173.5549717349381,1177.3504051313291,1167.6732637367043,1171.3814345945789,4314254,16.976630817569173,16.70211144373027,0.0,0
SBIN.NS,2026-01-28,1183.071962161476,1184.7293301189568,1168.7748968744559,1173.5147723663172,3067386,17.753332376128505,16.46365475345725,0.0,0
SBIN.NS,2026-01-29,1155.8829668063465,1160.6959181943726,1151.225917603075,1158.8129804327007,3173542,14.688705860367968,17.066623603456637,-1.2527999033170478,0
SBIN.NS,2026-01-30,1153.6362460666965,1160.9369113718194,1150.480538118111,1157.716879507203,2326044,13.79605060277871,17.127607522723405,-1.346203152369252,0
SBIN.NS,2026-02-02,1168.864470522048,1171.796768766363,1160.5394304007007,1167.40036563322,2313902,11.076314392514576,14.882558014300983,-0.5210336398891569,0
SBIN.NS,2026-02-03,1159.2321645004854,1172.753767183228,1158.0880311211217,1161.916091612856,3024104,10.003028409441782,15.064616686003582,-0.988371090555018,0
SBIN.NS,2026-02-04,1158.0656804920357,1166.7556381454378,1149.9234919886032,1158.8773754563701,3890566,8.661497396444329,15.027601495701026,-1.2473125396139428,0
SBIN.NS,2026-02-05,1158.0725737841533,1164.1346388516286,1144.5737206407714,1157.9495179730925,3685047,8.058422791484588,15.051293294844426,-1.3263790758967886,0
SBIN.NS,2026-02-06,1187.0132276627182,1199.3445443252297,1183.1985784591186,1189.185436503199,4128562,10.963305737063767,16.594879627918207,0.0,0
SBIN.NS,2026-02-09,1171.6759178391114,1178.1539928728055,1160.7226112819628,1164.7883630909048,3625752,8.885457280784891,17.947640328221272,-2.0515785564977906,0
SBIN.NS,2026-02-10,1185.5939473006845,1190.8743535735318,1163.2364289129496,1173.3214312817624,3013876,9.156788197179576,17.985534434913248,-1.3340228306263802,0
SBIN.NS,2026-02-11,1165.441624685385,1172.1006680939945,1165.424389474302,1171.2574528924752,2152887,8.146965588045397,17.98237065847803,-1.5075851974307053,0
SBIN.NS,2026-02-12,1165.2287316475856,1171.9251328312553,1162.1122590138914,1163.7755315707004,2566524,5.8423349686283155,17.759945596297968,-2.1367487485565273,0
SBIN.NS,2026-02-13,1160.6966031261115,1161.4179964077402,1159.183136277293,1161.38633685272,3887864,5.099746478184519,17.772519909760977,-2.3376589383925173,0
SBIN.NS,2026-02-16,1173.498574826491,1183.3749497941565,1168.2684823950842,1172.223478172221,3132816,6.5349447144878114,17.81145460402011,-1.4263509971039312,0
SBIN.NS,2026-02-17,1189.2971300564557,1198.558280345496,1171.3663147344623,1183.9733961200045,3104491,7.887560876251887,17.892091052430246,-0.4382865971282457,0
SBIN.NS,2026-02-18,1191.7660550059695,1202.1663223160497,1185.0738344805434,1188.138387274875,2139788,9.858923670814557,17.143435423343703,-0.08804759932168338,0
SBIN.NS,2026-02-19,1205.0605794211594,1227.2744232694465,1202.8657719586631,1205.3621089287021,2308949,9.112052661443947,16.61109517432137,0.0,0
SBIN.NS,2026-02-20,1227.4210731820997,1231.2290870647357,1218.3583152544356,1225.4222183489028,4682511,11.507899905918851,16.88230581602018,0.0,0
SBIN.NS,2026-02-23,1244.3577865751358,1246.9376137142979,1236.1573861384857,1239.0703659041865,2751368,11.30594436504202,16.802857399663306,0.0,0
SBIN.NS,2026-02-24,1240.1563806474242,1242.4376051844115,1209.75332755308,1232.5516265120477,4936750,10.21243665318372,16.995324232784256,-0.5260992088517713,0
SBIN.NS,2026-02-25,1242.3828928566306,1244.9424675286032,1233.3792053633283,1241.4738243590043,3372322,10.464948474791758,17.027637569156216,0.0,0
SBIN.NS,2026-02-26,1254.268155807052,1257.4569329189558,1241.3046326197214,1250.532023227534,3224186,11.285396883858922,17.030704513967148,0.0,0
SBIN.NS,2026-02-27,1247.0378966474193,1251.8849026865128,1234.5212209065908,1239.9374461839757,3976815,11.24823482026731,17.050848925643322,-0.8472055770482712,0
SBIN.NS,2026-03-02,1216.133348488905,1221.362971555428,1213.4105893241397,1218.361708686603,2948015,10.448926690494575,17.66813329385105,-2.572530246598703,0
SBIN.NS,2026-03-03,1183.171766422432,1194.5195241020856,1181.5363768056352,1190.6664789455613,3178590,5.587323356255736,18.290365881982865,-4.7872060187202585,0
SBIN.NS,2026-03-04,1198.717445468629,1211.9469147434543,1182.3625333108168,1193.190619676674,3731721,5.5314542496965435,18.28906530045702,-4.585360669362615,0
SBIN.NS,2026-03-05,1198.2854014181758,1203.4810859090378,1198.1568606301253,1198.9987317609712,3468463,4.489053701559587,17.89487826392173,-4.120909381717319,0
SBIN.NS,2026-03-06,1187.5201524866554,1191.9597136783175,1182.7681153190165,1183.6286758954316,3629489,1.319820596265453,17.65202935781853,-5.349990731099363,0
SBIN.NS,2026-03-09,1206.1669248820328,1212.5366469451553,1199.88364516228,1200.1141610873274,2332921,3.1067238441149225,18.024567285917232,-4.0317129992466505,0
SBIN.NS,2026-03-10,1199.7180457297804,1208.7680606603647,1197.8675392000212,1203.847567585418,3415843,2.7716106839336785,17.965839724876744,-3.7331675458919356,0
SBIN.NS,2026-03-11,1218.1354837504784,1228.771638477281,1216.357355802663,1225.067071608234,2280256,4.392982555981373,18.603308047978846,-2.036329429899497,0
SBIN.NS,2026-03-12,1234.240211029707,1236.5168531816512,1226.7537904392848,1232.1017547561842,3042564,6.324469570242264,18.15430018099819,-1.4737942035088825,0
SBIN.NS,2026-03-13,1219.9047392251402,1226.115485888465,1216.2205576687486,1217.9935595652544,3374142,5.206513019289227,18.558711526161215,-2.60196964635101,0
SBIN.NS,2026-03-16,1222.5400092658974,1238.4753733414245,1211.2688712446136,1226.2781474185517,2665559,5.043495232537065,18.515866079799334,-1.939484584040052,0
SBIN.NS,2026-03-17,1231.2338733201154,1240.34380292987,1218.9342691070797,1237.7614224443396,1897121,6.527608265258,18.54169261929013,-1.0212134152497998,0
SBIN.NS,2026-03-18,1229.8366200623298,1246.980548428879,1226.825020131574,1231.228424566569,2705821,6.243201450171276,18.617391442121082,-1.5436308948845512,0
SBIN.NS,2026-03-19,1210.8940562736116,1214.775840266698,1198.5736553640572,1211.6544064152326,2575317,4.6379300313667216,19.321763193777997,-3.1088861452712724,0
SBIN.NS,2026-03-20,1210.9856852470868,1224.7154190559845,1210.236598329636,1214.666661057883,1875450,2.1427460993477476,17.766281575465467,-2.8680082959479214,0
SBIN.NS,2026-03-23,1199.4727997047835,1208.2539148199733,1191.742508100488,1201.7021139474252,2593282,3.1691380190788765,16.95204183196126,-3.9047308164154138,0
SBIN.NS,2026-03-24,1221.4705769803136,1233.226684077306,1218.5720329401852,1219.5342963871972,2037471,3.9386364105657545,17.327676486929768,-2.4787631395742915,0
SBIN.NS,2026-03-25,1213.074839539631,1231.2653097157488,1206.2900558410645,1215.1437359732959,2897269,3.7469373597104116,17.364524498743368,-2.8298585399599285,0
SBIN.NS,2026-03-26,1258.0357894913893,1264.9437245761474,1233.4574510876005,1242.1416337707658,1773860,6.733781564757413,18.224107024989195,-0.670945589630978,0
SBIN.NS,2026-03-27,1211.2469571962,1222.23451785563,1209.3772091803178,1212.429914188695,3044776,4.395055780860968,19.7127254909997,-3.046871917801841,0
SBIN.NS,2026-03-30,1214.450971277283,1223.914691437448,1210.3186878858414,1215.9473881132099,3261481,3.7299977994951217,19.578656712508337,-2.765593721067905,0
SBIN.NS,2026-03-31,1242.6329838864028,1253.6915814658482,1233.0059612752996,1238.5677323996779,3043088,4.6111117410732705,20.062934928550927,-0.956736061582586,0
SBIN.NS,2026-04-01,1230.0672928913943,1240.5566014390872,1225.385289891558,1226.9745640231115,2746823,3.2686576887151597,20.300678673766335,-1.883794958214846,0
SBIN.NS,2026-04-02,1221.9206986501586,1228.6283699578294,1219.7423739707522,1226.2006097875433,2780774,1.7288166522309245,19.906195642541853,-1.9456849555274158,0
SBIN.NS,2026-04-03,1221.3878938853072,1225.8907931268911,1217.2566918469088,1221.846763353451,2382273,-0.2917733122441035,19.34880226857715,-2.2938444870886476,0
SBIN.NS,2026-04-06,1215.5091954352072,1237.5759740817805,1209.0186867739176,1213.4137551716256,2078952,-2.0706338750857367,19.149778817556268,-2.9681981241958755,0
SBIN.NS,2026-04-07,1224.4038360265758,1227.6431146218997,1214.4394412755619,1218.538967893837,2961102,-1.136882084027957,19.147631855208992,-2.558355543037205,0
SBIN.NS,2026-04-08,1198.4183121722324,1204.1813031157865,1197.7200388073102,1201.2791461021488,2662367,-3.237658134081778,19.41726020454962,-3.9385538483266425,0
SBIN.NS,2026-04-09,1199.154113762232,1208.496954076938,1190.852726649209,1201.2164460125712,3048509,-3.943567721495267,19.259799740156993,-3.943567721495267,0
SBIN.NS,2026-04-10,1211.7089995084916,1222.092061056377,1204.7065777922207,1210.2247773736988,3611238,-2.396303854014603,19.29698128188927,-3.223207811168649,0
SBIN.NS,2026-04-13,1213.362692639887,1215.5459380040118,1204.0304013068069,1208.650458743436,4748020,-0.797074454484914,18.641890618035728,-3.3490997196540806,0
SBIN.NS,2026-04-14,1194.3171251822487,1203.2616863450323,1183.32420124473,1195.7593142330145,4404539,0.427729794825793,17.67771230556612,-4.3799525303762294,0
SBIN.NS,2026-04-15,1220.7595963489623,1227.5318803954501,1206.8933429085728,1212.1832194141302,2740807,1.591748998379039,18.1026345491988,-3.0665991035102147,0
SBIN.NS,2026-04-16,1230.413924211903,1239.9174115099756,1209.970130938032,1224.41791601964,4734011,2.120034290723183,18.272500949241095,-2.0882397829761534,0
SBIN.NS,2026-04-17,1212.2758456503957,1215.581091298639,1209.2729969915692,1210.7630055714694,3372627,2.292469777779793,18.170933792197598,-3.180167873944051,0
SBIN.NS,2026-04-20,1186.4025275728336,1199.6546457793652,1185.6539700928827,1193.6321468500546,1183287,-0.5401164695365224,18.232809736357773,-4.550053522869801,0
SBIN.NS,2026-04-21,1180.15574397761,1184.1672938744218,1178.0124142823172,1181.5855457368648,2559134,-1.8492392598511875,18.43020579282545,-5.5133716058484605,0
SBIN.NS,2026-04-22,1186.1211004753586,1203.8837554624517,1185.090975314098,1190.864991795903,2759900,-2.7918536547906325,17.799199020928558,-4.7713317470779,0
SBIN.NS,2026-04-23,1189.7579917853707,1196.7880717523442,1187.6524756747722,1196.3392047120794,2631180,-2.902564654749773,17.76521513364865,-4.333581028623856,0
SBIN.NS,2026-04-24,1198.8486535547859,1214.235778802424,1189.979204079591,1209.2818287271489,3050616,-0.7152526193336395,17.79065094814804,-3.2986116096348606,0
SBIN.NS,2026-04-27,1202.200910438415,1208.9133808245174,1193.8891879423763,1206.1003217571763,3425294,-1.645452600117836,17.67874657113897,-3.5530238846409268,0
SBIN.NS,2026-04-28,1199.7160138382962,1202.0942264501207,1191.478780558071,1194.317507868519,1575088,-3.509877896341873,17.621346649250714,-4.495247967655347,0
SBIN.NS,2026-04-29,1207.5694003572632,1210.736715894221,1198.703439197159,1209.1050846956714,2595016,-1.79685096846961,17.999437683687912,-3.312745116669835,0
SBIN.NS,2026-04-30,1203.9133925333188,1205.5441462661336,1194.2856770829083,1202.6392707460332,2893004,-0.7440352316194998,17.46921818418029,-3.8297901686590197,0
SBIN.NS,2026-05-01,1210.8737642509902,1223.2600230260705,1195.1900705664416,1206.877614100501,1173324,-0.6412497524710403,17.485622751735512,-3.4908669523203484,0
SBIN.NS,2026-05-04,1189.8840670950792,1194.6935804299005,1179.77220912658,1186.1548674790001,2458110,-1.2937687541677456,17.92118976903793,-5.147981383346023,0
SBIN.NS,2026-05-05,1176.9211586783656,1180.4368696004335,1166.7264371399158,1179.58015721626,4355062,-3.276180037683163,17.38338108899164,-5.673734434097277,0
SBIN.NS,2026-05-06,1199.2795064387683,1201.6614174718713,1185.9049980009067,1195.4835664208058,2795326,-1.6179295477948386,17.864160067473108,-4.402002970275964,0
SBIN.NS,2026-05-07,1184.913654249335,1187.6882012563676,1177.9555021297233,1186.7694841632087,2859992,-4.457796768269007,16.608872583596316,-5.0988329670885735,0
SBIN.NS,2026-05-08,1194.5967980847959,1207.3399901016985,1190.6998747858731,1199.9601787084327,4143649,-1.0284912417891312,15.564120586553917,-4.044026348767849,0
SBIN.NS,2026-05-11,1160.739270895632,1181.6847111749767,1149.7878671037845,1168.3535845074766,2041353,-3.9141334625986346,17.257055643742206,-6.5714781543906975,0
SBIN.NS,2026-05-12,1159.1371823760892,1171.140425287121,1157.5683586081118,1162.0228175885113,2804936,-6.180115371071693,16.22650834347528,-7.0777240402518204,1
SBIN.NS,2026-05-13,1157.439134589859,1170.706237256292,1149.5734514537705,1161.1204783742098,3638911,-5.367192408045818,16.08162246183343,-7.149880466280212,1
SBIN.NS,2026-05-14,1193.5960042916463,1196.4378474764171,1168.3538243854107,1187.1736305941615,2004333,-3.182756465937797,17.5487214084708,-5.066515007736383,0
SBIN.NS,2026-05-15,1174.3136101048617,1176.9185925125946,1168.2038180014154,1172.1340441698992,2117418,-4.068654161436047,17.859264992083343,-6.269170049343886,0
SBIN.NS,2026-05-18,1187.6072858883779,1190.857952088149,1179.565001841355,1183.1228264989363,2493118,-2.49633964866377,18.039532385499808,-5.390441466234453,0
SBIN.NS,2026-05-19,1200.6041871523107,1210.2409441832128,1198.823603342432,1199.758176431731,977656,-1.5412548926988623,18.49612537789607,-4.06017965575638,0
SBIN.NS,2026-05-20,1183.468284484222,1193.241524727782,1166.603022496106,1190.938403408623,1559405,-0.8608109719609347,18.15955247763986,-4.765461316624597,0
SBIN.NS,2026-05-21,1181.224931219372,1188.6741383424398,1168.6844125166415,1187.1300990272528,3161737,-1.1726735037701053,18.17982706900279,-5.069996051492176,0
SBIN.NS,2026-05-22,1194.0158844729553,1196.4345099187476,1187.0239060874665,1190.6718024535112,3065747,-1.6156482073205747,18.05753816291242,-4.786780319269857,0
SBIN.NS,2026-05-25,1168.1048710786017,1176.278332520663,1156.8471069019918,1171.1887957131541,3711989,-3.0994621115875476,18.63544890288576,-6.34475775435167,0
SBIN.NS,2026-05-26,1166.4847375184138,1167.9875492147114,1154.804043735484,1166.3013342436063,2216169,-2.463537573052743,18.436223055318298,-6.735588327161279,0
SBIN.NS,2026-05-27,1191.5004689743046,1192.9917437982106,1183.8341792269064,1185.8149536102712,2296374,-2.175270650636729,18.66008977794702,-5.1751629238755985,0
SBIN.NS,2026-05-28,1194.6644187142308,1204.6399875944485,1193.9484640626786,1194.8032770125292,3296512,-2.4186708328625683,18.54804936380543,-4.4564029692876534,0
SBIN.NS,2026-05-29,1195.6160809524556,1202.098124275488,1191.6340892561536,1194.0847163701562,3429755,-1.3775023786295137,18.284050756583596,-4.513863364465564,0
SBIN.NS,2026-06-01,1196.2242690475948,1199.3006680705832,1182.5624241548917,1197.2368325550099,2239208,0.30199301472131346,17.82866617777091,-4.261801351953631,0
SBIN.NS,2026-06-02,1212.3721783147187,1220.7715945823468,1202.4127124837332,1207.1552470237787,3566522,2.1640160866192693,17.70536787279628,-3.4686657676948562,0
SBIN.NS,2026-06-03,1217.4656477516398,1228.8677503431882,1203.0720393307206,1219.9561401702028,2507909,2.4428586426433085,17.818531058131253,-2.44502999438726,0
SBIN.NS,2026-06-04,1215.9431486221715,1223.8051560684971,1212.6832985826165,1213.3891167004508,1818856,1.4251737234068695,17.87162621466398,-2.9701683633194698,0
SBIN.NS,2026-06-05,1236.367268195822,1246.0420114792328,1235.7887929552235,1237.525038171267,2599136,2.335535751318285,18.507496525549193,-1.0401161117567281,0
SBIN.NS,2026-06-08,1252.8440660459657,1263.8144681899369,1245.8219487562696,1258.8379784481838,1948860,4.372576289024921,19.070270710493613,0.0,0
SBIN.NS,2026-06-09,1276.238664832346,1278.996679361024,1253.9444607117107,1270.7351321946167,2501375,6.398434572267053,18.89633964640319,0.0,0
SBIN.NS,2026-06-10,1264.164788651929,1269.9396853061298,1248.237309060107,1259.556265172065,2314670,4.172605103971749,18.895640669280898,-0.8797165309536448,0
SBIN.NS,2026-06-11,1248.3314738367853,1256.095885269617,1242.4576732001776,1245.8228448119912,1900404,3.5907337400657102,19.135939608426288,-1.9604626291869987,0
SBIN.NS,2026-06-12,1237.8542250385924,1251.2615878651507,1231.8782748941824,1242.5384387752438,3780541,2.9548004087656565,19.15551957610538,-2.2189276667495594,0
SBIN.NS,2026-06-15,1242.8938419181943,1246.0932909768976,1232.5571367251102,1245.036723038282,2513385,4.9640950919357385,18.36104703923339,-2.0223261720916152,0
SBIN.NS,2026-06-16,1216.1804682612067,1222.1055547517192,1215.5003978043687,1220.4535513834317,3370119,3.4650798351534284,19.284724133830096,-3.9568891688975705,0
SBIN.NS,2026-06-17,1226.8799035650914,1236.1530305610966,1225.5347837079846,1229.2918848947315,2176328,2.8280036149008314,19.022599279543815,-3.2613599994131603,0
SBIN.NS,2026-06-18,1255.4218980345013,1256.2845415061363,1247.5835861124174,1250.0296574692566,3369740,5.330451629420896,19.39290700683227,-1.6294091664563304,0
SBIN.NS,2026-06-19,1259.9334367637587,1272.8564497338334,1251.9094506376293,1260.3184111021121,3846166,5.030019617704773,19.290338722085913,-0.8197397576089949,0
SBIN.NS,2026-06-22,1252.1557592868476,1264.7892681370117,1249.091247554539,1251.735755136874,2552592,7.136723996490124,17.577136932530458,-1.4951484834553774,0
SBIN.NS,2026-06-23,1237.1045995576467,1249.9749756738406,1229.682495468437,1241.4471815629224,1427601,6.835008983664936,17.703134690731435,-2.3048037226382934,0
SBIN.NS,2026-06-24,1243.33798488582,1248.4164893204338,1231.563352340768,1247.517327988257,3443086,7.4408169714670125,17.694672654967952,-1.827115944001756,0
SBIN.NS,2026-06-25,1242.5992887210368,1258.2596041982229,1232.496036485421,1246.818645782787,3212268,5.024118936905131,16.66315061665176,-1.8820984645734118,0
SBIN.NS,2026-06-26,1257.5185633141184,1264.1666785279178,1249.816580687524,1255.0697483038355,2588887,7.075616013923658,16.148784820859348,-1.2327812062397636,0
SBIN.NS,2026-06-29,1269.3030172436097,1283.313041899094,1263.239375128366,1265.78341821142,2670314,6.986644992480673,16.118798084299147,-0.38967317875636676,0
SBIN.NS,2026-06-30,1290.0250312275743,1290.3654486813516,1274.494641774009,1284.1196025681515,3406090,7.03153583727385,16.146215311983962,0.0,0
SBIN.NS,2026-07-01,1267.7670616661073,1274.4085403801198,1261.7269746679194,1268.413995722226,3377528,6.505423965828783,16.459021009920562,-1.2230641767725814,0
SBIN.NS,2026-07-02,1261.7437001987419,1280.9272221832812,1251.2653792053193,1273.4199494006873,1995243,7.268777907673418,16.387212279330544,-0.83322870751803,0
SBIN.NS,2026-07-03,1273.9821086117288,1279.38215688364,1263.9729075255914,1269.5009674766525,1403814,6.620562010514153,16.46222035081135,-1.138416940467446,0
SBIN.NS,2026-07-06,1266.733385809738,1285.4523721960643,1260.1721328062197,1269.6226029836453,2364594,8.404606296677674,15.514085698415018,-1.1289446524695435,0
SBIN.NS,2026-07-07,1279.3776091976024,1293.8655676798842,1277.5129236633497,1284.503200392395,2499275,10.134762147506882,15.582400103035077,0.0,0
SBIN.NS,2026-07-08,1308.6118801794748,1313.161877267272,1294.07733662343,1301.2547212266484,2021132,9.735057503273614,15.340211790442373,0.0,0
SBIN.NS,2026-07-09,1331.108035208919,1331.2421163668373,1312.6550950044946,1324.9698739593568,1573507,10.894395709417083,15.90730550341482,0.0,0
SBIN.NS,2026-07-10,1327.5061224934045,1343.3756999307877,1311.209044257618,1333.4588894765368,2120394,11.672050667398025,15.879893642689252,0.0,0
SBIN.NS,2026-07-13,1328.5024982037435,1337.106170850621,1315.0082868586253,1333.4045229150204,2786525,11.373496592935295,15.914923702722136,-0.004077108184241673,0
SBIN.NS,2026-07-14,1330.1740882027107,1335.1334170008154,1328.2800421099407,1331.066301080432,3320122,10.264715691055804,15.926587604590367,-0.1794272335642888,0
SBIN.NS,2026-07-15,1306.7779805781781,1307.7391568073526,1283.6461979198527,1305.3128197929393,3728900,6.996700685553159,17.060215781169042,-2.1107564624393116,0
SBIN.NS,2026-07-16,1322.4190787778664,1331.1162027149917,1316.1370316268815,1328.1659038078137,3357000,9.459190421904683,17.448516215760105,-0.3969365467877961,0
SBIN.NS,2026-07-17,1317.45215386954,1333.5443258974049,1314.7336633159323,1324.7392126543086,3798135,7.047467468773072,16.768901341083733,-0.6539141844598695,0
SBIN.NS,2026-07-20,1337.19531586333,1344.048046056959,1331.5189833398267,1334.5121758491991,3137996,6.011432662232008,16.243502507210316,0.0,0
SBIN.NS,2026-07-21,1344.4384225032131,1353.724054524297,1336.1711003889866,1347.1526293784832,2949507,6.013644798809503,16.24434341739085,0.0,0
SBIN.NS,2026-07-22,1328.248333250517,1341.558478442984,1328.0855820804995,1328.8698512174842,3060548,5.5030162575508745,16.575626390726548,-1.3571422986743409,0
SBIN.NS,2026-07-23,1318.4583642520784,1319.2320851095121,1309.4326121107927,1315.9095742196894,3302372,5.625738017211823,16.501954650146587,-2.319191936937981,0
SBIN.NS,2026-07-24,1342.0747726833545,1357.1197749841576,1335.7258312299175,1342.2828534251037,2523614,8.027471145937092,17.25462338039174,-0.36148657896516445,0
SBIN.NS,2026-07-27,1352.626745095575,1355.1253104673247,1338.0975401314909,1348.6936296026997,2580436,8.325610373279769,17.26454987176729,0.0,0
SBIN.NS,2026-07-28,1342.0566673750736,1342.854603129828,1340.5740337962059,1341.0445748744105,2291840,9.880836788445091,16.1164440541827,-0.567145462868579,0
SBIN.NS,2026-07-29,1343.8157024713446,1347.1857042130964,1330.3883357440632,1340.727140855718,2991979,9.064995655651709,16.099029717042942,-0.5906818696347238,0
SBIN.NS,2026-07-30,1357.816188256096,1366.497599155161,1351.3458868593762,1360.0566885673327,3867987,8.80195365291021,15.929516753286277,0.0,0
SBIN.NS,2026-07-31,1383.1169333249127,1393.5507157533395,1374.0399787787867,1377.15198131615,2610802,9.270162935402215,16.105190767463792,0.0,0
SBIN.NS,2026-08-03,1355.4597409088292,1358.5507494251385,1350.3144931360669,1354.8680010829007,4066493,8.2391387737222,16.81505702454367,-1.6181206239817114,0
SBIN.NS,2026-08-04,1386.6801622612697,1394.1035294960247,1367.84064999081,1383.4700459813532,3077911,11.440105268081634,17.302116990800773,0.0,0
SBIN.NS,2026-08-05,1395.2617866719002,1408.37595143183,1382.806701072128,1401.39486823016,4459987,12.334701634168521,17.50808462826282,0.0,0
SBIN.NS,2026-08-06,1406.2795657132772,1417.4114664735384,1390.3998056702933,1400.623930021659,3445532,12.335818425486323,17.50786277842518,-0.05501220433857812,0
SBIN.NS,2026-08-07,1384.3239028501441,1388.807975996442,1376.3990290362624,1382.5042961091522,2406721,10.153582936529082,18.153722126182732,-1.3479835376352556,0
SBIN.NS,2026-08-10,1405.9983956525382,1418.3032733355665,1400.1580083272677,1401.8938817951416,2749401,10.753061039150658,18.360032590164238,0.0,0
SBIN.NS,2026-08-11,1414.427740346269,1419.941102312405,1400.5827015951802,1411.7367086737283,3918175,9.938101236859186,18.09658140701704,0.0,0
SBIN.NS,2026-08-12,1386.5256280934927,1389.1849234231704,1381.449904059297,1389.0311695179164,4021403,9.509290673429692,18.41419709672802,-1.6083409191181897,0
SBIN.NS,2026-08-13,1391.6747681201705,1393.6849549908452,1377.1228542260847,1386.9415462792942,2722456,8.914702249798578,18.46007096500965,-1.7563588339165714,0
SBIN.NS,2026-08-14,1445.0913181131064,1446.726893022617,1440.8593389226044,1441.80312633201,3169359,13.572432260357958,21.190691393592097,0.0,0
SBIN.NS,2026-08-17,1448.3175031461983,1448.6812556536893,1440.0361529800784,1443.9348937226566,2210464,13.729457110276154,21.170423185252158,0.0,0
SBIN.NS,2026-08-18,1447.6062250685998,1450.0717241747154,1431.2174270823407,1432.967880528328,3453172,11.558140150260376,21.32828311275153,-0.7595226933019283,0
SBIN.NS,2026-08-19,1415.2139074318243,1417.6097124583512,1415.177184963115,1417.5431605569245,2268769,8.936639186265927,21.540977803216066,-1.8277647614492354,0
SBIN.NS,2026-08-20,1452.4076715305869,1466.7797262302436,1434.6169570959244,1449.8640912949404,3634376,9.426192986740677,21.861455817490953,0.0,0
SBIN.NS,2026-08-21,1470.3134252499135,1485.6338745265034,1459.590404518308,1466.5641694513945,4111476,9.98195602618912,21.97856089216504,0.0,0
SBIN.NS,2026-08-24,1518.2520026045631,1529.1350679699797,1484.1615034571805,1493.4532625720317,3419979,12.003014607084195,22.379722365402635,0.0,0
SBIN.NS,2026-08-25,1494.7410325502244,1508.7809482607327,1484.8649137975995,1499.8254239135106,2031531,12.678491123702562,22.31593538245793,0.0,0
SBIN.NS,2026-08-26,1516.7490190978262,1533.4401010497438,1516.2265228288638,1524.515077732086,3080686,16.79308244087563,21.44533057021351,0.0,0
SBIN.NS,2026-08-27,1510.9133642245113,1521.2122558543808,1504.8328664863106,1511.0064660184541,2503659,13.766394822095783,21.500025724918547,-0.8860923654312125,0
SBIN.NS,2026-08-28,1507.3747180298224,1520.481677279651,1497.5951139409376,1515.8956977941498,3462140,14.429744610400054,21.401888060927757,-0.5653850239879965,0
SBIN.NS,2026-08-31,1527.1006704684264,1538.9537734975916,1520.3630870429993,1523.0738395235865,4484847,14.12963231709734,21.38568442470316,-0.09453748470914514,0
SBIN.NS,2026-09-01,1544.451114446628,1554.5030375799263,1543.473273635212,1550.5339390828015,3874310,15.097124503119552,21.699995516195326,0.0,0
SBIN.NS,2026-09-02,1560.3124099624756,1564.3501440818663,1557.8462050487237,1558.4705045331832,3065095,17.27788865894906,20.990448492371538,0.0,0
SBIN.NS,2026-09-03,1548.2284397277647,1561.054719737904,1536.6809289154567,1548.7965084404066,3853146,17.697791609945156,20.79210054551813,-0.62073655321917,0
SBIN.NS,2026-09-04,1545.4899745416258,1554.7724907358138,1543.4027686692261,1551.972183839114,2074784,15.621843777482969,20.34998847388154,-0.4169678332164306,0
SBIN.NS,2026-09-07,1511.6379014311758,1529.1384206315952,1508.4053937170809,1523.0105027201384,1847013,12.92486813100684,21.46827134603237,-2.2753078553556794,0
SBIN.NS,2026-09-08,1484.123608398052,1494.4785433556094,1475.5802021372174,1483.0737241113834,2898651,10.590934253641349,23.052831869169353,-4.8378702197115935,0
SBIN.NS,2026-09-09,1488.819350028774,1506.3015187247734,1487.511641064798,1499.8607954330482,3339480,11.869205129670402,23.134832880174887,-3.760719816618574,0
SBIN.NS,2026-09-10,1506.620978751139,1514.077049778552,1469.2549165486485,1495.0427529092208,2157236,9.92503220465617,22.998795434388054,-4.069871803121561,0
SBIN.NS,2026-09-11,1495.16941050524,1495.4109632131037,1481.3838415320013,1492.268172162789,1864226,8.359004119256452,22.871066145781395,-4.247904094291743,0
SBIN.NS,2026-09-14,1507.011532774335,1520.4354474755505,1502.3039293803913,1509.1521686352887,2670858,11.38739474465953,22.27074276379545,-3.1645344428682054,0
SBIN.NS,2026-09-15,1532.7751969720337,1543.6209297157448,1530.3553490376594,1536.6297890613025,3034087,11.07069455712766,22.08862120448537,-1.4014198798342203,0
SBIN.NS,2026-09-16,1549.7480318281637,1551.422963334238,1547.826343353578,1548.497110832588,2173495,10.496844675063311,21.947598443702816,-0.6399475429008872,0
SBIN.NS,2026-09-17,1582.1352546947505,1590.5285910798225,1562.530745530707,1586.771038824471,1920930,13.29029904550707,22.756753167996184,0.0,0
SBIN.NS,2026-09-18,1595.7367558078301,1599.357979621466,1592.8325204660064,1598.4155500398424,3859175,15.617402024596938,22.176115604930697,0.0,0
SBIN.NS,2026-09-21,1604.2944979272488,1608.5370602012467,1596.453073673753,1606.2766299919192,4448569,14.57904559331289,22.008457135966665,0.0,0
SBIN.NS,2026-09-22,1622.060327481482,1623.3902925455402,1612.5000723313049,1612.9792647123024,3037375,14.254963747994731,21.997149966930625,0.0,0
SBIN.NS,2026-09-23,1591.25697084446,1599.3470624065872,1581.3849517669441,1590.3218653505735,3165287,14.49144556651798,21.838550340040992,-1.4046925374313624,0
SBIN.NS,2026-09-24,1610.441554380326,1623.01539553687,1609.8397045898173,1610.730559316723,1485430,16.135432213259506,21.88489438490597,-0.13941316201485643,0
SBIN.NS,2026-09-25,1562.5082284996379,1571.4434134209762,1559.8176343952025,1566.152033711891,4503880,8.624541389102713,21.352426252762548,-2.903151455500197,0
SBIN.NS,2026-09-28,1560.725987287006,1574.2893398158226,1551.1355668080791,1557.1637729389759,3900042,7.8416886875280145,21.494676042997916,-3.46039735255258,0
SBIN.NS,2026-09-29,1571.1718150268132,1578.0708634514842,1552.1274932119752,1559.5864126817344,3535048,8.836103996045107,21.27974631657617,-3.310200769387539,0
SBIN.NS,2026-09-30,1546.830863692913,1548.8987545616892,1544.5229899519713,1546.853623812898,2522993,9.122153515605834,21.1474606669758,-4.099596463888766,0
SBIN.NS,2026-10-01,1550.447253987486,1560.6789138496242,1534.1161986959228,1540.4603590928214,3419382,6.248604151370163,20.3829991747643,-4.495960190313786,0
SBIN.NS,2026-10-02,1566.896887560048,1584.7165240976442,1560.6666808958414,1576.856396433356,3451667,7.520450129585465,21.156480769659524,-2.2395122534566214,0
SUNPHARMA.NS,2025-10-06,1232.380380844136,1239.0410856819283,1218.778874263404,1231.156564713068,1232302,,,0.0,0
SUNPHARMA.NS,2025-10-07,1227.144644856441,1245.783132441306,1225.7900488954283,1226.957418462923,3473766,,,-0.34107329404718945,0
SUNPHARMA.NS,2025-10-08,1237.2718978841128,1241.8936150948762,1229.993861956284,1231.1845280498474,3521207,,,0.0,0
SUNPHARMA.NS,2025-10-09,1222.9019345889017,1235.4282891792511,1220.8889720273387,1228.6802705007888,2515642,,,-0.2034022920207823,0
SUNPHARMA.NS,2025-10-10,1251.7208031964913,1252.7672504387042,1245.1580298280762,1251.0133272762027,2711631,,,0.0,0
SUNPHARMA.NS,2025-10-13,1254.5514114635184,1259.2253552913778,1246.359833243613,1253.4128588853916,3137226,,,0.0,0
SUNPHARMA.NS,2025-10-14,1249.6989837205676,1260.2223967749512,1245.2583093590397,1254.197880148409,2387908,,,0.0,0
SUNPHARMA.NS,2025-10-15,1249.0373627638367,1254.8056663656332,1235.9573889302665,1247.9701963336884,2522219,,,-0.49654714884255213,0
SUNPHARMA.NS,2025-10-16,1240.6638521080952,1244.7957465513734,1239.551126029994,1240.9136074606101,3726139,,,-1.0591847505137642,0
SUNPHARMA.NS,2025-10-17,1240.2205548658992,1247.9213622689258,1227.9842905662933,1245.107183057113,1455135,,,-0.7248215959526516,0
SUNPHARMA.NS,2025-10-20,1255.7942950661532,1266.1567309330321,1254.3220138581892,1258.0686532460934,2652442,,,0.0,0
SUNPHARMA.NS,2025-10-21,1251.4336601298844,1253.3522630541463,1238.6468656852287,1248.4266724902975,2529470,,,-0.7664113346213197,0
SUNPHARMA.NS,2025-10-22,1250.9754953456827,1256.525767852612,1232.7140831853915,1250.976081048309,3562236,,,-0.5637667053768558,0
SUNPHARMA.NS,2025-10-23,1249.316979746015,1255.1036037686365,1247.9603999457017,1254.3972883652443,2584487,,,-0.29182547958540583,0
SUNPHARMA.NS,2025-10-24,1262.830839584182,1280.0410297975245,1256.2765377866517,1260.4598752026566,2618890,,,0.0,0
SUNPHARMA.NS,2025-10-27,1234.9973498645068,1246.4052822576132,1225.6495276523933,1235.5395304663418,3218175,,,-1.9770835412200705,0
SUNPHARMA.NS,2025-10-28,1226.4240604165923,1227.6774888014431,1210.701147659398,1222.5416516227624,4080317,,,-3.008284859031918,0
SUNPHARMA.NS,2025-10-29,1202.276891078547,1207.1028964631384,1200.037172712531,1203.2941754698106,2694282,,,-4.5353049991896714,0
SUNPHARMA.NS,2025-10-30,1198.6627155582848,1205.588503987514,1194.3674299237614,1204.3965085278073,3536710,,,-4.4478501678473,0
SUNPHARMA.NS,2025-10-31,1194.534110318095,1206.1856157048107,1190.5523940500077,1192.0660781974289,2357400,,,-5.426098708158511,0
SUNPHARMA.NS,2025-11-03,1178.636018644715,1201.208809503964,1173.9537126471555,1185.6061609147723,2446064,,,-5.938603501825024,0
SUNPHARMA.NS,2025-11-04,1177.2646549059464,1186.8440271511183,1159.8644657580528,1169.345124312588,2397220,,,-7.22869110572989,0
SUNPHARMA.NS,2025-11-05,1163.6907728195554,1171.7824854774603,1163.016441040556,1164.3070398146058,3569569,,,-7.628393198362726,0
SUNPHARMA.NS,2025-11-06,1142.9923925816358,1151.326061024862,1134.978886801636,1149.3055780399307,3320176,,,-8.818551018520482,0
SUNPHARMA.NS,2025-11-07,1160.0595830787759,1165.0622011977719,1154.276626624264,1160.4105671473199,2058463,,,-7.937524234101523,0
SUNPHARMA.NS,2025-11-10,1168.8453426373223,1169.0242863117824,1159.8249673861437,1167.7112996721878,2533800,,,-7.358312418755631,0
SUNPHARMA.NS,2025-11-11,1168.0977442701687,1179.1490804942978,1165.0329996215753,1170.4279999935256,2660947,,,-7.142779947251842,0
SUNPHARMA.NS,2025-11-12,1162.779197250051,1172.1710177934817,1159.0319866619568,1166.802678151825,2117631,,,-7.430398927674986,0
SUNPHARMA.NS,2025-11-13,1134.5897844955878,1145.3380510744187,1133.4589122456039,1139.2111813236788,3764356,,,-9.619401320449283,0
SUNPHARMA.NS,2025-11-14,1131.9255436161266,1133.5625994703928,1130.8640287860073,1133.5549418574421,4109829,,,-10.068145431825881,1
SUNPHARMA.NS,2025-11-17,1129.7000353344054,1137.5169068711743,1119.5896085516356,1123.8297205609333,2210536,-8.71756259344223,14.518263337603257,-10.839706787156222,2
SUNPHARMA.NS,2025-11-18,1131.1888335945075,1140.533084805221,1119.8886213919677,1127.7568823604754,3010439,-8.085083851297913,14.638529265364058,-10.52814099463858,2
SUNPHARMA.NS,2025-11-19,1140.0762593976074,1145.1750520015903,1135.7509854665598,1136.766864846547,3153898,-7.668847443433579,14.863561313492731,-9.813323913720161,1
SUNPHARMA.NS,2025-11-20,1142.2471534427775,1147.6483595734333,1137.0986736303723,1141.7986762204876,2438807,-7.071131226424743,15.002735669456646,-9.414119506429408,1
SUNPHARMA.NS,2025-11-21,1152.4208689809834,1160.834474282808,1152.1403233714857,1159.8403060716412,3609571,-7.287933646803757,14.733032746190332,-7.9827665370813765,1
SUNPHARMA.NS,2025-11-24,1158.3699689132604,1167.574105846696,1142.7485905871665,1152.5577709076001,2394335,-8.046437952414,14.712055814543135,-8.560534644366047,1
SUNPHARMA.NS,2025-11-25,1138.19431239894,1151.1440804653648,1128.75549388892,1144.7512611565423,4244793,-8.72642353524915,14.720772727937886,-9.179872864061666,1
SUNPHARMA.NS,2025-11-26,1161.9516892757802,1175.8721304251899,1157.1578972970503,1159.7018852009978,3444352,-7.072950250895971,15.42170011106802,-7.993748312333937,1
SUNPHARMA.NS,2025-11-27,1168.4457386472134,1178.4683999792082,1156.2776097524666,1162.6229739081266,2530176,-6.309112341244816,15.453553953972667,-7.7620004586659075,1
SUNPHARMA.NS,2025-11-28,1155.0120194247602,1163.5019286353788,1149.5205255632682,1159.7862438436382,4180109,-6.852497549968839,15.365254503453363,-7.987055624664929,1
SUNPHARMA.NS,2025-12-01,1178.3008543350907,1190.4252320876824,1176.0418043327165,1186.3899406411074,2834586,-5.697519958075359,16.642996107743958,-5.876421456862335,1
SUNPHARMA.NS,2025-12-02,1190.8430888652997,1210.0523577442432,1187.0459997970931,1195.2661294592517,2588893,-4.258203080922951,16.765645736470397,-5.172219046871529,0
SUNPHARMA.NS,2025-12-03,1198.4636978100227,1204.0930421886505,1189.9164280909756,1193.1577887956441,1966208,-4.621854336672326,16.734092994873976,-5.339486621594491,0
SUNPHARMA.NS,2025-12-04,1186.268032881075,1202.1951072508552,1169.108686288183,1183.993589747943,2887145,-5.612551882111683,16.776062894111746,-6.066538646652231,1
SUNPHARMA.NS,2025-12-05,1190.164332063807,1208.801760597397,1183.911240323282,1203.6183818234292,2475345,-4.509583723963317,17.51272753651436,-4.509583723963317,0
SUNPHARMA.NS,2025-12-08,1205.479888686682,1212.0403589530918,1199.5748786479621,1207.2407284638512,2073053,-2.2904003720390587,16.669279281678058,-4.222200784475493,0
SUNPHARMA.NS,2025-12-09,1212.1969801084922,1220.933057901433,1206.3798575572962,1208.2253528417198,2985890,-1.171027487042231,16.411874345353734,-4.144084503486356,0
SUNPHARMA.NS,2025-12-10,1213.2145747015575,1219.2245557501044,1211.5406023741682,1218.705235968556,2824481,1.280739225113292,15.939514612887187,-3.3126512041795286,0
SUNPHARMA.NS,2025-12-11,1234.238495776377,1236.5246173531268,1224.4921764465387,1232.2861848832442,3954438,2.315655696272967,16.23707311470008,-2.2351913673477775,0
SUNPHARMA.NS,2025-12-12,1240.0599240452145,1253.5679740106295,1236.931843700121,1241.0907554591352,4576746,4.11258051532164,15.988638653568781,-1.536670871050716,0
SUNPHARMA.NS,2025-12-15,1260.8794656280616,1262.5982180496205,1249.5348031103258,1254.9797097840044,2438746,5.851314808933328,16.098013481189692,-0.434775079037808,0
SUNPHARMA.NS,2025-12-16,1265.145111441753,1266.2315630331204,1257.9916786840572,1262.4533876864361,3666447,7.962427981096076,15.430641047881851,0.0,0
SUNPHARMA.NS,2025-12-17,1271.7473038967237,1278.1493547200332,1264.1079507447098,1271.5501051399613,3799577,9.210892115058588,15.34311470873293,0.0,0
SUNPHARMA.NS,2025-12-18,1263.619343072403,1272.6989762285475,1253.696357267926,1261.0921367801407,2932037,9.726443591342782,14.979386667102581,-0.8224582198960606,0
SUNPHARMA.NS,2025-12-19,1288.6069019472957,1303.2547588362625,1286.3603307364926,1289.4598772868328,3598746,11.121004392157484,15.898293732643662,0.0,0
SUNPHARMA.NS,2025-12-22,1269.2341179053915,1285.3740107898163,1259.8874339623442,1271.1733538332724,3324736,8.860242612204704,16.681700328582515,-1.4181537382952358,0
SUNPHARMA.NS,2025-12-23,1280.1465595200095,1283.2896783475455,1267.7891111135905,1276.5663948556737,3313008,9.068340373157092,16.685347658242982,-0.9999134256343356,0
SUNPHARMA.NS,2025-12-24,1253.0092670028805,1261.3887532062604,1251.7341449220642,1256.9068582795512,2539553,7.722315162187332,17.436963021703257,-2.5245468727399856,0
SUNPHARMA.NS,2025-12-25,1258.45608518217,1259.0553883926095,1251.522411450838,1256.0819932380502,2857707,10.258924230235888,15.614422823132063,-2.5885166833584106,0
SUNPHARMA.NS,2025-12-26,1255.2079175974197,1265.6077255176863,1246.7415460140064,1248.1505392673496,3045813,10.109399481081272,15.681298836395854,-3.2036156182232434,0
SUNPHARMA.NS,2025-12-29,1243.6670889984618,1263.7409916594097,1235.9339032088412,1250.8371174459683,3601561,11.301302551568249,15.280426671003825,-2.9952665081856678,0
SUNPHARMA.NS,2025-12-30,1245.1980654674926,1256.9406119785806,1244.2482629375068,1256.6320636889093,3546252,11.427567709335463,15.283175605775751,-2.5458577018307005,0
SUNPHARMA.NS,2025-12-31,1240.6984453092264,1244.6688764048033,1236.0874172870333,1242.940863825228,2381137,9.339997695394974,15.789755405086355,-3.6076355907627033,0
SUNPHARMA.NS,2026-01-01,1240.2953232649832,1244.5918113204102,1230.334617916254,1243.1498074704236,3646775,8.876444977622722,15.805220783923543,-3.591431624367458,0
SUNPHARMA.NS,2026-01-02,1270.2146109383646,1270.6971665326002,1253.4284231311492,1264.774038349878,1607054,9.04725691363888,15.924673161214923,-1.9144324978064842,0
SUNPHARMA.NS,2026-01-05,1255.7384167665894,1271.9506952191248,1242.2495694222548,1245.662308077475,3665810,8.078079860288323,16.561918600634364,-3.3965825521855564,0
SUNPHARMA.NS,2026-01-06,1233.4162644570497,1235.1549174977927,1228.8955197183536,1233.6037715592722,2960790,7.7617307285568815,16.726201936349156,-4.331744376962554,0
SUNPHARMA.NS,2026-01-07,1249.8345288192927,1252.9832408009624,1232.1969001137004,1247.0613961143504,3080219,7.5329282489017935,16.620016121298402,-3.288080685511019,0
SUNPHARMA.NS,2026-01-08,1241.4356647411357,1261.1943082659407,1232.3412476248361,1248.8730964832946,2552487,7.418580615626458,16.622652820664065,-3.1475799688267414,0
SUNPHARMA.NS,2026-01-09,1253.1531898058017,1256.2898955160756,1240.9361923690678,1251.7925256728179,2402822,7.933037860861525,16.5582942680745,-2.9211728319357477,0
SUNPHARMA.NS,2026-01-12,1260.3941572260708,1272.6337532668117,1251.4450066713205,1267.9041179478002,2022529,6.870774482683473,15.719602445833125,-1.67168903187499,0
SUNPHARMA.NS,2026-01-13,1261.5387495300106,1268.5840302492375,1251.5655546834207,1256.534425501619,1413936,5.125912508713482,15.96621733925521,-2.553429723962619,0
SUNPHARMA.NS,2026-01-14,1244.0252422115227,1253.8410741852554,1232.5179775198492,1249.3788607106865,2905357,4.711956158941155,16.080907441696972,-3.1083570169303187,0
SUNPHARMA.NS,2026-01-15,1235.431663614548,1241.5276233082375,1225.8297824466877,1240.4272510486942,3411472,4.766382334279817,16.055756910804035,-3.8025709137463615,0
SUNPHARMA.NS,2026-01-16,1231.0656565629859,1242.0723227477845,1228.292124372164,1235.8988320389074,4400186,2.681950583587356,15.476454494215035,-4.1537581890972675,0
SUNPHARMA.NS,2026-01-19,1267.6268954906052,1275.5358643875197,1252.0820090802133,1256.5801109455017,3412425,4.086954765387363,16.134008091790292,-2.5498867332354513,0
SUNPHARMA.NS,2026-01-20,1237.5903197001521,1253.6598138516806,1231.1858090527223,1231.8313144233077,2610285,1.9537714157435326,17.253348758123614,-4.469201708298365,0
SUNPHARMA.NS,2026-01-21,1205.5869225230547,1224.6846312261455,1201.4799137421405,1214.937182098445,3047052,-0.3091850070797819,17.571723114260163,-5.779372937542804,0
SUNPHARMA.NS,2026-01-22,1200.6337511182178,1203.1864049578937,1189.0132734182437,1195.8117461516858,3021379,-2.959899995552917,17.810347939537767,-7.262585892334473,0
SUNPHARMA.NS,2026-01-23,1213.2987191265388,1218.0710777058027,1208.2354972856506,1216.7296336214972,3826049,-1.9628799691305154,18.459220392844074,-5.640365004482972,0
SUNPHARMA.NS,2026-01-26,1207.7066394397618,1215.157995887636,1205.2743799129926,1208.4214191839098,3382384,-3.709883931757574,18.196347021235898,-6.284682410858478,0
SUNPHARMA.NS,2026-01-27,1210.2593008054323,1215.188175285677,1199.4954898414194,1204.3209431559849,3604928,-4.604720071050261,18.078430219009945,-6.602681915934427,0
SUNPHARMA.NS,2026-01-28,1179.90067965526,1185.0154359750209,1171.0221167442926,1181.8267432164712,1903195,-7.05621914235256,18.54483508266801,-8.347148753230982,1
SUNPHARMA.NS,2026-01-29,1188.4202844444662,1192.7886945559044,1172.5956790864122,1178.725488245015,2912960,-6.531374364558862,18.462056382851802,-8.587656816031785,1
SUNPHARMA.NS,2026-01-30,1192.9603950037276,1194.8413583230722,1185.542376923907,1191.6669011912727,2722140,-7.584026290242352,17.39533682511047,-7.584026290242352,1
SUNPHARMA.NS,2026-02-02,1193.171891807108,1208.9242583424868,1192.9615401580147,1195.9126675812101,2459443,-5.920568270654092,17.123969828059852,-7.254759248690734,1
SUNPHARMA.NS,2026-02-03,1187.8647201083245,1208.3642824055753,1183.9310440113823,1194.9882197845147,4649470,-6.390437301177898,17.027121484582796,-7.326451886281015,1
SUNPHARMA.NS,2026-02-04,1175.2406213662061,1176.248168315731,1172.1728722781277,1173.3686086646974,4772760,-6.646335730015873,17.22593376622889,-9.003092741931951,1
SUNPHARMA.NS,2026-02-05,1159.115084877181,1170.8730019579439,1157.2706758648694,1169.3691358133315,2829525,-6.903439257271893,17.222512398808806,-9.3132592637303,1
SUNPHARMA.NS,2026-02-06,1172.743074792986,1174.6165610527248,1170.7200916294944,1172.0430751036506,2981138,-6.097618978586771,17.229776847411596,-9.105890322872256,1
SUNPHARMA.NS,2026-02-09,1152.6913639117151,1161.4313786848452,1147.7390252163273,1158.7798629746192,2566347,-7.359651643478326,17.386621448825085,-10.134476970867755,2
SUNPHARMA.NS,2026-02-10,1177.261733596494,1186.6956386483519,1162.6138497142429,1168.5309560362398,3665456,-7.010891270277164,17.55494354435176,-9.37826165673653,1
SUNPHARMA.NS,2026-02-11,1181.7656497564974,1189.85865583829,1170.4871543024537,1181.6233967030041,3646419,-4.933256996114488,17.788262167090032,-8.362918651701568,0
SUNPHARMA.NS,2026-02-12,1172.0833341725065,1175.0428232795869,1168.0489996627136,1174.7631255367828,3670195,-5.501081327663549,17.820190656252905,-8.894945377547126,1
SUNPHARMA.NS,2026-02-13,1185.2901832694176,1189.6898743400309,1174.0237133269832,1185.6576290714286,2142144,-6.255378975178116,17.203933802113347,-8.050056465022838,1
SUNPHARMA.NS,2026-02-16,1180.2536070309334,1194.1480492546261,1173.5718314812618,1184.7144443421987,3997875,-4.892807893444395,16.75723474512761,-8.123202186409252,0
SUNPHARMA.NS,2026-02-17,1207.918633769728,1208.4552796546957,1198.182901694981,1201.76161122104,2991596,-2.581230786769051,17.197071727722346,-6.8011628442693155,0
SUNPHARMA.NS,2026-02-18,1226.2246404888376,1248.4967420322666,1216.1102003722362,1232.0991751450322,3283535,-1.1997982630156057,18.49887779677687,-4.448428613575317,0
SUNPHARMA.NS,2026-02-19,1212.5032272779542,1218.3105882467155,1207.4658179834757,1216.6685647317356,3078065,-2.57868728554117,18.82208248856068,-5.645101009909526,0
SUNPHARMA.NS,2026-02-20,1230.1181729264022,1232.63592094151,1217.8737863361907,1228.5950925608677,4705647,-1.8531372121336154,19.053235138296948,-4.720176703290013,0
SUNPHARMA.NS,2026-02-23,1249.8225855800436,1253.2465395454726,1245.471633532044,1248.6362475566123,1750391,-1.5196630501030595,19.28859348037629,-3.165948041448019,0
SUNPHARMA.NS,2026-02-24,1234.4081144404217,1237.2142840911733,1229.1529844582135,1234.8195589397126,3724862,-1.7281553231808688,19.37857924346759,-4.237457815445145,0
SUNPHARMA.NS,2026-02-25,1230.720677092189,1238.0184002826575,1213.6877964953057,1226.9660163996,3311881,-1.7939189637270925,19.395004487225027,-4.8465145746703575,0
SUNPHARMA.NS,2026-02-26,1224.357519550267,1227.9854909933779,1205.1009197872083,1218.9977530873657,2876383,-1.727590065698037,19.376038887038742,-5.46446814209739,0
SUNPHARMA.NS,2026-02-27,1213.4648895900186,1219.3821947634017,1207.705711256202,1217.6913086314437,3484544,-1.4732211840855935,19.354104568924253,-5.565785327605399,0
SUNPHARMA.NS,2026-03-02,1217.8875074815335,1226.682385022095,1201.340840439127,1213.1270605494833,1659180,-3.458040599044865,18.67482570128174,-5.919751213815372,0
SUNPHARMA.NS,2026-03-03,1205.0673821319003,1232.1460422136352,1197.768117494153,1210.8747375424186,3179558,-1.701253786578727,17.828255875042252,-6.094423031584828,0
SUNPHARMA.NS,2026-03-04,1223.906861156418,1224.3244103013528,1209.5515030043857,1223.7500375386307,2382136,0.7253753996535162,17.65706368353681,-5.095919687432449,0
SUNPHARMA.NS,2026-03-05,1196.312343221072,1201.9884533197567,1192.1123107733292,1196.8478014113764,5046985,0.08664033139202942,18.23310597967944,-7.182237889427201,0
SUNPHARMA.NS,2026-03-06,1182.3671541309911,1185.5335664185518,1180.646552508551,1183.5585385553886,3471567,-2.72625028186233,17.73869638935194,-8.212844819512522,0
SUNPHARMA.NS,2026-03-09,1191.454531022233,1202.6649046992045,1188.2836259100554,1193.7335247759006,1970268,-1.2154612765742367,17.850770181578472,-7.423755806373055,0
SUNPHARMA.NS,2026-03-10,1201.7875583727616,1203.5464168449078,1200.2144271934633,1202.304568570415,3407437,-0.16742834184099165,17.956670982486422,-6.759055496926525,0
SUNPHARMA.NS,2026-03-11,1190.7631800091078,1194.4544488162262,1185.3323312790324,1187.747606711639,3068510,0.5009925125787573,17.456616036639875,-7.887974830919731,0
SUNPHARMA.NS,2026-03-12,1186.0804956189488,1201.9590057958603,1182.6051320159802,1196.3750975767596,2212190,1.4973468808265888,17.551354814271427,-7.218896946676157,0
SUNPHARMA.NS,2026-03-13,1217.5752729967774,1222.3087562346955,1207.6633884254063,1216.2102847859185,3408241,2.059584231978784,17.91174448035405,-5.680641467886504,0
SUNPHARMA.NS,2026-03-16,1217.6929282943747,1224.6101960287278,1213.8917394985885,1216.1284918132228,3329602,1.690409741448784,17.892942761274846,-5.686984664300487,0
SUNPHARMA.NS,2026-03-17,1199.1469544814383,1210.141948498816,1187.5652733999034,1202.1335986386791,3653389,0.5979455475680684,18.232839247157038,-6.772314531561685,0
SUNPHARMA.NS,2026-03-18,1215.541096889885,1222.581904739373,1209.762699762964,1215.4549991050567,3071986,3.586800441870852,17.63146834203632,-5.7392152703107495,0
SUNPHARMA.NS,2026-03-19,1241.7958416081744,1245.028610411851,1233.6914978584612,1241.4947538548658,3508972,6.167908475826911,18.510200417866887,-3.719784095406742,0
SUNPHARMA.NS,2026-03-20,1219.9288168657067,1233.9279368214334,1208.4903006535676,1229.0032564435103,3662575,4.859905113540508,18.84025360160144,-4.688522838766418,0
SUNPHARMA.NS,2026-03-23,1232.1921419911018,1235.563705414019,1219.3490313009718,1230.2231414227533,2747246,6.165388330509769,18.437520112177904,-4.593918500878069,0
SUNPHARMA.NS,2026-03-24,1250.1129093511756,1250.6081216822415,1246.4268758652138,1247.0721201187223,4045300,6.721359299620189,18.657867425071895,-3.2872490191241166,0
SUNPHARMA.NS,2026-03-25,1259.8553377613705,1263.1168512310178,1243.2003685286807,1249.4505167755028,3255293,5.740163935628861,18.46316020913802,-3.1027999564836484,0
SUNPHARMA.NS,2026-03-26,1225.7843797139233,1227.6022993094978,1221.7165867646,1224.1630373588266,132015,4.205095542088255,19.436679198448957,-5.063890787001302,0
SUNPHARMA.NS,2026-03-27,1238.895083687733,1244.0592884118028,1229.5509946055197,1231.3356221096365,2823765,3.852544943685099,19.342151330087678,-4.5076435646447806,0
SUNPHARMA.NS,2026-03-30,1213.7741933847676,1219.3466893829466,1213.4514816413996,1217.5916031052104,2426771,2.7751125108689267,19.67179400871608,-5.573517675698547,0
SUNPHARMA.NS,2026-03-31,1200.5073199035435,1200.7453566843142,1193.1115220990648,1199.7907951624336,1927693,-0.1639939269323154,19.750917782889637,-6.9540032771762466,0
SUNPHARMA.NS,2026-04-01,1171.99630011587,1180.9009167637473,1167.4976419393909,1175.784156127947,2277278,-4.570656336204126,19.071909056276873,-8.815762565491546,0
SUNPHARMA.NS,2026-04-02,1190.5046434041394,1194.045273623458,1189.810491556366,1193.3222727132852,2832033,-1.9188703230446413,19.348360719880343,-7.455649164969125,0
SUNPHARMA.NS,2026-04-03,1177.18150157089,1187.528192338271,1167.8142933440051,1182.044741671652,1471657,-3.7889090694792515,19.255557252092117,-8.330242569562863,0
SUNPHARMA.NS,2026-04-06,1180.022277797306,1194.5457405365546,1168.9079098760476,1187.4009804062243,1296656,-4.904171833087167,18.615792127890995,-7.914856342436316,0
SUNPHARMA.NS,2026-04-07,1200.204337239529,1211.9990805010882,1190.112068303454,1196.3023029818676,4263734,-3.119261893690617,18.573668770835592,-7.224542302237369,0
SUNPHARMA.NS,2026-04-08,1198.3984567754915,1201.5162724977697,1193.2268882102028,1199.2522969762674,3800822,-2.2587193983298337,18.52799810002828,-6.995764808159222,0
SUNPHARMA.NS,2026-04-09,1208.1743759396518,1220.6768738368687,1193.7468481434387,1204.1551367245424,2992679,-1.2176081805919003,18.4940138221014,-6.615540511565277,0
SUNPHARMA.NS,2026-04-10,1225.3526540592375,1235.2838382005832,1206.3791844753143,1210.3043178217201,2202276,-0.6066390354732665,18.55941932787583,-6.138660136650764,0
SUNPHARMA.NS,2026-04-13,1205.520146269412,1223.4599424505639,1198.7668309432281,1212.9435194029763,4101842,-0.015129589675777488,18.538697841474086,-5.933985169422673,0
SUNPHARMA.NS,2026-04-14,1204.8989152036318,1209.3332313031656,1201.5755681095427,1202.5559086006401,2793802,-0.6870098684742865,18.7002068839004,-6.7395636124055525,0
SUNPHARMA.NS,2026-04-15,1194.7934510401635,1201.093341908246,1188.4832457452073,1190.9820670349116,3240068,-2.67766860049512,18.605408631164842,-7.637136446550752,0
SUNPHARMA.NS,2026-04-16,1186.0616355720776,1201.4419362448366,1183.9582415602567,1190.1025956611043,2205799,-0.5635809116512513,17.49285458054747,-7.705341079304251,0
SUNPHARMA.NS,2026-04-17,1192.9775527536374,1193.3676247552564,1186.0079880260157,1188.9215232958784,2052256,0.4531237421543821,17.18440658168522,-7.79693542714166,0
SUNPHARMA.NS,2026-04-20,1199.5709004482446,1215.2067915445966,1186.6256131511664,1195.6853236929728,3283367,0.16350373651763395,17.08140091350546,-7.2723901879887975,0
SUNPHARMA.NS,2026-04-21,1208.4205727756405,1231.7909741246167,1199.4325884399748,1212.228471863375,3225685,0.8254067689986266,17.426207644127594,-5.9894384295199,0
SUNPHARMA.NS,2026-04-22,1211.8943757407696,1225.0813005448272,1206.467940483603,1217.8759367502885,1910006,2.5365936221131813,17.059826707265316,-5.551467075281547,0
SUNPHARMA.NS,2026-04-23,1200.2862668791784,1206.7752883321457,1199.325437701823,1206.7113476047948,3304025,0.8639639899703067,17.190650285314774,-6.417301626798199,0
SUNPHARMA.NS,2026-04-24,1174.081700120258,1182.6428692850411,1168.0106548198578,1176.1494899396305,3501315,-3.2939036404662225,18.021826037865356,-7.866171733856131,0
SUNPHARMA.NS,2026-04-27,1166.9527825542934,1171.158357285171,1157.6852296720383,1165.9541629676114,2635734,-4.125742401676858,18.152863527757106,-8.664824041570352,0
SUNPHARMA.NS,2026-04-28,1144.8563178773893,1159.520258592739,1130.9875140454396,1147.8916995234572,2859220,-4.512135687468232,18.38203818306823,-9.465417512689545,0
SUNPHARMA.NS,2026-04-29,1137.9784151504243,1145.8868862997303,1132.0306592150584,1138.468060613045,4218763,-6.334001550752378,18.08505301928988,-10.208662903016453,2
SUNPHARMA.NS,2026-04-30,1146.380028489395,1155.0577140393098,1139.3458968208895,1142.3778685636926,3324802,-7.983673308599448,16.752831777031943,-9.900295109639789,1
SUNPHARMA.NS,2026-05-01,1141.2643656111597,1149.6828565003907,1138.9481984520644,1144.1313345974058,3872528,-6.905752397410792,16.647773056154296,-9.76199868730847,1
SUNPHARMA.NS,2026-05-04,1176.071161253284,1181.26078801153,1167.3050930596758,1170.5396529706065,2994870,-4.851436007220833,18.190245521951056,-7.679166239698432,0
SUNPHARMA.NS,2026-05-05,1173.2079451744726,1180.0582326233202,1164.3086876109523,1177.9585837858788,3930444,-5.542064105022559,17.77308353871416,-7.09403281278912,1
SUNPHARMA.NS,2026-05-06,1213.3737268513694,1216.3627983921758,1201.18902264208,1205.8853139054222,3843675,-3.4867489576546618,19.235233135677657,-4.891442749058983,0
SUNPHARMA.NS,2026-05-07,1222.8320680660843,1231.0084960616,1215.831337481389,1216.9122817352923,2952849,-0.5923031003434054,18.56987917568714,-4.021742298230102,0
SUNPHARMA.NS,2026-05-08,1229.7100511220576,1236.3697825099584,1224.545672239325,1233.513101650035,2567791,0.17683883267081146,18.921716524865783,-2.7124303652731774,0
SUNPHARMA.NS,2026-05-11,1228.3539998498673,1239.831165011437,1213.1976842517863,1228.852140771905,3734617,0.9248205751400507,18.65808690610441,-3.0800418283287723,0
SUNPHARMA.NS,2026-05-12,1210.1469291739927,1229.288206228628,1195.82964751478,1213.7411716282409,2594817,1.1627340801459107,18.50742106899142,-4.271848758345087,0
SUNPHARMA.NS,2026-05-13,1219.1497939489825,1226.0080567148707,1203.1722541485672,1207.8489035646066,934528,2.7270947026752035,17.54791216977453,-4.736573809729194,0
SUNPHARMA.NS,2026-05-14,1211.6323258372397,1211.8598403992678,1205.1790154638925,1208.3063170377818,2816931,1.2556578107292937,17.04147722297405,-4.7004974639945125,0
SUNPHARMA.NS,2026-05-15,1194.3676367114592,1202.9317248414327,1189.303728480101,1199.857497970598,2716499,1.5069443372976776,16.931642400176163,-5.366858504043737,0
SUNPHARMA.NS,2026-05-18,1184.4368634354742,1196.960195212546,1183.7887361599865,1186.1468975286778,2110454,-0.10561578592579446,17.234861250899726,-5.605151060669511,0
SUNPHARMA.NS,2026-05-19,1197.0984137509813,1202.3711598901737,1190.6001028137578,1192.7162492559921,4731186,-0.29976149982633427,17.170289240738374,-5.082354967520198,0
SUNPHARMA.NS,2026-05-20,1177.5812146325236,1182.14374959985,1173.4435099357013,1179.0270518403672,1571790,-1.6864879214236295,17.46621082164075,-6.171756056745192,0
SUNPHARMA.NS,2026-05-21,1163.9268328055166,1170.8680737261836,1154.4881140754164,1158.1324214908977,298322,-3.8219921860593864,18.099799800660048,-7.834573267320611,0
SUNPHARMA.NS,2026-05-22,1142.0519161502034,1151.969329305906,1134.3491863107329,1143.2381935964563,3842048,-5.541261254522167,18.300718710601032,-9.01987198124299,1
SUNPHARMA.NS,2026-05-25,1142.3920922913278,1150.6386405978872,1130.3952548002442,1140.6218021321922,2790191,-5.962496696167818,18.261316660271447,-8.710126025972475,1
SUNPHARMA.NS,2026-05-26,1135.870278903896,1137.6789505938243,1124.2971755438111,1127.726420301529,2631756,-6.222537161385433,18.36416612256986,-9.74221026280505,1
SUNPHARMA.NS,2026-05-27,1131.56272350332,1135.693610122418,1115.4886170566274,1125.230128282221,3142032,-5.520816859685196,18.22449459957881,-9.94200144987426,1
SUNPHARMA.NS,2026-05-28,1133.7444147875044,1138.006889050192,1123.9315813157832,1133.9577742009087,3813387,-4.717645492488565,18.43371023459349,-9.243482716918628,0
SUNPHARMA.NS,2026-05-29,1143.028239569983,1155.7653587776074,1136.841920328813,1142.3966139329511,1849036,-3.913202717867603,18.616832490801684,-8.568078639787124,0
SUNPHARMA.NS,2026-06-01,1134.1228292804606,1134.9105877361949,1124.3178572737886,1133.9640482046327,3298002,-5.161999922998872,18.578057608141634,-9.24298057588625,1
SUNPHARMA.NS,2026-06-02,1126.565495645476,1128.6785192765274,1111.807864412505,1116.9405165670887,4884551,-7.86056073652639,18.362066127580686,-10.60546203545435,2
SUNPHARMA.NS,2026-06-03,1113.6594131977486,1117.968228115412,1108.25172030942,1109.8299970923706,3384624,-8.871670454892278,18.257910423017858,-11.174553758515815,2
SUNPHARMA.NS,2026-06-04,1125.5980762298987,1133.7972725971094,1100.5793218522908,1119.1793003127914,2315036,-7.2537684729447545,18.454714212726792,-10.426280570030622,2
SUNPHARMA.NS,2026-06-05,1131.457835706748,1138.6693118413436,1106.338850182555,1131.7748536416962,2419505,-3.77287382917727,17.535426646369828,-9.418193162022614,0
SUNPHARMA.NS,2026-06-08,1137.1536791077826,1140.754130827236,1130.3516129655522,1137.1701026073315,3033171,-2.468712859776412,17.471911017753936,-8.986383427007338,0
SUNPHARMA.NS,2026-06-09,1155.8690880144757,1159.1189095270686,1144.784701950248,1154.2850018744195,3046171,0.5569604130438943,17.478726337475344,-7.616589342543955,0
SUNPHARMA.NS,2026-06-10,1174.9909555750103,1187.0570283802942,1173.4895300191731,1179.101367413354,3890736,3.569121366341066,18.33031948630994,-5.630407000326931,0
SUNPHARMA.NS,2026-06-11,1169.0304490744463,1177.0882739226515,1168.3672096325836,1172.8948500544543,4594586,2.671356153733151,18.41275289692648,-6.127146749166035,0
SUNPHARMA.NS,2026-06-12,1196.4927094763812,1201.5052451066101,1189.349762897396,1194.6278883485502,3616017,4.413527732715483,19.105893330224024,-4.387739065364126,0
SUNPHARMA.NS,2026-06-15,1189.6271151370665,1199.8408403542023,1185.8010231481617,1191.5193002713495,3050812,1.7923055615844063,18.004445298960515,-4.636535479104708,0
SUNPHARMA.NS,2026-06-16,1199.498783547452,1208.6625585758632,1194.9143503096232,1206.819593005384,1787518,2.450086922983985,18.27938323680144,-3.4119737594841215,0
SUNPHARMA.NS,2026-06-17,1216.043965451603,1227.1328530933172,1207.2296300691442,1217.7591370294372,3757401,0.9846560852093011,17.147333164078855,-2.5364253582328855,0
SUNPHARMA.NS,2026-06-18,1191.1093640085203,1195.3673217763182,1189.1237801722252,1189.8280006831744,2115959,-2.2256559867648185,18.210818112751856,-4.771898950123942,0
SUNPHARMA.NS,2026-06-19,1172.4628242675558,1181.011840501044,1162.6045757427198,1176.7249309050017,3861352,-4.603775239117391,17.924831261404382,-5.820605529716094,0
SUNPHARMA.NS,2026-06-22,1155.19809454934,1160.5813012687354,1152.4075485243807,1160.2096319505365,2875919,-5.585904645798201,18.280666202662847,-7.142410493796358,1
SUNPHARMA.NS,2026-06-23,1133.8180377496349,1145.8377011398659,1133.6894183144025,1136.2543617140348,3172925,-6.384129641928283,18.846782986982173,-9.05967491642622,1
SUNPHARMA.NS,2026-06-24,1149.9364492316313,1157.0276715453565,1148.1575351118267,1148.905842978182,3849853,-4.880002822577545,19.21197983218715,-8.047111305920286,0
SUNPHARMA.NS,2026-06-25,1185.3402399027884,1193.5035475179918,1167.6614669069024,1178.398572085136,3049707,-2.475179061048527,20.772803231656173,-5.6866553526051415,0
SUNPHARMA.NS,2026-06-26,1180.587628640668,1183.1348393920505,1170.575184050821,1175.372793045058,1911800,-2.040634405915087,20.696753185218856,-5.9288241299559115,0
SUNPHARMA.NS,2026-06-29,1185.382776093026,1203.7563124823466,1184.3693588167746,1188.1010919115095,1268624,0.1647514643340786,20.69069157373206,-4.910112408638623,0
SUNPHARMA.NS,2026-06-30,1216.5383019559267,1227.887301166414,1209.0666057440455,1210.0877515465174,1789941,1.456465634752746,21.31671426412671,-3.150406094558278,0
SUNPHARMA.NS,2026-07-01,1215.573090937635,1229.1325600009418,1210.2844665510247,1213.7490074944742,3947987,2.944966835146734,21.01682872988471,-2.8573768069794947,0
SUNPHARMA.NS,2026-07-02,1211.6568044951139,1220.3587529297101,1211.1416418816211,1214.0127920737925,1458635,4.825041553621157,20.253541711570765,-2.8362647600615354,0
SUNPHARMA.NS,2026-07-03,1222.0376000581102,1223.0615457040044,1204.7713887315092,1211.0697236252558,2630793,5.933280606678437,19.825115802198432,-3.0718137801325263,0
SUNPHARMA.NS,2026-07-06,1212.0150865030596,1229.975575196507,1203.8405275051618,1219.5425242898364,3279071,6.919096409529946,19.833276093695858,-2.3936916335711267,0
SUNPHARMA.NS,2026-07-07,1235.238379166771,1235.7864640977325,1227.2483873248823,1233.0529909593865,2880294,9.339727150286636,19.557278909306675,-1.3123789694716281,0
SUNPHARMA.NS,2026-07-08,1235.8370089409568,1246.5743152081463,1231.598975868864,1240.551356304176,2982878,10.248679369970715,19.510840149178502,-0.7122459314589991,0
SUNPHARMA.NS,2026-07-09,1244.7448254983574,1263.3553833726146,1235.0204010429647,1247.581083678227,1764309,10.020065302465774,19.47902400587449,-0.1496204189102457,0
SUNPHARMA.NS,2026-07-10,1247.0554027042203,1249.3960303673944,1238.8429259235315,1247.4646009358144,3516893,9.197154974150678,19.460898728364754,-0.15894313644477798,0
SUNPHARMA.NS,2026-07-13,1224.6276968877166,1228.3040619275573,1220.9406597503364,1224.483082560668,4682845,7.982531236272528,20.221426330594355,-1.9982731512464436,0
SUNPHARMA.NS,2026-07-14,1239.6454138301601,1244.7111786941045,1236.915431611869,1238.390362705952,905056,10.87343903613942,19.65732345093148,-0.8852014482409576,0
SUNPHARMA.NS,2026-07-15,1219.9225891625767,1228.0830887729758,1215.5148811059069,1220.0819198626366,3238844,9.934127123894076,20.16995509368941,-2.35052101052059,0
SUNPHARMA.NS,2026-07-16,1233.018570825808,1241.180585675124,1219.3080451695432,1229.8247692470654,3357964,9.886304089376075,20.160556285187276,-1.5707502830193065,0
SUNPHARMA.NS,2026-07-17,1240.105371184989,1258.9112624464603,1232.8271424602926,1241.67540235554,3412162,9.710460376480201,20.1099475479239,-0.6222827007209775,0
SUNPHARMA.NS,2026-07-20,1226.1852515553508,1231.2473231296574,1218.3405556639295,1225.4369532462888,2794210,7.761974258431259,20.644874258841803,-1.9219299369443332,0
SUNPHARMA.NS,2026-07-21,1216.9980760349256,1217.574550012181,1213.7132639818751,1217.1656656817474,2081094,5.447585622720319,20.466365403576358,-2.583923945789701,0
SUNPHARMA.NS,2026-07-22,1252.0113883259928,1257.4267509206043,1244.060190512838,1249.200428218833,3708192,5.945125902046766,20.911305396346876,-0.020015883247248567,0
SUNPHARMA.NS,2026-07-23,1243.6901781621955,1255.2787021257368,1242.9337653627178,1248.6599870636337,1681378,6.459670021201114,20.81190662570158,-0.06327018967580145,0
SUNPHARMA.NS,2026-07-24,1237.8704552695208,1240.1747788052212,1228.2395816822977,1231.1509522929794,3805793,3.0572753491397764,20.726875001412935,-1.464608981054305,0
SUNPHARMA.NS,2026-07-27,1251.1461524180688,1252.6552365844689,1239.0816249618142,1243.6879016106502,3296948,4.378326169573588,20.85995376073875,-0.46121195577432106,0
SUNPHARMA.NS,2026-07-28,1231.1610027419326,1244.5646770472792,1229.573380795144,1232.8518230510226,4103150,2.1570937525806855,20.77804795682179,-1.328479479708966,0
SUNPHARMA.NS,2026-07-29,1208.204568771665,1215.9425622285685,1197.454327461698,1205.391989247284,2752424,-1.0155660020191748,21.660535621417065,-3.5069183440813334,0
SUNPHARMA.NS,2026-07-30,1203.4107320314954,1220.977738357229,1196.5846448981658,1213.565977725017,4424582,1.995076349540681,20.644467582543616,-2.852580713939157,0
SUNPHARMA.NS,2026-07-31,1206.4297172385407,1208.078660118416,1197.6062824839016,1200.9161985623152,4939134,2.0558133019845437,20.616018891364863,-3.86521078329789,0
SUNPHARMA.NS,2026-08-03,1211.0068696684793,1212.7376408666953,1185.2730321656995,1206.1821072836924,3094064,3.9624283463211007,20.15337017497889,-3.44366844289975,0
SUNPHARMA.NS,2026-08-04,1197.8801183117002,1204.608945305752,1183.0900863373556,1195.0988135127952,2769758,5.178809761398306,19.321840085463894,-4.330899468484672,0
SUNPHARMA.NS,2026-08-05,1206.0975780844763,1208.480322154725,1195.63959465308,1205.9123109573552,3528539,4.961805036294509,19.24315014803564,-3.46526596402148,0
SUNPHARMA.NS,2026-08-06,1205.184127084545,1213.6170290605228,1198.42357574186,1209.2005375728102,2683592,2.6138834701039393,17.857297153746497,-3.202039459997341,0
SUNPHARMA.NS,2026-08-07,1168.2971514630624,1183.681215526381,1162.178227183578,1172.8186908966766,3121581,-0.2173014522281469,19.979698587903798,-6.114450139203442,0
SUNPHARMA.NS,2026-08-10,1185.745547958681,1186.3379112697971,1174.432687725974,1178.8214911346627,2198638,-0.7810447141258892,19.77837595507242,-5.633918744690137,0
SUNPHARMA.NS,2026-08-11,1174.8355744800047,1180.7845927390742,1165.0391430847842,1175.342378048397,3018808,-2.871310237932345,18.977749622392313,-5.912425940787269,0
SUNPHARMA.NS,2026-08-12,1201.9219857434716,1203.467196587042,1190.5085244160991,1196.117824345624,1954949,-1.4526218386160417,19.70235719566306,-4.249326423054189,0
SUNPHARMA.NS,2026-08-13,1199.995384978394,1211.5830904390546,1185.5269568774622,1202.4302579724529,3351437,-0.9540701858301026,19.770885878382003,-3.7440085025480796,0
SUNPHARMA.NS,2026-08-14,1213.5587381703706,1226.566351712242,1204.0764705000736,1214.0230526946323,2890285,0.2438611924452827,19.96359008268399,-2.815991311687127,0
SUNPHARMA.NS,2026-08-17,1210.9451018560153,1211.991652732538,1183.6993089519772,1201.3359815447989,3628483,-1.4928993768084875,20.084296978401937,-3.8316066495655443,0
SUNPHARMA.NS,2026-08-18,1193.8514738425065,1203.4134707569444,1187.6361360449773,1187.6475549929505,2609430,-3.682358852323775,20.021957287762085,-4.927381694356869,0
SUNPHARMA.NS,2026-08-19,1184.3876734042756,1191.9515346184687,1183.918919649478,1184.9348304277237,2996475,-4.483210275320149,19.905050895759086,-5.144538565580071,0
SUNPHARMA.NS,2026-08-20,1185.4419538531288,1189.661717359319,1160.7940622007523,1177.485753289344,1272364,-5.618498974208697,19.834959627413077,-5.740846169236669,1
SUNPHARMA.NS,2026-08-21,1188.3651713124484,1196.7247164870482,1177.7234006759816,1194.1786416827297,2912338,-4.271540788661332,20.368788014221188,-4.404560332608587,0
SUNPHARMA.NS,2026-08-24,1182.642384164268,1191.3766901585088,1174.1444014113345,1189.6270501990632,1885099,-2.846591582850866,19.73650002819918,-4.768920717127212,0
SUNPHARMA.NS,2026-08-25,1179.3065255568365,1181.7944533423574,1168.736908374792,1169.952392010908,2925634,-5.526364929512473,19.887995663932664,-6.343900819896486,1
SUNPHARMA.NS,2026-08-26,1154.9379980309795,1161.9323498572176,1152.7854157838126,1156.1010154189125,3269788,-5.243984309752525,19.738909086887446,-7.452720211813069,1
SUNPHARMA.NS,2026-08-27,1173.8786227697922,1180.551669410999,1158.7172147159297,1167.254986203349,3790825,-5.087699045289473,19.81566639556516,-6.559831406103934,1
SUNPHARMA.NS,2026-08-28,1164.822538644284,1169.1886732555581,1161.341290657386,1162.6115397696963,3457829,-6.367514604529845,19.531876329774057,-6.931544890086139,1
SUNPHARMA.NS,2026-08-31,1157.461816484978,1160.796996416425,1151.2521401479355,1157.2440095169854,4594265,-5.564785976843146,19.271498130700184,-7.361222156556824,1
SUNPHARMA.NS,2026-09-01,1160.716595036831,1173.7992962919927,1158.1623444090155,1169.7436694298306,3514354,-3.896100390356916,19.551873345495952,-6.360609314095056,0
SUNPHARMA.NS,2026-09-02,1151.4143322484565,1162.7864473206478,1150.6683492215143,1154.6861138825939,2051028,-7.5659847852439395,17.986558846077504,-7.5659847852439395,1
SUNPHARMA.NS,2026-09-03,1116.99119088693,1122.7437236350625,1106.2913880203228,1121.9042807317155,4440404,-10.15133884685443,19.464134049660036,-10.190210042484704,3
SUNPHARMA.NS,2026-09-04,1112.9354383933614,1125.1343971039778,1096.8384503925527,1108.2854217382558,2718474,-9.97972915716716,19.383056786610513,-11.280416120373914,2
SUNPHARMA.NS,2026-09-07,1105.4548849762866,1127.1352337989435,1102.7604439894446,1109.3123164963306,4412522,-10.804606601084988,19.00019014938997,-11.198211957224602,3
SUNPHARMA.NS,2026-09-08,1100.1541611977739,1105.1995947787195,1096.4934845945438,1103.8093182773237,3299996,-10.466992250078256,18.94580171905784,-11.638733597683327,3
SUNPHARMA.NS,2026-09-09,1086.7529158349628,1096.789365594971,1072.447684799221,1081.1909035876988,4189296,-10.303792191048455,18.799716158942818,-13.449364956645892,3
SUNPHARMA.NS,2026-09-10,1095.4934235394046,1097.1983217343118,1081.1027534389384,1092.2905355039838,1907976,-9.993312637882234,18.99227740751666,-12.56082604282952,2
SUNPHARMA.NS,2026-09-11,1096.340549821019,1096.7894230557633,1088.296931066506,1092.2719961455755,1090278,-9.046776331837636,18.89872400587422,-12.562310140816491,2
SUNPHARMA.NS,2026-09-14,1094.0712276261163,1100.0550283196715,1093.655501007406,1095.2133308066857,4004238,-9.200001874253228,18.846884576355468,-12.326852755863127,2
SUNPHARMA.NS,2026-09-15,1103.9347799594677,1110.283930307578,1093.1345858402049,1098.5658469495604,2205869,-8.07740460217613,18.83983937540128,-12.058479797677801,2
SUNPHARMA.NS,2026-09-16,1079.6753182742104,1083.9257511326098,1074.0322547820379,1079.442092110985,3629540,-10.48751370205081,18.96195343222201,-13.589359423283032,3
SUNPHARMA.NS,2026-09-17,1079.0450834729697,1084.997916070401,1074.4700338558505,1081.2307080779422,2331221,-10.583011297012634,18.933367769912703,-13.446178559223654,3
SUNPHARMA.NS,2026-09-18,1087.0382512187628,1097.722908307241,1086.3302165592481,1090.9080751180802,1836704,-6.984081718204182,17.52529072199783,-12.671493663066801,2
SUNPHARMA.NS,2026-09-21,1107.5296051165585,1110.2315425296774,1094.4604695977398,1103.7519417850879,994147,-6.368186355112792,17.874449807075983,-11.643326655045438,2
SUNPHARMA.NS,2026-09-22,1115.1607883310367,1120.914469782067,1102.852934402846,1111.1454894460421,3511522,-5.4619734471712755,18.053797185006296,-11.051464252989074,2
SUNPHARMA.NS,2026-09-23,1119.394661383738,1124.6811347512537,1109.6883207973078,1115.7982579460222,4643914,-6.71502127673278,17.19151495366466,-10.679004526361046,2
SUNPHARMA.NS,2026-09-24,1096.4901223970426,1104.3260164376088,1088.5597915613823,1090.615355827244,2645025,-9.299075884347086,18.00612254115664,-12.69492619512681,2
SUNPHARMA.NS,2026-09-25,1088.0209046965733,1091.1420396536846,1079.8117089030386,1088.2641798546572,2384494,-10.358853776362986,17.59581971435744,-12.883140665717352,3
SUNPHARMA.NS,2026-09-28,1067.584619706697,1075.2317586194447,1067.0526171657623,1073.7166159142744,2477833,-10.623120225402616,17.71472908369699,-14.047690694020288,3
SUNPHARMA.NS,2026-09-29,1091.7804496882613,1098.6232952318078,1083.704845333365,1088.2089513687208,3624421,-8.372736777521506,18.233715127542848,-12.887561772586098,2
SUNPHARMA.NS,2026-09-30,1104.9799355755245,1110.2555045047543,1099.3571200764006,1100.889840152667,2376954,-7.09279431382055,18.712202984856326,-11.872441340548857,2
SUNPHARMA.NS,2026-10-01,1085.3948592804709,1087.1897635729913,1081.7455477314147,1086.2523013704697,3254047,-7.748157603097172,18.948104968921108,-13.044193963390017,2
SUNPHARMA.NS,2026-10-02,1084.6907187003212,1091.7097415186834,1080.9826233247682,1083.5068256583684,3440852,-9.267609732863125,18.268016267450342,-13.263972603397045,2
TATAMOTORS.NS,2025-10-06,1568.16124841222,1589.405117401903,1562.0147461517884,1575.6398842610186,3737053,,,0.0,0
TATAMOTORS.NS,2025-10-07,1592.8864292648927,1597.1701355777502,1569.8921914699238,1582.0988088986458,2982220,,,0.0,0
TATAMOTORS.NS,2025-10-08,1577.786981940376,1580.7301924210392,1565.2535494511765,1566.5739128236376,3192447,,,-0.9812848595604273,0
TATAMOTORS.NS,2025-10-09,1548.9434329435855,1567.913126285697,1541.0088610125,1558.5808425168418,1405167,,,-1.4865042720167199,0
TATAMOTORS.NS,2025-10-10,1569.8243755181034,1587.407072036048,1562.7757141890365,1578.2246442260598,2399110,,,-0.2448750135450095,0
TATAMOTORS.NS,2025-10-13,1527.230899361643,1528.8965736992757,1524.1318771425308,1524.7830060192746,3396748,,,-3.622770117580121,0
TATAMOTORS.NS,2025-10-14,1531.550891222557,1531.7252295801554,1526.8819610551855,1529.884332400519,3173577,,,-3.3003296762782464,0
TATAMOTORS.NS,2025-10-15,1537.9007361194072,1543.1741301853554,1520.549129754947,1539.1916066890747,2645836,,,-2.7120431396721822,0
TATAMOTORS.NS,2025-10-16,1533.1546462567724,1539.4570998637746,1517.4047704229522,1524.8169775542428,4427006,,,-3.6206228727445167,0
TATAMOTORS.NS,2025-10-17,1524.997207843451,1533.1736591095607,1521.0697640050982,1527.0587768155249,2984505,,,-3.4789250692525475,0
TATAMOTORS.NS,2025-10-20,1537.6755456127203,1538.0445618150477,1531.828538883522,1535.6983564710606,4563633,,,-2.932841625731719,0
TATAMOTORS.NS,2025-10-21,1511.3803849982467,1518.2208809876115,1503.8490752690273,1512.5931145473162,3677148,,,-4.393258749730988,0
TATAMOTORS.NS,2025-10-22,1535.9924948238254,1553.7596004134812,1524.1896606619905,1527.3629590067073,2769396,,,-3.4596985715476203,0
TATAMOTORS.NS,2025-10-23,1520.572223697754,1540.8529187455003,1518.6694243066404,1532.2308892690742,2055246,,,-3.152010440124553,0
TATAMOTORS.NS,2025-10-24,1519.1370007772914,1529.43436908596,1512.0569787549357,1528.8305309124344,2802817,,,-3.366937493827793,0
TATAMOTORS.NS,2025-10-27,1535.6549294979295,1541.3360815058963,1519.6148875153383,1530.1659939240678,4738750,,,-3.282526646406503,0
TATAMOTORS.NS,2025-10-28,1558.7408502286355,1565.583764178002,1538.3549235606895,1542.6111437250738,3049468,,,-2.495903855781334,0
TATAMOTORS.NS,2025-10-29,1595.4522260737272,1604.002812533564,1571.703422892193,1585.4748040534041,2864060,,,0.0,0
TATAMOTORS.NS,2025-10-30,1597.9560901304847,1605.6999856799093,1583.8256500047055,1596.5056586634214,2776931,,,0.0,0
TATAMOTORS.NS,2025-10-31,1619.8876190633368,1626.7102023873958,1595.8971102970736,1611.4884657984478,2541701,,,0.0,0
TATAMOTORS.NS,2025-11-03,1607.7127561450127,1617.068997322348,1601.1622399623088,1614.611845024492,3150470,,,0.0,0
TATAMOTORS.NS,2025-11-04,1652.24014114757,1668.130992378648,1650.3027361883687,1651.2430981371238,2623674,,,0.0,0
TATAMOTORS.NS,2025-11-05,1614.4725265295062,1634.2160937510962,1610.3490536889085,1621.8224281923106,2737517,,,-1.7817285642559022,0
TATAMOTORS.NS,2025-11-06,1594.426864543591,1614.0779951100064,1585.3520855772063,1587.746393615919,2890401,,,-3.8453880347987246,0
TATAMOTORS.NS,2025-11-07,1590.0149652316034,1594.3968905267654,1586.620149411098,1590.0509161249129,2719608,,,-3.7058251496248973,0
TATAMOTORS.NS,2025-11-10,1607.914559975081,1608.7651846523852,1589.0119793528168,1602.0783291051673,2906978,,,-2.9774397899026805,0
TATAMOTORS.NS,2025-11-11,1550.4592181528265,1564.6440565498226,1550.2587435933403,1552.7388197954872,2898852,,,-5.965461927003101,0
TATAMOTORS.NS,2025-11-12,1552.283939232074,1565.94387813481,1549.225249967791,1552.0755846147997,3999587,,,-6.005627737926744,0
TATAMOTORS.NS,2025-11-13,1546.667016864295,1558.2390910730717,1544.46130108287,1548.1199237105786,3706060,,,-6.245184282246818,0
TATAMOTORS.NS,2025-11-14,1567.4408644936195,1576.2964620653538,1560.7294357947278,1561.403564973538,3765758,,,-5.440721191503517,0
TATAMOTORS.NS,2025-11-17,1575.8581176434739,1587.7095270146008,1567.865904054656,1568.8517176831526,4232167,-0.43081967178366654,21.49004315347142,-4.989657824878857,0
TATAMOTORS.NS,2025-11-18,1530.549787587974,1548.346997942129,1528.0004038202678,1534.5839421816872,3956673,-3.0032806073620244,22.352264909292455,-7.064929209215009,0
TATAMOTORS.NS,2025-11-19,1507.6592951263108,1527.5926942563353,1492.095646918776,1514.2384015686182,3588755,-3.3407623366259354,22.493235072031766,-8.297063995184573,0
TATAMOTORS.NS,2025-11-20,1490.390073892764,1504.0085293978111,1487.4562119669556,1499.0703190020267,2383521,-3.8182506733956623,22.615242256738444,-9.21564967064954,0
TATAMOTORS.NS,2025-11-21,1505.7988842087138,1513.7097823303006,1498.9852242374466,1511.8385117050161,2996021,-4.206380426507572,22.428782163051014,-8.442402368820145,0
TATAMOTORS.NS,2025-11-24,1520.5020215797854,1526.0913374503273,1509.5544259789776,1518.064578310713,3131782,-0.4406153322826789,20.236491971379834,-8.065349068023863,0
TATAMOTORS.NS,2025-11-25,1499.8908134927728,1510.4263893048287,1493.9854106038576,1506.217469417775,2854752,-1.5469707403048427,20.330832254721315,-8.782815133820199,0
TATAMOTORS.NS,2025-11-26,1506.5131509537746,1530.6491894062813,1494.8251594143426,1508.2500706088135,3394939,-2.010245894389906,20.24494822244359,-8.659719921895814,0
TATAMOTORS.NS,2025-11-27,1494.8762093712076,1497.937105112344,1487.142348623791,1488.647520893468,2678826,-2.3720523310797215,20.409278214646935,-9.846858856039464,0
TATAMOTORS.NS,2025-11-28,1525.1283259304412,1533.3593754483493,1523.3132159324239,1525.1269697090625,5488473,-0.12650509173529612,21.676637547063883,-7.637647574142248,0
TATAMOTORS.NS,2025-12-01,1532.302275264126,1547.7698273412511,1527.3015314390072,1535.0822330022245,3086778,-0.04012008388495358,21.697653834244814,-7.034752500461505,0
TATAMOTORS.NS,2025-12-02,1558.14791118873,1573.106843948207,1545.0831727549387,1549.034870304541,2426896,2.4092239616025912,21.36085645650321,-6.189774718688634,0
TATAMOTORS.NS,2025-12-03,1571.4870367558406,1578.7945693367499,1562.3992124617273,1574.2324221282379,1677935,3.0686525979398693,21.67660699497456,-4.6638000241010396,0
TATAMOTORS.NS,2025-12-04,1595.409825479813,1596.0403622350123,1590.059666937074,1592.9325971517048,3607339,3.9616554076642663,21.89467021043608,-3.5313092936589907,0
TATAMOTORS.NS,2025-12-05,1595.7999371910444,1598.3548427757855,1563.7610819236759,1592.920352487513,3814390,4.1920814818388275,21.87237932289471,-3.5320508358465563,0
TATAMOTORS.NS,2025-12-08,1604.312225686382,1608.3065292344634,1586.394975334555,1588.7752700652538,2009384,3.83025608815708,21.90367686478419,-3.783078829661357,0
TATAMOTORS.NS,2025-12-09,1610.7728125312162,1618.5561577158635,1581.8223420645595,1612.9049329476861,2446018,4.556805485850957,22.187215792485308,-2.321775953685401,0
TATAMOTORS.NS,2025-12-10,1611.286142573698,1626.8627791240954,1606.1262561750723,1612.7959377298582,2279819,1.7232146235692358,20.75060379166402,-2.3283767514692633,0
TATAMOTORS.NS,2025-12-11,1603.618300198877,1620.825040603035,1596.5819421006524,1597.7478822257597,1523360,0.07780890444060162,20.857251385192306,-3.239693535840704,0
TATAMOTORS.NS,2025-12-12,1632.0626951972483,1638.0892073945106,1626.1967537602177,1635.271182007558,2599826,1.475822924821646,21.781987141399103,-0.9672661855534614,0
TATAMOTORS.NS,2025-12-15,1622.6630556930425,1643.8334958269916,1613.0932282946947,1616.3839325474858,2311965,0.10975316008330349,22.05793239263441,-2.1110862252181395,0
TATAMOTORS.NS,2025-12-16,1582.8789785527122,1586.2435698470915,1574.0287320162226,1582.4733751860624,3230288,-4.164724323671365,21.80676360549562,-4.164724323671365,0
TATAMOTORS.NS,2025-12-17,1590.7175194913395,1611.366172410457,1581.489698382431,1600.8205860251962,4196022,-1.2949532453144785,21.538328933452632,-3.053609257704848,0
TATAMOTORS.NS,2025-12-18,1582.9457413626815,1589.0869703391008,1571.6931182085382,1586.2225020742387,2959004,-0.09597827132895587,20.81028871734036,-3.937675569165988,0
TATAMOTORS.NS,2025-12-19,1596.4417464156943,1602.5343023343987,1590.6367535143759,1593.910709690937,3134400,0.24274653892408793,20.853364125659244,-3.472074372990097,0
TATAMOTORS.NS,2025-12-22,1625.4913236536045,1642.075451137638,1623.204815531203,1628.4214169344389,3106278,1.6443071072552051,21.67140521128198,-1.3820909367270984,0
TATAMOTORS.NS,2025-12-23,1591.762725467737,1606.1455398877333,1587.208115693399,1601.157699193658,3765768,3.11828871545492,20.235323581819102,-3.0331935376426755,0
TATAMOTORS.NS,2025-12-24,1591.3640736976195,1603.88817539794,1570.5293987149848,1599.7541200668347,3492694,3.071920976314302,20.23869503019611,-3.118194899853155,0
TATAMOTORS.NS,2025-12-25,1626.7194759534927,1631.7582353347661,1620.8616995969674,1627.8576912464143,2240560,5.150619555668401,20.757739493783866,-1.4162304095073575,0
TATAMOTORS.NS,2025-12-26,1637.7477264477488,1642.4891963567973,1632.0820626668137,1640.5991081375205,3243074,5.07207393018374,20.737360891387286,-0.644604662488002,0
TATAMOTORS.NS,2025-12-29,1630.299191275336,1654.4743818607942,1627.0436721917818,1636.4309687994444,2502108,4.307561406510185,20.75256027808071,-0.8970289931500619,0
TATAMOTORS.NS,2025-12-30,1686.2373497081946,1688.8272815736468,1681.60993734914,1683.3808530248207,2765769,9.696237967379728,20.98244242944662,0.0,0
TATAMOTORS.NS,2025-12-31,1687.429081766998,1704.9228038201534,1660.2747825029214,1680.8075657169065,3984428,11.000194155407584,20.45296260882939,-0.15286423766138757,0
TATAMOTORS.NS,2026-01-01,1688.3143048935124,1690.7119530793755,1674.4888353498818,1688.1797264240229,876152,12.615112515061444,20.04376219061545,0.0,0
TATAMOTORS.NS,2026-01-02,1726.8707799047315,1740.1590201120684,1714.149184730438,1721.2609192345085,1884837,13.852167801527337,20.510317094725824,0.0,0
TATAMOTORS.NS,2026-01-05,1752.3885955003504,1770.85588058265,1736.5952026791017,1740.9683389121917,3818486,14.683417542719024,20.61094069867045,0.0,0
TATAMOTORS.NS,2026-01-06,1770.923650003948,1776.9231772470425,1765.3071967784033,1768.1187135121797,3370176,17.388009992716526,20.49688393520715,0.0,0
TATAMOTORS.NS,2026-01-07,1743.5054858886426,1754.533971751221,1743.133640479639,1748.460403035219,1768124,15.92642606868524,21.024731343428517,-1.1118207350405473,0
TATAMOTORS.NS,2026-01-08,1777.8294791654341,1804.2914580351824,1769.8741813940442,1773.7354132304458,3365497,19.15079885169,20.478576427426304,0.0,0
TATAMOTORS.NS,2026-01-09,1771.0165183588772,1789.8169489947197,1766.6792664387535,1776.6628978565807,3511741,16.49278605279021,19.735745022166235,0.0,0
TATAMOTORS.NS,2026-01-12,1762.5882403487994,1774.3432914677267,1759.038215008499,1760.1543052037628,3209565,14.661890246840748,20.16941846358601,-0.9291910509717005,0
TATAMOTORS.NS,2026-01-13,1765.7167555777678,1776.1690004929221,1762.5192081244625,1764.1673221363942,3734196,13.88816068353309,20.13567412837646,-0.7033171985108444,0
TATAMOTORS.NS,2026-01-14,1771.313396398375,1775.6865557121216,1750.0962238608067,1767.517040443544,3134232,12.278022965249335,19.82949755232518,-0.5147773066050187,0
TATAMOTORS.NS,2026-01-15,1800.8044821611327,1815.9825112046942,1798.9025389858125,1806.8894285615397,1849965,13.431631180905423,20.411464358717378,0.0,0
TATAMOTORS.NS,2026-01-16,1812.2182713011553,1819.5287442399888,1799.4840490669992,1814.4753543339073,1764789,13.908730684519966,20.370881522388324,0.0,0
TATAMOTORS.NS,2026-01-19,1797.5721281893855,1798.3080842030897,1796.4556587748832,1796.8600137422584,3113252,13.097179166721173,20.68570966317852,-0.9708228083437076,0
TATAMOTORS.NS,2026-01-20,1774.2732364031542,1789.3208405571552,1761.0300959223564,1774.4980084963754,4714631,10.01876007988689,20.957971602615867,-2.2032454583659766,0
TATAMOTORS.NS,2026-01-21,1772.7296061814677,1777.1730088740467,1762.4361239995355,1772.8045759555862,2584449,9.921195514105353,20.971819866981303,-2.296574504513915,0
TATAMOTORS.NS,2026-01-22,1748.7034275111323,1757.8161843055548,1736.6519324611502,1743.7193813769031,2468425,9.136078399790847,21.435576092042893,-3.8995279152181483,0
TATAMOTORS.NS,2026-01-23,1723.591771772673,1748.4340397536305,1714.9876741997311,1728.147686879871,4133219,5.679578157690757,20.793701857625145,-4.757720585613967,0
TATAMOTORS.NS,2026-01-26,1725.2135345609202,1732.7968721918014,1710.1849918994842,1722.4261251406429,2448864,6.560458221459209,20.464223234208,-5.073049296227872,0
TATAMOTORS.NS,2026-01-27,1715.9285121662904,1725.2936518289257,1697.0899361738402,1713.0667887745092,2833711,8.25248725420684,19.402570337397655,-5.588864313708197,0
TATAMOTORS.NS,2026-01-28,1732.2479614179852,1738.6889210689346,1710.5980261759596,1727.4081337798443,2649623,7.907666159451532,19.2966724727963,-4.798479094582431,0
TATAMOTORS.NS,2026-01-29,1712.2467577965604,1726.6439568641426,1710.4612681438284,1711.5205098918266,3912009,7.8991445181076925,19.300818872970396,-5.6740833760112075,0
TATAMOTORS.NS,2026-01-30,1662.3526974320168,1685.419532116633,1655.7155196074968,1660.8946200219668,2567670,4.202488252558267,21.416909208368036,-8.464195115415041,0
TATAMOTORS.NS,2026-02-02,1629.971461875653,1644.2832124704341,1619.2056576500895,1627.0053351693005,2026392,-0.08696039921928245,21.440165082815895,-10.331913228627288,1
TATAMOTORS.NS,2026-02-03,1626.1345041706336,1626.7250171423325,1614.2724524107543,1626.029717032481,2920745,1.5533771502550087,20.843066422551612,-10.385681836422888,1
TATAMOTORS.NS,2026-02-04,1607.5246384024267,1629.0972973854566,1579.123142594642,1613.996893689088,3030772,0.8903101697689708,20.968525689882,-11.048839002743838,1
TATAMOTORS.NS,2026-02-05,1590.9918601940851,1591.0900645310162,1584.8385165916952,1589.6082175673369,3088552,-2.349681663499148,20.77899353712536,-12.392956246524435,1
TATAMOTORS.NS,2026-02-06,1630.0319900034183,1635.9218103060623,1612.539292100921,1626.7806413378823,2962917,-0.8422817451927966,21.798599622383534,-10.344296633608863,1
TATAMOTORS.NS,2026-02-09,1635.6617165682476,1649.5847957191772,1624.2629741655546,1642.4055960577202,4246398,0.3651010871946081,21.968391981217312,-9.483168667196018,0
TATAMOTORS.NS,2026-02-10,1648.120051039862,1657.5873296189245,1640.0309175114917,1640.6210602192089,3812355,-2.5401140050261284,20.241629091106606,-9.581518630134289,0
TATAMOTORS.NS,2026-02-11,1646.9249702021693,1666.1691940916485,1635.5262113063861,1644.5855869954935,3538086,-2.155034250215515,20.261211771530544,-9.36302424459109,0
TATAMOTORS.NS,2026-02-12,1630.4413314471747,1645.3984390121598,1613.623924063324,1638.7286616771037,2029165,-2.929253560677969,20.22054245652023,-9.685813160097734,0
TATAMOTORS.NS,2026-02-13,1605.3555329321355,1616.0753689812218,1601.9406993957382,1613.6342759474012,4960383,-6.2527791158455965,19.66764600872446,-11.068823718481136,2
TATAMOTORS.NS,2026-02-16,1632.4898446266118,1640.6559292644904,1630.9141321894522,1633.0861857388102,3551118,-6.196675192886591,19.704565579238796,-9.996783266405117,1
TATAMOTORS.NS,2026-02-17,1650.1662449690075,1661.0535488388389,1638.8019831548968,1649.2185150682874,1042021,-6.724672813835541,19.32561008554763,-9.107692693146863,1
TATAMOTORS.NS,2026-02-18,1612.612864437433,1630.0782100302947,1597.254112391916,1609.9249136962746,2561504,-7.923284341953374,20.16524313738537,-11.273255387517956,2
TATAMOTORS.NS,2026-02-19,1606.9807907479685,1639.829017440799,1606.8028978334887,1613.6823282726493,2831915,-9.023503943369837,19.56789387767354,-11.066175441934778,2
TATAMOTORS.NS,2026-02-20,1624.4383847552804,1632.3864120890519,1608.523194994049,1619.592722733647,1933621,-8.840741556117814,19.61873262442103,-10.740439716349936,2
TATAMOTORS.NS,2026-02-23,1616.187637480776,1619.0306994434961,1603.8170396790802,1612.7292571134012,3038490,-8.375688861738462,19.532525846695187,-11.118701432820888,2
TATAMOTORS.NS,2026-02-24,1641.216565245159,1662.3486068083648,1638.354192350946,1653.1939035215976,2617999,-6.290413455817134,21.107291094271318,-8.888599695062593,1
TATAMOTORS.NS,2026-02-25,1691.5363232055608,1694.169491261431,1679.9592947003398,1692.468390355384,2123429,-4.245993015678485,22.377589745551173,-6.724090447803965,0
TATAMOTORS.NS,2026-02-26,1681.593669390128,1686.3567753423472,1670.8466813630914,1684.16846785177,3127450,-6.791835669073986,21.24183236132225,-7.1815186781620906,1
TATAMOTORS.NS,2026-02-27,1674.1614695284502,1693.17000065847,1668.8755316387446,1679.0230693712233,4237820,-7.4650936778586585,21.154186196970137,-7.4650936778586585,1
TATAMOTORS.NS,2026-03-02,1671.8595909171177,1672.8956640440294,1670.2874506237724,1671.5358427913966,2587239,-6.974620726845238,21.053160826869124,-7.877732326377263,1
TATAMOTORS.NS,2026-03-03,1666.441225211817,1667.3815955790187,1636.9959857976842,1658.6779659689212,3959163,-6.5269187101311354,20.899076570560464,-8.586360128444904,1
TATAMOTORS.NS,2026-03-04,1646.0752695182355,1652.01695259515,1612.7085954146205,1639.8188037941115,2997641,-7.501434391875483,21.064075696250413,-9.625732866672742,1
TATAMOTORS.NS,2026-03-05,1655.0800468565867,1658.848658081722,1647.156333175246,1649.1863299962401,3716410,-5.421345452157345,20.769588660738446,-9.109466488088213,1
TATAMOTORS.NS,2026-03-06,1688.7530317177093,1700.9487776906687,1686.174435845853,1687.8125265794713,3065747,-2.334011184728302,21.88729580074853,-6.980686039735917,0
TATAMOTORS.NS,2026-03-09,1724.973358912991,1729.0986699391792,1707.5218146651068,1718.8377017390599,3003041,-0.20833540255841276,22.554832584849592,-5.270815741112999,0
TATAMOTORS.NS,2026-03-10,1738.6190401779845,1748.272157690394,1724.8349678843815,1734.5229674889208,2945081,1.2525010031722683,22.64301644965836,-4.4063638921310595,0
TATAMOTORS.NS,2026-03-11,1683.3323458260693,1690.4714981345885,1680.8085991613939,1684.4870283678426,1687100,-2.4847113182270064,24.0465215947268,-7.1639620596435805,0
TATAMOTORS.NS,2026-03-12,1646.730026822522,1674.8859553269815,1631.7227375434788,1646.5801271966234,3125468,-3.794309347733593,24.752674045781685,-9.253100447810603,0
TATAMOTORS.NS,2026-03-13,1669.6176466157976,1674.6912644532563,1657.4291568241185,1667.0980893183744,3412469,0.37350167925316313,23.5285633535476,-8.122307347053216,0
TATAMOTORS.NS,2026-03-16,1695.5219143826034,1713.708863142788,1685.8375275156238,1699.154751816341,3531691,4.4344917061708955,23.31112027619176,-6.355589357668645,0
TATAMOTORS.NS,2026-03-17,1703.2121911573042,1715.4015771583272,1697.2848858287196,1709.8227932304203,1685132,5.15323153815801,23.341179989417377,-5.767648530112157,0
TATAMOTORS.NS,2026-03-18,1708.1003507909122,1716.2983962736203,1699.5085442890968,1702.906963154295,2977499,5.508689007572176,23.24656101546656,-6.148796174780169,0
TATAMOTORS.NS,2026-03-19,1730.8923161019923,1733.4304120430813,1716.1104109496985,1730.0985609221768,3390755,8.838048382125251,23.015133781981238,-4.650203333442637,0
TATAMOTORS.NS,2026-03-20,1736.9355507303078,1752.2758315735498,1725.837781379918,1745.141255600361,1959913,7.275757484127521,22.26204808464996,-3.8211650859814927,0
TATAMOTORS.NS,2026-03-23,1768.2435006637606,1768.9777322222938,1767.142804704237,1768.4418389127575,2285811,7.67388050537352,22.39295169443722,-2.537015193466141,0
TATAMOTORS.NS,2026-03-24,1730.2137433266735,1733.2968978480262,1716.7194197662986,1728.8112091410185,3148026,5.3754124617921395,23.51947977018673,-4.721152314815324,0
TATAMOTORS.NS,2026-03-25,1731.1183398565545,1749.3039606731033,1715.2239634948796,1735.2787898264514,3258382,5.514653876825348,23.525369160121716,-4.364708747258172,0
TATAMOTORS.NS,2026-03-26,1777.5654620738433,1787.0600127689868,1769.2295719473095,1771.9434479078268,2860625,8.129154590753828,24.108658866674183,-2.3440332944998254,0
TATAMOTORS.NS,2026-03-27,1787.627401649226,1796.9167385656872,1758.2689088304571,1782.5061364901017,3825707,10.46531193963094,23.50679458886047,-1.761898709037113,0
TATAMOTORS.NS,2026-03-30,1804.027254684629,1809.7787387107207,1796.765135759792,1802.2092079280299,3025397,10.356037768619553,23.476644903297903,-0.6760161485015237,0
TATAMOTORS.NS,2026-03-31,1798.6685457347585,1812.4327427236478,1791.0299854825428,1802.3001718523756,2167870,9.28207241098975,23.413547636401805,-0.6710029129054274,0
TATAMOTORS.NS,2026-04-01,1813.615634538239,1814.2239736203617,1779.5159258324002,1803.8993388165566,3296861,12.048662858128601,21.99970993799773,-0.582869064167213,0
TATAMOTORS.NS,2026-04-02,1838.128274828186,1849.8364747755943,1831.4075745854927,1833.8084949915708,3058153,13.64123302723117,22.297478397517384,0.0,0
TATAMOTORS.NS,2026-04-03,1813.7911948448711,1823.4975923372858,1809.218832211456,1818.4263537218349,3351807,12.276767374737553,22.602021939994515,-0.8388084858231948,0
TATAMOTORS.NS,2026-04-06,1791.4255195304902,1804.1233806020066,1785.4814064673649,1801.0571790767544,2527778,11.677590713548437,22.82102865671451,-1.7859725268077664,0
TATAMOTORS.NS,2026-04-07,1785.1059175460591,1794.8017249241552,1757.5465167657123,1790.0601869358159,3001667,8.278900806654853,22.069290265708823,-2.3856530371213047,0
TATAMOTORS.NS,2026-04-08,1801.5745471347097,1829.6397562651316,1781.0358260303562,1789.8728744478847,3435537,5.7551730151987,21.160336659243935,-2.3958674345593622,0
TATAMOTORS.NS,2026-04-09,1744.849866887804,1760.4255943997093,1734.365902653376,1754.9450184326963,2058706,4.2024626355346095,21.979560887320286,-4.300529568614364,0
TATAMOTORS.NS,2026-04-10,1764.7187445922573,1770.0023297459577,1754.3668675909296,1769.7251152896235,2567105,5.402072644086253,22.02607180113573,-3.4945513600231126,0
TATAMOTORS.NS,2026-04-13,1765.2615918001864,1772.602301012282,1765.001487969466,1765.5588464644727,3837342,5.624946906077799,21.982091625589792,-3.721743503397379,0
TATAMOTORS.NS,2026-04-14,1783.8055530855036,1787.6313792633746,1782.6998345221054,1783.0502755453,2359499,7.498279480895298,21.905103007556146,-2.7679127665129477,0
TATAMOTORS.NS,2026-04-15,1730.6986900334407,1750.1565813837456,1713.6923987837934,1737.6101530668168,1566790,5.963546036088974,23.03484868746651,-5.245822679275802,0
TATAMOTORS.NS,2026-04-16,1758.9917555951429,1768.056896964884,1742.1470698775365,1754.9054267590195,2622595,6.410379157279356,23.1262974948642,-4.30268855488719,0
TATAMOTORS.NS,2026-04-17,1778.4831734546194,1802.9294792573874,1760.8500440257715,1782.5977388763436,2263058,5.61586140665542,22.616729653802217,-2.7925901889478744,0
TATAMOTORS.NS,2026-04-20,1780.8560601830502,1799.619791549169,1775.0439067571726,1791.3119344093602,3995194,4.21646747665434,22.09547540991755,-2.317393593620909,0
TATAMOTORS.NS,2026-04-21,1783.677428250107,1799.042089894346,1775.8460938143733,1791.2657643398334,3498530,3.2713776591300814,21.978898299814922,-2.3199113085105916,0
TATAMOTORS.NS,2026-04-22,1808.9932037000763,1829.894131804739,1804.137210772849,1809.261838075553,2748804,7.407288248969723,20.180764560651586,-1.3385616318748017,0
TATAMOTORS.NS,2026-04-23,1837.381859297544,1838.490004032845,1823.6488485958735,1836.3686729446229,4539913,11.526225940253699,19.043274449868157,0.0,0
TATAMOTORS.NS,2026-04-24,1859.027885481008,1860.9944038167562,1839.4581863719604,1847.2151681958564,4641143,10.804228019427843,18.875638314936634,0.0,0
TATAMOTORS.NS,2026-04-27,1868.9939065831932,1872.4409825912865,1858.8109319366765,1859.792424962172,1625972,9.453975453037122,18.31074522211472,0.0,0
TATAMOTORS.NS,2026-04-28,1902.2862969806274,1916.4717817288913,1882.1894339812982,1896.4091593012868,3560832,10.912614266788623,18.916741087444517,0.0,0
TATAMOTORS.NS,2026-04-29,1915.7677521785934,1927.2372113738845,1909.4017318564383,1913.0714951304203,2494670,12.341515803472758,18.835799135745056,0.0,0
TATAMOTORS.NS,2026-04-30,1898.0356161840398,1906.7346876242802,1888.160735680088,1894.0567376516071,4058498,9.476811346634339,18.896531797560133,-0.993938675434447,0
TATAMOTORS.NS,2026-05-01,1925.2236077251703,1929.0177468514019,1911.7927788469765,1922.3235776316967,4416267,10.152892865419162,19.141698597228736,0.0,0
TATAMOTORS.NS,2026-05-04,1917.9075314769952,1924.7291350491503,1900.5171054063162,1918.7309287929165,3535431,8.498390310226833,18.954495393516506,-0.18689095220931762,0
TATAMOTORS.NS,2026-05-05,1903.3883287124968,1926.9952143957632,1894.8111801022822,1918.7566274279116,2679861,10.987053836912008,17.41544146381344,-0.1855540994913918,0
TATAMOTORS.NS,2026-05-06,1931.5423601109221,1953.074313716206,1913.6763680410957,1920.4776840586208,2173997,10.672572921305147,17.432074945910724,-0.09602408223854386,0
TATAMOTORS.NS,2026-05-07,1939.3804892302624,1947.0681154446045,1921.5061312987837,1942.1864230508443,2171732,9.607697996458464,16.786562795027486,0.0,0
TATAMOTORS.NS,2026-05-08,1988.4986620512993,2005.0569453764456,1972.8656893630869,1982.6108612963696,3349164,11.226032870792269,17.54028505150836,0.0,0
TATAMOTORS.NS,2026-05-11,1981.140308350552,2004.419358137063,1978.2249931266488,1982.4265954409552,3758627,9.999803947296337,17.426479623319594,-0.00929410097622041,0
TATAMOTORS.NS,2026-05-12,2021.9768021440887,2045.6189345379694,2018.7055343071781,2023.2614533984977,2874972,12.25996007751704,18.104067637980048,0.0,0
TATAMOTORS.NS,2026-05-13,2025.3167381519115,2034.5077146730118,2017.712439144497,2026.4790872392225,3589671,12.338812018673329,18.09496059876241,0.0,0
TATAMOTORS.NS,2026-05-14,2057.5497551872454,2063.9536237497787,2044.578694922043,2060.0697883720645,3203489,12.338327257096381,18.094694542659678,0.0,0
TATAMOTORS.NS,2026-05-15,2075.561248202541,2092.729673977376,2056.7636061517615,2064.184130806151,4592953,13.514860064655121,17.72601066020588,0.0,0
TATAMOTORS.NS,2026-05-18,2048.259138876435,2063.734287660174,2031.5226539676241,2051.23072730066,2138985,13.890372339658196,17.52794010757207,-0.6275313966507601,0
TATAMOTORS.NS,2026-05-19,2101.083707719484,2104.3294297867137,2090.3257157538246,2098.282502119666,2322083,17.21854479717009,18.02881092215665,0.0,0
TATAMOTORS.NS,2026-05-20,2073.679569944231,2093.848046163652,2061.0459632675957,2082.7279185442308,4442669,16.361778999901432,18.343414768027426,-0.7413007333246124,0
TATAMOTORS.NS,2026-05-21,2081.040003270068,2089.619135569847,2059.527927900926,2065.6290860560875,2465749,17.70335049589511,17.285884548490912,-1.55619731997918,0
TATAMOTORS.NS,2026-05-22,2040.0949084566525,2043.1104731411476,2028.9162378743135,2033.9431268389235,4544350,14.92988991717279,18.28071402789336,-3.066287557359282,0
TATAMOTORS.NS,2026-05-25,2066.103532558567,2094.3411941364716,2050.3557893965262,2064.3131242368795,3357937,16.921230259227073,18.386190261123975,-1.6189134612937361,0
TATAMOTORS.NS,2026-05-26,2103.7197090024283,2116.141095996857,2090.9768943146087,2101.0829631693373,4224647,17.836439722754037,18.6988009825688,0.0,0
TATAMOTORS.NS,2026-05-27,2128.2851376003227,2133.5371901425287,2085.6453705171048,2109.6972715858547,3381591,21.413728382187337,16.23527676383709,0.0,0
TATAMOTORS.NS,2026-05-28,2090.3163679247427,2093.2660467666037,2081.440983545553,2084.131004054557,2613258,18.760303106678244,17.070705337271427,-1.2118453142843433,0
TATAMOTORS.NS,2026-05-29,2082.0431811509357,2095.8747291729305,2064.6911367104744,2083.157217032785,1983432,16.860757287053364,16.89414384530212,-1.2580029803574422,0
TATAMOTORS.NS,2026-06-01,2070.561479925324,2094.5794574761885,2047.7232995377965,2074.8050570012283,3696623,15.826005350952045,17.106716972470913,-1.6538967488163858,0
TATAMOTORS.NS,2026-06-02,2032.119541296018,2049.3090932597306,2028.6634049779739,2048.515890341465,2395248,14.361360057391614,17.80558538827028,-2.9000076014887077,0
TATAMOTORS.NS,2026-06-03,2044.1854876638886,2056.6147917245344,2032.4558815314222,2035.747093518943,2486678,12.518102724384782,17.9925549676165,-3.5052506851527276,0
TATAMOTORS.NS,2026-06-04,2042.1629040123275,2047.8884227283936,2036.5616225453866,2047.3488224404546,2995342,11.488986531093692,17.698990878838437,-2.9553268132414545,0
TATAMOTORS.NS,2026-06-05,2036.2858908129674,2055.022105050023,2022.507717753176,2031.7503649296418,2973045,9.989913460596899,17.983725838471752,-3.694696282069909,0
TATAMOTORS.NS,2026-06-08,2050.849982492443,2061.251896269839,2038.044907911957,2038.0887352849736,3321846,9.586893027937137,17.951879385477394,-3.3942564777103335,0
TATAMOTORS.NS,2026-06-09,1993.5251570123887,2007.2249575560575,1988.3369700969574,1994.3348878309257,4023040,5.163744756733757,18.601830926492674,-5.468196091859722,0
TATAMOTORS.NS,2026-06-10,2023.1155438433748,2043.9827993375707,2019.7826066091286,2034.143356550131,3394808,6.3286637079633445,19.240322447627136,-3.581268083023581,0
TATAMOTORS.NS,2026-06-11,2043.2616669828626,2065.423863408732,2023.4285254492863,2023.8301576085128,2937662,6.8516120651067824,19.025712489740275,-4.070115420531206,0
TATAMOTORS.NS,2026-06-12,2046.2313181258544,2067.5112311203834,2033.5383267578793,2044.2864770894516,1716788,6.344556185905659,18.797430461939136,-3.10048248994671,0
TATAMOTORS.NS,2026-06-15,2060.695053158405,2079.31380006923,2044.8968350451457,2048.129700051595,1705787,6.743976933758189,18.759663309204853,-2.9183130851745065,0
TATAMOTORS.NS,2026-06-16,2056.0041172985757,2063.037539890926,2043.7106393786337,2057.2517909353887,1583641,7.217964046494507,18.75790544954633,-2.4859244668332336,0
TATAMOTORS.NS,2026-06-17,2022.4710069663527,2042.0775295689587,2004.247349078032,2028.7121740020875,3344421,5.635810863197888,19.339683782493918,-3.838707035104183,0
TATAMOTORS.NS,2026-06-18,2018.7368876206478,2024.2514461967876,1997.8931803812825,2009.505122912657,3116097,3.466129670295315,19.398994883080288,-4.7491244370754355,0
TATAMOTORS.NS,2026-06-19,1994.8446833846147,2009.4682345723154,1982.3955817841809,1991.0223303168127,1998117,0.42426222839024863,18.700827075535972,-5.6252118665269135,0
TATAMOTORS.NS,2026-06-22,1996.6011710771477,2001.860015351471,1986.4398364465455,1990.8594046138073,2237762,0.42537812962382127,18.700811815322833,-5.632934571826842,0
TATAMOTORS.NS,2026-06-23,2017.9412469427266,2026.478714206407,2008.8080654430612,2022.014459089337,3875032,-0.06163288027191127,18.282210213280266,-4.1561798309862175,0
TATAMOTORS.NS,2026-06-24,2022.4232442978412,2050.069724538644,2010.58835112209,2031.7699849002981,2147513,0.2610881945139587,18.32996076760945,-3.6937662922120973,0
TATAMOTORS.NS,2026-06-25,2021.7530823106308,2038.010501416676,1997.1468547301995,2009.1610357777072,4368247,-2.4712149501783243,17.92698377188438,-4.765434224246523,0
TATAMOTORS.NS,2026-06-26,2020.7892777376246,2040.547781632301,1998.0639105523169,2010.4915509225987,1672592,-2.6011526337324953,17.91323304098945,-4.702367586069977,0
TATAMOTORS.NS,2026-06-29,2007.076628396125,2007.9817306483171,2006.8894904125837,2007.7719732002654,1378618,-2.1186672723835676,17.83954928808908,-4.8312760204203276,0
TATAMOTORS.NS,2026-06-30,1987.1549417487688,2001.6842769672037,1979.7362268194463,1998.5646589231794,1384150,-4.752355466709202,16.4023950516239,-5.267704241715077,0
TATAMOTORS.NS,2026-07-01,1987.187948016357,2009.6769564110427,1972.5898282718929,1997.4238023619052,2988240,-4.095787808997664,16.310216134146856,-5.321781031624207,0
TATAMOTORS.NS,2026-07-02,2004.3997503613425,2025.0882508759453,1980.142714317406,2015.0354571618368,2756432,-2.4493085053739927,16.433301672157604,-4.4869856779433,0
TATAMOTORS.NS,2026-07-03,2004.442249349696,2011.778852004445,1991.370536619264,1996.9313398477373,2441054,-1.8197060922105823,16.042417171112888,-5.34512383633845,0
TATAMOTORS.NS,2026-07-06,1986.0404981258098,2003.2709382848202,1984.848785489846,1987.8923910436054,2933699,-3.7019932827063173,15.38721448978081,-5.77357150633696,0
TATAMOTORS.NS,2026-07-07,2007.321464180347,2022.7512090644786,1994.428635649159,2010.6829179022293,1636490,-4.302545251747025,14.804227861796534,-4.69329675954866,0
TATAMOTORS.NS,2026-07-08,2017.00247670816,2022.7534643414633,2015.7108497590057,2021.249683174408,2879070,-4.192430335986586,14.845411550174939,-4.192430335986586,0
TATAMOTORS.NS,2026-07-09,2042.4777947174532,2063.8171328171106,2036.493177333708,2051.721740955834,2546242,-1.5550492284636896,15.224168615530754,-2.748049751538084,0
TATAMOTORS.NS,2026-07-10,2095.7389927566464,2099.057585226356,2079.906646427468,2086.574045394374,3876010,0.16402162705970724,16.04361867762932,-1.0960447502545656,0
TATAMOTORS.NS,2026-07-13,2055.655006508042,2072.3988543348087,2012.0806467184614,2051.9919661943636,1939012,-1.0995293620421842,16.722432322948904,-2.7352410304874786,0
TATAMOTORS.NS,2026-07-14,2063.20684736588,2074.242755779509,2037.8050093488105,2058.308611173369,3526915,0.47803977885043647,16.329593334187805,-2.4358310125630833,0
TATAMOTORS.NS,2026-07-15,2050.088540630071,2067.248295453222,2033.3494636264832,2045.0108617355909,4081505,0.45505496464370854,16.337518869681826,-3.0661465377750163,0
TATAMOTORS.NS,2026-07-16,2018.9630287719178,2024.4738516308344,2010.948922485856,2015.0267472745018,3656205,-1.5787282954267012,16.801453525885584,-4.487398528045173,0
TATAMOTORS.NS,2026-07-17,1984.6295382955777,1996.9237366526813,1978.2007253911856,1995.2635485409608,4126571,-1.795831664090508,16.894044682887305,-5.424177420435039,0
TATAMOTORS.NS,2026-07-20,1983.5086875700174,1998.8332940239125,1981.1620548008025,1987.307928888576,3789647,-2.4915895719965886,16.88549646183924,-5.801275109261472,0
TATAMOTORS.NS,2026-07-21,1973.187224243263,1988.1549398118877,1972.0585086132326,1979.5324341812845,2051919,-0.7422250766389915,15.745061954372048,-6.169834845865141,0
TATAMOTORS.NS,2026-07-22,1963.2055599201437,1979.9884148236165,1951.2001073304236,1964.41011745407,1812546,-3.4281378877016544,14.669216291869855,-6.886635162710942,0
TATAMOTORS.NS,2026-07-23,1966.4620327331743,1986.2579903335075,1944.9142835715675,1963.330579176594,4230528,-2.989360456186152,14.621895446617556,-6.9378054558148605,0
TATAMOTORS.NS,2026-07-24,2029.4413920284064,2029.5781600053872,2000.8615714419243,2021.0477356073782,4076357,-1.1367654065373212,16.798633247626718,-4.202002684102579,0
TATAMOTORS.NS,2026-07-27,1974.656152572768,1995.9565256840474,1963.854702439234,1978.87288409302,2842373,-3.381466318116011,17.802671924074424,-6.201097629258168,0
TATAMOTORS.NS,2026-07-28,1990.9020765930359,2007.043436457991,1987.3840511282829,2005.2877216587253,2638240,-2.5258973892075876,18.224800589643323,-4.9490299548354155,0
TATAMOTORS.NS,2026-07-29,2002.7439632794515,2011.0405966995054,2002.2431874582962,2004.0718946295217,4026855,-1.21457738994869,17.797784708154953,-5.006660357338122,0
TATAMOTORS.NS,2026-07-30,1984.3354103139625,2003.1127159763591,1981.7727338346826,1992.799650017761,3299301,-0.8313227323691774,17.660975450628488,-5.540966618410703,0
TATAMOTORS.NS,2026-07-31,1944.1272132259858,1952.7353807813804,1938.937983504055,1944.3660503059427,3415071,-2.3433328346169735,18.83224638457659,-7.836727264458787,0
TATAMOTORS.NS,2026-08-03,1955.2071141369565,1977.240434553151,1954.2063457531879,1961.4875567620834,3603776,-1.4753351132508308,19.033591555272647,-7.0251650234330665,0
TATAMOTORS.NS,2026-08-04,1934.8655298653575,1948.8351416219691,1922.8235386993595,1927.117822071691,2789429,-4.693173018178354,19.02720301771893,-8.65429613874975,0
TATAMOTORS.NS,2026-08-05,1945.5907073212213,1960.1198786533662,1937.6218154526252,1945.607474500028,2957403,-4.240761062551979,19.21495913993675,-7.777883552102272,0
TATAMOTORS.NS,2026-08-06,1983.8057533470237,1987.020192364706,1967.4412931674508,1985.9238516628598,2078824,-1.1565615548508212,20.01066941180604,-5.866880598938007,0
TATAMOTORS.NS,2026-08-07,1960.8972455975359,1970.7018652470351,1946.901686146094,1954.8326221895722,3076028,-2.768423906456352,20.49473572442144,-7.340610024104121,0
TATAMOTORS.NS,2026-08-10,1974.286754000272,1994.8222409697132,1959.3986955753232,1981.667969482712,3001219,-1.3001478288366286,20.924453982981937,-6.068610118972351,0
TATAMOTORS.NS,2026-08-11,1975.5746864862413,1983.3649160011776,1969.6780184598283,1981.507995374853,2981078,-0.8534456702299797,20.885950608115845,-6.076192918173618,0
TATAMOTORS.NS,2026-08-12,1941.022586409355,1949.0286809015097,1923.5229029938516,1931.586547259772,2747279,-3.2961084685324327,22.107209736505258,-8.442477824896521,0
TATAMOTORS.NS,2026-08-13,1914.3471855142711,1915.377977427616,1889.0331458924088,1903.1262058681632,2858470,-5.553711270733519,22.24960265945326,-9.791502719364686,1
TATAMOTORS.NS,2026-08-14,1915.5367769044515,1920.2190179454421,1900.1212042679238,1906.4647725961593,1851385,-4.530279306371943,22.166143168673003,-9.6332541036528,0
TATAMOTORS.NS,2026-08-17,1902.7915934349442,1927.2218305827384,1890.7152821087595,1914.9256923544622,4937164,-3.6705557613627704,22.21025012696669,-9.232205106137481,0
TATAMOTORS.NS,2026-08-18,1867.0562159627068,1883.6946317536697,1855.587028107402,1878.2200026392534,2407519,-6.587956464123945,22.471199477457912,-10.972060876421397,2
TATAMOTORS.NS,2026-08-19,1874.4363002102577,1882.5184519302907,1866.9682527561386,1878.2095944921243,3026924,-7.076814402149301,22.371603559514213,-10.97255422431871,2
TATAMOTORS.NS,2026-08-20,1902.4418772589277,1915.317299303736,1888.2518509525498,1896.1312926418636,3361494,-7.583408861353947,22.052299686957184,-10.123062764519474,2
TATAMOTORS.NS,2026-08-21,1917.1617879886333,1924.7966590305434,1910.9615541255341,1918.248542384396,2159272,-8.067075471465646,21.69397220086522,-9.074701464516144,1
TATAMOTORS.NS,2026-08-24,1908.9415370359961,1921.261967492509,1907.559770531297,1908.0323312199898,2157031,-7.015604219999072,21.310889273466415,-9.558951565324525,1
TATAMOTORS.NS,2026-08-25,1914.2857978220106,1925.134155545442,1905.1367594853866,1917.35789246762,2930114,-6.84789044464027,21.35722184682013,-9.11691841804646,1
TATAMOTORS.NS,2026-08-26,1922.6200249612366,1962.4391679504126,1913.3486208769982,1941.4427120111557,3117983,-5.064430300215495,21.7413364588809,-7.97529398368243,1
TATAMOTORS.NS,2026-08-27,1954.974541666514,1972.1044975325103,1947.4770875782972,1960.6476097270224,2536245,-2.698680681089316,21.62777996175931,-7.064978651974652,0
TATAMOTORS.NS,2026-08-28,1974.7614669337547,2003.6306295448062,1971.9758478563003,1980.96891444578,3156568,-0.7164283688555151,21.689598866179228,-6.101745443473505,0
TATAMOTORS.NS,2026-08-31,1986.6027485872144,2008.6863351915056,1975.8362675225,1982.9034361192248,3363989,-0.22163111741895225,21.66096663855685,-6.010048795831224,0
TATAMOTORS.NS,2026-09-01,1979.8587483543804,2006.090221358685,1973.501126022777,1979.8912857613582,3754546,0.01812809802341775,21.634334538827353,-6.1528252215504615,0
TATAMOTORS.NS,2026-09-02,1992.001930782777,1993.7089278480253,1981.7355077995999,1985.6003212708358,2767839,1.078705695337634,21.522069074692997,-5.88221599309059,0
TATAMOTORS.NS,2026-09-03,1951.2029589765914,1970.8461729643573,1946.187254642952,1966.7256828185589,3468516,0.17292572519238547,21.713777852938453,-6.776876981019386,0
TATAMOTORS.NS,2026-09-04,1992.881458955271,2004.484824856939,1982.0263321375655,1992.3786118436171,4174710,-1.4185277892580395,20.268720490127187,-5.56092389758126,0
TATAMOTORS.NS,2026-09-07,1947.640931002992,1956.6330724286381,1939.6843454537775,1955.367880635836,2588037,-1.1877975410207964,20.07757796644552,-7.315238685122328,0
TATAMOTORS.NS,2026-09-08,1948.6409188467803,1952.64871326205,1941.443122512321,1942.8201898887899,2855097,-3.1151405903120932,19.72235765536679,-7.910001304197722,0
TATAMOTORS.NS,2026-09-09,1936.7470311498023,1967.445024239873,1926.9887591001407,1941.2259513230817,1171110,-3.135912612459335,19.722103198558298,-7.985568476188687,0
TATAMOTORS.NS,2026-09-10,1945.1714761487547,1952.981782146628,1940.773212733571,1951.4444823227348,3814860,-2.075229574365778,19.752051586788294,-7.5012084148054825,0
TATAMOTORS.NS,2026-09-11,1973.8683285688046,1977.6391014185417,1946.2988573456357,1966.1438699373407,1973480,1.1200473094030494,18.55421141716822,-6.804455007926569,0
TATAMOTORS.NS,2026-09-14,2000.5601402911275,2019.5996570052139,1996.1454460078546,2000.8178646852878,4137042,2.0051265575260047,19.0695891100118,-5.160901915501959,0
TATAMOTORS.NS,2026-09-15,2004.6579449698584,2005.207236449684,1989.4114416728835,2001.9126569492105,3145390,3.881176024676769,18.2688535750584,-5.109008580914676,0
TATAMOTORS.NS,2026-09-16,1981.9210222910197,1986.8133339660162,1973.274719470521,1983.972641520598,3718498,1.9718862886476618,18.331280784007948,-5.959368282765509,0
TATAMOTORS.NS,2026-09-17,1980.7790073549313,1986.8630445014783,1973.6767305006094,1979.7583183142062,3906055,-0.3104617200448523,17.333361590858146,-6.159127900562411,0
TATAMOTORS.NS,2026-09-18,1964.428172427022,1973.8778081285695,1949.8526923715956,1971.423759930588,2614670,0.848724210589058,16.745100690207046,-6.554187347994567,0
TATAMOTORS.NS,2026-09-21,1972.361637390932,1987.8838301819599,1955.8916175862844,1982.9967317774112,1183410,0.06705272099878368,16.34921971807034,-6.005626566185152,0
TATAMOTORS.NS,2026-09-22,1957.8143034047173,1965.2618704508345,1955.0443919113472,1957.012764371294,2721164,-1.2361913785225553,16.78964947807292,-7.237270923699302,0
TATAMOTORS.NS,2026-09-23,1959.6436062313219,1960.2762738828797,1940.3073474119901,1952.1436012953407,4027305,1.0642574656948067,15.073270695525522,-7.468070059742804,0
TATAMOTORS.NS,2026-09-24,1989.997881141055,1994.29028080776,1985.2568972398842,1989.7599296860817,3456149,4.552179647928201,15.326799072687047,-5.68504986545374,0
TATAMOTORS.NS,2026-09-25,1984.0939856312814,1996.112615270203,1981.075468864489,1993.2893544121998,2663721,4.554219047950503,15.32682495743147,-5.51775454902832,0
TATAMOTORS.NS,2026-09-28,1962.0648501130388,1974.889230433664,1947.2829574418788,1967.502594257134,2708805,2.745636664262774,15.858461899219417,-6.7400512501887615,0
TATAMOTORS.NS,2026-09-29,1967.7016808413932,1969.248608189743,1945.4282137518287,1958.7403769525226,3152614,4.287057650335058,14.772479874065269,-7.155381801288396,0
TATAMOTORS.NS,2026-09-30,1897.157657790333,1913.1594819874474,1894.7925849560002,1906.2153799289197,3684145,1.491089467273654,16.89227429342899,-8.643770196583922,0
TATAMOTORS.NS,2026-10-01,1915.0529679904207,1934.9926350724065,1898.8658139961794,1904.1343126236075,2032431,0.4220709827848168,16.6801265044487,-8.743506283587676,0
TATAMOTORS.NS,2026-10-02,1958.168589186468,1963.3418245836835,1926.0893047586762,1941.4083240157531,4792270,1.207339983304223,17.298955492893874,-6.957132515811759,0
TATASTEEL.NS,2025-10-06,1375.9865203600862,1376.822092751237,1359.7152760040158,1371.1806278398622,2180965,,,0.0,0
TATASTEEL.NS,2025-10-07,1356.4665194353936,1362.173175907051,1351.1987786074685,1358.3609995934041,1852686,,,-0.9349335883379495,0
TATASTEEL.NS,2025-10-08,1368.7887262284107,1373.4024288606442,1346.6145713586236,1360.9064940442772,2967543,,,-0.749291055239798,0
TATASTEEL.NS,2025-10-09,1338.8997126330096,1347.143944806857,1330.6207729129953,1341.853504151985,2428463,,,-2.1388227847179198,0
TATASTEEL.NS,2025-10-10,1353.1481085114929,1378.994048657894,1351.0259534034733,1364.0473735901421,4232151,,,-0.5202271753910082,0
TATASTEEL.NS,2025-10-13,1340.6164385429652,1349.8309203404547,1337.8136153566147,1347.62862825143,4536425,,,-1.7176438399319927,0
TATASTEEL.NS,2025-10-14,1367.2822167357638,1370.764296410971,1347.7387697994113,1355.0397268307345,3696159,,,-1.177153518756735,0
TATASTEEL.NS,2025-10-15,1331.7542428512836,1344.219943942757,1323.6070513861284,1338.609646063996,2862771,,,-2.3753968743839393,0
TATASTEEL.NS,2025-10-16,1336.4266315504997,1337.0756002624291,1321.5612685797735,1330.3615820368882,4039410,,,-2.9769269616417904,0
TATASTEEL.NS,2025-10-17,1315.3857521061489,1342.0040748996466,1306.2141529598593,1324.6953597605873,3961925,,,-3.3901637126034334,0
TATASTEEL.NS,2025-10-20,1374.6542878465552,1377.8892564232237,1365.8865801901998,1373.244818936934,3699527,,,0.0,0
TATASTEEL.NS,2025-10-21,1371.6348085734846,1381.1818068316768,1368.7834007925699,1373.3057590338826,3194840,,,0.0,0
TATASTEEL.NS,2025-10-22,1361.2180681489622,1368.237372326084,1354.066487023948,1360.1298421056154,4787287,,,-0.9594306906232197,0
TATASTEEL.NS,2025-10-23,1348.360361011421,1356.1916635645618,1343.6696916500532,1353.1879171077999,2956626,,,-1.464920815611781,0
TATASTEEL.NS,2025-10-24,1332.8336582613242,1335.4645380814825,1322.322549800436,1329.2633105234681,3429453,,,-3.207038798220596,0
TATASTEEL.NS,2025-10-27,1324.066895899212,1340.8168768114983,1320.657752456672,1326.9581063120957,2439877,,,-3.374896844122499,0
TATASTEEL.NS,2025-10-28,1358.917157854962,1366.4579612482776,1354.9602004759693,1357.0591291989,2819441,,,-1.1830307801528495,0
TATASTEEL.NS,2025-10-29,1358.331610970814,1369.7033224075622,1338.4869219298218,1362.839180673437,3073113,,,-0.7621447948932158,0
TATASTEEL.NS,2025-10-30,1375.6140965959398,1382.995276816523,1371.725240197994,1377.993832219887,2489203,,,0.0,0
TATASTEEL.NS,2025-10-31,1357.3564431572074,1363.5908747842664,1357.0309293530875,1363.325726497016,2666372,,,-1.0644536557352646,0
TATASTEEL.NS,2025-11-03,1355.449569685025,1363.4902969123493,1351.6301511048096,1360.2992666212929,2513308,,,-1.284081625393707,0
TATASTEEL.NS,2025-11-04,1365.4372049624535,1383.6758520505427,1353.0301030280775,1363.9286994485724,4553535,,,-1.0206963516416034,0
TATASTEEL.NS,2025-11-05,1349.332444232939,1365.9925596870678,1347.4924204360404,1352.4034349382277,3789090,,,-1.8570763296113069,0
TATASTEEL.NS,2025-11-06,1361.69504904362,1364.499600656494,1353.338916658352,1359.2065920955906,3387944,,,-1.3633762129421911,0
TATASTEEL.NS,2025-11-07,1359.8931556934244,1370.5998343402148,1352.7748967994678,1369.5798460681674,3221937,,,-0.6105967933227263,0
TATASTEEL.NS,2025-11-10,1381.4201156464721,1387.6483075876367,1376.7112049486125,1378.8308314493431,2922925,,,0.0,0
TATASTEEL.NS,2025-11-11,1375.512655048637,1382.2434975676924,1367.9622265698363,1376.632976776583,3276374,,,-0.15939987869648675,0
TATASTEEL.NS,2025-11-12,1396.441232174852,1413.6240337409422,1391.1106639281138,1395.076580680151,3960397,,,0.0,0
TATASTEEL.NS,2025-11-13,1392.592009425241,1395.5428870049063,1382.23330502205,1391.0733311148172,3193112,,,-0.28695554213820085,0
TATASTEEL.NS,2025-11-14,1370.8025773980935,1387.8294456532822,1368.208483817946,1385.5643216981287,2825945,,,-0.681844933371667,0
TATASTEEL.NS,2025-11-17,1409.5269790979462,1420.6331971192328,1397.8087049889934,1410.0479430868793,2730199,2.8345875414129917,19.07231810781335,0.0,0
TATASTEEL.NS,2025-11-18,1386.3326633623385,1396.2924549828945,1385.4113945029587,1391.7442814457054,2713332,2.4576148654366303,19.27158051639276,-1.298087893458677,0
TATASTEEL.NS,2025-11-19,1361.3571174713481,1363.9348201781972,1350.3643005695785,1363.8886768831035,3375637,0.2191320896679727,20.19554370256678,-3.273595513548555,0
TATASTEEL.NS,2025-11-20,1349.8672189590661,1356.958016598352,1349.6442325752064,1350.0530309726248,3321241,0.6110597613874225,19.99064477622151,-4.254813632997012,0
TATASTEEL.NS,2025-11-21,1357.4566438163674,1362.2602518973215,1353.0212889009451,1356.636542201355,2088525,-0.5432972147647597,19.44460311974535,-3.787913818632005,0
TATASTEEL.NS,2025-11-24,1382.9932281823867,1395.4810622169982,1368.9670623196923,1377.9947004010264,3143433,2.2532967549818927,19.629931359895885,-2.2732023292542647,0
TATASTEEL.NS,2025-11-25,1364.958109058636,1374.6609357706066,1362.9381424837236,1367.41327327797,5661977,0.9131500872063381,19.728072868600165,-3.0236326373111466,0
TATASTEEL.NS,2025-11-26,1396.138415584875,1410.7170022818245,1382.4453917492729,1397.82381920757,3426877,4.4235579295043514,20.340274421989022,-0.8669296628700529,0
TATASTEEL.NS,2025-11-27,1398.7920345674918,1399.5879838624464,1398.4989438405178,1398.5845779331682,3906639,5.128154391817685,20.212584530710718,-0.8129769778334905,0
TATASTEEL.NS,2025-11-28,1392.0749895863796,1398.3004310035078,1389.7180455014234,1396.9511105636632,1619044,5.454518298919275,20.152542977995058,-0.928821788466605,0
TATASTEEL.NS,2025-12-01,1387.8285424668045,1396.6794416018377,1377.8137247968593,1383.0767614597496,3824105,0.7159642903606045,17.51181306050038,-1.912784721921179,0
TATASTEEL.NS,2025-12-02,1407.1829044396075,1416.3572550548113,1406.1168918706444,1416.1537155025324,3070198,3.120059475960635,18.80115273575508,0.0,0
TATASTEEL.NS,2025-12-03,1414.3766923579078,1415.030487954713,1410.6201909816527,1413.9098466418593,2913035,3.9540345981224245,18.54713928820047,-0.15844811450265173,0
TATASTEEL.NS,2025-12-04,1399.3820579830656,1404.2411514737696,1372.9589765395044,1391.7927721135732,2491868,2.8528820363903584,19.109238545655,-1.7202188662347684,0
TATASTEEL.NS,2025-12-05,1435.1397183221109,1440.0582851624888,1431.2531133887044,1433.7629662624092,4105890,7.861471456530977,20.050249380131742,0.0,0
TATASTEEL.NS,2025-12-08,1444.008136946115,1445.7834209888952,1429.0109775109474,1440.865828833528,2187606,8.584123491133155,20.01822299506508,0.0,0
TATASTEEL.NS,2025-12-09,1451.7698538567743,1459.9725522884087,1444.7885850850032,1455.0611061585712,3258097,7.221643836368696,19.24247368573095,0.0,0
TATASTEEL.NS,2025-12-10,1484.2883766713503,1487.2843543188667,1474.2124252086674,1485.0439214108264,3192315,8.966923058155896,19.950122079758703,0.0,0
TATASTEEL.NS,2025-12-11,1491.139469918013,1504.7090168021375,1477.5987785215966,1496.360203465774,2424990,8.58976059821719,19.851006786886582,0.0,0
TATASTEEL.NS,2025-12-12,1515.9500816227094,1528.2375219427354,1509.3726248460653,1514.298097079106,2393886,11.073829800747937,19.598604831679356,0.0,0
TATASTEEL.NS,2025-12-15,1509.4579413023066,1532.6197406132437,1500.0283763333034,1515.6155483544355,2557384,11.417802357485396,19.539513260918433,0.0,0
TATASTEEL.NS,2025-12-16,1531.6308469993346,1533.6422929054281,1524.0867889895412,1529.3520901261354,1825782,12.12844855779065,19.598464393238054,0.0,0
TATASTEEL.NS,2025-12-17,1527.771378776891,1535.275583756141,1521.5282350533555,1529.0582304154366,2542037,13.062285329471802,19.29012059003037,-0.01921465387832999,0
TATASTEEL.NS,2025-12-18,1522.7714603953275,1530.980952187217,1510.77997643778,1529.0203220811857,4027416,12.493592289291389,19.326172624842712,-0.02169337244782854,0
TATASTEEL.NS,2025-12-19,1532.5162382953185,1538.9234886288723,1521.8617775875493,1531.5519195152315,2493554,11.826406026056713,19.306273226967452,0.0,0
TATASTEEL.NS,2025-12-22,1515.0829225956825,1529.134320119019,1507.7846476391717,1524.6082545912184,3319737,10.572538691250678,19.433152157096835,-0.4533744390598837,0
TATASTEEL.NS,2025-12-23,1537.496788870122,1546.4080947225852,1531.8796781974054,1534.1979826488725,3900187,11.445680041838857,19.390408542561012,0.0,0
TATASTEEL.NS,2025-12-24,1552.360625247579,1554.7656836286405,1540.8506598578176,1543.8011099369933,2554020,10.660671343528216,19.18920794744351,0.0,0
TATASTEEL.NS,2025-12-25,1553.225961892156,1571.3818123373028,1547.5808207296704,1559.3863156644115,3549463,12.099504805739247,19.185934386537696,0.0,0
TATASTEEL.NS,2025-12-26,1568.0294899049434,1587.057591409615,1565.8786496523858,1571.7432652896457,2358527,13.437048044318779,19.07251857056942,0.0,0
TATASTEEL.NS,2025-12-29,1606.5777177488828,1625.4530879123167,1595.867811593052,1610.272805120103,2399101,14.19986199865595,19.58620858197296,0.0,0
TATASTEEL.NS,2025-12-30,1650.008164216909,1659.3244839035426,1623.9230510535792,1631.0971629119538,2134842,17.198050292516044,19.006804887524456,0.0,0
TATASTEEL.NS,2025-12-31,1616.511331582949,1628.3481820253626,1609.4502126673472,1627.3999207022027,4215038,19.320582998115498,17.590053625808466,-0.2266721010752315,0
TATASTEEL.NS,2026-01-01,1624.2292732585688,1649.6432024275562,1623.0642079722543,1636.6282614814243,5230136,21.22696101073458,16.915803811064396,0.0,0
TATASTEEL.NS,2026-01-02,1670.8719897939866,1674.6093939926,1652.735197701916,1664.9719784255508,1304011,22.727932399924388,17.194633142501115,0.0,0
TATASTEEL.NS,2026-01-05,1646.7139071795152,1647.695705897963,1643.8124465814028,1646.4580496692445,2695653,19.482175743498086,17.74864842035687,-1.1119663871949181,0
TATASTEEL.NS,2026-01-06,1682.056360473273,1697.0028911667628,1668.0329778936516,1687.106572418793,2290777,23.379420500610813,18.05572374124343,0.0,0
TATASTEEL.NS,2026-01-07,1670.0136952340847,1672.2524181005804,1662.936708241024,1671.8604192713385,2318535,19.604516413171467,18.050779415734574,-0.903686429577244,0
TATASTEEL.NS,2026-01-08,1697.0012153447954,1702.9033824650976,1688.7459435714788,1690.387957723282,4314478,20.864192584000985,18.029983893336524,0.0,0
TATASTEEL.NS,2026-01-09,1684.3345363444987,1698.2037892721698,1674.1819316605404,1690.8899660039046,3247918,21.041456155300843,17.981496918011178,0.0,0
TATASTEEL.NS,2026-01-12,1689.430185220117,1711.782305317373,1689.289840256567,1690.2247992614568,3163262,22.2075915350882,17.430566932463332,-0.03933826303433863,0
TATASTEEL.NS,2026-01-13,1662.1256541905466,1665.8748022683133,1652.5107428341005,1664.366069165777,2779755,17.527218334145633,17.779629390552532,-1.568635296879306,0
TATASTEEL.NS,2026-01-14,1668.7621954853328,1688.142352815657,1657.9652929888596,1682.9564552891632,3593501,19.028554704977086,17.724811084588215,-0.4691914242942019,0
TATASTEEL.NS,2026-01-15,1657.4896077375893,1666.8776016263723,1648.0583880982763,1657.4983907004098,2571823,19.090889384583942,17.67095760436837,-1.9747929182174717,0
TATASTEEL.NS,2026-01-16,1627.1872133253626,1643.8948510944608,1616.3362808118443,1629.403436802924,1699661,13.645245074959522,17.323003660818266,-3.6363412426115627,0
TATASTEEL.NS,2026-01-19,1659.8508898130501,1664.0775189678209,1650.625334471007,1652.5972200745675,3276092,14.694733333529708,17.559251925759753,-2.2646503734264134,0
TATASTEEL.NS,2026-01-20,1690.9850775637422,1695.047783302453,1685.8175148718767,1688.838676499168,3584946,16.06651221389461,18.207758202469343,-0.12131419228800233,0
TATASTEEL.NS,2026-01-21,1669.4028879961006,1679.2158256746948,1643.0965197931498,1675.735039601683,1456320,12.840772952337698,17.955019770460982,-0.896269225491797,0
TATASTEEL.NS,2026-01-22,1700.228236822196,1704.4906671711035,1687.7109674616388,1696.3975902169418,2957579,13.368264291435583,18.086757551259495,0.0,0
TATASTEEL.NS,2026-01-23,1710.349816998322,1723.2242619877713,1693.5297339326535,1713.0629774816725,1425474,13.12587533365852,18.01709712195372,0.0,0
TATASTEEL.NS,2026-01-26,1716.613233054203,1720.9648429906551,1701.5986733891343,1711.5552969727842,2653879,12.928064035176213,18.052155159582583,-0.08801080454757804,0
TATASTEEL.NS,2026-01-27,1742.060994048334,1743.3717671616646,1739.127069159835,1739.5909839325664,3074429,13.746925587886771,18.348280833327184,0.0,0
TATASTEEL.NS,2026-01-28,1733.4607838211512,1749.3686094880181,1725.4924278039964,1736.5567641547718,4274837,13.570348703002576,18.38726643414665,-0.1744214476747441,0
TATASTEEL.NS,2026-01-29,1759.3551584220559,1765.1955480542788,1740.0671271249564,1747.7555466783904,2556574,14.305579948046665,18.350172421784688,0.0,0
TATASTEEL.NS,2026-01-30,1720.820674060987,1722.5739012100432,1710.517138527769,1722.0318644988363,1816211,12.437054373180878,19.16851562016742,-1.4718123611990208,0
TATASTEEL.NS,2026-02-02,1697.8963314119098,1733.8619433766823,1696.5319874643521,1697.5572117215831,2244201,11.343829249877446,19.739084989550328,-2.8721599569350054,0
TATASTEEL.NS,2026-02-03,1727.2875895984134,1738.1449899283384,1710.846593698241,1721.9141531144496,2722842,12.235459346744504,19.969111728536234,-1.4785473639635893,0
TATASTEEL.NS,2026-02-04,1725.8467977683993,1742.192524665953,1722.8685659089638,1733.7188801894993,1683308,12.301958395421607,19.9758980683926,-0.8031252720420712,0
TATASTEEL.NS,2026-02-05,1740.7842132016071,1744.2375464401862,1725.9393191761856,1731.1345266583342,1574859,11.013833407967644,19.948450121769586,-0.9509922627134237,0
TATASTEEL.NS,2026-02-06,1765.0483007604216,1791.8669415089855,1754.233608075693,1771.6102176331342,2871836,12.71625950353008,20.729673444008817,0.0,0
TATASTEEL.NS,2026-02-09,1816.9458553011145,1817.6371706647888,1807.7076830412616,1812.8032015066115,2730046,12.577396559299325,20.62452255427589,0.0,0
TATASTEEL.NS,2026-02-10,1821.2946750911628,1823.7819968130789,1816.8620264521587,1822.7787493912642,3345694,11.751696394168597,20.457850383250026,0.0,0
TATASTEEL.NS,2026-02-11,1811.75316094451,1830.033048762896,1772.4842197799087,1791.6052209455243,2885515,10.090039833138809,21.275073747022418,-1.7102200942462509,0
TATASTEEL.NS,2026-02-12,1786.6915750697674,1803.3426422483346,1783.306709722017,1789.5971352014847,3371431,9.346586351967169,21.30024426423725,-1.820386275671737,0
TATASTEEL.NS,2026-02-13,1755.6252505469447,1788.2864883124607,1733.585554126268,1772.1921395502523,3040195,6.4397576964683845,21.16993850382622,-2.7752468508811523,0
TATASTEEL.NS,2026-02-16,1767.3960979236188,1777.0689212113218,1756.2290642123257,1774.4830996729982,2773301,7.775785725574513,20.795278644261213,-2.649561815134993,0
TATASTEEL.NS,2026-02-17,1744.8418368098135,1763.3448650161117,1740.4831867660157,1755.0394439311544,3896559,4.026590413607756,20.055574004392128,-3.716265919971473,0
TATASTEEL.NS,2026-02-18,1733.6149813677484,1740.2567103757842,1730.1354316779982,1730.4030348876586,3658279,3.501644930492187,20.33203425453939,-5.067851187888572,0
TATASTEEL.NS,2026-02-19,1678.5335473556047,1691.8241403573654,1674.4286156333467,1684.419037302534,2776682,-0.3531094973480142,21.63348777689983,-7.590592776821481,0
TATASTEEL.NS,2026-02-20,1688.0772358746103,1689.833262732577,1675.3817092078973,1688.1707324985014,4044442,-0.16081670363387035,21.643240698523492,-7.384769925462242,0
TATASTEEL.NS,2026-02-23,1638.4821620117834,1659.9408416843905,1631.487512129197,1642.5963122885166,2282431,-2.8178788403620314,23.01877690292252,-9.885041569796737,0
TATASTEEL.NS,2026-02-24,1642.0975512931166,1651.1668312086138,1626.5273592169353,1636.6524195553966,2396396,-1.6651174356294818,22.62729576567275,-10.211131213704705,1
TATASTEEL.NS,2026-02-25,1640.9409497140366,1652.0375202823363,1640.498718483652,1650.7066031857041,3631297,-1.9162618261515219,22.524088244295008,-9.440100520319616,0
TATASTEEL.NS,2026-02-26,1640.0759829060428,1646.0806583312058,1621.67723382933,1636.8211228909029,2498939,-1.24749851496202,22.228523189273826,-10.201875930496984,1
TATASTEEL.NS,2026-02-27,1622.1366693036487,1627.3785337294655,1600.2220779166453,1616.0029857929453,3646391,-0.8224145541433248,21.985990214115585,-11.343985860454753,1
TATASTEEL.NS,2026-03-02,1611.3102099650025,1625.3366367709968,1611.1321789987805,1615.0394328856937,2778224,-2.272652206638659,21.556905836817673,-11.396847619325555,1
TATASTEEL.NS,2026-03-03,1608.1296353830949,1620.6986700180914,1585.645006569101,1599.4084393204253,2488515,-5.29536884861761,20.601878327998126,-12.254384145384389,2
TATASTEEL.NS,2026-03-04,1604.3661042185236,1606.0200792038895,1599.2159069606294,1603.3247777377135,2390309,-4.321104479690363,20.554684548301054,-12.039528753933503,1
TATASTEEL.NS,2026-03-05,1581.5776250009396,1593.5626221086704,1562.9596666768252,1583.9207010842283,2615095,-6.630337709824829,20.356295681029593,-13.104061498786123,2
TATASTEEL.NS,2026-03-06,1589.615412736612,1599.412272535607,1578.8347556747428,1582.280295121533,2891456,-7.634435165506847,20.039539460553225,-13.194056291804369,2
TATASTEEL.NS,2026-03-09,1577.2810947274882,1582.6959300686758,1575.1093822845855,1576.0594478838107,1746600,-7.916533536989667,20.03673944083708,-13.535340018082175,2
TATASTEEL.NS,2026-03-10,1564.7207234234572,1590.455366256478,1539.9851747555383,1576.184701339239,3156548,-9.393373735700028,19.230892768302066,-13.528468451499009,2
TATASTEEL.NS,2026-03-11,1606.256593730645,1609.3189394117692,1595.2701191622002,1607.767754029078,3280541,-7.416343236460731,20.377342423847196,-11.79578132749195,2
TATASTEEL.NS,2026-03-12,1613.3066850691894,1640.0328373258353,1610.7211588829437,1611.9783089764578,4078588,-7.768662955181416,20.26132528561962,-11.564784836624053,2
TATASTEEL.NS,2026-03-13,1612.3946963356577,1632.04717692193,1610.2056450939979,1622.1188816629458,3215790,-5.802040304577538,20.084804442581625,-11.008459901967305,2
TATASTEEL.NS,2026-03-16,1612.1796598637882,1628.6852020195956,1607.8882283872344,1610.3530779566956,2372702,-5.137036511214199,19.81391983313388,-11.653947112643836,2
TATASTEEL.NS,2026-03-17,1611.045700607273,1622.9428078660123,1606.7204734542001,1615.0247212479946,1775621,-6.207593547745837,19.279766490225214,-11.397654718799588,2
TATASTEEL.NS,2026-03-18,1613.3726517321427,1623.8499810818419,1605.8245128867648,1610.0582384986203,2355556,-7.132681261298979,19.09454577349202,-11.670122386695814,2
TATASTEEL.NS,2026-03-19,1609.1681867851792,1616.2480946836,1594.503068078475,1610.9820348559815,3321478,-6.9406790721393,19.112394519086497,-11.61944172357805,2
TATASTEEL.NS,2026-03-20,1632.121658798864,1660.4736935887902,1623.473771197945,1623.929822741687,4201592,-8.335941699904382,17.790774069754775,-10.909109331891475,2
TATASTEEL.NS,2026-03-23,1610.0451257422333,1626.7188589368277,1602.2443716394503,1614.562384972722,2985267,-10.93559501489917,15.989972215032278,-11.423019084904206,3
TATASTEEL.NS,2026-03-24,1610.6701626192337,1617.3792277885038,1594.9470311575901,1607.2186435018539,2306382,-11.825906241303219,15.745118909346337,-11.825906241303219,3
TATASTEEL.NS,2026-03-25,1602.1215207131502,1605.6562804298285,1584.8130517439467,1598.2126118036304,2943218,-10.794376287864937,15.267903488854595,-12.319988789787573,3
TATASTEEL.NS,2026-03-26,1588.1327911190356,1590.5755106738104,1583.0897581417662,1588.8889211510864,3372521,-11.21527354410976,15.258336744669604,-12.831498519405482,3
TATASTEEL.NS,2026-03-27,1587.6486877681582,1596.4676494218136,1578.810672759611,1592.542079678084,2565452,-10.137166047794333,15.258252724656254,-12.631081517165487,3
TATASTEEL.NS,2026-03-30,1583.4402590194445,1600.2607816583663,1583.167776153409,1585.9466387090886,3276216,-10.624866531479116,15.190704934296761,-12.99291594008698,3
TATASTEEL.NS,2026-03-31,1602.3019654417965,1625.4352968048947,1588.6337425723716,1615.06415861258,3630681,-7.975620479790491,16.307687208412922,-11.395491133965251,2
TATASTEEL.NS,2026-04-01,1655.4345660522656,1668.9828350635005,1648.30432310252,1668.1952674283632,3150257,-3.5949871911392095,18.937492966841774,-8.480649777957183,0
TATASTEEL.NS,2026-04-02,1654.3090021076137,1660.6705022330455,1644.016156511861,1657.2254448745898,2913910,-1.6144196797664212,17.431668699843758,-9.082468432987966,0
TATASTEEL.NS,2026-04-03,1648.5472665971758,1674.8997992285354,1644.588135379085,1663.444659327954,2973538,-1.4646666178101952,17.45787717559822,-8.741274283372103,0
TATASTEEL.NS,2026-04-06,1671.3159981424737,1687.6763124198171,1662.5368035388544,1684.6610191671907,2026976,2.5608669984208188,15.93741805675249,-7.577317338717016,0
TATASTEEL.NS,2026-04-07,1678.7461261991377,1685.0643444779275,1674.0110669359112,1679.6628823754113,3591701,2.627953394753102,15.922503665935789,-7.85152158832485,0
TATASTEEL.NS,2026-04-08,1661.7976024544355,1666.738274524649,1653.9012084451572,1660.1005007033236,2636113,0.5690834155197555,16.153353515991505,-8.924739151269378,0
TATASTEEL.NS,2026-04-09,1693.781637716635,1701.4011661900834,1683.186422493974,1695.4597646611703,4166751,3.5824709829441748,17.041551175881988,-6.984884192478836,0
TATASTEEL.NS,2026-04-10,1713.8493534240927,1742.003730125379,1708.97425792428,1709.8498641856559,3832589,5.80734560627445,16.636856355128714,-6.19542471862381,0
TATASTEEL.NS,2026-04-13,1719.4443706091872,1723.6983546609413,1716.1458030579251,1716.775088130229,3142655,6.299267570374911,16.629902560054255,-5.815497975079875,0
TATASTEEL.NS,2026-04-14,1752.6785264304672,1767.55976454948,1740.9568306608517,1747.2997210599299,4310862,9.246623820638478,16.84408580506794,-4.140877128205567,0
TATASTEEL.NS,2026-04-15,1764.1410007554334,1780.313609584284,1732.3106589139975,1763.908537201744,2606372,10.015672538324626,16.94764011412163,-3.229695990760295,0
TATASTEEL.NS,2026-04-16,1754.8335090066637,1766.0872941856464,1743.262213524158,1763.278067314546,3991116,11.32363293866565,16.355126371061296,-3.26428438430002,0
TATASTEEL.NS,2026-04-17,1758.9545672646734,1759.343002682485,1738.0088836315338,1743.113310482698,2430584,10.164634916900827,16.8823725003083,-4.370549027695847,0
TATASTEEL.NS,2026-04-20,1715.821479757336,1733.6142811024688,1703.9436617717681,1733.2019243112586,3514685,9.970593218323366,16.955053894292398,-4.914300493678714,0
TATASTEEL.NS,2026-04-21,1745.589105752882,1766.6274184903666,1742.7855583426137,1758.8252742447198,3297889,11.5875108260026,17.250818216626424,-3.5085703719062056,0
TATASTEEL.NS,2026-04-22,1773.3299557306996,1793.5388069998799,1756.6308944518375,1773.6665213508852,2452538,10.318577848452515,16.613053125272774,-2.6943603581499165,0
TATASTEEL.NS,2026-04-23,1781.4784686963922,1800.3144123275438,1768.7674067688545,1770.0833119164495,3036322,9.808134641736089,16.6845932701088,-2.890939862691122,0
TATASTEEL.NS,2026-04-24,1808.0342306420769,1815.3996360336073,1802.1147155825602,1808.4011302980953,4055458,11.483883871950162,17.507044569325895,-0.7887747812492574,0
TATASTEEL.NS,2026-04-27,1808.544088807744,1814.5577461842508,1795.35487890016,1805.3855585178085,2393511,12.111162653135722,17.277020648483905,-0.9542129498308238,0
TATASTEEL.NS,2026-04-28,1826.1071914651438,1837.316683787273,1816.6835890127734,1827.3048452297062,3721362,13.144078922685098,17.43856826800167,0.0,0
TATASTEEL.NS,2026-04-29,1833.9788347178826,1835.5506493137643,1821.2562693206132,1832.5351140888604,3674686,13.817939641593323,17.308253788628626,0.0,0
TATASTEEL.NS,2026-04-30,1865.4075773904276,1888.1480921205743,1862.8387264958362,1875.9467806662587,3284778,16.44740537618501,18.142940448544483,0.0,0
TATASTEEL.NS,2026-05-01,1903.722569312245,1904.4657924173264,1874.0333376628216,1893.387885255786,2434659,16.592962253699596,18.164020988102966,0.0,0
TATASTEEL.NS,2026-05-04,1890.7749452371725,1898.3248017309131,1881.503785257022,1894.849467744902,3927523,17.35994133028904,17.91829543558215,0.0,0
TATASTEEL.NS,2026-05-05,1870.2467113607076,1896.9140245963642,1857.3621260221978,1891.1999274374095,2750145,17.66911335204582,17.807409791923245,-0.19260317875466892,0
TATASTEEL.NS,2026-05-06,1899.3792686465997,1924.4246828708337,1890.350656480081,1891.2628274490992,3935147,18.33612208295321,17.5754633624254,-0.18928365323243046,0
TATASTEEL.NS,2026-05-07,1893.4257647309967,1897.9937381597438,1874.73873696415,1875.2795284324327,3721972,18.02458330906278,17.740139262782904,-1.0327965173803522,0
TATASTEEL.NS,2026-05-08,1853.91701215028,1854.348774152144,1839.8199935730054,1845.17665571576,4373916,15.863604438555456,18.80232281879972,-2.621464811569363,0
TATASTEEL.NS,2026-05-11,1850.4234977726976,1865.6964581150512,1847.5050030979178,1852.4286736967028,4461572,16.80271129453148,18.606290202497465,-2.2387421676659636,0
TATASTEEL.NS,2026-05-12,1834.7552934007165,1850.4076625083867,1825.3486527073374,1841.0076937043846,2095728,13.989756003619158,18.46263274172385,-2.841480284161868,0
TATASTEEL.NS,2026-05-13,1830.4523325367193,1847.458068289876,1810.0056389262722,1829.598799356952,3321711,9.675338078221696,16.610157977472028,-3.443580585090289,0
TATASTEEL.NS,2026-05-14,1836.9078215744014,1837.193361529854,1817.8786926491803,1828.0473099770759,2789913,10.307702288231102,16.40077970437308,-3.5254598797934467,0
TATASTEEL.NS,2026-05-15,1823.4549884014323,1830.3507712152118,1820.427627595376,1829.5915833767435,2589391,9.988124529247289,16.415865455446514,-3.4439614058536905,0
TATASTEEL.NS,2026-05-18,1833.5644472574963,1850.9369088344804,1826.5521928206088,1830.1519649740694,4074932,8.636214891397076,16.183060403779358,-3.414387468352853,0
TATASTEEL.NS,2026-05-19,1880.9401262775584,1887.5607379834896,1866.0534851306675,1869.135972633833,2660041,11.28042372350726,16.94037163512444,-1.3570204677879394,0
TATASTEEL.NS,2026-05-20,1873.2900315590273,1888.4848672322455,1861.4641432118342,1884.4623594358804,3387442,13.51495639194753,16.35211368166121,-0.5481759097931693,0
TATASTEEL.NS,2026-05-21,1921.1253158602533,1935.1396753759793,1903.0198662264577,1933.1563381716405,3539091,14.019593886262038,16.809175180445358,0.0,0
TATASTEEL.NS,2026-05-22,1920.391670387849,1929.0706698596714,1907.4116871899782,1923.4182079726313,2742743,12.49047347725416,16.98212431470136,-0.5037425068383006,0
TATASTEEL.NS,2026-05-25,1942.8765030237785,1945.1918235936164,1936.103209852876,1942.0153931853758,3834355,13.119965836669966,17.061861153687655,0.0,0
TATASTEEL.NS,2026-05-26,1939.9846148136462,1945.4165938845933,1919.4954259584656,1933.5217375314407,2266918,10.657703096212167,16.731532485445413,-0.4373629418046754,0
TATASTEEL.NS,2026-05-27,1915.259024692425,1922.4371530311098,1903.229660613555,1920.9641492406602,2063878,8.903841028405513,16.869133222921644,-1.0839895511943642,0
TATASTEEL.NS,2026-05-28,1978.5238869860152,1979.173797595058,1966.3630482474737,1971.4936656133589,3878245,11.808438054011706,18.143275700272117,0.0,0
TATASTEEL.NS,2026-05-29,1947.5566020131314,1980.6246626701504,1945.4924827243299,1953.8297305288063,3119873,12.088509609725673,17.976118733979245,-0.895967123437702,0
TATASTEEL.NS,2026-06-01,1914.3554478903707,1916.3761995221855,1889.041495807171,1902.6132418324476,1437473,9.77447088794976,19.815067581779893,-3.493819177931856,0
TATASTEEL.NS,2026-06-02,1883.5884576241338,1891.4207054426404,1871.366764183001,1886.9290544822395,3615757,7.283485296316905,19.76800117088232,-4.28936763054778,0
TATASTEEL.NS,2026-06-03,1847.3810590765513,1859.1421280398536,1837.1479212869333,1842.3989756239735,1285452,3.875162182163727,21.059139391902946,-6.548065167088546,0
TATASTEEL.NS,2026-06-04,1832.3926747755447,1841.6022620245246,1818.4542472590442,1821.8825748748147,3144803,2.9263742903876455,21.34972713215166,-7.588717800520961,0
TATASTEEL.NS,2026-06-05,1803.9403934438656,1815.9117822479923,1782.6192024188563,1803.5989532670058,2198096,-0.26554822105745446,20.65697357845238,-8.516117260469047,0
TATASTEEL.NS,2026-06-08,1810.720263126124,1826.4368282438813,1795.2234770276425,1804.7556292432687,3334437,-0.03489167571811835,20.651683713651366,-8.45744722787205,0
TATASTEEL.NS,2026-06-09,1754.0538586857776,1767.0310384826284,1753.19274260986,1761.292239110237,3226114,-3.6125666875890583,21.464402824369103,-10.662039151808555,1
TATASTEEL.NS,2026-06-10,1779.6544567943251,1788.6519257679029,1775.3955149630403,1787.1406169025813,1981439,-2.4771420114833242,21.923858647212878,-9.350932844789172,0
TATASTEEL.NS,2026-06-11,1749.245273034734,1756.766151998935,1746.4438799675531,1747.743311537005,3578463,-6.834067493307094,21.497676922380453,-11.349280902038405,2
TATASTEEL.NS,2026-06-12,1744.2154464541456,1755.0119528715647,1735.939346654642,1745.4460488986226,3726264,-7.813604254533257,21.219796777077875,-11.46580486954848,2
TATASTEEL.NS,2026-06-15,1741.8524104082335,1753.35665117669,1735.0301037889728,1739.0482997861322,1666191,-8.222350672752487,21.19708598185519,-11.790317660235017,2
TATASTEEL.NS,2026-06-16,1751.1743679632918,1758.9669601852788,1750.2579113530423,1756.740217474537,3286191,-7.109756510252541,21.5264476128141,-10.892931176221099,2
TATASTEEL.NS,2026-06-17,1758.8552345356543,1785.8176771466485,1757.7739785319686,1764.5508650531337,2993849,-6.699860038325411,21.60703917469865,-10.496751989098696,2
TATASTEEL.NS,2026-06-18,1785.4487645142704,1801.0297877834164,1784.0957174751923,1790.2520042478495,3022040,-4.534125334139317,22.0552973264542,-9.193114059999907,0
TATASTEEL.NS,2026-06-19,1782.2720926850532,1800.597639406975,1780.921386893018,1782.8918551083216,2931256,-3.375546748572844,21.635942069997068,-9.566442631524286,0
TATASTEEL.NS,2026-06-22,1779.145739578523,1780.971845822884,1767.6238199085162,1773.3624819256604,1976764,-4.268244866522075,21.617254331435294,-10.049800673645947,1
TATASTEEL.NS,2026-06-23,1773.4931340012438,1783.862140502477,1771.02850081489,1782.5566826440115,2352780,-3.174946593664729,21.64842922225554,-9.583443571986649,0
TATASTEEL.NS,2026-06-24,1805.981320359304,1808.2471055442961,1797.4128858543843,1805.1015013671733,2584963,-1.338943707133422,21.941160001513033,-8.439903568973362,0
TATASTEEL.NS,2026-06-25,1825.039211591541,1836.220260862158,1816.8506698906554,1823.4592457920483,3427148,-0.2509816983393698,22.15109938791569,-7.508744380127396,0
TATASTEEL.NS,2026-06-26,1830.7386737066151,1836.1555425507433,1820.818970142825,1830.9132405182727,2189430,0.07223782365077813,22.181635168531354,-7.130655682393461,0
TATASTEEL.NS,2026-06-29,1835.4641620374168,1858.7536036537974,1829.2332754044219,1836.432001967845,1933708,0.3431429255037033,22.19750601970466,-6.850727750296592,0
TATASTEEL.NS,2026-06-30,1841.2260660509767,1849.6097568728053,1835.9786696876413,1836.0321794861873,2528911,-1.7710746372827324,21.27781011611787,-6.871007931188444,0
TATASTEEL.NS,2026-07-01,1860.4198204843492,1873.0793215094843,1842.0153361940847,1845.4879420170853,2451740,-2.0681982435808544,21.18752076269277,-6.391383639423031,0
TATASTEEL.NS,2026-07-02,1897.1098676826323,1900.450152509135,1877.2817685214368,1891.5198358130465,3574494,-2.153809370533033,21.091615935611717,-4.056509599559455,0
TATASTEEL.NS,2026-07-03,1881.1993198290127,1919.4398558582632,1874.9301162399747,1886.4325392582953,2559470,-1.9229135172490919,21.060032979069675,-4.314552353816459,0
TATASTEEL.NS,2026-07-06,1880.1530266152529,1887.2694091312187,1871.9267343874062,1878.6085068932086,3396822,-3.2650043101957404,20.85651549058881,-4.711410456967025,0
TATASTEEL.NS,2026-07-07,1876.32463198679,1886.0984558873558,1859.5937197623275,1869.0988293369123,4686443,-3.331894694743809,20.86708003629523,-5.193769478563858,0
TATASTEEL.NS,2026-07-08,1893.0538299141165,1902.15144788948,1877.8253899627937,1878.261485287888,3044708,-2.222980786479134,20.86988494049958,-4.729012420968903,0
TATASTEEL.NS,2026-07-09,1829.0697344796597,1833.5775768339747,1805.0710473449287,1831.4415567485496,4224210,-7.103857917861333,20.39350322894704,-7.103857917861333,1
TATASTEEL.NS,2026-07-10,1837.4874811617103,1855.972827107253,1819.1077709721776,1828.8738245823738,2993828,-6.3954347706958625,20.298809613468563,-7.234100901187224,1
TATASTEEL.NS,2026-07-13,1847.23397265873,1854.1725977140652,1827.9179584391823,1848.70588373428,2991000,-2.8333324352482814,19.29334201364676,-6.228160101182878,0
TATASTEEL.NS,2026-07-14,1838.0527173492112,1838.9399339767842,1822.392228205921,1837.4685407014317,3357532,-2.6212174571862423,19.231703108840172,-6.798151434599209,0
TATASTEEL.NS,2026-07-15,1849.7996116917461,1854.3205011963294,1839.457960910738,1841.9909332371255,5151232,-0.02214734117020889,17.99190382275261,-6.568762285926155,0
TATASTEEL.NS,2026-07-16,1882.6335388670973,1898.391109231928,1879.8855674424635,1889.6219260154796,4609850,3.7180964390813864,19.149939392603773,-4.152777207752667,0
TATASTEEL.NS,2026-07-17,1900.5047353577063,1907.3597256964958,1891.8113994065611,1897.5691972068857,2153341,5.210151833902099,18.86081304902274,-3.7496680661905257,0
TATASTEEL.NS,2026-07-20,1841.2397668069925,1850.7173994406662,1830.66313891339,1847.661354147284,3186477,2.377370332514528,20.541555935342963,-6.281141736641027,0
TATASTEEL.NS,2026-07-21,1815.5574240101987,1832.0202392133097,1793.9621335912716,1817.0600228018895,1963343,3.1662992916964727,19.851949343923884,-7.833331930256183,0
TATASTEEL.NS,2026-07-22,1793.8944284581953,1825.1263577163852,1792.8533295071802,1811.9896807203668,3773033,1.3904369685723506,19.456690128967807,-8.090514703397144,0
TATASTEEL.NS,2026-07-23,1794.2017251432333,1806.0057972939267,1792.8372097971608,1794.9861939406976,3327929,2.7030789986057124,18.50263494458244,-8.952981931988468,0
TATASTEEL.NS,2026-07-24,1799.5005543489942,1803.1467810811605,1779.4348206537693,1797.6057808513356,1700460,2.9883325231178537,18.49052996839375,-8.820108722384578,0
TATASTEEL.NS,2026-07-27,1791.1625949736342,1793.7810177903357,1790.6436556135097,1791.6526718626753,2681691,3.024894252966548,18.482978356963105,-9.122068048579424,0
TATASTEEL.NS,2026-07-28,1813.407923528534,1833.9777989012327,1812.6384464345008,1817.2948721754435,4950357,3.4469897198550425,18.697987896225936,-7.821419674201291,0
TATASTEEL.NS,2026-07-29,1797.8323394213617,1800.9568522820312,1788.0921785800488,1794.0413507408873,3087146,1.6712743322854218,19.101083359719247,-9.000907178530737,0
TATASTEEL.NS,2026-07-30,1799.577994200767,1812.1864385366403,1770.625036242823,1789.9694434768078,3288784,-0.015783295891935722,18.651140533034667,-9.207446379498075,0
TATASTEEL.NS,2026-07-31,1801.033359082,1804.1229105958314,1787.7902617457953,1795.0329523812431,3420349,0.6809777742904144,18.624660705177472,-8.95061020534481,0
TATASTEEL.NS,2026-08-03,1792.1132655139222,1805.8307547460408,1777.9543449441705,1802.7886602530289,3137413,1.6593436833858721,18.581044769754087,-8.557217722931087,0
TATASTEEL.NS,2026-08-04,1796.8955918830736,1809.9790175730786,1790.892989602836,1806.3606194691426,4436504,1.3353817613150687,18.53572815871142,-8.37603736823781,0
TATASTEEL.NS,2026-08-05,1741.4888320815132,1759.0283955217808,1731.7482577871933,1755.2241355179465,3406181,-2.7631335861972306,19.951733021618438,-10.969831345013626,1
TATASTEEL.NS,2026-08-06,1761.4940835124412,1763.9582081685217,1750.7022639009756,1757.3619543520103,3911916,-3.6248296523527457,19.688770169257523,-10.861394839669913,1
TATASTEEL.NS,2026-08-07,1753.4126377769198,1768.6444753944158,1738.4149333736257,1754.5676465364058,3662955,-4.1698094859074715,19.626049260548545,-11.003130411249096,1
TATASTEEL.NS,2026-08-10,1777.2407197052144,1784.608804093847,1762.7575155831248,1773.2420133456628,4633940,-3.440910883412529,19.89598372548911,-10.055911196956203,1
TATASTEEL.NS,2026-08-11,1788.2143113693005,1790.0967794837982,1776.7855763416405,1789.0824480997856,2424366,-2.557130093413751,20.10651105878546,-9.252437413072933,0
TATASTEEL.NS,2026-08-12,1786.9374107661104,1796.0600051939227,1783.2837068095557,1794.6513202379483,3298240,-2.7546439411342605,20.062871492124366,-8.96996771837928,0
TATASTEEL.NS,2026-08-13,1795.3724050184915,1803.6119354351606,1785.100689264735,1801.8005145696352,3150057,-4.743239777067765,18.58641092598469,-8.607339399740344,0
TATASTEEL.NS,2026-08-14,1819.7189579992396,1833.3443878977487,1816.6756933643824,1831.6785315059092,3144771,-2.9025160779888926,19.309123181626443,-7.0918378560425825,0
TATASTEEL.NS,2026-08-17,1845.265289610968,1864.8388787786387,1841.9577302696425,1857.5419079658152,3173690,-1.1213937789642414,19.763433519621383,-5.779970772165366,0
TATASTEEL.NS,2026-08-18,1850.1511840724293,1877.994608244773,1845.8201189735191,1864.09516966035,4100400,-0.2677043930490064,19.74039294239839,-5.447569922553908,0
TATASTEEL.NS,2026-08-19,1917.160881776991,1918.6548298702282,1902.516028259687,1913.1259358094273,2114988,1.8562085627920721,21.129105843535125,-2.960584191670357,0
TATASTEEL.NS,2026-08-20,1901.2734559942294,1909.2666677754871,1896.7905267399854,1899.171793053895,4367645,3.698192609847206,19.85004155228054,-3.6683796565465276,0
TATASTEEL.NS,2026-08-21,1867.6420969070307,1874.7699248753038,1848.6686305541095,1872.7544297683824,3168836,2.399323813168408,20.322670373106007,-5.008346593609647,0
TATASTEEL.NS,2026-08-24,1883.9266922276056,1895.6994505324733,1863.4551632811354,1872.9186263859826,4152831,1.3097130736012152,20.101856867665685,-5.000018054671673,0
TATASTEEL.NS,2026-08-25,1859.7969658100299,1870.1669561304484,1842.1701998534763,1864.9420632714655,3184380,1.4951832894807504,20.05688944710295,-5.4046129693621765,0
TATASTEEL.NS,2026-08-26,1816.670698554199,1836.0067894860408,1804.4834392292437,1810.9718237788475,3413790,-1.6839990305362096,21.789748674173776,-8.142143423249138,0
TATASTEEL.NS,2026-08-27,1787.7070311905964,1807.6399093156701,1781.2283615787476,1797.2411226397394,2757830,-4.888851156090124,20.388404424473,-8.838605267311728,0
TATASTEEL.NS,2026-08-28,1813.0879142016247,1816.468165655523,1804.4480206689757,1805.0594545938852,2863640,-4.875170968688236,20.392014533366954,-8.442036305893662,0
TATASTEEL.NS,2026-08-31,1809.9242067177097,1818.6436871419553,1802.0171580708527,1807.8077546067257,2661593,-2.1569753272753456,19.00908543695366,-8.302634386385833,0
TATASTEEL.NS,2026-09-01,1803.917369921092,1811.035926297066,1790.8691111390374,1795.0181220393447,3073357,-1.2130529804159407,18.5116424141006,-8.951362444226273,0
TATASTEEL.NS,2026-09-02,1803.5175515739277,1823.338342273783,1797.3113394945235,1799.9173600070606,4312146,-0.666246659225278,18.51729631042314,-8.702858578696905,0
TATASTEEL.NS,2026-09-03,1808.1693255301013,1809.0749722924822,1800.1205569657993,1806.5796316603544,3394181,0.645878935380817,18.338197764199634,-8.364928420994822,0
TATASTEEL.NS,2026-09-04,1824.768939316117,1840.540125864015,1815.3135009872008,1826.1939140980257,2638156,1.590344977259206,18.59127236687586,-7.370033901180628,0
TATASTEEL.NS,2026-09-07,1811.8479447020009,1836.205156355375,1809.7849855581962,1816.2132354213059,2561538,1.3708328597582753,18.640985081482395,-7.876283495120595,0
TATASTEEL.NS,2026-09-08,1824.0515711501791,1849.4920602146808,1818.2742349878883,1839.4336106427218,3419100,1.2182248905361348,18.547837807857206,-6.698477264929547,0
TATASTEEL.NS,2026-09-09,1814.8076890488076,1826.0502136960215,1794.5558391590287,1819.5472693022944,5157103,1.421701821469945,18.43306171546752,-7.707171418366787,0
TATASTEEL.NS,2026-09-10,1820.9411259648741,1837.9772672068627,1793.3394292038479,1812.6047927352563,4771657,1.2645662383198086,18.45893471699229,-8.059314399504803,0
TATASTEEL.NS,2026-09-11,1851.807387965048,1863.8166392574685,1831.435768408005,1854.0465411861521,2228564,3.287604761050389,19.560410676073786,-5.9572661315483995,0
TATASTEEL.NS,2026-09-14,1827.9203388398698,1846.5470637871244,1826.4792466103686,1835.4721768886675,1412499,1.8129422131516693,19.798616294927328,-6.899412922149728,0
TATASTEEL.NS,2026-09-15,1814.600540030155,1831.87744119351,1801.5797797083387,1825.0625976593244,3849929,1.0353402298859837,19.878792368055848,-7.427417622895471,0
TATASTEEL.NS,2026-09-16,1801.8632619428938,1808.1015495469169,1796.7609283044562,1801.8153466168062,2834581,2.6544308590601196,18.37903212507014,-8.606587074362393,0
TATASTEEL.NS,2026-09-17,1795.0447466851604,1799.9145008012947,1784.5619625239333,1787.9777180865838,1652872,1.7421433108162576,18.54742154548874,-9.308472592514306,0
TATASTEEL.NS,2026-09-18,1798.6632845297345,1812.2752449899858,1790.8296348404097,1794.9251132339825,3063110,2.300137402923408,18.55805753688859,-8.956080126407272,0
TATASTEEL.NS,2026-09-21,1804.3550270830494,1817.039847139782,1802.2837779562242,1814.2271016507918,3155958,2.311308213806673,18.56315829794038,-7.977026084617888,0
TATASTEEL.NS,2026-09-22,1818.9172814333297,1826.0371223089837,1811.3956746454642,1817.8484089844542,2449875,1.6078611086493666,18.408195259471352,-7.793342647190471,0
TATASTEEL.NS,2026-09-23,1806.9989513541818,1822.1455700260342,1796.8461766712278,1814.7996200841342,3484958,1.1226860404011108,18.4036537306973,-7.94798625338089,0
TATASTEEL.NS,2026-09-24,1790.4202673631446,1812.7573956578701,1774.5031786916918,1791.905361695826,1435922,-0.5491813768391918,18.7512037494828,-9.109250871554808,0
TATASTEEL.NS,2026-09-25,1784.455215116018,1807.0489540408894,1778.6852430130211,1780.2817973925853,3232986,-2.8059909656236615,18.14834749775186,-9.698832492129005,0
TATASTEEL.NS,2026-09-28,1754.0950764643771,1756.1807025932587,1726.7359307792922,1751.437648496311,2325468,-5.712078904626083,18.09752918853512,-11.16189318562103,2
TATASTEEL.NS,2026-09-29,1764.0476591689996,1774.3896181290813,1745.6221997935945,1770.9097690972876,2538498,-4.998961538001367,18.425901495772138,-10.174209535371082,1
TATASTEEL.NS,2026-09-30,1795.1771878910245,1806.7130884987405,1783.7165856316922,1792.0926505527045,3814459,-6.326467222635534,16.945164836467633,-9.099751025821334,1
TATASTEEL.NS,2026-10-01,1805.3821623636827,1808.7210185469987,1790.276921704935,1795.1998864872526,3117775,-5.474591974613007,16.907644818742483,-8.11891853025598,1
TATASTEEL.NS,2026-10-02,1806.2888464999637,1836.1069074304214,1800.5160558725242,1808.7418872886637,3386512,-3.4180959052723003,16.716834116950235,-5.4562037222395166,0
TCS.NS,2025-10-06,738.6713421919574,746.1914195066422,734.5042554178303,741.0919712160784,2492149,,,0.0,0
TCS.NS,2025-10-07,742.9820129119835,747.1817625540655,739.7290191910159,746.4559406304749,1730321,,,0.0,0
TCS.NS,2025-10-08,742.9208196208959,743.9011889085953,741.324022076423,742.846152555114,2989648,,,-0.48359024007658125,0
TCS.NS,2025-10-09,715.552298492791,725.1886667744826,715.4259738499528,719.7371360234459,3823024,,,-3.579421524123927,0
TCS.NS,2025-10-10,703.5918483786933,711.3516138375111,698.5697983052595,709.8790694609662,2877579,,,-4.900071012713081,0
TCS.NS,2025-10-13,720.7219684950402,723.7622724868761,718.6242340532278,719.139279588559,1703269,,,-3.6595141863086433,0
TCS.NS,2025-10-14,687.7759293094117,698.2138105582766,683.7111944987273,694.2865130736101,2635577,,,-6.988949342783879,0
TCS.NS,2025-10-15,686.3027324802205,695.9684088758922,685.5869007487224,690.1300342391,2416338,,,-7.545777764699757,0
TCS.NS,2025-10-16,680.206457462507,682.0533747915458,677.8721294335805,679.1796166723818,3190880,,,-9.01276556272964,0
TCS.NS,2025-10-17,688.8319290328833,693.2442850850114,684.2863030059244,684.5119244318222,3906151,,,-8.298415596549912,0
TCS.NS,2025-10-20,681.1725867322285,686.983385268704,676.4742643978975,677.7444473950729,4086496,,,-9.20502999512155,0
TCS.NS,2025-10-21,681.171149751699,681.9691950136414,678.9017234335967,679.789602180501,2692959,,,-8.93104801251442,0
TCS.NS,2025-10-22,683.9512730207779,684.9869426451417,682.9891408472735,683.1636698493326,3062878,,,-8.479036381930872,0
TCS.NS,2025-10-23,695.2133671243986,699.3298103807539,683.0572361165038,697.1041129298925,1578410,,,-6.611485690488128,0
TCS.NS,2025-10-24,695.0336613589258,698.2038075626551,691.7292602190996,694.1340288836269,3037245,,,-7.009377097683167,0
TCS.NS,2025-10-27,698.1164917488704,703.0403349121906,695.1919563714721,695.9955017659406,3905641,,,-6.760002314659608,0
TCS.NS,2025-10-28,676.0497683783647,688.9616431397574,674.5284042928788,682.4492255062528,3862274,,,-8.574747904097391,0
TCS.NS,2025-10-29,687.6274838540984,694.443584614326,687.025376762094,690.9992165901899,2986369,,,-7.429336551792309,0
TCS.NS,2025-10-30,684.2407405137438,688.6931572546224,676.228050901302,683.4668685080632,3779055,,,-8.438417955279398,0
TCS.NS,2025-10-31,677.6614701411074,678.4900408346939,671.6577110314847,677.6390215596653,3402438,,,-9.219153512621947,0
TCS.NS,2025-11-03,669.6867038389748,678.8472710346502,663.691243206554,676.2165424959207,3042766,,,-9.409717883044532,0
TCS.NS,2025-11-04,662.120491424563,667.0847253059749,661.410743934745,662.436258459461,2444689,,,-11.25581264716693,1
TCS.NS,2025-11-05,661.696314359425,668.1037379990395,659.5671199919702,663.0399055742265,2691496,,,-11.174944228562655,1
TCS.NS,2025-11-06,668.9197766927745,675.8488793814762,667.3606282386673,669.5530303607952,1592147,,,-10.30240448012586,1
TCS.NS,2025-11-07,672.6962213992185,673.2153609547739,661.0740880097215,670.6793638972716,2119891,,,-10.151513653866894,1
TCS.NS,2025-11-10,656.5371427045421,663.8936255494004,651.8439934028338,656.8068593669119,2443030,,,-12.009962863694689,1
TCS.NS,2025-11-11,655.2162649754567,655.2241250405126,653.5223416805222,654.6298019623283,2441055,,,-12.301615362668016,1
TCS.NS,2025-11-12,659.0388510007014,665.5957277218932,658.504541373927,659.274397619444,3360016,,,-11.679395697138562,1
TCS.NS,2025-11-13,642.8166100541525,649.6366592353575,639.0039418481005,643.4018983814481,3291620,,,-13.805776957443038,1
TCS.NS,2025-11-14,632.1518824900224,635.060428931627,626.4599765622402,633.9930365555289,2179671,,,-15.066248113714131,1
TCS.NS,2025-11-17,638.1469139482667,644.2363020224365,635.6983312561409,639.5226841714675,3512170,-13.705355204151381,21.721770152258994,-14.325461241381365,3
TCS.NS,2025-11-18,639.0439611199392,641.3757092141274,638.5018134692922,640.4229613470501,3698445,-14.204854367408037,21.505415395504723,-14.204854367408037,3
TCS.NS,2025-11-19,641.0430114394694,648.4786157744343,635.7276788271422,642.4172996623781,2574498,-13.519468674273682,21.63388089835107,-13.93768008333126,3
TCS.NS,2025-11-20,652.4332693189896,657.3232296538417,650.6099734397312,655.7093505275627,4899685,-8.89599581447712,21.354756631995194,-12.156992149632483,2
TCS.NS,2025-11-21,653.6229986656933,659.0022257829537,649.1994624402264,658.1980400282846,2605278,-7.280258237776282,21.19547730816849,-11.823591426929426,2
TCS.NS,2025-11-24,662.573589815018,671.8179677720392,661.2580423764643,662.1989984805708,4522325,-7.9178377157433815,20.846824106100655,-11.287597507595503,2
TCS.NS,2025-11-25,681.6015549500395,683.9045015588946,677.4100256316217,682.8400582863886,2868837,-1.6486644305602205,20.81177417984506,-8.522389451459745,0
TCS.NS,2025-11-26,678.2622787542393,689.1249724039915,675.6537197982564,679.8421235874033,2909465,-1.4907206093471403,20.780129623308586,-8.92401190977299,0
TCS.NS,2025-11-27,669.4072657515015,672.6404226729095,667.0629465211666,672.1298860781685,2577259,-1.0379773510802992,20.527735228409245,-9.957192448562836,0
TCS.NS,2025-11-28,675.9864206081061,681.41479062192,670.1134596824397,674.3510083980871,1881851,-1.4844030718923151,20.413469455194345,-9.65963673240864,0
TCS.NS,2025-12-01,674.8766438248251,684.4775696646869,670.3116914372021,676.6703654415065,3078083,-0.15847890125764152,20.24102227141979,-9.34892086598249,0
TCS.NS,2025-12-02,668.6495272026309,673.3059717111358,668.3555541759108,671.1745670433518,3030018,-1.2673090481989613,20.35509783743451,-10.0851730811518,1
TCS.NS,2025-12-03,661.4553918788762,661.818318058215,660.6045944456818,661.6959075678777,1846417,-3.142403969782148,20.671687733976263,-11.35499477584796,1
TCS.NS,2025-12-04,677.6437090945226,682.7730830401409,672.0802503224799,679.0466486483433,2848355,-2.590354001162698,21.25506434181853,-9.030578807530965,0
TCS.NS,2025-12-05,678.2345304247008,680.9204093849676,676.6530237662909,680.4657884385674,4181914,-1.9691068116977406,21.244593593850123,-8.840461787492849,0
TCS.NS,2025-12-08,674.6405309756718,679.9505044814448,670.5647180828066,673.2762493515203,2380278,-3.264281501356703,21.414320707458405,-9.803618310967588,0
TCS.NS,2025-12-09,677.9013856213746,680.7489744651057,675.9012480781099,679.4695915765789,3714284,-0.43660888140998333,20.87341031285992,-8.973918674599556,0
TCS.NS,2025-12-10,675.2381802985635,679.8520072416014,672.5789401720014,677.3365963341316,2547489,-1.9772265912945564,20.543492478049814,-9.259668325228054,0
TCS.NS,2025-12-11,677.0102997550168,679.5645091583485,667.1311818954683,674.0466741061266,4814115,-1.3782956915672995,20.353576443243195,-9.700407295732639,0
TCS.NS,2025-12-12,674.5736351433136,677.6525244583069,669.8130328037844,677.3663271844595,2377915,-0.04024183474236054,20.2590631300958,-9.255685390843116,0
TCS.NS,2025-12-15,664.0462027066279,669.9466875482052,659.8551922111661,665.724047021367,2884572,-1.5516472631423417,20.862127235857038,-10.815359516185207,1
TCS.NS,2025-12-16,664.0740137039736,670.6936025199103,660.4172760528704,667.3217845288807,5247655,0.7375088556869303,19.996813777918934,-10.60131640653238,1
TCS.NS,2025-12-17,680.3356306872817,681.8607330247293,675.0480301171482,681.5662242710355,4364873,2.7941483673994405,20.9055670129664,-8.69304038288341,0
TCS.NS,2025-12-18,687.1971042251777,688.4213425845877,678.6051954430915,684.1335523148712,3168533,2.177650058012448,20.756679494272834,-8.349104739251544,0
TCS.NS,2025-12-19,676.7543713844331,685.7684715041671,673.4686149519357,679.8037836572058,3076351,1.3604742073638265,20.856733222746392,-8.929148171420941,0
TCS.NS,2025-12-22,667.8684591479303,678.4207656051893,665.1124553445896,674.4412279239484,3970306,2.6848636407412085,20.039257380070683,-9.647550349147338,0
TCS.NS,2025-12-23,672.870522063888,679.2978337835923,668.6863413026791,669.898397745702,3812412,2.332401570720477,20.12701164314432,-10.256136861890397,1
TCS.NS,2025-12-24,662.2139299671098,666.6675710220333,661.1258764624571,666.635954417133,2759388,1.1166149973775186,20.1029392673375,-10.693194583718357,1
TCS.NS,2025-12-25,657.4967316296381,663.6987140534612,656.2055181258143,662.404251177182,2881542,2.9534188263255823,18.840711891356197,-11.260100546899087,1
TCS.NS,2025-12-26,666.9939173796407,670.2775648684922,666.8350142867976,668.5006414169078,3353963,5.44289966477518,18.379502487598074,-10.443389217014488,1
TCS.NS,2025-12-29,652.7446396367195,655.1467933594637,652.3829380162031,653.5404604638189,1463267,2.191912286975728,19.54014271240048,-12.447550499521409,1
TCS.NS,2025-12-30,660.3832612911731,660.38549245066,658.9685790081915,659.1255571151864,3768587,2.92035059592457,19.668665538708673,-11.699335320652294,1
TCS.NS,2025-12-31,649.8109489351345,662.6830531257901,648.743424515824,654.9267534760631,2994306,1.9472473453406858,19.773300055412673,-12.261833843415316,1
TCS.NS,2026-01-01,657.1372166969226,658.9593020965573,654.0725552782362,656.6902025717316,3746111,0.1495864049185336,18.860513255325912,-12.025590952216813,1
TCS.NS,2026-01-02,647.9335692476444,648.9475663317371,638.5036152233815,646.6816393944825,3615388,-1.7496862545058889,19.338863898212843,-13.3664019274494,1
TCS.NS,2026-01-05,659.0756347564953,661.6245112235912,652.4088629695024,655.8704518272058,3539035,-0.9556865334870657,19.719639415081488,-12.135409991748258,1
TCS.NS,2026-01-06,666.8150446858713,673.0516974414705,661.034465832886,664.5276615079124,2818836,-2.6817988423865846,17.828969432738848,-10.975634952193403,1
TCS.NS,2026-01-07,672.9976371753531,673.2294582299207,666.4936757738865,670.9919829537425,3331693,-1.301793508610527,18.053136069992537,-10.109633210634462,1
TCS.NS,2026-01-08,659.2202527808664,659.5681743173943,656.8313912895532,657.697914581632,2793035,-2.147199789127985,18.657025109292555,-11.890591422432205,1
TCS.NS,2026-01-09,666.9776133190945,670.5820624572617,660.7203187967814,663.056881236242,3008788,-1.6748143060798748,18.798657138345828,-11.172670060578794,1
TCS.NS,2026-01-12,667.4031520592379,673.399261500418,659.836311838026,665.0649061474745,1369817,-1.7150831315717263,18.791558975682538,-10.903662232797762,1
TCS.NS,2026-01-13,651.2657352263184,655.6356207878238,649.6781038777317,651.1805732442273,3529102,-2.9789558158023977,19.587344571773713,-12.763696046919481,1
TCS.NS,2026-01-14,648.130161113943,650.6993720240836,646.9661015556712,649.7976529308212,3537691,-1.7981454170979627,19.18998492862606,-12.948960874772286,1
TCS.NS,2026-01-15,652.6883336756363,655.3980359826576,650.7910351371572,651.4502444930787,3834994,-4.063992394365812,17.47135513668635,-12.727569165991504,1
TCS.NS,2026-01-16,655.6399587469984,661.1353836224888,652.0348805930206,654.6099251326547,2132311,-3.7997300885975416,17.536410044690744,-12.304278189580053,1
TCS.NS,2026-01-19,658.5012430871905,662.5474652416673,653.6626751218979,654.8015799276747,3125786,-2.743995416686673,17.315159013935364,-12.278602890531854,1
TCS.NS,2026-01-20,655.3412906797192,658.5599203156162,653.8833732149325,655.8896990937461,3188455,-3.4703381542241063,17.070394855058296,-12.132831505130003,1
TCS.NS,2026-01-21,668.6917804491487,670.9458329562974,663.9039994738795,666.3676649778228,2044507,-1.6194210405394815,17.759021770922455,-10.729136348624625,1
TCS.NS,2026-01-22,672.1305489197804,682.4096970826563,669.1873075723096,675.0046451127046,4447131,0.14212235493162861,18.12479999071594,-9.572071388087656,0
TCS.NS,2026-01-23,654.692484240205,661.0799960008651,648.1498359230131,650.9810357923445,4137685,-3.895276504485845,20.79647466134894,-12.790427356970312,1
TCS.NS,2026-01-26,646.1346604198476,647.711476895909,638.3504446526013,647.3174647342357,3213388,-2.764896712006637,20.289881463848143,-13.281222708537143,1
TCS.NS,2026-01-27,642.1123688008195,645.6281539050307,636.0975625615466,644.8557391827782,3434286,-3.366598523673736,20.283064542557426,-13.611011168573818,1
TCS.NS,2026-01-28,632.8647429787237,635.8386245100666,625.9823263632885,630.2818161398189,1275181,-7.524493776971919,20.062230597480575,-15.563426877215614,2
TCS.NS,2026-01-29,629.1669348867636,632.0359846860191,623.3118341090623,629.8381244893254,3362415,-7.936378451521464,19.98205202826374,-15.622866641352095,2
TCS.NS,2026-01-30,637.0269924249801,642.29468381584,634.907326875098,638.1756329580154,3857043,-6.123553840085949,20.469915398534408,-14.50592081576888,2
TCS.NS,2026-02-02,630.2705426208418,630.7622521988548,626.4185571239036,628.7541462076902,2071270,-6.774064191907625,20.736326735741475,-15.768083287457113,2
TCS.NS,2026-02-03,630.2220369450487,630.7791116202886,628.3640681838239,630.140446106198,3348366,-5.934922635028661,20.730249920776714,-15.582365708823199,2
TCS.NS,2026-02-04,620.1688777337274,624.0139327479721,618.115403923679,622.1109425018427,666272,-6.679059480705673,20.950855741218366,-16.658049237789886,2
TCS.NS,2026-02-05,618.9169022926815,630.234290132728,613.7072066120733,615.9840649097478,3820278,-7.007833386476503,21.035235881663183,-17.47884484789918,2
TCS.NS,2026-02-06,625.0586360719776,631.3586361911069,620.9567372958696,625.8529353854099,3821524,-6.3796058506548015,21.448908899844213,-16.15674799817398,2
TCS.NS,2026-02-09,615.8815229840608,624.8561270525265,615.6779047959941,620.6518644618887,2046083,-5.03237335582698,20.666752500411043,-16.853516640557366,2
TCS.NS,2026-02-10,621.5070677724119,626.7622385095411,618.276877264715,622.9600974615038,3585942,-5.486884746507037,20.506814295828804,-16.138746183344544,2
TCS.NS,2026-02-11,603.8302108531504,609.4836197404632,600.7029053701579,608.0112883567538,4034807,-7.1634674977473,21.462357141631507,-15.523146170278013,2
TCS.NS,2026-02-12,617.2609236932699,626.5861047167443,617.1376144432597,620.6124771255317,2070452,-5.493872956366985,22.446878864918137,-13.700656501393926,2
TCS.NS,2026-02-13,622.2808455259753,626.9723666181037,617.5218218244003,623.9712439864401,3075861,-3.5118355036811044,22.16737157565456,-13.233602766986586,1
TCS.NS,2026-02-16,618.4127529951152,629.5953101008771,617.0039723656071,621.4651800302056,1557715,-5.245742006085152,21.698288957698114,-10.85044995384985,2
TCS.NS,2026-02-17,622.7460810277935,628.0324483205796,619.4908026602984,624.6253560278209,4600770,-6.004611665005366,21.338454095548315,-10.39712082567511,2
TCS.NS,2026-02-18,613.1597006951129,614.0624103817219,606.4875539553598,613.0213747092897,2476829,-8.639538134161173,21.565372598855838,-12.061718853903669,2
TCS.NS,2026-02-19,621.1773388575856,624.9958237198214,617.2613385354822,620.6428347193079,2037842,-5.634057679184701,21.394509348020506,-10.968415878256954,2
TCS.NS,2026-02-20,616.3946540464523,619.2714421134275,615.7869357904979,617.1015219595726,2487607,-6.930832116693764,21.208306760224716,-11.476419301856245,2
TCS.NS,2026-02-23,613.7981654236977,615.334543551965,611.0935702745193,614.4639829318612,3388075,-7.608418779563875,21.15427904476425,-11.854775845561882,2
TCS.NS,2026-02-24,610.3112939311203,610.6357864806471,608.1551040086738,609.7298838667011,3637235,-6.36546774898642,20.496811520718694,-12.533885174764215,2
TCS.NS,2026-02-25,603.8163193073095,605.4986415291913,603.4370380162181,604.3864594018078,4357269,-6.988513012349706,20.587370157563637,-13.30040259530204,2
TCS.NS,2026-02-26,605.0672586118912,611.1387241421826,598.1942833042107,608.3287675724256,3173818,-6.619304741255839,20.701224944292758,-12.595876549644258,2
TCS.NS,2026-02-27,612.9188339144042,614.7159187675272,608.4578717886427,609.0814191785495,2551640,-6.955058914647372,20.62066556230044,-12.487736252154669,2
TCS.NS,2026-03-02,612.8147626602288,613.74156954661,609.8490778232052,612.7386673792158,2768099,-6.423764669765275,20.74955111930983,-11.325707371588523,2
TCS.NS,2026-03-03,612.0364252279473,614.8538139799315,608.5926489042452,611.5511443247731,1911805,-6.760062679782342,20.718631817928046,-11.497563290659274,2
TCS.NS,2026-03-04,615.1611492260506,617.1739193332388,613.3474973278302,614.2012140844627,3772136,-7.8284787265444855,20.094198676410972,-10.22203018603337,2
TCS.NS,2026-03-05,610.2162523622619,611.651521032768,608.8898063169678,610.001854675921,2926767,-9.629976757557001,19.57132021396551,-10.835851770186423,2
TCS.NS,2026-03-06,624.0676855215476,633.7039075783746,622.3753975097493,625.3955800219132,2467297,-3.930292030594995,18.773048319897942,-8.58574646634549,0
TCS.NS,2026-03-09,613.6773764457669,614.6047205867139,607.4502861316679,612.6138547220429,3898142,-5.361142237439987,19.546690731163952,-10.454054964974357,2
TCS.NS,2026-03-10,620.5801751367945,624.9521744373407,616.1537600134811,620.814084413007,3500540,-3.7282221912514957,20.019816359950223,-9.255425009870223,0
TCS.NS,2026-03-11,626.7458650595422,636.6491956069997,624.2684739003284,629.9321677724504,2991843,-0.055474925408760534,19.463557000130116,-7.92263211751888,0
TCS.NS,2026-03-12,626.3395059109343,626.9381528822338,622.2757502731566,622.3806204433998,2471759,-1.1840350331241312,19.774028360496665,-9.026443983418265,0
TCS.NS,2026-03-13,639.5682979399547,641.397218831582,638.0270190222266,638.0832219279816,2368010,-0.014480501175739846,20.76904938284164,-6.731190164708501,0
TCS.NS,2026-03-16,644.9029126101731,645.172993251581,639.4108295545727,644.5679181477527,1822550,2.515096247944104,20.47565836535357,-5.783320235243838,0
TCS.NS,2026-03-17,652.3997751338115,662.5846032437897,650.1260327479749,650.9282778714042,2617533,3.2989204063410993,20.637614909974708,-4.8536246075217,0
TCS.NS,2026-03-18,653.3550285191925,655.2894881343827,647.3820232126375,649.953828953763,2682468,4.475550026487096,20.23253090828359,-4.99606008877298,0
TCS.NS,2026-03-19,647.368122535875,650.2301494257003,645.2778629204327,647.0737087777035,3797243,5.047150671423761,20.027465261833154,-5.417048091234522,0
TCS.NS,2026-03-20,641.7059595668429,645.4055640184872,638.1535791149665,644.2667857158672,3528029,2.9422008413394707,19.629393520793887,-5.827336850255138,0
TCS.NS,2026-03-23,651.0597472028551,654.0420148564531,640.7603681263832,646.1068346703441,2204531,4.101328243092461,19.43295043662466,-5.5583763602673475,0
TCS.NS,2026-03-24,657.5908891359311,659.5554666463354,655.4558670291854,655.8582622798027,2101634,5.280942543889311,19.825834924783486,-4.1330073549813,0
TCS.NS,2026-03-25,658.0947017155181,662.9305320675431,651.5199927436717,656.0821898230739,5285950,7.906251477047288,18.268559225342436,-4.100275800957453,0
TCS.NS,2026-03-26,648.7056540628455,650.9752473300329,645.84065236015,647.7561700979207,1551829,4.373694370134085,17.952564405303647,-5.317292521885819,0
TCS.NS,2026-03-27,651.4230510324393,657.2792937760422,645.7673782162823,652.9973476140968,4377887,4.651833543195716,18.020099776364837,-4.551188082417557,0
TCS.NS,2026-03-30,659.7647480271891,661.2677749129061,657.8234741714226,659.0454328419944,2861703,6.047040770644996,18.072699639481296,-3.667137708417789,0
TCS.NS,2026-03-31,665.5839431635927,665.713081565423,660.9146721884462,663.0258550004606,2843196,6.147764992577298,18.088872142168842,-3.0853182456830774,0
TCS.NS,2026-04-01,666.8439244222684,673.3946931668424,658.9308247446403,667.7578255034883,2790750,8.928962847364996,17.0455813838604,-2.3936447431898378,0
TCS.NS,2026-04-02,664.5206759066045,669.6486359143896,664.233112448654,664.3705369562213,3043002,7.0455501603735815,16.95060772956947,-2.8887656937419126,0
TCS.NS,2026-04-03,650.1455917224156,659.4020819736276,648.5569067713367,655.8012426404819,3309646,6.271208108192705,17.369791500410123,-4.141341932218145,0
TCS.NS,2026-04-06,644.8254471969689,648.4307885501813,640.869802019106,647.8149184846701,3621658,5.427646937689956,17.767818498326566,-5.308705253135349,0
TCS.NS,2026-04-07,633.819275252595,635.841296252392,631.4259312629243,634.0609432365594,3374255,3.990465288589573,18.80066633082202,-7.319127809019655,0
TCS.NS,2026-04-08,635.1963524210881,637.5951231943401,634.1988189932492,634.7010216567559,3655011,5.015758011016991,18.55455410336612,-7.225567360474095,0
TCS.NS,2026-04-09,633.143165877489,636.1240876652487,629.5968123341171,632.9036940233452,2356378,4.039744256874034,18.54128248303328,-7.488283262556239,0
TCS.NS,2026-04-10,623.8719604634148,634.2367777637533,622.9112273504177,628.417034543261,1628411,3.1745534760835303,18.703448471340902,-8.144099581592624,0
TCS.NS,2026-04-13,603.6791352185434,608.2115346579234,602.6661248131895,605.4077426203417,2590350,-1.1964194768757985,21.59021562907864,-11.507374463384911,1
TCS.NS,2026-04-14,598.6564294761758,602.4182205783184,592.469592023199,595.3205345246264,3169109,-2.654006938057041,22.102267433635973,-12.981824599850755,1
TCS.NS,2026-04-15,603.2165546305442,605.0129686410835,598.9830079097661,602.2759082352336,3158862,-1.941595942138452,22.351918448683794,-11.965155604875633,1
TCS.NS,2026-04-16,597.5639860908923,598.4933508002601,596.1721602825347,596.3965185811627,3086027,-2.230376185001348,22.43923031064812,-12.824547697863487,1
TCS.NS,2026-04-17,598.3994251885416,601.1731494492984,595.8935296971734,597.8850093847303,3035373,-4.39890711031552,21.086410923489833,-12.60697456487927,1
TCS.NS,2026-04-20,585.0129966026107,587.1508440152807,584.9146519928105,586.9125413550031,3154545,-4.195352940344632,20.930980175313522,-14.210823402960692,1
TCS.NS,2026-04-21,601.299567430792,603.1892335018052,594.5286640315827,596.0388680452672,3854769,-3.9907626115095685,21.072229378951295,-12.876825580549589,1
TCS.NS,2026-04-22,594.1519391957555,602.4861504623283,592.5719697769897,593.9191183540798,3259271,-5.7169725981321085,20.528003045034474,-13.186670008441615,2
TCS.NS,2026-04-23,592.9967329970564,596.1522906123913,592.111031023472,594.897563362002,3677043,-4.415795765269525,20.32391228667649,-12.489812845469272,1
TCS.NS,2026-04-24,611.3928709063227,616.011753961536,610.2655738550459,610.6134964571046,2734265,-4.30503804627188,20.461747844422614,-9.539363783911249,0
TCS.NS,2026-04-27,627.4003974390399,628.884466586712,618.0076455130496,620.6870829250004,2444588,-3.70493698963128,20.85107245186052,-8.046990873467974,0
TCS.NS,2026-04-28,614.9469637931545,620.7432554798361,613.6025275335153,617.2745330092325,3101889,-5.170115665004227,20.618297568607282,-8.552550344869536,1
TCS.NS,2026-04-29,611.617301000827,614.4577550644013,608.5100009804582,611.7727124969397,2139542,-5.874435191540273,20.72414997469121,-9.3676292561227,1
TCS.NS,2026-04-30,608.8163567746429,611.0115998283283,607.0570051002244,608.2706229236052,2352437,-5.996702590095304,20.741077950328446,-9.886453770693226,1
TCS.NS,2026-05-01,612.537728063009,615.271585356677,608.9706818586128,610.8822741388833,2244837,-5.181783745050462,20.80644122814431,-9.499545142110078,1
TCS.NS,2026-05-04,612.1628290065689,614.4893717416229,606.7826211748197,608.9932424398756,3997769,-5.744188149534823,20.764920955055818,-9.779399764250085,1
TCS.NS,2026-05-05,611.8074564316917,618.0817600822912,602.3205251555705,605.0008358471742,2507059,-7.754331897237221,20.165961611165965,-10.370863337368874,2
TCS.NS,2026-05-06,612.5266977512899,618.5922304321515,611.4254247405086,614.6184153836346,2026717,-6.319905506141065,20.855849261366036,-8.946046544463027,1
TCS.NS,2026-05-07,613.4728223595229,613.6631154504713,610.8835468046283,612.6517651680115,3406182,-5.419385650097719,20.616691469799765,-9.237400126969808,1
TCS.NS,2026-05-08,630.1554164242831,631.5672504087679,620.6385192766919,628.639121629584,3187544,-3.730218211990022,21.980525039132427,-6.8689191724568,0
TCS.NS,2026-05-11,623.4908181792733,631.9486293689455,616.9796923832388,628.1706512190407,3013867,-4.6847728676022715,21.757900168183028,-6.938321718637075,0
TCS.NS,2026-05-12,640.2853562427982,642.3979026137524,632.5599569892604,640.5974687156179,3439186,-3.382731776700798,22.523229617569918,-5.097324388240587,0
TCS.NS,2026-05-13,644.0361773278537,647.634047387767,638.3213283071566,642.171059910377,3029444,-3.8317432781591054,22.416005716826586,-4.864201371065436,0
TCS.NS,2026-05-14,648.8928679608322,656.1201519805147,647.7426119277284,648.4441261069039,3011257,-2.397218112995103,22.605386004064567,-3.934864626208001,0
TCS.NS,2026-05-15,641.0998002499449,644.783485351134,639.0244248658001,641.6520038232967,2858512,-2.157549863769004,22.502505276258916,-4.941098039975566,0
TCS.NS,2026-05-18,634.178035390498,636.4793086163538,629.8365471095336,633.947785494936,2764521,-2.140601056575109,22.49492758089864,-6.082455863827918,0
TCS.NS,2026-05-19,635.1253440686132,637.9571738007775,632.7975655423652,636.2863278724633,2652639,0.3509733030620632,21.654949680204147,-5.73600752536696,0
TCS.NS,2026-05-20,644.7312004747009,648.5206158725264,637.718263657905,642.6992592660015,4422656,1.2601583007331385,21.842869903350344,-4.785950153174001,0
TCS.NS,2026-05-21,639.6069786303963,641.8848726317113,639.5636988696352,641.8313507928945,2921541,1.4105869271826332,21.827395065419257,-4.914528301397281,0
TCS.NS,2026-05-22,629.2030531900606,636.4643047698473,628.8531680476041,630.8413808570451,2385315,0.38578621846974137,22.32102043799326,-6.5426607913617545,0
TCS.NS,2026-05-25,619.7033313884865,622.6557599568362,615.4028772047415,619.4902428993821,3187438,2.326118298072677,20.202388011614687,-8.224299286718729,0
TCS.NS,2026-05-26,608.2222852954567,610.3362785220203,599.8831978108495,607.8553314766409,3221831,2.1055542728798615,20.3706349238881,-9.947978006114589,0
TCS.NS,2026-05-27,595.159532560758,599.0074579415233,589.4203728721408,594.0069647682851,4266263,-1.3729493997490017,21.19904987008854,-11.999573770473148,1
TCS.NS,2026-05-28,591.5047466563642,597.4165422854622,591.3659834714318,593.6978183790184,2927846,-0.4525009985914319,21.011826762838563,-11.090848253051744,1
TCS.NS,2026-05-29,598.4961149481848,601.7636491021862,594.0814554032335,600.6645295325561,2355205,0.464892095335534,21.278647094084995,-10.047549187513294,1
TCS.NS,2026-06-01,596.1253200166653,602.8574871273066,594.3644960916317,599.4671635813227,2503585,2.1390959200385806,20.5523282165746,-10.226860594359133,1
TCS.NS,2026-06-02,578.6703905052744,584.9577428220567,578.4804554782708,582.3559278681504,3932537,-2.2956456215666887,21.73898031091605,-12.789351823910867,1
TCS.NS,2026-06-03,577.5548090187941,580.2536199762229,575.2152107481602,579.9595113211531,1094986,-2.350422237898797,21.7459980259364,-13.14822692135963,1
TCS.NS,2026-06-04,580.1559353050345,584.271969611057,576.6158902427064,577.7667860581488,3197346,-2.8796179979357017,21.751948618437165,-13.476598252890026,1
TCS.NS,2026-06-05,593.9628930770533,595.9262649119066,582.9616698725828,591.3972076236997,2372176,-3.1470461994209775,21.457127548760205,-11.435375964663963,1
TCS.NS,2026-06-08,580.4017269353595,581.0807269110891,578.4187286403891,580.0810462312405,3631493,-6.54211080121131,21.420688392983998,-13.130026474214606,2
TCS.NS,2026-06-09,577.7123874770923,578.4551232089303,569.925388531253,576.3097607784242,2635615,-6.636394349707542,21.436222845093678,-13.694794914026264,2
TCS.NS,2026-06-10,588.1283536022215,591.976291286217,584.926551056596,587.1504705857548,3726714,-4.024736868483336,22.17477193013032,-12.071345604516992,1
TCS.NS,2026-06-11,589.5466209393921,600.3840673443118,584.7289337193054,589.2475966958626,4508951,-3.127395193986171,22.176328514447015,-11.757290713654921,1
TCS.NS,2026-06-12,590.8624644546745,599.2065550953286,586.4832965582652,592.1570091944001,3010684,-3.0652820907070666,22.19037588647069,-11.321591963686139,1
TCS.NS,2026-06-15,594.5010322930673,595.4889456029899,590.2565555456138,591.8850413052809,3290407,-2.8092596013138516,22.181332007700412,-11.362320485124899,1
TCS.NS,2026-06-16,594.7989313343312,602.9266105162678,589.6884070622419,593.1440870622872,1735728,-1.9597904800055632,22.130111655893312,-11.173772225723077,1
TCS.NS,2026-06-17,598.6752595548671,602.7755173255936,593.2950879178402,597.6075463860236,2658716,-2.7677122214102567,21.718131089556685,-10.505347363705031,1
TCS.NS,2026-06-18,593.4986730270932,596.802356325361,581.6277030685807,590.7459282764407,2399998,-3.5755772099282823,21.92781160584763,-11.532908231959805,1
TCS.NS,2026-06-19,594.699751961633,597.0037256327694,592.950542015428,595.9092106695372,2287983,-5.206470586049916,20.592254731089806,-10.759681442861025,2
TCS.NS,2026-06-22,578.6314065944197,586.6231892661606,577.3490735526929,585.0971407511919,2605422,-6.85697594821717,21.132539749601904,-12.378841788933048,2
TCS.NS,2026-06-23,590.8697550093436,590.9171751884385,581.7888421683846,586.3306616895035,3209136,-8.471280277600535,20.126053960058098,-12.194115995958398,2
TCS.NS,2026-06-24,588.4515330733842,589.4374537964442,581.6958816678582,586.5127394125999,3044751,-8.667210961756044,20.086290090305045,-12.166848966484189,2
TCS.NS,2026-06-25,582.2774114066381,583.5572557605506,580.1190025435401,581.1241804470743,3323985,-10.381765051061798,19.793337454962632,-12.973812024006214,3
TCS.NS,2026-06-26,585.0841516061244,586.0333813989012,578.4417687114026,579.9012580257821,4006223,-9.62371276479641,19.688062277814353,-13.156950637225783,2
TCS.NS,2026-06-29,577.1508111497538,577.1913839896968,566.3143954208733,574.5303705894867,3413362,-9.372603906023746,19.598351857222276,-13.961267296824008,2
TCS.NS,2026-06-30,561.1232631681268,571.1427051505228,560.5526887783726,566.1494799573192,3799739,-11.02284378004148,19.75521569165737,-15.216346655249847,3
TCS.NS,2026-07-01,560.6884437123762,567.9607365326171,559.8112318933644,562.7189839647784,2973117,-12.444432469482692,19.31814926451964,-15.730080206774177,3
TCS.NS,2026-07-02,553.2057526650433,554.5771525571628,544.0199839314195,554.2955883106973,3667620,-13.638436697437529,19.536498903338895,-16.99152490009992,3
TCS.NS,2026-07-03,557.7587226621961,560.5830016380379,550.496643329875,555.4270430329087,2847942,-11.954564191981254,19.27407633035517,-16.822084022135176,3
TCS.NS,2026-07-06,542.3159845519201,547.4289676439457,539.6746810473438,546.8102426690275,2224159,-11.732226788624223,19.13233115627985,-18.11249201658798,3
TCS.NS,2026-07-07,550.1029519413952,552.7761829952184,545.1453275893477,550.4913036293981,3599565,-9.437118484737228,18.85579198761624,-17.561235135757713,2
TCS.NS,2026-07-08,543.1588291359501,545.1845985844951,541.6258705501155,541.7469485635538,3158045,-8.797879369161487,18.333004400204757,-18.870745070628338,2
TCS.NS,2026-07-09,534.5456081447359,544.1377405269956,534.064256890188,537.091819917923,3259192,-9.534479782264915,18.387320407602413,-19.567873350947764,2
TCS.NS,2026-07-10,534.6780665164839,539.7190192924301,527.0918300923769,532.1042472647802,2201581,-11.414072064673164,17.89965005970125,-20.314786747190205,4
TCS.NS,2026-07-13,538.8820568170213,541.1976981211407,530.6956688145833,539.6424454766861,4184079,-9.979648884725078,18.65170227904157,-19.185904699836865,2
TCS.NS,2026-07-14,543.2140567101378,544.4779679210013,537.9268428579579,540.792609859313,3631126,-7.137098811888054,17.11867111114928,-19.013661958726402,2
TCS.NS,2026-07-15,536.0611746725538,539.2019884641029,535.6920066595429,538.4316983276946,4274329,-7.16046761589576,17.120995380869726,-19.36722000648694,2
TCS.NS,2026-07-16,539.9038597136738,548.583946466732,538.2697500399646,540.6709578358058,2440782,-6.420553953167108,17.22040378726975,-19.031879944178755,2
TCS.NS,2026-07-17,526.2943631804698,526.5681563523565,525.340486746882,526.2046326102615,3632272,-11.023483738685435,16.85850597641667,-21.198282893427123,4
TCS.NS,2026-07-20,521.749628082351,526.5969478253271,519.6082489217716,524.968450884769,2508732,-9.500844012148901,16.224442252424943,-21.38340715229452,3
TCS.NS,2026-07-21,533.2646942730153,538.8715567410527,529.6712539845628,536.7186002130663,2964003,-6.869770956487342,17.8072625786333,-19.623764826959334,2
TCS.NS,2026-07-22,532.3777999711095,538.8593355196634,527.075675220056,536.5864527070656,3247039,-8.611764856161198,16.663092434923076,-19.643554562242638,2
TCS.NS,2026-07-23,534.136848123266,539.7700310307195,532.7206055812037,536.0397115337115,2853361,-9.029800963212775,16.5599096409446,-19.72543172675836,2
TCS.NS,2026-07-24,537.2004093519844,540.4906734085152,535.7626374357395,538.588261358097,3784152,-9.046375708560916,16.552273493869542,-19.34377392702177,2
TCS.NS,2026-07-27,544.0212490483705,546.2981647052617,540.5867169511113,543.4100797189419,1682002,-8.18992848331449,16.903944639876027,-18.621683046662675,2
TCS.NS,2026-07-28,530.1831435549935,531.3111215977966,522.0298694502719,529.5672924277062,2571428,-10.718608854294231,18.059699094687264,-20.694708140872287,4
TCS.NS,2026-07-29,516.1654105039918,522.9299829693925,510.8919179767598,518.0324700390485,1846919,-13.315607680692466,18.468316982069545,-22.422104203952564,4
TCS.NS,2026-07-30,520.6911525103594,524.9298799432204,516.0724174923231,518.3895657850627,2494331,-12.248304901988039,18.415962979940268,-22.368627369630932,4
TCS.NS,2026-07-31,514.2841865612231,521.4649303179359,507.29064986166895,513.0196231575586,2775413,-13.909767801515848,18.07122633304325,-23.17280253949212,4
TCS.NS,2026-08-03,523.4305837525317,524.7990304789777,519.8904898669513,520.2055371347187,3907031,-11.090740168916302,18.425331412419204,-22.09667677911755,4
TCS.NS,2026-08-04,521.6514934569457,523.4569766620427,517.239738014592,517.2919950290509,4457644,-11.774698335154199,18.344162794951835,-22.53299395794972,4
TCS.NS,2026-08-05,501.42363466938394,507.6058643967418,498.3599898165227,504.49540482764814,3081977,-13.983896524923423,19.23539824495238,-24.064151438899238,4
TCS.NS,2026-08-06,495.4850663748873,498.8172392779373,492.5623924316131,495.96638994717347,3221131,-14.653974720925689,19.511694831580325,-24.372453466199328,4
TCS.NS,2026-08-07,480.89641685735575,481.2707549088559,478.7875066855459,478.989007279339,3456939,-17.401626457923058,21.216736949958843,-26.132570564704018,4
TCS.NS,2026-08-10,474.91682914716074,478.88576125404916,472.5821101933254,476.76978303356367,5082901,-17.015738864355857,21.202342087447818,-26.47480887891298,4
TCS.NS,2026-08-11,474.10706798722316,476.12643950307955,471.91963505869876,474.821397256325,3655283,-16.131443361544584,21.055473987053066,-26.775279759717506,4
TCS.NS,2026-08-12,470.5339578782761,472.68387653832013,469.0062352680558,471.54322476561174,2337932,-16.202716062067946,21.05793637511457,-27.280824086318876,4
TCS.NS,2026-08-13,476.0293126136022,477.06861684171076,473.18473656835477,476.81230323913576,2516321,-13.97869416707862,21.42754416271417,-26.468251613011383,4
TCS.NS,2026-08-14,479.27470410592684,488.3853384468892,475.65307515657054,482.83295987806935,1949465,-13.069958343842869,21.93980780231671,-25.53977429375798,4
TCS.NS,2026-08-17,480.66619960957945,484.3944970435424,478.6394562748152,480.9636482276638,2380731,-12.041946054258402,21.693030099950242,-25.828050735034182,4
TCS.NS,2026-08-18,467.11588751827446,471.6535325804652,465.26065010390994,467.94041324003723,3012903,-14.99585730875338,22.416661159087948,-27.83643271634917,4
TCS.NS,2026-08-19,469.68776065829223,471.7786745867004,468.7641296250799,470.5555144929061,3467335,-13.141086305961169,22.39984122445077,-27.433144114049803,4
TCS.NS,2026-08-20,471.11714891383895,472.93725369425033,465.3743640006424,472.83375769768594,3169371,-11.964073895233929,22.529168635264735,-27.081804173867475,4
TCS.NS,2026-08-21,475.16690400971356,475.96538006378495,468.55953378293714,473.7227143790631,2295009,-10.971822379885243,22.539983186844445,-26.944713460020743,4
TCS.NS,2026-08-24,478.8727470005995,478.97567996967865,478.1686753020705,478.4566037900687,2908542,-11.33821888909604,22.282381983607422,-26.214675324055715,4
TCS.NS,2026-08-25,471.15235057581185,473.54945710685723,467.0575117434002,470.9505858692818,2998199,-12.914751924624223,22.4605446922986,-27.372218066535492,4
TCS.NS,2026-08-26,483.1271143150406,485.1613701530699,479.34352530852186,481.55663087179823,2390406,-10.563097906854956,23.7871894623173,-25.736603743649646,4
TCS.NS,2026-08-27,477.24474597577625,483.5748464396275,474.82367796212316,475.17174284504716,1245965,-12.11443190012248,23.8288076047647,-26.72125111258864,4
TCS.NS,2026-08-28,477.53520130757477,482.12173524347054,475.9505194985909,478.5843979266823,3199130,-9.04975588058905,23.0529140393169,-26.194967514011868,3
TCS.NS,2026-08-31,470.0206157358245,471.3868343586897,464.71152085845745,468.13185657525713,3735538,-10.826668576696541,23.684610337088845,-27.806909226581556,4
TCS.NS,2026-09-01,464.8992775537643,465.9001017949471,459.5767980168062,462.0866477096702,2754298,-13.905229383473717,22.485281232792982,-28.73917287462797,4
TCS.NS,2026-09-02,468.5794646390889,474.51962207031823,467.9716102101864,469.709512096459,3643904,-12.463404596447436,23.29420642341196,-27.563610620320176,4
TCS.NS,2026-09-03,467.6144267270951,469.2600058063236,467.352291455863,467.38309076554725,4148795,-12.808122101947372,23.273620069242263,-27.922380364273135,4
TCS.NS,2026-09-04,472.29907147869034,477.1490345838987,470.6438316725711,471.25243852281125,4425835,-12.502281922278192,23.416762209648244,-27.325667771548368,4
TCS.NS,2026-09-07,471.324785651452,476.8242211406974,465.971340490555,471.7282016881202,3545914,-13.191120427485714,23.13654737694358,-27.25229781627322,4
TCS.NS,2026-09-08,470.13927714589573,471.31897909821805,467.0861402225572,470.2709772080198,2566413,-11.19712566609865,22.275273805040822,-27.47702411441231,4
TCS.NS,2026-09-09,479.34634160496194,480.9057375648462,476.45425067263545,477.1547575416198,3116411,-7.89095565657253,22.22918598053762,-26.415439922890904,3
TCS.NS,2026-09-10,474.5972038243745,477.90922644423614,472.1330680935845,474.92959381880627,1702459,-8.383650990436031,22.21363416352831,-26.758594195283326,3
TCS.NS,2026-09-11,465.1770357626258,466.93886120848595,462.6994484042068,464.03654507549464,3326182,-9.547993072970673,22.873865949837523,-28.43846888374889,3
TCS.NS,2026-09-14,458.1547653382336,460.91046071387535,458.0295293009987,458.7429478905396,2610309,-11.81505863676765,22.389688942501124,-29.254822517289604,4
TCS.NS,2026-09-15,460.3658876680878,466.52931496058835,455.5735448435253,460.94094156864014,3399830,-10.89347099934267,22.530720542633556,-28.91585828126564,4
TCS.NS,2026-09-16,459.18011201927817,462.58523033344073,457.98543331603173,462.2850224260375,1331977,-8.366851709190716,21.70141509316861,-28.70858045989545,3
TCS.NS,2026-09-17,453.54635125544434,454.58054051411705,447.13801301154535,452.84166154003015,3671654,-8.695090893505231,21.922947353640094,-29.54065917903801,3
TCS.NS,2026-09-18,450.67192353279273,454.7012667546677,447.13472959789,448.0998194954659,3036846,-6.448830205796141,19.970118300386787,-30.278460254144225,3
TCS.NS,2026-09-21,446.52684642954745,451.03422305062793,441.14618835750986,444.16715225334855,2246769,-6.8382334494382135,20.050953187513283,-30.890358772062022,3
TCS.NS,2026-09-22,441.7684953152456,442.9334816296279,436.6202597540692,441.4129903802245,3375488,-7.035994390553013,20.076842238360594,-31.31888919798307,3
TCS.NS,2026-09-23,437.32929304145625,439.0084700273442,429.55756945721123,433.38893501442544,3146331,-8.091366336596506,20.559101133802926,-32.476197294034804,3
TCS.NS,2026-09-24,429.21921816986827,430.32714354649573,427.11820731380817,429.34496184393674,2228979,-9.95514190232476,20.2102913775178,-31.940900696679165,3
TCS.NS,2026-09-25,426.97924601066677,430.49501620362065,422.3011077774862,424.8274025074444,3774399,-12.013586931860075,19.721760873091018,-31.423068018127765,4
TCS.NS,2026-09-28,427.844183152179,428.86567047703653,426.66277194501606,427.99305621509103,3795480,-11.01342943645902,20.00823483549272,-29.58965167330473,4
TCS.NS,2026-09-29,431.5195615414952,435.17063645698624,430.57598949733745,431.3768306784586,3499347,-7.813726176888847,19.016792870707512,-28.183401970787102,3
TCS.NS,2026-09-30,428.4008318049217,435.4006720689977,427.19319147749957,429.8334884710533,3570397,-8.654032259240852,18.857086718523377,-28.440341099289725,3
TCS.NS,2026-10-01,424.28504078966154,429.13994886533783,421.1337476035328,427.0320281842971,3229512,-9.686645415590856,18.736534484602274,-28.90673459333145,3
TCS.NS,2026-10-02,423.6972375154211,429.6255960000792,422.31484188334525,426.9657108147172,4129053,-9.870120672941152,18.696663717739575,-28.77579678193737,3
TITAN.NS,2025-10-06,1249.540355758821,1257.0157901621646,1236.1211318611272,1245.3794529425415,2761896,,,0.0,0
TITAN.NS,2025-10-07,1263.897504056814,1267.2704865384771,1243.6309307529862,1260.320718277238,3348045,,,0.0,0
TITAN.NS,2025-10-08,1240.0946653403,1250.1647962448176,1231.3115407697073,1241.7210279172843,2995151,,,-1.4757902564180636,0
TITAN.NS,2025-10-09,1229.0293110508248,1236.6436976603347,1221.6865631025921,1236.4785491123644,2659489,,,-1.8917541240981994,0
TITAN.NS,2025-10-10,1233.5854547997806,1240.2851416463614,1229.9458351238327,1233.5549022281991,2404704,,,-2.12373054420828,0
TITAN.NS,2025-10-13,1212.6607475929832,1223.505498178273,1209.148169766045,1216.150072826353,2284241,,,-3.504714697641642,0
TITAN.NS,2025-10-14,1215.8995601709846,1217.3644763516033,1204.3578092280309,1213.0533289126975,4509362,,,-3.750425481313313,0
TITAN.NS,2025-10-15,1220.7225475146754,1224.015473622915,1212.016353135297,1217.4241801156932,3373271,,,-3.4036208037729554,0
TITAN.NS,2025-10-16,1192.3995966437901,1192.6094051217494,1184.8522482963194,1192.1602139942456,3671135,,,-5.408187241114515,0
TITAN.NS,2025-10-17,1187.4931092516524,1197.9708330916,1180.9728037744344,1187.6417773460598,2499238,,,-5.766702068543694,0
TITAN.NS,2025-10-20,1169.8811191159173,1187.8557011109663,1150.5945674047962,1164.0761458800093,1929243,,,-7.63651434126923,0
TITAN.NS,2025-10-21,1196.431833007242,1199.500078849967,1186.0162848292193,1194.0670444614043,2737042,,,-5.256890000697401,0
TITAN.NS,2025-10-22,1187.956829793813,1200.5932330867347,1186.3946976692864,1198.2402158612463,1360646,,,-4.925770204020052,0
TITAN.NS,2025-10-23,1201.3961629012829,1209.1513060032821,1196.5001642374727,1201.1781653572398,2803136,,,-4.692658944847117,0
TITAN.NS,2025-10-24,1215.1171202680807,1216.9848426987255,1202.5460379526864,1205.6594697885578,2829542,,,-4.337090368822782,0
TITAN.NS,2025-10-27,1207.685397093074,1217.0713030517998,1202.2260786278152,1215.5782350109866,3481591,,,-3.5500871022267178,0
TITAN.NS,2025-10-28,1229.6418035682411,1241.8463067104183,1224.8870842473686,1231.0859547403145,3335589,,,-2.3196288938965637,0
TITAN.NS,2025-10-29,1213.4176990294652,1215.4133745647703,1197.1159555561553,1209.337824441033,3427008,,,-4.045231749097544,0
TITAN.NS,2025-10-30,1229.6104983833732,1239.923217559338,1229.398515753294,1229.6554681876412,2963626,,,-2.4331306821262055,0
TITAN.NS,2025-10-31,1251.4344929181282,1255.9166136944816,1244.5133073827537,1249.3493065777593,2921683,,,-0.8705253782129163,0
TITAN.NS,2025-11-03,1244.927402716219,1251.2452621830232,1230.4397242173948,1249.527695409069,3834106,,,-0.8563711372548188,0
TITAN.NS,2025-11-04,1250.4596700701945,1262.101529084929,1242.7394306711806,1248.9208100889505,4992351,,,-0.9045243820057447,0
TITAN.NS,2025-11-05,1202.1864286489465,1218.8853171970572,1187.7644973923063,1204.4049547041573,1597416,,,-4.436629721481788,0
TITAN.NS,2025-11-06,1194.6435887480538,1196.6786101546265,1183.6265128614434,1187.6738806722576,3419710,,,-5.764154833880941,0
TITAN.NS,2025-11-07,1191.3915426553697,1199.8172499377254,1184.6664151178527,1196.2142734469599,3141663,,,-5.086518367952153,0
TITAN.NS,2025-11-10,1221.2017041812633,1224.0338023499437,1212.0911111350063,1214.7133730504952,3433128,,,-3.618709473338233,0
TITAN.NS,2025-11-11,1219.6346095717688,1232.7083512023592,1216.4859760282275,1226.534998538054,3629480,,,-2.6807239815407113,0
TITAN.NS,2025-11-12,1228.5631949565038,1232.5081098115581,1226.3707089841357,1226.572229028457,2369520,,,-2.6777699326337,0
TITAN.NS,2025-11-13,1263.9069810573044,1269.198657167931,1253.2691791676964,1256.4281331193956,2910316,,,-0.30885671411982063,0
TITAN.NS,2025-11-14,1275.7361215785575,1280.3707712876792,1264.8301290271238,1272.8696539078537,4102622,,,0.0,0
TITAN.NS,2025-11-17,1273.086656946441,1274.2906811422042,1264.7478491314237,1268.0584345618993,5257689,1.8210499270541636,22.51221491717895,-0.3779820919748933,0
TITAN.NS,2025-11-18,1297.7562552013069,1309.8133544647624,1295.1650131804795,1302.9243020729164,2949970,3.3803763738736503,23.60946498724523,0.0,0
TITAN.NS,2025-11-19,1288.059093493787,1292.0022182605924,1283.8078023314306,1287.1057963218045,3253459,3.654989114635776,23.467353224230287,-1.2140771129945938,0
TITAN.NS,2025-11-20,1279.317383479065,1287.5369123252983,1261.8424110941928,1265.760314734269,3460447,2.3681579953752863,23.98800079384511,-2.852351996161284,0
TITAN.NS,2025-11-21,1269.8386718053741,1277.2323828857006,1259.1811803918813,1260.563257488238,1474288,2.189473302830125,24.013832908060056,-3.2512283727675673,0
TITAN.NS,2025-11-24,1253.1075478091182,1259.4846653810819,1242.8441090566869,1250.3129790602607,4148064,2.8091028399573004,23.751668556941972,-4.037941646260846,0
TITAN.NS,2025-11-25,1242.436034228641,1248.5793173056034,1241.5447162164496,1246.0189867085423,4275357,2.717576961384971,23.764685357173924,-4.367507404216752,0
TITAN.NS,2025-11-26,1254.8687487505902,1261.3917046801064,1249.0348306475437,1259.1912896197828,3454776,3.4307770608039467,23.916279504164688,-3.356527496152739,0
TITAN.NS,2025-11-27,1262.9112070744827,1268.681450063122,1255.6670851978797,1259.8603241075448,4350223,5.678776167716149,22.99372328045834,-3.305178811758902,0
TITAN.NS,2025-11-28,1260.3576599652888,1262.7630971013832,1250.1667192252166,1260.9182611887918,2495546,6.169914635916385,22.932459017125872,-3.2239816862187687,0
TITAN.NS,2025-12-01,1264.6118528663708,1270.0964842653705,1243.903139843971,1262.9938153701676,4846923,8.49752568508988,21.9714565364708,-3.0646820110132644,0
TITAN.NS,2025-12-02,1229.041889250002,1233.419340140277,1229.003544580687,1229.5840914780151,2721120,2.9744600339950855,22.43925180029669,-5.628892674595065,0
TITAN.NS,2025-12-03,1209.1410060761611,1209.435563237559,1197.5357461763922,1208.5626774167101,3210418,0.8614684617344937,23.03202614667413,-7.2422952358843435,0
TITAN.NS,2025-12-04,1203.913857225629,1206.3731158990424,1203.353908864637,1204.1175595873806,2711728,0.24470926253197245,23.05280815493189,-7.58345993917966,0
TITAN.NS,2025-12-05,1197.2943498309387,1201.1242626865019,1183.124960841865,1193.1188630454062,3395783,-1.0401450042399452,23.181978250926356,-8.427614624488367,0
TITAN.NS,2025-12-08,1189.9812108687468,1195.329688526563,1175.8398561957843,1190.9225472609194,4682943,-2.028309411927276,23.04549768113862,-8.596182804619213,0
TITAN.NS,2025-12-09,1213.6273079389646,1229.5339998955599,1205.973361934505,1212.2967872717936,2105883,-1.5262271002420946,23.353562604669442,-6.955700700104906,0
TITAN.NS,2025-12-10,1214.1260720971907,1216.767049396595,1209.8915668381705,1212.3519972051677,3148660,0.24924158520616135,22.773152703471297,-6.951463313996886,0
TITAN.NS,2025-12-11,1191.3886480775623,1205.0340745931026,1189.3645939242194,1194.389514280563,1973926,-2.8679540586320384,22.61134929286921,-8.330091596240674,0
TITAN.NS,2025-12-12,1177.6650122999768,1186.8919837551919,1174.6219801844536,1184.1875471404414,4590207,-5.215655789317253,22.13275438212642,-9.113096957633537,1
TITAN.NS,2025-12-15,1214.6210756459814,1225.0659733698621,1205.1368023721227,1209.8819231297277,3293482,-3.172860627659968,23.146317536242353,-7.141042560581667,0
TITAN.NS,2025-12-16,1245.858555890446,1255.7471017990993,1230.4367309650656,1233.495036229617,2731856,-1.2351282591115509,23.8966222088139,-5.328725984528749,0
TITAN.NS,2025-12-17,1247.958420286508,1255.2872564645186,1237.817806674814,1243.5138182726137,3463719,3.2471523315895645,21.520938767952057,-4.559780158047733,0
TITAN.NS,2025-12-18,1225.5360537793947,1231.3835008676244,1210.2869216646718,1221.5618370322782,2960632,2.8533048433159847,21.775572699148118,-6.24460415015613,0
TITAN.NS,2025-12-19,1229.8217181775804,1235.256664024941,1220.1151482489431,1227.2192382342598,4411863,2.5919239951850193,21.725212579859647,-5.810396177138754,0
TITAN.NS,2025-12-22,1230.0322208519212,1238.789404557643,1226.1130223276475,1234.0409722837614,3939984,1.591124265367161,21.33608048296552,-5.286825157805675,0
TITAN.NS,2025-12-23,1227.3834749242965,1242.1857642967752,1226.9561097701521,1235.5788253627436,2520072,0.737347636673169,21.161976387209336,-5.168794273238131,0
TITAN.NS,2025-12-24,1227.076576098193,1235.9497503477307,1221.692847436372,1228.3089016277106,2897661,0.14158747101498115,21.23854887888532,-5.726764043505428,0
TITAN.NS,2025-12-25,1218.5466359899451,1231.9724606355273,1213.0410217808942,1224.124272372376,1977806,-2.5710870280194364,19.975320538577893,-6.047936136824806,0
TITAN.NS,2025-12-26,1215.3296229698053,1235.4638436288992,1211.978515567237,1215.9042811621844,3593799,-4.475350054169269,19.60081926756396,-6.67882399401758,0
TITAN.NS,2025-12-29,1195.3427188796277,1209.277339112142,1189.6350384146433,1200.4375451880965,2774118,-5.33263196164655,19.86263494068064,-7.865902625483789,1
TITAN.NS,2025-12-30,1227.1573548574788,1228.211236889132,1195.3604515479099,1221.4233998966656,2622144,-6.255229259795447,18.763051964072268,-6.255229259795447,1
TITAN.NS,2025-12-31,1237.5070543603322,1243.403619518182,1227.1911572780787,1235.5838358503875,3432409,-4.002931275630384,18.91784316750557,-5.168409716158651,0
TITAN.NS,2026-01-01,1228.2773692109142,1234.1299667401845,1217.430441149864,1232.5231148132173,4081367,-2.625868383938834,18.360561288305092,-5.403321370834268,0
TITAN.NS,2026-01-02,1232.3920083821733,1241.6260683268792,1218.1845243378225,1238.905657155078,2946257,-1.7180891323386849,18.413366560241133,-4.913458503766222,0
TITAN.NS,2026-01-05,1247.2945535315598,1255.7282497826657,1236.6713400161093,1245.882109370481,2328242,-0.35438084415551074,18.35044646113948,-4.378012798723829,0
TITAN.NS,2026-01-06,1281.4626757275687,1292.650293318011,1272.8530507314183,1282.610350765931,3655813,2.9366618364337738,20.20893171199706,-1.5591044909260332,0
TITAN.NS,2026-01-07,1297.1252173167868,1306.8993652441936,1296.7154925778357,1297.3284305757886,3542374,3.0287011409935616,20.24761139695998,-0.4294855417329213,0
TITAN.NS,2026-01-08,1316.92997420987,1331.1276914408695,1311.2766172509423,1311.6203306278087,2789911,4.10839245667407,20.450241975201152,0.0,0
TITAN.NS,2026-01-09,1320.780384698212,1332.44434878876,1309.9568287102638,1313.450932553266,2195973,4.16622337715582,20.449498711775952,0.0,0
TITAN.NS,2026-01-12,1314.7494143353933,1326.9113253043895,1295.3501598371113,1307.8490225860626,2865363,3.551498563969502,20.516017911132202,-0.42650317787766845,0
TITAN.NS,2026-01-13,1331.5250676412359,1339.9931849206282,1329.2079053523698,1330.9796869181591,3213176,8.246332735019536,19.289680179727362,0.0,0
TITAN.NS,2026-01-14,1340.1185465085314,1359.080588316198,1336.662960699927,1342.698611141154,3902791,11.098798285841326,18.41904581924639,0.0,0
TITAN.NS,2026-01-15,1322.896996680015,1342.34295466918,1319.2453040045416,1330.647823254285,4483886,10.508132088885326,18.66277282402657,-0.8975050533959528,0
TITAN.NS,2026-01-16,1333.76172828571,1340.3236733210726,1323.8777836741579,1339.1716376900629,2425101,12.241259372252355,18.29550329663492,-0.26267796971157775,0
TITAN.NS,2026-01-19,1355.0128757242262,1359.0178429452221,1343.3611925279627,1353.9670103042954,1937665,13.690601745543617,18.324142834947395,0.0,0
TITAN.NS,2026-01-20,1311.6096719025695,1325.3587729793196,1306.906913586364,1321.5797120667517,3474042,9.014535544624614,19.597975571180275,-2.3920300857452115,0
TITAN.NS,2026-01-21,1303.502319166336,1316.1563481996864,1297.9745933729098,1308.2600727481602,3005835,7.910910013270822,19.94515233805089,-3.375779262588008,0
TITAN.NS,2026-01-22,1314.3768385451936,1320.3241917081687,1312.8614001625838,1315.2018843798314,4293798,10.114989176879984,19.257583334378488,-2.863077580874862,0
TITAN.NS,2026-01-23,1292.2393931546303,1294.2259043687322,1282.227262834251,1286.3845086610042,2118855,8.630133104114002,20.33113025481901,-4.991443744859225,0
TITAN.NS,2026-01-26,1264.2726170571548,1270.5751966621037,1255.3705704319748,1260.5913515775244,5375257,4.191270856962737,20.56584773876774,-6.896450062382642,0
TITAN.NS,2026-01-27,1254.8194254875343,1279.7428450307982,1251.1254718421126,1257.6870144243273,2400299,1.961254604530649,19.86046333630078,-7.110955817034991,0
TITAN.NS,2026-01-28,1262.2866772341154,1284.284557253976,1258.552918941748,1266.3158723127747,2547077,1.8336791843484024,19.822958087517154,-6.473653887019126,0
TITAN.NS,2026-01-29,1274.6733656893605,1279.0088678550712,1274.6066696148112,1275.7115939310233,3276719,4.432829780463621,19.12756950754965,-5.779713669366626,0
TITAN.NS,2026-01-30,1310.621249933058,1319.4913038667196,1296.3551343288284,1301.3886217716336,2941681,6.043694657532406,19.86007245956027,-3.8832843143530638,0
TITAN.NS,2026-02-02,1301.294827274168,1312.285675701694,1289.8843535610015,1303.8976434770245,1106853,5.660806469333335,19.83193027560474,-3.6979753898153,0
TITAN.NS,2026-02-03,1300.466173809782,1301.544362275445,1288.7527111582203,1299.2992315156605,1631558,5.157129990003662,19.89401276646449,-4.037600500794236,0
TITAN.NS,2026-02-04,1290.1629823822736,1293.7471700850592,1280.1250963200694,1280.276008007522,4756195,4.230784805918653,20.342994539762632,-5.442599541639625,0
TITAN.NS,2026-02-05,1280.7924716851248,1294.3889298933366,1266.5468548923407,1275.5775916315188,2026085,4.203275796453676,20.348606369420562,-5.789610682992863,0
TITAN.NS,2026-02-06,1290.840601196878,1294.0509157161723,1278.0074073509688,1287.662263221568,1695368,5.901614392770793,20.324868545436082,-4.897072571053684,0
TITAN.NS,2026-02-09,1304.226849816579,1311.9682340969077,1293.2612243206436,1300.5665487645394,2674644,8.341042312264047,19.95980791457021,-3.944000195968922,0
TITAN.NS,2026-02-10,1308.6376717267067,1314.7279962720338,1303.633174286244,1305.9285742402194,2165650,6.918581578730443,19.472621732703995,-3.5479768486589403,0
TITAN.NS,2026-02-11,1311.7726307808061,1317.667835222248,1307.9086464468307,1315.7655356598066,2392966,6.489377530115892,19.339417588503224,-2.821447963928103,0
TITAN.NS,2026-02-12,1330.3768434484919,1353.0645769393818,1326.381219358368,1337.3287977016362,3263972,8.503344207406748,19.714800015130535,-1.2288491873166052,0
TITAN.NS,2026-02-13,1330.368045808069,1350.7085175649477,1329.0337346805238,1339.7946909621792,2644900,8.143399234997005,19.703508018276764,-1.0467256021940319,0
TITAN.NS,2026-02-16,1360.8657339199926,1370.349816370107,1336.7531356521451,1363.2385382283728,2340645,9.419545234274995,20.152627293282183,0.0,0
TITAN.NS,2026-02-17,1352.028247781048,1353.7326177096468,1331.704732514666,1352.6725735453508,2729925,5.462471337267871,18.75538754097679,-0.7750635260614924,0
TITAN.NS,2026-02-18,1358.1111115557603,1372.8737020879462,1347.309930268412,1352.7529814922982,2460947,4.272206606303297,18.536441153466317,-0.7691652225223389,0
TITAN.NS,2026-02-19,1339.3166247336737,1352.254564199223,1326.097366952778,1346.2335056369955,3436770,2.6389629834892236,18.39478578858112,-1.2473996380322872,0
TITAN.NS,2026-02-20,1367.0891272714034,1388.349663035959,1353.542437908272,1360.3773077557714,2119493,3.5727543404521,18.603004261192584,-0.2098847994951636,0
TITAN.NS,2026-02-23,1345.453911544683,1356.5152798953688,1343.1712476791772,1345.1791680324416,4204564,2.8543161176635357,18.8860820547811,-1.3247402922896168,0
TITAN.NS,2026-02-24,1340.8948371332415,1343.9446234532286,1338.0729960322346,1341.2539546497972,3127629,0.7719327223864481,18.237868945345244,-1.612673274858134,0
TITAN.NS,2026-02-25,1314.0016935646977,1326.683454457586,1309.4074465830722,1312.886016536027,2013433,-2.220348956776641,19.07416801063213,-3.6935958220329246,0
TITAN.NS,2026-02-26,1321.3705136217432,1329.8403071160742,1313.3485696177286,1323.5257885842757,3818719,-0.535230625680605,19.07090255370652,-2.9131181763469405,0
TITAN.NS,2026-02-27,1347.752397720227,1358.003261465255,1343.9468072730904,1344.7386010112145,1922246,0.4157020029750713,19.554272000644435,-1.3570579688276907,0
TITAN.NS,2026-03-02,1359.9905187904515,1366.0782958757231,1351.8950039535582,1360.7922615895939,3378275,0.5040928791732124,19.59877928685972,-0.17944597149945896,0
TITAN.NS,2026-03-03,1382.3414992520727,1384.4959314522293,1373.4903447433844,1375.4178024798346,3698928,4.07376792496974,18.42533380791401,0.0,0
TITAN.NS,2026-03-04,1395.689596097808,1400.0790820133238,1387.4850583464831,1390.647242142692,2764549,6.2974611173042705,18.2999527223676,0.0,0
TITAN.NS,2026-03-05,1392.4123023988077,1407.3967195044345,1381.5972507288882,1403.6900807995848,3262579,6.728107484538692,18.399715078356934,0.0,0
TITAN.NS,2026-03-06,1406.7134019621383,1421.5174527104282,1403.0537064892806,1415.405727295063,3961379,10.029755315411615,16.98424208882682,0.0,0
TITAN.NS,2026-03-09,1425.2764266127572,1437.5370017284251,1422.1606718736507,1428.324557260141,2826421,13.305914360963422,15.551169180804042,0.0,0
TITAN.NS,2026-03-10,1422.9470679760473,1431.5861776168917,1416.6670202009004,1418.4615489464686,4975653,12.783350124333715,15.774464731525676,-0.6905299123745379,0
TITAN.NS,2026-03-11,1415.0316624046382,1417.9742046234785,1400.9291150587262,1416.3873091283087,2317616,11.851027069687326,15.830656310707091,-0.8357517954274196,0
TITAN.NS,2026-03-12,1421.5225692625108,1424.3363117816048,1413.6823910925598,1418.9133538897586,3339950,11.225245630751711,15.802563562563599,-0.6588981000533511,0
TITAN.NS,2026-03-13,1407.0787453267794,1423.1534733470203,1396.5874119006157,1414.5363475032927,2388062,8.69438412467649,15.109873322600501,-0.9653415035653645,0
TITAN.NS,2026-03-16,1390.7769464989901,1403.8532233440046,1381.1321420011486,1389.5014679909239,3118147,6.565225801438279,16.239756160683672,-2.718085961056982,0
TITAN.NS,2026-03-17,1371.202018039947,1376.6102580085485,1360.6116145171297,1370.3468094332752,2676739,5.468145920069256,16.814595367333254,-4.059143808188859,0
TITAN.NS,2026-03-18,1380.9915139838554,1392.0144920112612,1360.702416230175,1375.4246245328634,3401538,7.431883119751648,16.077460356838834,-3.703635315824305,0
TITAN.NS,2026-03-19,1392.6387045519034,1396.604252791116,1379.5788696568816,1391.7622455603575,2777637,9.108395654727165,16.194931516847795,-2.559804178534786,0
TITAN.NS,2026-03-20,1393.8518561168096,1394.7675524106694,1388.2292719793834,1393.2258087831656,1836661,8.198077133789017,16.084161392094128,-2.457337045601393,0
TITAN.NS,2026-03-23,1440.5290168080637,1458.8320365478457,1431.9238833950974,1441.578337472172,3492952,10.842335506905453,18.476397250747915,0.0,0
TITAN.NS,2026-03-24,1429.3243871784446,1432.4583111722357,1412.0748837752724,1427.0942249337327,3365702,9.278122332533133,18.88693051621512,-1.0047398855782985,0
TITAN.NS,2026-03-25,1422.0174738352891,1438.8871992375987,1421.9862532468148,1436.0820496548502,2642247,9.144221423515964,18.864732520852918,-0.38126875761463896,0
TITAN.NS,2026-03-26,1472.5564949464172,1488.6751818496634,1450.8300222536923,1459.8766888977812,2259738,9.163632115509568,18.875958719289816,0.0,0
TITAN.NS,2026-03-27,1491.4298781506982,1496.9687725544675,1471.689590750886,1480.0546791694856,3026173,10.468767278558033,19.130004130896758,0.0,0
TITAN.NS,2026-03-30,1498.8613750738175,1504.247193249344,1491.8772381447745,1493.1362436495422,3253181,9.528611595002356,18.735797892347062,0.0,0
TITAN.NS,2026-03-31,1507.1909362160263,1516.3103717427782,1497.9175288248232,1513.8570799238873,3694934,11.91600314302761,18.695365913259447,0.0,0
TITAN.NS,2026-04-01,1510.779260144646,1518.9414983248096,1498.1779486718553,1516.2867497841353,2093250,12.088960107959522,18.673658661984955,0.0,0
TITAN.NS,2026-04-02,1540.9809571655128,1550.9906829273002,1539.31316931713,1548.3005866435205,3291804,15.00980923149089,19.131059977470606,0.0,0
TITAN.NS,2026-04-03,1562.6460825566066,1575.3951068119857,1555.6088111551182,1573.8026761286662,3427342,15.688689244970199,19.363911988420508,0.0,0
TITAN.NS,2026-04-06,1557.5839365861452,1560.0094038148666,1550.6220135850097,1559.2531877957665,4379718,15.914164064586679,19.23216533331841,-0.9244798317848524,0
TITAN.NS,2026-04-07,1558.7078660624932,1570.5097732692236,1557.7015787295368,1566.7520689304417,2798911,16.812484578248444,19.085363136715653,-0.4479981706199676,0
TITAN.NS,2026-04-08,1534.6704744562958,1556.1075640953297,1528.3030442377608,1539.3744084622253,2232492,17.2511847238479,18.668449265967958,-2.187584770864004,0
TITAN.NS,2026-04-09,1579.7568587780759,1601.2228723355731,1568.7383715557853,1569.2165904183805,1876194,18.56335584491411,19.09273753678213,-0.2914015702125239,0
TITAN.NS,2026-04-10,1579.5721938031004,1588.8702806771782,1569.7333321144731,1574.9227440104235,2496920,17.117389418740213,18.850002589098786,0.0,0
TITAN.NS,2026-04-13,1598.9167983479824,1605.5341230258193,1586.3157163593103,1602.124287444848,2438389,17.734670652326102,19.074069987153095,0.0,0
TITAN.NS,2026-04-14,1608.0601070301068,1608.3838764928846,1600.3220767065034,1601.5262371366273,1214201,16.439254621332246,19.081860162522325,-0.03732858386252813,0
TITAN.NS,2026-04-15,1573.661018516246,1580.1336740876495,1557.145198423907,1567.7175900640736,3123419,12.732944959395587,20.44566319761195,-2.1475673048841903,0
TITAN.NS,2026-04-16,1616.0055550263514,1635.9514273036787,1594.9181761351692,1619.6468673288502,3642597,15.384933574956229,22.073568711697224,0.0,0
TITAN.NS,2026-04-17,1629.3260964153912,1647.1068770876548,1621.5374018353882,1623.7205299288669,4081920,14.717674135168846,22.058562749418627,0.0,0
TITAN.NS,2026-04-20,1602.7813035608563,1612.9620609911526,1596.7218602282828,1605.8553941975852,2596912,12.429306493055714,22.473533528721077,-1.1002592750406603,0
TITAN.NS,2026-04-21,1630.248699461684,1642.6457520096499,1626.395393844623,1629.6164045456417,2750433,14.886188191424976,22.437827086481477,0.0,0
TITAN.NS,2026-04-22,1658.1986460424125,1676.0772324572515,1654.7656305929354,1671.4873760699252,3682269,18.01061512607123,23.155249007218845,0.0,0
TITAN.NS,2026-04-23,1670.9021538143274,1685.4136619882015,1663.7898025727384,1668.9981743661472,2556831,17.625094569080968,23.221915745581835,-0.1489213582713811,0
TITAN.NS,2026-04-24,1668.1881740278168,1672.0621536546905,1663.3039907409295,1668.577682533649,3047857,17.959335967488443,23.144997355570517,-0.17407810420426717,0
TITAN.NS,2026-04-27,1670.711629708305,1675.009215868873,1666.0886303002712,1674.9227851192009,2194862,20.541274961081314,22.07664383774435,0.0,0
TITAN.NS,2026-04-28,1656.391737581824,1672.0812434021798,1643.320394300571,1654.2940347683914,3421744,20.720829455759905,21.96409364300162,-1.2316239610616675,0
TITAN.NS,2026-04-29,1652.8833791478353,1663.9570013269579,1631.0130703007985,1642.181068124974,3748624,19.394479263646257,22.310959843638788,-1.9548194869112523,0
TITAN.NS,2026-04-30,1678.0260439971778,1683.0449670510798,1667.1006239311912,1679.2500967287815,1923352,20.656390995336583,22.765617559120418,0.0,0
TITAN.NS,2026-05-01,1673.1202877892167,1690.807440321672,1657.1012738233555,1678.1630625342073,1798358,20.45162040171393,22.805445719397344,-0.06473331141632066,0
TITAN.NS,2026-05-04,1663.9319322460244,1668.281834288029,1659.3745124737072,1662.9415143586527,3356230,15.355612049126943,21.566455438393874,-0.9711824582829154,0
TITAN.NS,2026-05-05,1661.7660402590718,1666.2121500958885,1654.6293411851705,1655.498981213639,2765150,16.004882669223353,21.290432358749335,-1.4143882177771072,0
TITAN.NS,2026-05-06,1687.2700336614564,1708.5282787457725,1666.500463719972,1678.5247479026964,1375119,16.88223164589484,21.44299402638839,-0.04319480627085204,0
TITAN.NS,2026-05-07,1644.4687639497101,1655.0299325931367,1621.468320332277,1640.733590818172,3590312,12.388505364582493,22.618076153477862,-2.293672990440232,0
TITAN.NS,2026-05-08,1656.49807813848,1672.9974026200966,1632.8234134393322,1647.300992703114,3704928,11.300009106925458,22.42571735446347,-1.9025816397393758,0
TITAN.NS,2026-05-11,1689.5829277732128,1698.3784041918327,1686.5412870026025,1698.2931988944304,2920152,13.740002368668037,23.74578760000978,0.0,0
TITAN.NS,2026-05-12,1741.5630187981837,1758.2075701588649,1733.6545983675853,1741.8285149740695,3639241,15.058980010295553,24.388990031248614,0.0,0
TITAN.NS,2026-05-13,1757.720441956797,1766.7642552180225,1744.1585577166638,1755.4983909036355,1638947,15.77614795839608,24.38503503326465,0.0,0
TITAN.NS,2026-05-14,1788.5933450289117,1789.2720605430518,1776.2813791886833,1785.126080148581,1499115,15.295834384359551,24.17189325014299,0.0,0
TITAN.NS,2026-05-15,1818.185895439975,1820.0811065292373,1807.272025782206,1815.044337551185,2228768,15.328583759683223,24.184079297880984,0.0,0
TITAN.NS,2026-05-18,1812.2766091398985,1819.1231814059618,1808.6884864754127,1814.007717890886,2049178,16.338240132460612,23.872622090775685,-0.05711263569999625,0
TITAN.NS,2026-05-19,1835.5470181696446,1847.491468819081,1835.1035398274216,1835.9738817669408,3054738,17.183434327314217,23.956751750721157,0.0,0
TITAN.NS,2026-05-20,1875.1215278750242,1887.589812077288,1864.7382589944737,1877.5673895271364,1670516,21.969507821216318,23.44359709446164,0.0,0
TITAN.NS,2026-05-21,1859.7918277079702,1864.9522386917895,1850.1296936316155,1851.0458151432363,3236466,17.959867773875327,23.881472288368474,-1.4125497988426106,0
TITAN.NS,2026-05-22,1868.1837946098947,1876.4173994649652,1862.009068475259,1865.6500225070595,2620633,18.45978030365607,23.882437185524175,-0.6347237966823793,0
TITAN.NS,2026-05-25,1894.361312140766,1905.9570998081742,1873.6312042877055,1875.5204041918598,4092787,17.064600973189048,23.632240954073797,-0.10902326844268728,0
TITAN.NS,2026-05-26,1888.9281976438717,1904.5744653964257,1877.0944269846514,1879.6076874263115,2986940,17.363527605196573,23.58985646900632,0.0,0
TITAN.NS,2026-05-27,1886.3066000388887,1888.8417140017243,1880.5913041103875,1881.7037423183615,2630920,20.02823430981948,22.256557114895497,0.0,0
TITAN.NS,2026-05-28,1896.639336214721,1913.0643137700865,1883.8718712030395,1888.7147788402424,1525059,16.612751639815393,20.74563045863325,0.0,0
TITAN.NS,2026-05-29,1889.8459637273822,1901.2729656053466,1886.0342847589516,1897.6615926294576,2749446,16.871195359745283,20.730463372078315,0.0,0
TITAN.NS,2026-06-01,1933.7682675298427,1949.4786985398455,1924.3134508435373,1925.1130735326972,3200346,19.880848580057787,20.300574956227887,0.0,0
TITAN.NS,2026-06-02,1934.4634435611508,1945.260859806463,1920.6042454730982,1937.971516517099,4436667,18.921944520890534,20.135487981235492,0.0,0
TITAN.NS,2026-06-03,1944.4823689063148,1958.4701158474486,1926.492282576612,1935.655892143289,3336999,15.804397918606394,19.327054149435835,-0.11948701795017058,0
TITAN.NS,2026-06-04,1915.4492451419987,1924.3117642213372,1911.318812372406,1918.044367639071,4219849,14.921897285328466,19.67095137406256,-1.0282477687722058,0
TITAN.NS,2026-06-05,1909.0561548750088,1936.7820089014078,1902.08970638171,1908.992722920544,1920476,14.40838163565974,19.81119160062894,-1.4953157644254311,0
TITAN.NS,2026-06-08,1932.7812189264573,1945.5222552240782,1912.4118030126815,1916.7837677954087,3517306,14.440127319600293,19.810416474212424,-1.0932951563585758,0
TITAN.NS,2026-06-09,1893.3489882698273,1922.9929847150356,1892.8747076710779,1902.3971449507096,4103016,14.997521901664456,19.500499337395173,-1.835649867048783,0
TITAN.NS,2026-06-10,1928.9692440222045,1948.7508795297745,1910.6534286575952,1925.9208284092574,3016486,17.27822624384865,19.275671800340653,-0.6218196709876778,0
TITAN.NS,2026-06-11,1946.8791501857158,1964.665005451053,1936.7718541896686,1937.7040677788475,2828979,15.391035055084433,18.578977937202588,-0.013800447321954401,0
TITAN.NS,2026-06-12,1967.4272204976728,1995.8987391792618,1963.01401925515,1966.322536663558,3576350,17.171124818716876,18.71940346548725,0.0,0
TITAN.NS,2026-06-15,1954.2686801740224,1958.3101987214386,1952.630186181709,1953.1396787873484,1402382,17.45089420902555,18.572863667677165,-0.6704321203874319,0
TITAN.NS,2026-06-16,1948.4470191366267,1952.747189264261,1928.4002721977179,1935.574713623795,4086386,16.91790424448549,18.826901891263994,-1.5637222513828042,0
TITAN.NS,2026-06-17,1971.6742841530906,1974.904665709737,1954.9194827107103,1963.9856693744193,2076009,17.006655506771896,18.858808088740474,-0.11884455604642685,0
TITAN.NS,2026-06-18,1968.2614991842686,1984.1943821085652,1960.2647461517795,1968.8985904602014,2201333,20.00111422588635,16.94760808428296,0.0,0
TITAN.NS,2026-06-19,1966.5827476358993,1967.7869689797003,1958.325994263157,1965.9646172756793,1897478,19.3445900891287,17.0823449231483,-0.14901596246439386,0
TITAN.NS,2026-06-22,1964.1430176630088,1995.3471721286094,1951.3802287774588,1984.378733854067,2512007,16.84547374657539,15.401472119587071,0.0,0
TITAN.NS,2026-06-23,1984.5871598520662,2014.358794472365,1980.415499405468,2002.0711307724587,3248155,14.940771353847282,14.19328104195318,0.0,0
TITAN.NS,2026-06-24,1976.3763941587167,2000.8063292549186,1962.3121469447829,1973.9803366816916,2638618,12.445579381339877,15.154338973132141,-1.4030867165008676,0
TITAN.NS,2026-06-25,2002.9221532063086,2012.2115676532444,1999.9634401746598,2008.9388670236638,3805150,12.537645904341632,15.217787639948499,0.0,0
TITAN.NS,2026-06-26,1989.100036319929,2001.0533520492459,1980.608046974386,2000.9472771903017,2260733,10.242336002101894,14.888920591526212,-0.3978015441157723,0
TITAN.NS,2026-06-29,2042.5279449628301,2049.8267144491797,2042.3905785105217,2044.1046264227696,3539358,12.684450361623224,15.74693855882473,0.0,0
TITAN.NS,2026-06-30,2014.3064249347533,2018.0755452388062,1999.375895401717,2013.5437095015807,3197734,9.671696830662246,16.477487002535657,-1.4950759626561339,0
TITAN.NS,2026-07-01,2023.93521312787,2035.9917793386514,2016.0607486778524,2023.1261829529608,4014338,7.752520321653189,15.417417434632801,-1.026290102699956,0
TITAN.NS,2026-07-02,2015.1860957195795,2029.3421996733898,2005.9466864377473,2020.521023404479,1657070,9.155646331105437,14.641159147884949,-1.1537375686861195,0
TITAN.NS,2026-07-03,1990.881455061431,1996.2435205385332,1964.872766143331,1975.0456834485735,2098579,5.863675374361388,16.30832314264425,-3.3784446295711756,0
TITAN.NS,2026-07-06,1989.4851445875083,2000.8889160448114,1972.3189931361699,1992.5773653556323,2001009,6.241305661199181,16.40494283433264,-2.520774152217009,0
TITAN.NS,2026-07-07,1936.9362995438994,1955.3826156124005,1935.6903866184089,1948.9302833653073,2821644,3.68814175440606,17.815606196391244,-4.656040685354723,0
TITAN.NS,2026-07-08,1948.2969359627177,1949.895065147026,1943.3992619244864,1943.945326899649,1875483,3.3077249718705737,17.850131638814,-4.899910612618774,0
TITAN.NS,2026-07-09,1958.5709133023347,1980.0133478765306,1945.828079506438,1971.7270264595911,3215364,4.395171179330859,18.241173091487966,-3.540797228654624,0
TITAN.NS,2026-07-10,1946.9566424012037,1966.3277021086435,1944.9348269308337,1961.0662387392429,2968275,3.3411987867620674,18.32143236137717,-4.062335489590174,0
TITAN.NS,2026-07-13,1944.8347935638924,1948.645193942682,1933.9595006164307,1941.7360603810666,3995584,0.8634810638870727,18.14182333174767,-5.007990526436523,0
TITAN.NS,2026-07-14,1959.8044752727506,1979.02519455958,1955.9813602417855,1962.316496969963,2986984,1.2562094048016004,18.295574575612907,-4.001171387980151,0
TITAN.NS,2026-07-15,1957.200696002335,1961.0042799019018,1952.2703329267408,1958.2875248011824,3076907,1.1691971052165684,18.304093380462522,-4.198273440228406,0
TITAN.NS,2026-07-16,1962.5667500187499,1974.9173999080163,1938.2665059807614,1950.6225883434286,1926455,1.6985123625924414,18.12988227456448,-4.573251137488821,0
TITAN.NS,2026-07-17,1973.1984118746864,1985.1472539709941,1964.073498771799,1982.5570322318729,2584691,3.853566775193551,18.613693074857153,-3.010980621799497,0
TITAN.NS,2026-07-20,1951.3565394005477,1973.1816940824604,1943.3261998871958,1956.8167223070534,3846389,2.088548285114533,19.04637108532683,-4.270226826327972,0
TITAN.NS,2026-07-21,1944.4425280598787,1953.9597314830978,1933.3721485827778,1947.8820987250915,2789819,2.3909284081458315,18.954362103163945,-4.707319109495378,0
TITAN.NS,2026-07-22,1965.275736948413,1980.8839813630896,1959.246721354293,1970.0895090489491,3700066,2.2933798725347065,18.905473422505427,-3.620906504347998,0
TITAN.NS,2026-07-23,1931.2695376236356,1950.336172756979,1923.0629697351953,1943.0026690073516,2831759,0.273447391508963,19.294946935897077,-4.946026544264948,0
TITAN.NS,2026-07-24,1985.543124363834,1989.3366419054976,1982.1224986154728,1986.705311851223,2644515,1.0365936822475996,19.922616774478243,-2.808041908891745,0
TITAN.NS,2026-07-27,1978.8702326873192,1999.1095623206963,1978.5728166117995,1983.4036999041743,2899241,1.5495062358067413,19.819263369508107,-2.9695606444971046,0
TITAN.NS,2026-07-28,2001.037369976386,2011.1211338175676,1993.3393246854819,2006.2106064927345,3612275,3.6493498479681197,19.84829154699744,-1.8538199777156428,0
TITAN.NS,2026-07-29,2023.1119195052195,2056.577700593339,2022.4041373916305,2029.228819443512,2776487,3.3219768904868996,19.681206875497338,-0.7277419554247877,0
TITAN.NS,2026-07-30,2022.6760382196085,2038.5152874882408,1989.5018906130745,2027.4266086908592,4260995,2.9726273620307664,19.685711684985773,-0.8159082229121206,0
TITAN.NS,2026-07-31,2026.2117868423766,2033.8472003902775,2012.2424111361152,2017.6996948606518,3403509,2.631536556169767,19.74606337763831,-1.2917602759075497,0
TITAN.NS,2026-08-03,2022.8432414511149,2030.5367032399174,1998.97278065681,2018.5540886181832,4690954,1.722219361711308,19.58392138852588,-1.2499623294381146,0
TITAN.NS,2026-08-04,2045.5972574791758,2047.522406226213,2035.6545123261274,2037.803685029958,3497053,1.7847794570471809,19.607510060777695,-0.3082494560876947,0
TITAN.NS,2026-08-05,2021.6910359373182,2046.9989687946527,2011.4723941558439,2015.7159436136876,2636136,2.1142868627635147,19.420578478976353,-1.388807717673568,0
TITAN.NS,2026-08-06,1987.4021299644255,1997.8835056764703,1966.0564747810226,1988.6863015402525,1920686,-1.008122537517353,19.154363325693442,-2.7111295657845202,0
TITAN.NS,2026-08-07,2020.7989091900615,2028.2011763094551,2010.7095579995776,2026.3246562974236,4305058,1.2682682545617219,19.90441480575994,-0.8698170287135154,0
TITAN.NS,2026-08-10,2008.1185488264891,2020.439018334916,1999.562006154773,2010.4213191796257,3433335,-1.647826965789434,19.003791048346315,-1.647826965789434,0
TITAN.NS,2026-08-11,2020.6820931181887,2025.7228011338548,2007.765093021976,2020.8783684225245,2094725,0.36426618832920976,18.56318296510111,-1.136255830548727,0
TITAN.NS,2026-08-12,2020.6759845209365,2021.3358060782004,2012.8438637675658,2017.8745142569426,3531846,-0.2595818659394178,18.51772220659718,-1.2832079056408374,0
TITAN.NS,2026-08-13,2014.3307486470012,2026.9929782735949,2011.109857117586,2015.9474511485032,3656503,-0.2263560835546019,18.515995402650063,-1.377482097065752,0
TITAN.NS,2026-08-14,2044.3715639380812,2055.3533268584465,2043.6916990435875,2052.7757366187793,2391352,3.935607860699375,17.974381410701813,0.0,0
TITAN.NS,2026-08-17,2050.1966219624273,2071.96143480824,2048.8479182282713,2052.60516682169,1908213,3.012570679048343,17.83537858149387,-0.008309227064917657,0
TITAN.NS,2026-08-18,2054.5305818911565,2055.6643428260427,2038.736064297979,2045.7548075195707,3928447,4.968085568821468,16.52224332031878,-0.3420212434297909,0
TITAN.NS,2026-08-19,2032.6355078321703,2050.2161614766933,2010.3263575251965,2041.0597684845884,4047605,4.995739347249284,16.516575407185485,-0.5707378514463901,0
TITAN.NS,2026-08-20,2045.8843519609202,2066.4282303500354,2020.7322550449167,2030.6716508571817,3055850,2.9894921359084226,16.182257485808744,-1.076790092911284,0
TITAN.NS,2026-08-21,2012.141424026227,2016.6794444153934,2010.7216818868537,2016.300601621039,3326041,2.8165475388177708,16.24711781635148,-1.776868965619216,0
TITAN.NS,2026-08-24,1998.4237615711481,2008.45407556003,1985.0407881938506,2006.1350678769109,2670513,3.3165685496516994,16.02654724917989,-2.2720781383889666,0
TITAN.NS,2026-08-25,2034.2683620627713,2053.471597676645,2027.2777503947273,2048.499297560538,3754863,4.391890947441479,16.835672883592974,-0.2083247079530226,0
TITAN.NS,2026-08-26,2067.5145950545348,2069.524819150636,2067.236075674896,2068.0047955094915,1296712,5.602715092588273,16.957918600979486,0.0,0
TITAN.NS,2026-08-27,2044.9247529472789,2065.332213389708,2041.5069476572949,2061.390698733634,2812107,5.678602875417105,16.937946600200004,-0.3198298567885005,0
TITAN.NS,2026-08-28,2080.560713459788,2090.7868823517524,2076.4775855873454,2087.7765617631767,3623202,5.3072636913174875,16.702747197870423,0.0,0
TITAN.NS,2026-08-31,2056.242253990308,2063.069980004586,2049.698424158863,2050.3125861149797,3220959,4.777957114843967,17.13991815481592,-1.7944437318789364,0
TITAN.NS,2026-09-01,2089.9423334367,2110.6653416972977,2086.046060805331,2086.398423847328,3934995,7.1111247037434655,17.642149183342383,-0.06600983750314482,0
TITAN.NS,2026-09-02,2111.226396064771,2129.184160984979,2084.171142745447,2121.068860430781,3121045,7.663578263239246,17.936971993110205,0.0,0
TITAN.NS,2026-09-03,2186.45570022309,2219.979118259912,2178.3435030124833,2180.807200609796,3483368,12.239022385076526,18.72830735361922,0.0,0
TITAN.NS,2026-09-04,2214.350635499447,2230.2389704861534,2199.264801741774,2209.5141187178347,3007443,11.214990242261802,18.109485045697895,0.0,0
TITAN.NS,2026-09-07,2228.4800137756897,2230.1628445416613,2218.141189286036,2223.2239777511772,3887388,12.091349726663791,18.05385006872358,0.0,0
TITAN.NS,2026-09-08,2258.2147836190343,2263.9117534012635,2241.2813067566353,2260.0591912934374,2893415,12.653137411354919,18.29803097955438,0.0,0
TITAN.NS,2026-09-09,2235.1503082744803,2254.3648705818873,2215.907305472342,2245.2575251110225,4031026,10.645852434066704,18.4073205236477,-0.6549238285190162,0
TITAN.NS,2026-09-10,2243.1251077342026,2274.6745401343733,2228.1950647595454,2236.72817460841,2532319,10.323508876738074,18.485988923247767,-1.0323188337237776,0
TITAN.NS,2026-09-11,2237.5054701749095,2260.170480987899,2222.600265281574,2237.1039691451183,4793761,10.873980644558667,18.351445475003274,-1.0156911923701273,0
TITAN.NS,2026-09-14,2272.810539838746,2286.7658462823947,2261.2845987679643,2276.2916997162283,3739443,12.768427289183082,18.765597751034203,0.0,0
TITAN.NS,2026-09-15,2261.011952615291,2271.450440660012,2248.3561544811437,2255.1490439951203,2173153,10.665667186776485,19.080509191923948,-0.9288201386379313,0
TITAN.NS,2026-09-16,2224.241994016064,2232.6278926468212,2213.299209181276,2231.357756987337,3842198,10.698025882905714,19.06185818945501,-1.9739975651843378,0
TITAN.NS,2026-09-17,2234.622483956259,2242.7650782887217,2222.8210187328486,2239.802408077232,3830087,12.627235695367744,18.378511881904476,-1.6030147473430234,0
TITAN.NS,2026-09-18,2255.268168863101,2276.7879360304073,2240.8090548535215,2261.2934029937137,2643247,11.595809485220098,17.914694597181665,-0.6588916844174397,0
TITAN.NS,2026-09-21,2244.6679046714976,2251.0478206866387,2237.0526429902097,2244.401558771072,2844422,11.638368403640097,17.89377709321561,-1.40096899484069,0
TITAN.NS,2026-09-22,2260.8741959150107,2265.2834757827736,2239.411051162257,2264.655996269168,2939321,12.062953993462443,17.955153007245148,-0.5111692604471862,0
TITAN.NS,2026-09-23,2310.300664277628,2312.2143470361707,2291.1555392468945,2304.3130269765397,2698161,14.195060728296793,18.303972572984726,0.0,0
TITAN.NS,2026-09-24,2335.645313251912,2355.6309563017676,2329.959256157815,2339.9441717537056,4572714,16.07168482594219,18.49641087717158,0.0,0
TITAN.NS,2026-09-25,2354.6852933132823,2362.9578144095367,2337.8936432383457,2352.0928789648783,1721175,14.58109315141838,18.06738269123634,0.0,0
TITAN.NS,2026-09-28,2343.9327410328424,2362.4568079267215,2337.9271385042634,2351.7442341886863,2233462,14.573629268905686,18.06886261202212,-0.01482274698035857,0
TITAN.NS,2026-09-29,2395.340027767199,2412.8605888096276,2394.1721115837527,2403.494447829861,2498236,17.486926536618586,18.586010752896396,0.0,0
TITAN.NS,2026-09-30,2403.2287983394317,2438.043706752464,2385.64259856913,2406.196970982265,4174900,17.88958893490795,18.488319801706698,0.0,0
TITAN.NS,2026-10-01,2418.717837771289,2437.99717832197,2409.3604603969884,2435.7888588525548,3435072,19.949912031537266,18.30337555683642,0.0,0
TITAN.NS,2026-10-02,2506.6300721892353,2511.5394507591727,2482.9823870616146,2496.048753637009,2471189,23.79348355251536,18.626058280399167,0.0,0
WIPRO.NS,2025-10-06,1548.5267230956194,1570.314894584764,1536.7901848740612,1560.0207168177374,4016138,,,0.0,0
WIPRO.NS,2025-10-07,1528.1536346165585,1538.6835171163716,1528.092594659743,1532.954600438405,2005056,,,-1.7349844196008046,0
WIPRO.NS,2025-10-08,1531.9594592315236,1551.5414877688916,1518.82433784924,1529.6310867340283,3159052,,,-1.9480273406689452,0
WIPRO.NS,2025-10-09,1505.2278775663012,1524.5323033077816,1504.8099109591642,1512.740973580658,3905656,,,-3.0307125237108767,0
WIPRO.NS,2025-10-10,1500.7017230534539,1500.8091412113026,1489.5958631451888,1498.556290059642,3743316,,,-3.9399750333749317,0
WIPRO.NS,2025-10-13,1480.7456959476037,1499.266696403256,1470.7898228247234,1478.136757024867,2682077,,,-5.248902076115003,0
WIPRO.NS,2025-10-14,1468.817451286814,1472.5377130547774,1456.8817985566607,1467.1189877468407,4057495,,,-5.955159958414235,0
WIPRO.NS,2025-10-15,1482.0986024081853,1493.8756187534575,1465.6131726496287,1483.0594784136013,2088360,,,-4.933347203306903,0
WIPRO.NS,2025-10-16,1444.7143023740139,1461.2131574325174,1431.5427945002814,1448.1422081697074,3768128,,,-7.171604033326506,0
WIPRO.NS,2025-10-17,1475.9751336677064,1482.239698192894,1455.3928682881078,1468.746557227992,2194777,,,-5.8508299669208235,0
WIPRO.NS,2025-10-20,1474.4657449830622,1496.5011111332649,1469.9897360704024,1486.5653077436123,3133362,,,-4.708617538359727,0
WIPRO.NS,2025-10-21,1494.9860179756506,1501.1720006693067,1489.0757782525877,1494.1764298489545,2463648,,,-4.22073157484073,0
WIPRO.NS,2025-10-22,1495.0020236169712,1504.9585778057992,1485.1769919765284,1494.9419586391728,3016667,,,-4.171659868166222,0
WIPRO.NS,2025-10-23,1502.479641722608,1513.4434765498786,1496.8428516343126,1498.4110062217114,3457866,,,-3.9492879762329514,0
WIPRO.NS,2025-10-24,1510.250090004678,1533.3708276638931,1498.9284284610296,1522.6988677731492,3168720,,,-2.392394449781432,0
WIPRO.NS,2025-10-27,1500.2900334279936,1508.8858222617794,1476.3211051706949,1489.6379132503926,2857571,,,-4.5116582625208785,0
WIPRO.NS,2025-10-28,1508.5973446288435,1515.9904523490552,1497.9494014256368,1501.190890568988,2689694,,,-3.771092628100192,0
WIPRO.NS,2025-10-29,1489.7083782595578,1503.4463923081423,1480.7357403957653,1486.3193387430076,2501760,,,-4.724384572601837,0
WIPRO.NS,2025-10-30,1499.549316563146,1501.6406465007346,1494.15303682577,1499.6173212377116,2983167,,,-3.871961117493472,0
WIPRO.NS,2025-10-31,1495.6937101497842,1504.5730070997452,1480.0288172771916,1487.1252842321533,4092238,,,-4.672722086299109,0
WIPRO.NS,2025-11-03,1500.2058480616877,1501.7350079995886,1490.6664062819477,1498.2915932341423,2167081,,,-3.956942553270404,0
WIPRO.NS,2025-11-04,1461.1281308968096,1469.4548761504072,1455.812822877274,1469.2350068931223,4658974,,,-5.819519506754212,0
WIPRO.NS,2025-11-05,1433.855788444061,1438.600261803092,1432.204292219707,1438.252946602862,3985019,,,-7.805522638395956,0
WIPRO.NS,2025-11-06,1429.15645379209,1448.743270155097,1417.1992607677366,1434.864695785434,3064415,,,-8.022715319294438,0
WIPRO.NS,2025-11-07,1463.0580749622152,1470.5784618246,1449.3219902000778,1458.3345728986046,2697709,,,-6.518255996405021,0
WIPRO.NS,2025-11-10,1462.4740311389783,1483.842545964661,1453.743926058514,1466.280113999217,3049720,,,-6.008933202485944,0
WIPRO.NS,2025-11-11,1470.006274469148,1484.233205405048,1469.5615544156722,1474.1421054108043,4074353,,,-5.504966086739893,0
WIPRO.NS,2025-11-12,1487.6126685484205,1498.0595094378275,1476.2554178032672,1487.9460627377705,2380706,,,-4.6201087782340995,0
WIPRO.NS,2025-11-13,1488.1461975651391,1490.4956851379186,1478.476496214559,1479.3919152988303,4248714,,,-5.168444280879836,0
WIPRO.NS,2025-11-14,1480.7335863585379,1498.1621925509594,1477.8324031527804,1488.7819260565414,2888025,,,-4.56652850780821,0
WIPRO.NS,2025-11-17,1492.5904994125615,1500.5435707651982,1465.4232529276069,1476.9813482663847,2251332,-5.322965756553765,19.088207649463534,-5.322965756553765,1
WIPRO.NS,2025-11-18,1471.3178008360053,1475.6614467012068,1463.716593924494,1469.952902257213,3016828,-4.109821527863522,18.534927905337756,-5.773501184282493,0
WIPRO.NS,2025-11-19,1476.5392818945036,1476.850847764216,1462.3175416144063,1465.1393122258048,4511190,-4.216165261515581,18.542040114433625,-6.082060550162415,0
WIPRO.NS,2025-11-20,1450.06177032891,1460.7823637313065,1445.9753619813798,1454.1218280428977,2577671,-3.875028611078646,18.409997080750447,-6.7883001573761925,0
WIPRO.NS,2025-11-21,1440.9419205851525,1452.7166340140263,1439.0663216848316,1451.5148307433394,2851313,-3.1391186055767184,18.24964546991785,-6.955413149623901,0
WIPRO.NS,2025-11-24,1447.0696538575637,1449.3106626765357,1434.2225593463245,1445.6386402066623,3230911,-2.1985866100519336,17.88115596695483,-7.332087027946743,0
WIPRO.NS,2025-11-25,1435.1780683095612,1448.9308182795812,1419.4080499871177,1431.9789581311375,2011362,-2.3951724372179517,17.956030919311267,-8.207696045716006,0
WIPRO.NS,2025-11-26,1421.6312357159002,1429.8639743102258,1417.0703686998377,1428.1334594810985,3622137,-3.7035614371485615,17.620994456395987,-8.454199095873138,0
WIPRO.NS,2025-11-27,1432.5715725237364,1437.0386431108727,1428.4330815457681,1429.3641232542661,2746663,-1.2967017195897323,16.30179746116412,-8.375311440093924,0
WIPRO.NS,2025-11-28,1410.1925606174375,1410.7717830500442,1404.94115565646,1409.2102901055252,2722225,-4.053542582243141,16.1622605886801,-9.667206665040196,0
WIPRO.NS,2025-12-01,1404.3867242079652,1421.916384391387,1401.8794093329461,1414.869231851861,1154655,-4.822934822861924,15.740583378002867,-9.304458806288718,0
WIPRO.NS,2025-12-02,1409.5615989483715,1410.010074724077,1397.2057158226044,1405.103709205998,2179659,-5.9613255077220595,15.680207965488824,-9.930445534579324,1
WIPRO.NS,2025-12-03,1403.1658983869156,1414.903477639444,1396.4543762860146,1407.03932099896,4360507,-5.880003376199938,15.694250232978217,-9.806369503274404,1
WIPRO.NS,2025-12-04,1396.523208685755,1413.583222657959,1392.5644459319396,1394.45313745672,3463412,-6.9378740768278435,15.766068169950763,-10.613165426338444,2
WIPRO.NS,2025-12-05,1405.7590292827529,1412.1510287552285,1405.070093454207,1410.7287739115286,3496073,-7.353397065656841,15.351427634453238,-9.569869252169106,1
WIPRO.NS,2025-12-08,1425.2967406635858,1428.58398204016,1422.598415535021,1425.5789116603607,2757713,-4.300306874591753,14.67353424413472,-8.617949986691354,0
WIPRO.NS,2025-12-09,1404.0478722748549,1411.9749651050006,1394.930235124439,1406.3300143566803,2758054,-6.319041556157656,14.810926373028293,-9.851837273967002,1
WIPRO.NS,2025-12-10,1415.6607235860163,1416.99049731726,1404.7867658958314,1413.8007414433548,1409529,-4.879072444888077,14.773423298513533,-9.372950871617558,0
WIPRO.NS,2025-12-11,1438.8529133995503,1449.6867031709123,1433.742418578147,1437.1113078353894,2882762,-4.168130930278446,15.391058228544555,-7.878703638825324,0
WIPRO.NS,2025-12-12,1411.0358564728467,1422.3051097822142,1409.1378849574028,1419.4295743888265,2815023,-4.552118813465,15.588956686318609,-9.012133038572756,0
WIPRO.NS,2025-12-15,1402.711915379527,1404.658752313336,1392.795694271789,1403.2988624033248,2748538,-6.3400696673316155,15.600328915265285,-10.04613930602839,2
WIPRO.NS,2025-12-16,1420.0450739155435,1420.3641603491112,1403.3186379904869,1414.3140924274996,2811886,-3.738061930729497,14.96656043198282,-9.340044194250352,0
WIPRO.NS,2025-12-17,1387.200713150727,1400.0684971078815,1386.9192599400653,1390.907895605642,2365461,-3.291844533261601,14.493607816106419,-10.840421501393017,1
WIPRO.NS,2025-12-18,1384.3447695787524,1391.5811207310132,1370.911670294124,1376.6110329947287,3464866,-4.0598714960240585,14.734364529223004,-11.756874882863311,1
WIPRO.NS,2025-12-19,1365.033324557973,1371.0207323347297,1349.959401401795,1358.5893074903443,2935827,-6.839669528646319,14.1202267290443,-12.912098355866064,2
WIPRO.NS,2025-12-22,1369.0955347441832,1385.9878615795083,1355.210698652084,1369.4577570794113,3571361,-6.603264682880194,14.26087456288736,-12.215412121388525,2
WIPRO.NS,2025-12-23,1362.7715489415773,1369.7914521926327,1346.948574482457,1356.765924771796,2968278,-7.962338244608958,14.21387412996925,-13.02898031127161,2
WIPRO.NS,2025-12-24,1358.8734907500805,1364.7465896327571,1350.2708263018326,1350.7862025185382,4207006,-9.21806667957189,13.749025065899275,-13.41229074995962,2
WIPRO.NS,2025-12-25,1339.345667199233,1345.4175610878442,1334.3647709613297,1337.3700938901113,3432929,-9.600013352785641,13.869808127081626,-14.272286292569735,2
WIPRO.NS,2025-12-26,1357.8914257695997,1368.4803234817748,1342.9499354938716,1354.5718082445383,2639127,-9.014760017103141,14.383498419309127,-13.169626938819846,2
WIPRO.NS,2025-12-29,1341.2365019219176,1351.4648432568617,1338.2747023181398,1339.3319125512116,1952883,-9.31964617405222,14.512036445185519,-14.146530356129205,2
WIPRO.NS,2025-12-30,1310.7987274074073,1322.2075281450727,1307.195244677702,1315.5803261507576,2403017,-10.501872261989199,15.107002068272358,-15.669047726853913,3
WIPRO.NS,2025-12-31,1296.9592839387735,1299.1134613305449,1281.8689818251278,1291.642335997485,2095765,-11.84167094422901,15.68297197303827,-17.203513897412424,3
WIPRO.NS,2026-01-01,1299.2956720021489,1301.94862711042,1292.9759373498143,1301.1345539005506,3914901,-10.520939249516159,15.993936237654616,-16.595046471259987,3
WIPRO.NS,2026-01-02,1309.0079667689592,1319.651888944504,1295.7983001337811,1311.8326956656451,3697064,-9.623197236376924,16.354292441649594,-15.909277260007626,2
WIPRO.NS,2026-01-05,1323.1659128357974,1333.8670267696305,1314.2013060953493,1330.301998808711,3709784,-7.978248380346509,17.110150833472954,-14.72536329374049,2
WIPRO.NS,2026-01-06,1300.4289438242797,1312.5243513587125,1294.8350203344296,1309.0117564475515,3550635,-8.587221270630208,17.43681005445466,-16.09010429567982,2
WIPRO.NS,2026-01-07,1305.5170944011877,1322.7625098188971,1294.7036582976948,1304.077751487064,4101008,-8.68656267174842,17.43831864260244,-16.406382464764157,2
WIPRO.NS,2026-01-08,1342.1550786059368,1343.995800837945,1337.2281381968855,1341.2765968865442,4168354,-6.162707244055565,19.666713172034008,-14.02187275931861,2
WIPRO.NS,2026-01-09,1336.4193690666368,1337.952306059856,1332.0251659384144,1335.0813282175168,2991112,-5.260319372381073,19.35111109025091,-14.41900009245204,2
WIPRO.NS,2026-01-12,1324.7588846310666,1338.7949119761756,1320.601811986918,1324.7575626518067,3937164,-6.368904430984845,19.34766784758713,-15.080771148080673,2
WIPRO.NS,2026-01-13,1328.4976317035623,1336.077971191965,1322.6766580851527,1323.0974214130688,3116540,-5.836315658099689,19.295531301611877,-15.187189045025296,2
WIPRO.NS,2026-01-14,1336.5442759917826,1343.4998204864764,1318.3420850735504,1330.2050365185316,2461826,-5.4607062740704375,19.389552518451033,-14.73157874262101,2
WIPRO.NS,2026-01-15,1333.451292768885,1339.7506013721722,1325.9063640901688,1337.0825735020678,1942835,-4.114198061850094,19.369009554093854,-14.290716841917185,1
WIPRO.NS,2026-01-16,1328.4167779817687,1331.6093651683407,1323.9723833627775,1325.9312550006046,3282996,-6.010901633189625,19.06797455108007,-15.005535458185992,2
WIPRO.NS,2026-01-19,1307.635748043425,1319.1254280539197,1305.333249074533,1315.3368437298982,3038804,-7.733143849754653,18.764176674052848,-15.684655367075262,2
WIPRO.NS,2026-01-20,1301.7080227632061,1316.642244758717,1298.299017746145,1309.3534054781132,3846628,-6.895722048777331,18.49004509683611,-16.068204007633735,2
WIPRO.NS,2026-01-21,1297.9907470791293,1305.946647898567,1295.6800597382298,1296.6325489205208,3000791,-8.287461527514584,18.46443854270824,-16.883632701653994,2
WIPRO.NS,2026-01-22,1278.8303590883565,1280.1900945248774,1271.4985543709458,1276.2825116266583,1808171,-11.191116187859883,17.887871407563953,-18.188104948367112,3
WIPRO.NS,2026-01-23,1299.8522629544143,1309.5056861011567,1290.0201221310315,1302.9685320076103,2381474,-8.204777784157525,19.08019987006469,-16.477485333302745,2
WIPRO.NS,2026-01-26,1286.3401694667514,1302.5247340123674,1285.8053195074276,1295.323170804101,1922362,-7.69441880785836,18.93123493443509,-16.967566081660046,2
WIPRO.NS,2026-01-27,1272.5646089320348,1296.0475466107227,1269.029837774678,1288.5988475600625,2078679,-8.888778351325211,18.681577417593008,-17.398606719232824,2
WIPRO.NS,2026-01-28,1285.937972143975,1292.2074430767707,1282.2933755526703,1282.388800243492,4898791,-7.802033168766909,18.248323112438854,-17.7966813889871,2
WIPRO.NS,2026-01-29,1280.4689376656256,1281.3564438536987,1279.1539869548121,1279.8675980208634,3535211,-7.027652158460929,18.104440852949082,-17.958294769851136,2
WIPRO.NS,2026-01-30,1288.0763220093306,1295.8322505740534,1282.1033225364604,1285.2739875061789,2466136,-5.396429927716506,17.90732746910593,-17.61173594361043,2
WIPRO.NS,2026-02-02,1275.395805837024,1290.8331749860135,1270.6708659638775,1276.8393653846329,2936189,-6.763143384013692,17.71210849013197,-18.15240966868452,2
WIPRO.NS,2026-02-03,1299.5576851551598,1301.0272608903715,1280.4111878088722,1293.1203655217025,4331171,-4.6909756567477645,18.101711082248865,-17.108769673295164,1
WIPRO.NS,2026-02-04,1300.312147750423,1318.7383787714746,1287.8320673758478,1301.1261267364525,3902148,-3.6763831085551923,18.21596964309147,-16.595586666912986,1
WIPRO.NS,2026-02-05,1288.6353389401195,1307.3475033664383,1288.0086942172688,1296.8490598523776,3571115,-3.029904304190545,18.039633562539315,-16.86975398007532,1
WIPRO.NS,2026-02-06,1283.9138625703245,1289.269966127536,1281.4751924498444,1285.2340880077563,2969175,-5.118792508064995,17.69159654496695,-17.61429356980041,2
WIPRO.NS,2026-02-09,1295.2287136988807,1303.5704690519349,1281.1079429911135,1300.772286401865,3745201,-2.8790194415585058,17.88777311862538,-15.146065902417394,1
WIPRO.NS,2026-02-10,1297.9673746162077,1301.5824461536467,1276.5814976053327,1296.9454073767256,2099413,-1.4164789791707877,17.178691742028533,-15.211882222799122,1
WIPRO.NS,2026-02-11,1273.8857166264054,1281.6276669158517,1266.6795163106597,1276.4680942605846,5038403,-1.1748021347706805,16.975219591729513,-16.170680803924252,1
WIPRO.NS,2026-02-12,1289.5510004241585,1298.7800092427026,1288.1052857962713,1290.9106527198462,2239242,-0.7857681705596975,17.169079347744965,-15.222196585217052,1
WIPRO.NS,2026-02-13,1272.3702532374148,1286.1814076622538,1268.4520607175984,1278.4266280062866,3412915,-2.546518909746165,17.18893563724111,-16.04205827801628,1
WIPRO.NS,2026-02-16,1297.117266363746,1300.9048902035752,1282.2614285563275,1290.5265314190299,3566914,-2.9899577257870846,16.891225847937474,-15.247422932260847,1
WIPRO.NS,2026-02-17,1245.2802338066006,1254.5053835535755,1244.9386426193835,1250.9174619425055,2882255,-4.438026948108142,18.489090841371205,-17.848664078151366,1
WIPRO.NS,2026-02-18,1235.2346396452417,1251.371695146443,1235.067818839363,1244.1486319111104,2511450,-4.595517369084423,18.513121890181488,-18.29319255155163,1
WIPRO.NS,2026-02-19,1266.0023351489547,1275.858055209815,1251.852233912164,1260.324533559267,3047803,-6.035448878716609,16.7919894904044,-17.230874716390133,2
WIPRO.NS,2026-02-20,1267.111501410603,1268.131915718972,1256.0653845830818,1259.140049523336,3688176,-5.688138773955509,16.776332021280147,-17.308663178770946,2
WIPRO.NS,2026-02-23,1265.5507040287575,1276.6009931105943,1261.0346127023265,1266.9402932553444,2620329,-4.364366056588331,16.84077665128811,-16.796398810740275,1
WIPRO.NS,2026-02-24,1256.004201488096,1256.7619015228556,1251.2325726722913,1252.0469495110417,1472534,-5.3700106093582445,17.104110316661995,-17.77448739145113,2
WIPRO.NS,2026-02-25,1254.2474427898003,1262.534529525894,1248.3496453439177,1256.0230238952497,3560534,-5.576735208989603,17.035996073297586,-17.513367187820673,2
WIPRO.NS,2026-02-26,1256.1669435559716,1257.6721966531027,1244.599384535734,1254.821825645274,2728124,-6.152256374214615,16.908512039631564,-17.592253320555006,2
WIPRO.NS,2026-02-27,1255.8725525434058,1258.8237849331406,1255.265778412898,1257.2311015586922,3613566,-5.181275664391894,16.83867594986903,-16.251083759096684,2
WIPRO.NS,2026-03-02,1279.5054695775511,1293.7901914561994,1278.982678476983,1287.086694366799,3443227,-2.1477501750038597,18.263378782635513,-14.262289862486321,1
WIPRO.NS,2026-03-03,1318.5813874286403,1322.6293827185173,1296.4883952693742,1306.085542433538,3155039,-0.24957838203979454,18.756855633727934,-12.905411004751654,1
WIPRO.NS,2026-03-04,1319.0928812949912,1325.9912832650211,1312.9823124035681,1317.237332078947,2335914,1.5890996393373102,18.68254224975907,-12.161768644298999,1
WIPRO.NS,2026-03-05,1320.538287307289,1339.58744672662,1317.242523071503,1328.6856326988477,2906732,4.105918603037195,18.164869711657598,-11.31995676283487,1
WIPRO.NS,2026-03-06,1323.7983033183943,1337.2421368478308,1310.310413854316,1312.9526101421366,2419251,0.766256274749999,17.579793809262718,-12.370020891056432,1
WIPRO.NS,2026-03-09,1305.4045429011446,1309.7377226339881,1296.1395029820865,1304.2418544654472,3823352,0.6885296165751287,17.604611900448102,-12.395372912666968,1
WIPRO.NS,2026-03-10,1278.613892704818,1290.2380129025653,1272.782579669298,1279.192604741148,4114047,-0.7299589656412531,18.43278400319518,-14.077906081957202,1
WIPRO.NS,2026-03-11,1258.3730770839352,1265.777793106069,1252.5725075752518,1258.5902453858544,2304272,-1.8557987135507492,18.962336488022515,-15.461746051714542,1
WIPRO.NS,2026-03-12,1254.8719173500767,1263.0476981815114,1240.7697303938978,1244.0248879589735,1481594,-2.800501404779343,19.227019835348834,-16.44008661133305,1
WIPRO.NS,2026-03-13,1238.141519726957,1249.7560358873297,1233.16203120643,1242.3449347847834,3239907,-3.340070143696816,19.166330582285475,-16.55292739377323,1
WIPRO.NS,2026-03-16,1225.636785339127,1233.0406820791006,1217.1955357201698,1222.9900617568371,3866808,-4.21739061996842,19.565242784294163,-17.852974948703793,1
WIPRO.NS,2026-03-17,1229.5212504594394,1238.7863092580483,1209.1283828774378,1221.1912942604295,3951525,-5.562442072610441,19.102539214795513,-17.973796370896377,2
WIPRO.NS,2026-03-18,1226.744686818062,1239.2276674827106,1209.805094992406,1217.7156232928567,3180173,-6.410639347686464,18.951531867247503,-18.207253730012706,2
WIPRO.NS,2026-03-19,1198.4807045887976,1200.8155813896926,1195.2932691501455,1200.0510323733222,3926068,-7.4640935846515655,19.286688890886072,-19.39376671827313,2
WIPRO.NS,2026-03-20,1226.4006648382342,1237.489244832829,1216.2467261481734,1220.9988947659974,3074852,-4.9979372505852275,20.024703874016776,-17.331461483982046,1
WIPRO.NS,2026-03-23,1208.0920883832446,1227.8624539558866,1196.1420282187114,1200.5420296890745,1777687,-7.7054422023429385,20.05234496808787,-18.32785745410208,2
WIPRO.NS,2026-03-24,1208.8707288469352,1222.7179366760695,1205.0128433005104,1215.528800288276,1133041,-6.277566243372368,20.521822273217822,-17.036640123888724,2
WIPRO.NS,2026-03-25,1181.1542066176003,1196.3403787443199,1168.3503211744758,1181.9032451281007,3426349,-7.408320627650489,21.477544072532226,-18.720479788215272,2
WIPRO.NS,2026-03-26,1186.0976827178683,1186.4494034729025,1165.0709577229636,1178.7062336955755,2472151,-8.691881098654264,21.07605945422923,-18.79475092294132,2
WIPRO.NS,2026-03-27,1167.4375163990444,1175.9126730284952,1160.4975974191696,1160.724166217712,1810236,-9.206821823801658,21.29208120739542,-19.708554134124423,2
WIPRO.NS,2026-03-30,1145.8810656302653,1166.6727873938469,1141.796114724644,1150.4909906450168,3379440,-10.851039274646567,21.009987108009305,-19.94419747640055,3
WIPRO.NS,2026-03-31,1174.9500516117505,1175.8151474538536,1165.0102800704751,1174.5778633499272,3238238,-6.102688699703118,20.57804647075536,-18.268135742449644,2
WIPRO.NS,2026-04-01,1165.933817283266,1169.5585276110558,1151.6102845897203,1168.52628706802,3497733,-6.078240405001168,20.57446979183812,-18.689228823334382,2
WIPRO.NS,2026-04-02,1150.1887506250093,1152.2928607489248,1146.990912581388,1151.9854710964707,2663131,-8.596124218643686,20.35739175114413,-19.840205500044515,2
WIPRO.NS,2026-04-03,1155.2265678245126,1157.6645710923115,1144.6972082646457,1157.5859341697321,3632781,-8.06535503275022,20.475327815147352,-19.450502695346884,2
WIPRO.NS,2026-04-06,1149.614292727136,1157.5045969766823,1149.5551560264014,1151.5005836190603,3275670,-9.111692970129404,20.310462143691527,-19.873945926048187,2
WIPRO.NS,2026-04-07,1153.5990347901786,1168.2053772505542,1131.3581619356007,1152.4299000893122,3181297,-7.9563349809392285,20.17115055347402,-19.809280338547396,2
WIPRO.NS,2026-04-08,1134.8268707631123,1149.9114057714946,1129.2298411622319,1138.7115225744863,3739714,-9.339916473581066,20.263903592802126,-20.7638603658585,3
WIPRO.NS,2026-04-09,1127.4328417559293,1132.6534953122427,1122.7608222332908,1125.8214504209784,2264934,-10.280373881603388,20.387122129424515,-21.660803565959206,4
WIPRO.NS,2026-04-10,1117.574048102274,1121.50169279572,1113.328073594099,1114.1134120085433,3047072,-11.383562606167974,20.413603909595864,-22.475496091764324,4
WIPRO.NS,2026-04-13,1127.2749311292907,1132.3439436838132,1116.378105834633,1123.71291465896,3452075,-12.693300336556824,19.056186364484287,-21.80752398702348,4
WIPRO.NS,2026-04-14,1119.5463337087065,1129.8320743253128,1110.841916072019,1119.536222520112,2631852,-14.283085896949876,18.16980864309861,-22.09815506869933,4
WIPRO.NS,2026-04-15,1101.4206214077951,1106.8075559421595,1093.6066166102507,1104.4346270344577,2213582,-16.155228815799706,17.856071287879683,-23.148984980294752,4
WIPRO.NS,2026-04-16,1120.0898410067898,1124.543920576694,1103.080926167159,1105.4732818210207,3002149,-16.799485550576364,17.44627029794505,-22.118483243734588,4
WIPRO.NS,2026-04-17,1105.6242201360985,1110.8808761130313,1098.3396065982236,1105.420130779121,2316862,-15.806547605747067,17.441114552947777,-21.840548948939574,4
WIPRO.NS,2026-04-20,1104.0729260773483,1119.4262707568867,1094.4985230078971,1111.9407030750504,4000376,-14.744286171464172,17.755710430220795,-21.37950763351738,4
WIPRO.NS,2026-04-21,1095.5560816336501,1109.8156463626367,1082.5281696265677,1104.423434138015,2978217,-13.66245942599853,17.264813790643668,-20.59693976666106,4
WIPRO.NS,2026-04-22,1096.9658089535424,1108.1823863057675,1093.3151446745155,1102.2909835718422,3783663,-12.418597902456685,16.94603433144145,-19.927201137282836,3
WIPRO.NS,2026-04-23,1105.4664554052824,1108.044056625438,1095.5222598365483,1106.7735098131006,2175612,-11.032848255235173,16.97338900219161,-19.181624691113296,3
WIPRO.NS,2026-04-24,1096.498495937932,1098.9147288204642,1091.670134456453,1092.3539589269997,4009691,-12.073215067582444,17.161332986315635,-20.23456340437839,4
WIPRO.NS,2026-04-27,1097.1914234482836,1107.6928970936196,1089.428860272485,1102.9272725465723,4182299,-9.81715166497702,17.269976691372058,-18.709096948165072,2
WIPRO.NS,2026-04-28,1104.4404413631794,1110.831847214211,1097.4008533071624,1102.040311415495,4745678,-9.756946631124986,17.27746327007438,-18.6429021549114,2
WIPRO.NS,2026-04-29,1095.1723500770613,1098.0003852969364,1078.8252861286437,1086.4867236169578,2758490,-10.776645808406348,17.554789225138194,-19.79113126346592,3
WIPRO.NS,2026-04-30,1065.622949504337,1076.1714384247666,1059.7451219394352,1071.0574144197924,4048176,-10.749011039840628,17.53872951054655,-20.930185620219522,4
WIPRO.NS,2026-05-01,1073.188853341659,1074.703483301323,1067.5597386436477,1068.7094298471147,3791430,-12.472530939355908,16.361883292925544,-20.32147341362174,4
WIPRO.NS,2026-05-04,1061.7780288545728,1064.354720307926,1050.9753657862857,1060.6132039416796,3767119,-11.655470802936808,15.970214653165083,-20.9250943165905,4
WIPRO.NS,2026-05-05,1070.7564508854805,1088.4602957084596,1068.5739971988442,1069.1892802811708,3241628,-12.039165174235212,15.621104938191474,-20.285697762635955,4
WIPRO.NS,2026-05-06,1065.835489086386,1069.997084413112,1058.2743975225183,1064.4495606127173,2938227,-9.937673409353675,13.953560802910284,-20.639071532032638,3
WIPRO.NS,2026-05-07,1070.791092520098,1072.929013210506,1062.1977781274466,1067.2577886754236,3077372,-9.455150217601693,14.063701590803154,-20.42970173692662,3
WIPRO.NS,2026-05-08,1057.0832341898295,1064.3843162082123,1053.9470281939941,1055.3867166438258,1838519,-9.075149173221275,13.806222277310749,-21.314759454264987,3
WIPRO.NS,2026-05-11,1052.9160877059826,1059.2600226573948,1039.486757584803,1054.0390184210387,2914654,-8.383548676891673,13.708955517540241,-21.41523822396212,3
WIPRO.NS,2026-05-12,1070.5899704265582,1077.1468715614187,1062.425743157133,1069.7383275292038,3070820,-8.925720387894776,12.883948408438863,-20.2447630852318,3
WIPRO.NS,2026-05-13,1071.582904355805,1075.2775970708713,1063.3371024613377,1066.7692517709222,4278174,-8.70815114929242,12.869134007992583,-20.466125014991377,3
WIPRO.NS,2026-05-14,1050.7663345488481,1060.3848137007342,1043.4347813411257,1058.6529359160336,2719429,-8.10188474786947,12.510915802591343,-20.823668119222827,3
WIPRO.NS,2026-05-15,1052.4928590445247,1056.4979424418118,1035.575068149424,1046.6868453662933,3465971,-9.58020355378456,12.529883371446648,-21.718608400913798,3
WIPRO.NS,2026-05-18,1053.1498628417353,1055.0455327757727,1036.8238747139062,1045.4032628261232,2495199,-9.213831265242,12.530227588676196,-21.814607149652865,3
WIPRO.NS,2026-05-19,1066.495276711379,1072.885863397895,1060.189115391944,1062.1685820003895,4443440,-7.832261040947264,13.677067705296206,-20.56073401522447,3
WIPRO.NS,2026-05-20,1042.4052758155628,1046.7767797538063,1039.6890809087054,1043.8832794101347,1935623,-8.32767924838036,14.069351026213328,-21.928286248170124,3
WIPRO.NS,2026-05-21,1041.7528936038657,1057.098388279773,1035.9882483995043,1042.2135183065627,3500126,-7.426393597595082,13.841435759353468,-21.560563864184957,3
WIPRO.NS,2026-05-22,1015.2656599604171,1025.6833475909748,1006.650393323697,1019.9754273509884,3752856,-8.449587236172052,14.716999281710146,-23.234254796659627,3
WIPRO.NS,2026-05-25,1010.4138457842223,1021.6590517413297,1007.1927264922416,1013.9480127205373,3102399,-9.768055568867041,14.326532838011477,-23.687892171981282,3
WIPRO.NS,2026-05-26,1017.8038342224652,1027.6778117481442,1014.8901588845796,1016.1317657181032,3279918,-9.23636544508064,14.415329608070806,-23.523537794706183,3
WIPRO.NS,2026-05-27,1000.5865694562231,1006.3469666849103,991.1617977844901,996.0445386793945,3527638,-9.814079140754927,14.911677673261742,-25.035349659331175,3
WIPRO.NS,2026-05-28,995.3416979368568,998.8801526389451,982.4147807017814,989.7500378928966,2746617,-10.468208126884438,14.876691359384697,-25.50908856578058,4
WIPRO.NS,2026-05-29,988.190303032773,994.5801272870928,981.7878095020295,992.2120281390256,3778323,-10.241183373447726,14.94781888407511,-25.323793399976147,4
WIPRO.NS,2026-06-01,993.62388487756,999.6100709862836,978.3446912822159,992.7795588495878,1593479,-10.716501688977187,14.733353064202994,-25.281079706338218,4
WIPRO.NS,2026-06-02,1000.9768744200728,1005.2982175961906,987.0661694149162,995.8277572978449,2837841,-9.832793608271029,14.832784397594192,-25.051665135032476,3
WIPRO.NS,2026-06-03,984.2168282483508,985.1499515430982,980.5025813327849,983.2636691742207,3266000,-10.798175451996139,15.062250776431421,-25.997267903243625,4
WIPRO.NS,2026-06-04,986.8092401439364,994.792749845592,985.6207885278878,985.7046542115288,2965135,-10.938900735166367,14.997603469946705,-25.81355363876784,4
WIPRO.NS,2026-06-05,980.7925185941806,984.0447856340622,972.3569416375849,977.6530342397756,2926309,-10.500344119216887,14.80292572412949,-26.41953746019282,4
WIPRO.NS,2026-06-08,986.8052798171983,990.2797904599755,981.8917385717875,985.0785195315403,1886833,-10.685088305317581,14.651409656115137,-25.860678004726147,4
WIPRO.NS,2026-06-09,946.1428723906068,959.3285941279394,945.4202890885147,957.1802300459468,2123668,-13.14471710962054,16.258224430384494,-27.960368766710687,4
WIPRO.NS,2026-06-10,958.1562931740223,964.1737073290077,947.6870454686298,952.9043716122358,3334936,-12.294890411547875,16.00802462945714,-28.282179910632355,4
WIPRO.NS,2026-06-11,961.3772698645664,964.491205390233,944.809875576702,953.0803796180138,3843493,-11.01500565828103,15.777247515320175,-28.268933134913066,4
WIPRO.NS,2026-06-12,974.240282744716,984.5996462393108,963.9586968838017,967.6694901498045,3688251,-9.45438833750767,16.72243506624385,-27.170922426228195,3
WIPRO.NS,2026-06-15,966.8841135378543,981.7704040868539,965.1671716423177,967.7079356128689,2535144,-8.759580588242354,16.696941048484153,-27.168028930421638,3
WIPRO.NS,2026-06-16,974.8546410922438,975.3728228911987,966.5286913137382,968.9256845906871,2530790,-9.377534692839129,16.418048024992984,-27.076378283507918,3
WIPRO.NS,2026-06-17,973.5937340667255,973.9259331620287,967.7182937651936,972.3268015133833,3211216,-8.654497357893254,16.52829359948542,-26.820402239288356,3
WIPRO.NS,2026-06-18,983.8718618844207,1001.406725997652,979.9283682585176,986.069830996745,3458547,-7.607155322749259,17.189262055490463,-25.786069576606764,3
WIPRO.NS,2026-06-19,981.3618441182555,983.9671697594872,980.1544407733315,980.5784046235045,3655426,-7.088237026349442,17.023891003089602,-26.199367217380242,3
WIPRO.NS,2026-06-22,960.8065746183104,968.2091981707468,952.3043147551557,963.2409220081295,3134530,-8.614301256980571,17.58516395720389,-27.504226861279523,3
WIPRO.NS,2026-06-23,944.1359598161614,949.8159855360926,938.8336660581855,944.0386956980066,2352151,-11.750502772161886,17.412413593919883,-28.949431493403,4
WIPRO.NS,2026-06-24,945.3375618630786,953.872774754496,943.8888246485648,950.6402113752196,1561725,-10.886050587127361,17.70466988632511,-28.452585925516193,4
WIPRO.NS,2026-06-25,950.5484099757991,955.7251352419051,949.9616589283607,952.235437926473,3060164,-10.052161041567365,17.73445639618215,-28.33252543024214,4
WIPRO.NS,2026-06-26,942.6468831927281,948.9294566857984,942.4846412074279,948.3601811618975,2869015,-9.394086171971129,17.5798701604557,-28.6241863520739,3
WIPRO.NS,2026-06-29,941.3456740219642,943.0916374659506,938.1965083790402,940.7706682388769,2168183,-10.008826096867596,17.622635698646263,-29.195390912147644,4
WIPRO.NS,2026-06-30,945.5415440901731,952.5006826499099,940.9776848531271,941.8702783638353,4450557,-11.32572603587988,16.696523252552524,-29.112631672648316,4
WIPRO.NS,2026-07-01,947.4540720614796,950.3496702308345,941.8846576517755,943.2981455816879,2897783,-9.635668643460239,16.28024671961116,-29.005167033706424,3
WIPRO.NS,2026-07-02,944.378093722923,949.238754036777,941.1206939321997,947.7952729842268,3311771,-9.059395571432526,16.442503382130724,-28.666702667729627,3
WIPRO.NS,2026-07-03,937.2805097022259,944.1395577062566,933.4444821463824,934.3327925433856,3153481,-8.396539025457518,15.875484366374401,-29.679920550841377,3
WIPRO.NS,2026-07-06,906.9015480527128,926.2142312729952,904.6496267488142,913.8433630976838,3521354,-9.87275958599312,16.794346534235327,-31.22200311284541,3
WIPRO.NS,2026-07-07,901.4779098895757,905.3467801489146,900.1959979439251,902.9751410577438,2003905,-11.136018819408843,16.883580798387694,-32.0399710183058,4
WIPRO.NS,2026-07-08,878.7577408283876,893.7389107801094,875.8804987514641,887.5631219480598,2267316,-10.891221478425528,16.67957100605649,-33.1999157584607,4
WIPRO.NS,2026-07-09,873.4480947276219,877.76607620673,868.2467121854947,871.8720623242766,3329478,-11.90987330695873,17.148036057448454,-33.5945520356679,4
WIPRO.NS,2026-07-10,891.135794000623,898.8263974922403,884.7207840399091,887.561395085693,3291509,-10.547204638268038,18.225662380691904,-31.948097506082085,4
WIPRO.NS,2026-07-13,869.3671146635049,872.2727234513793,860.749488542394,862.8767261934073,2763848,-13.084761012475843,19.469195439933742,-32.54520679721914,4
WIPRO.NS,2026-07-14,873.9013139380818,875.7619398914301,863.8363863262736,866.8851144815669,2809295,-12.948287680407777,19.528310740940586,-31.122530334262986,4
WIPRO.NS,2026-07-15,879.2808205121966,885.2458795159215,875.3751927429645,875.4942657553875,2674591,-10.960376834561758,19.80916877906007,-29.624055416465257,4
WIPRO.NS,2026-07-16,883.5186714335555,894.215296394698,882.9855972671139,885.0430981816695,3064317,-10.212141699825805,20.187686419867244,-28.760276361171044,4
WIPRO.NS,2026-07-17,884.2071990672985,896.8691726451575,883.1128043436472,887.103172020214,3266098,-9.261962991806527,20.206214237013135,-27.46440058998667,3
WIPRO.NS,2026-07-20,901.7846177774773,907.1408854331357,898.2198817830186,900.3633213812185,2857133,-8.59984219233697,20.653563904649772,-26.271721259977443,3
WIPRO.NS,2026-07-21,922.0959822873285,927.4892533247704,912.5767494802084,918.9184068998044,4207989,-3.9973478290818654,20.287786198358123,-24.740439091395437,2
WIPRO.NS,2026-07-22,915.0996193059158,917.3160309032836,910.3728809335989,914.6749222004581,2179438,-4.011887294324879,20.289891583014526,-25.08798115040438,2
WIPRO.NS,2026-07-23,916.8919158183932,919.6942590172437,905.7412566407579,918.6788000395459,2043114,-3.6095150329561676,20.352566767089293,-24.760062930637684,2
WIPRO.NS,2026-07-24,938.0223527936174,939.1098567897842,931.7249018429412,931.9174563874124,3974435,-3.694653404527337,20.291139952640528,-23.33234258485707,2
WIPRO.NS,2026-07-27,928.8545691095001,931.2111425830656,914.9650631377854,921.4042802900334,2263753,-4.784879158142951,20.49650019051551,-24.197248138298967,2
WIPRO.NS,2026-07-28,915.8366771155283,925.2279194739414,913.0035102466438,917.780419651264,3452187,-5.278553944106545,20.48986530724309,-22.347245983592313,3
WIPRO.NS,2026-07-29,910.7739163013933,920.2119168750296,898.7829621028073,910.0017053814764,2890796,-6.4098918218546075,20.51819408091203,-22.796564625914872,3
WIPRO.NS,2026-07-30,911.6479846757527,920.4958376966246,904.7328230755604,914.1332732140587,3352998,-7.295280265290238,20.040419413521622,-22.17346318728276,3
WIPRO.NS,2026-07-31,895.171765680197,898.121281605172,887.3567856651216,892.6524823459026,2025142,-8.966740636243287,20.93699113171453,-24.002272629246214,3
WIPRO.NS,2026-08-03,907.0806881669399,908.3591161043325,905.5734258935566,907.265414296496,2895020,-5.81116379430161,21.19255392296752,-22.758171884071523,3
WIPRO.NS,2026-08-04,905.9665509725166,923.7415148385775,901.9580272271163,912.1812957801411,2469767,-3.3745862392124293,20.583584003354286,-21.937460382776752,2
WIPRO.NS,2026-08-05,916.8897989112626,920.814380459568,911.8668064646304,917.7419201010596,2248118,-3.460645876379298,20.554706739368243,-20.719326918972847,2
WIPRO.NS,2026-08-06,894.8227560380159,896.1067389207263,887.7931319055588,891.1872951613018,3615267,-6.411034533445392,22.05626344822488,-23.01329267615042,3
WIPRO.NS,2026-08-07,880.3649736944474,884.6015195967539,879.176127294528,879.2516155472424,4091052,-7.2871644115198535,22.292417959664267,-23.704546759928636,3
WIPRO.NS,2026-08-10,897.1680191930343,902.3165606603036,889.1872853652693,894.222748476994,3210595,-4.947849814346428,22.919557254208918,-22.405454040398244,2
WIPRO.NS,2026-08-11,884.8844169939209,898.921040806465,881.5749838926176,891.4275778912444,2612238,-5.355588941633993,22.908451132726523,-21.716118593773725,3
WIPRO.NS,2026-08-12,867.5291651565274,872.4900079083937,866.1328654499907,872.3001692862621,4458158,-7.5265679921001745,23.583072710772733,-22.518782266932035,3
WIPRO.NS,2026-08-13,876.750338288376,879.4576615131731,865.0121203658921,873.7473198225421,1173063,-7.812652718612689,23.51697492379853,-22.2446135107632,3
WIPRO.NS,2026-08-14,876.4028207066873,887.0442405759264,874.5696660046333,880.0152950384396,2884042,-5.813506487028686,23.41643328004609,-21.68682200244011,3
WIPRO.NS,2026-08-17,884.8203800466792,889.8581327088649,883.9519894941826,884.7590617277186,1863674,-3.182635290076097,22.712809157665003,-20.97093028967857,2
WIPRO.NS,2026-08-18,881.9676712331749,886.6743512326168,880.0338718348376,882.2792919580928,3354915,-2.2919622211756474,22.484872757211107,-20.654105968225945,2
WIPRO.NS,2026-08-19,886.4233892079291,904.5165049544561,884.6828504225974,893.4886138913515,3837615,0.6676135811373385,22.253248860572334,-19.646019664499537,1
WIPRO.NS,2026-08-20,884.2627278167096,896.4986006193623,876.6046694428676,885.1061772630109,2456012,1.5178964335035738,21.79540605813391,-20.39987610712811,2
WIPRO.NS,2026-08-21,890.4679001216891,892.9489654918546,886.8512584571554,889.9691909410014,2152588,0.2712821748039218,21.221726546370807,-19.96253141198906,1
WIPRO.NS,2026-08-24,892.7291222914693,893.4428091746207,888.6783462461334,890.5196970959921,3399051,3.2035828599216165,19.49266549722217,-19.53912076858679,1
WIPRO.NS,2026-08-25,887.7239344249807,888.9530766716376,886.7834250166767,888.2083556231486,2343153,2.4597539841636262,19.49199618157619,-19.74795676369783,1
WIPRO.NS,2026-08-26,880.0324233957305,886.078727394619,879.8630824191692,883.2926334766166,1502981,0.8907388690319484,19.38326850809026,-20.19210564356776,2
WIPRO.NS,2026-08-27,882.0982693730155,882.1958713808527,873.1615284574568,878.7773882475154,4293276,-0.7079553466974753,19.18139691307154,-20.323179041670848,2
WIPRO.NS,2026-08-28,878.3841012816197,885.420742306631,869.9552234878071,878.2372869552075,4083894,-0.999419835780313,19.167109242999565,-20.372148842831074,2
WIPRO.NS,2026-08-31,871.1033125837263,875.9756871633911,868.7116797124146,874.2814340385028,1488425,-2.8968180648123676,18.647705656469185,-20.667018712269382,2
WIPRO.NS,2026-09-01,882.2674503670715,886.7413160592231,877.650292319354,881.1230917309125,3026203,-4.113021883673396,17.710231237906687,-18.901623685044356,1
WIPRO.NS,2026-09-02,877.8934474378996,883.8737234860815,865.0558217466228,874.5974079498834,2382334,-4.381612885390929,17.773418061285263,-18.3426213968496,1
WIPRO.NS,2026-09-03,887.966307017281,893.393099003623,884.5131123485023,890.3203412403793,2845820,-3.0868741934554134,18.57849817744563,-16.772137790297737,1
WIPRO.NS,2026-09-04,882.4351188197513,883.9398452543193,878.1004361751594,883.2528159653709,3133283,-5.221990433647461,18.092685401456475,-17.432815742384612,2
WIPRO.NS,2026-09-07,888.2732053110166,896.0854956434296,884.4354915485458,892.1645676920205,2995370,-3.1733858007268023,18.17166379529437,-16.599738016990486,1
WIPRO.NS,2026-09-08,899.2896774126187,903.31599848637,894.5001658295864,901.6328304304096,3027632,-1.7594174897509918,18.45520275672608,-15.714637194225888,1
WIPRO.NS,2026-09-09,901.9764767021402,916.7658862486429,895.3358416715616,902.5245447772509,866152,-0.8216644606277024,18.30417394628444,-15.631279019250444,1
WIPRO.NS,2026-09-10,900.150157743617,911.7408065188059,896.2253507813291,902.4516999625918,1961916,-1.277885139263657,18.248872051867647,-15.638088611165069,1
WIPRO.NS,2026-09-11,890.4626577164786,899.406285753027,885.3178236951336,893.6960524024879,2961176,0.11690664365182624,17.133029826892,-16.456573593406187,1
WIPRO.NS,2026-09-14,891.0955167051793,891.3119539195021,882.3351037593192,887.2786116250193,2758283,-2.2029719590903607,16.538399597161437,-17.05648112334307,1
WIPRO.NS,2026-09-15,894.3995147215506,896.9269169848661,884.5726961731971,888.7310034171319,3495319,-2.5707929412160824,16.453138016381015,-16.689480696807923,1
WIPRO.NS,2026-09-16,887.4565226779844,888.5348232583716,886.8491056372801,887.3603385109184,3600999,-3.3104711602141568,16.322732722739435,-16.457674087879116,1
WIPRO.NS,2026-09-17,891.530985830871,901.040086416343,887.8792532597729,899.1468045234311,3198581,0.8931354166902272,14.54994403985851,-15.34801351118279,1
WIPRO.NS,2026-09-18,889.3347412418135,906.0513774402835,880.2585821792966,893.3597952018567,2850334,1.6045668162728788,14.112614689578573,-15.892843156838065,1
WIPRO.NS,2026-09-21,893.6343884272512,897.8968247318128,884.0253536261661,888.2549406014053,998852,-0.6673737484035991,13.32518197006259,-16.37344997264477,1
WIPRO.NS,2026-09-22,868.2067573529542,870.00905854029,865.8591608969392,869.8146947943746,2111297,-2.4245248445192824,14.583616012881203,-16.67510037272756,1
WIPRO.NS,2026-09-23,876.3034775474795,877.2374868757016,870.4996937136099,875.6799703500008,2754554,0.38745848994894416,13.3465228796198,-15.978832075326888,1
WIPRO.NS,2026-09-24,882.1895614961919,883.7162978902967,876.0035257880503,880.629932786629,2344071,0.7877120544970362,13.435316789066393,-13.661652117076805,1
WIPRO.NS,2026-09-25,879.1901000199705,891.3888933873435,877.9717207930029,890.1238688714282,2073984,1.1486816070108263,13.634963363918418,-12.400743791099266,1
WIPRO.NS,2026-09-28,894.8977994249562,903.4333203221705,894.2809791004897,900.3288013894794,3076342,1.7597717090748866,13.937796877969133,-11.39645154649659,1
WIPRO.NS,2026-09-29,899.6828345515545,917.5360140098072,893.5853842762289,907.9829080177776,2848313,2.9133196589754773,14.080978710079647,-8.841133829052804,0
WIPRO.NS,2026-09-30,916.1566599213671,923.4944813595209,916.1324532246053,916.1655783721059,2699463,2.5380250098533397,13.852953365636173,-7.999594140848254,0
WIPRO.NS,2026-10-01,919.6920688905649,930.0597801514323,914.8996245308489,921.9731490311193,4577613,4.165259797656273,13.588517653589705,-7.416403863568566,0
WIPRO.NS,2026-10-02,928.2346206579598,933.9378695104657,927.1408012404273,929.5339998134275,2750307,4.445638037266497,13.681757301931901,-6.65715099811075,0
